ISO-10303-21;
HEADER;
/* Generated by software containing ST-Developer
 * from STEP Tools, Inc. (www.steptools.com) 
 */
/* OPTION: using custom renumber hook */

FILE_DESCRIPTION(
/* description */ ('STEP AP242 Edition 2',
'CAx-IF Rec.Pracs.---Representation and Presentation of Product Manufa
cturing Information (PMI)---4.0---2014-10-13',
'CAx-IF Rec.Pracs.---3D Tessellated Geometry---0.4---2014-09-14','2;1',
'CAx-IF Rec.Pracs.---User Defined Attributes---1.5---2016-08-15'),
/* implementation_level */ '2;1');

FILE_NAME(
/* name */ '100311',
/* time_stamp */ '2026-08-28T20:50:01Z',
/* author */ (''),
/* organization */ (''),
/* preprocessor_version */ 'ST-DEVELOPER v20',
/* originating_system */ 'ONSHAPE BY PTC INC, 1.220',
/* authorisation */ '  ');

FILE_SCHEMA (('AP242_MANAGED_MODEL_BASED_3D_ENGINEERING_MIM_LF { 1 0 10303 442 3 1 4 }'));
ENDSEC;

DATA;
#10=MANIFOLD_SURFACE_SHAPE_REPRESENTATION('',(#210),#898);
#11=B_SPLINE_CURVE_WITH_KNOTS('',3,(#322,#323,#324,#325,#326,#327,#328,
#329,#330,#331,#332,#333,#334,#335,#336,#337,#338,#339,#340,#341,#342,#343,
#344,#345,#346,#347,#348,#349,#350,#351,#352,#353,#354,#355,#356,#357,#358,
#359,#360,#361,#362,#363,#364,#365,#366,#367,#368,#369,#370,#371,#372,#373,
#374,#375,#376,#377,#378,#379,#380,#381,#382,#383,#384,#385,#386,#387,#388,
#389,#390,#391,#392,#393,#394,#395,#396,#397,#398,#399,#400,#401,#402,#403,
#404,#405,#406,#407,#408,#409,#410,#411,#412,#413,#414,#415,#416,#417,#418,
#419,#420,#421,#422,#423,#424,#425,#426,#427,#428,#429,#430,#431,#432,#433,
#434,#435,#436,#437,#438,#439,#440,#441,#442,#443,#444,#445,#446,#447,#448,
#449,#450,#451,#452,#453,#454,#455,#456,#457,#458,#459,#460,#461,#462,#463,
#464,#465,#466,#467,#468,#469,#470,#471,#472,#473,#474,#475,#476,#477,#478,
#479,#480,#481,#482,#483,#484,#485,#486,#487,#488,#489,#490,#491,#492,#493,
#494,#495,#496,#497,#498,#499,#500,#501,#502,#503,#504,#505,#506,#507,#508,
#509,#510,#511,#512,#513,#514,#515,#516,#517,#518,#519,#520,#521,#522,#523,
#524,#525,#526,#527,#528,#529,#530,#531,#532,#533,#534,#535,#536,#537,#538,
#539,#540,#541,#542,#543,#544,#545,#546,#547,#548,#549,#550,#551,#552,#553,
#554,#555,#556,#557,#558,#559,#560,#561,#562,#563,#564,#565,#566,#567,#568,
#569,#570,#571,#572,#573,#574,#575,#576,#577,#578,#579,#580,#581,#582,#583,
#584,#585,#586,#587,#588),.UNSPECIFIED.,.T.,.F.,(1,1,1,1,1,1,1,1,1,1,1,
1,1,1,1,1,1,1,1,1,1,1,1,1,1,1,1,1,1,1,1,1,1,1,1,1,1,1,1,1,1,1,1,1,1,1,1,
1,1,1,1,1,1,1,1,1,1,1,1,1,1,1,1,1,1,1,1,1,1,1,1,1,1,1,1,1,1,1,1,1,1,1,1,
1,1,1,1,1,1,1,1,1,1,1,1,1,1,1,1,1,1,1,1,1,1,1,1,1,1,1,1,1,1,1,1,1,1,1,1,
1,1,1,1,1,1,1,1,1,1,1,1,1,1,1,1,1,1,1,1,1,1,1,1,1,1,1,1,1,1,1,1,1,1,1,1,
1,1,1,1,1,1,1,1,1,1,1,1,1,1,1,1,1,1,1,1,1,1,1,1,1,1,1,1,1,1,1,1,1,1,1,1,
1,1,1,1,1,1,1,1,1,1,1,1,1,1,1,1,1,1,1,1,1,1,1,1,1,1,1,1,1,1,1,1,1,1,1,1,
1,1,1,1,1,1,1,1,1,1,1,1,1,1,1,1,1,1,1,1,1,1,1,1,1,1,1,1,1,1,1,1,1,1,1,1,
1,1,1,1,1,1,1,1),(-0.00073492539362767,-0.000489950262418444,-0.000244975131209219,
0.,0.000244975131209222,0.000489950262418445,0.000979900524836889,0.00146985078725533,
0.00195980104967378,0.002204776180883,0.00232726374648761,0.00244975131209222,
0.00251099509489453,0.00257223887769683,0.00269472644330145,0.00293970157451067,
0.00306218914011528,0.00312343292291758,0.00318467670571989,0.0033071642713245,
0.00342965183692911,0.00391960209934756,0.004409552361766,0.00489950262418445,
0.00514447775539367,0.00538945288660289,0.00563442801781211,0.00587940314902134,
0.00612437828023056,0.00636935341143978,0.006614328542649,0.00685930367385822,
0.00710427880506745,0.00734925393627667,0.00783920419869511,0.00832915446111356,
0.00857412959232278,0.00869661715792739,0.0087578609407297,0.008819104723532,
0.00894159228913661,0.00906407985474122,0.00918656742034584,0.00930905498595045,
0.00937029876875275,0.00943154255155506,0.00955403011715967,0.00979900524836889,
0.0102889555107873,0.0107789057732058,0.011023880904415,0.0112688560356242,
0.0115138311668334,0.0117588062980427,0.0120037814292519,0.0122487565604611,
0.0124937316916703,0.0127387068228796,0.0129836819540888,0.013228657085298,
0.0137186073477164,0.0142085576101349,0.0146985078725533,0.0149434830037626,
0.0150659705693672,0.0151884581349718,0.015433433266181,0.0155559208317856,
0.0156171646145879,0.0156784083973902,0.0158008959629948,0.0159233835285994,
0.0161683586598087,0.0166583089222271,0.0171482591846456,0.0173932343158548,
0.017638209447064,0.0178831845782732,0.0181281597094824,0.0183731348406917,
0.0186181099719009,0.0188630851031101,0.0191080602343193,0.0193530353655286,
0.0195980104967378,0.019842985627947,0.0200879607591562,0.0205779110215747,
0.0208228861527839,0.0210678612839931,0.0211903488495977,0.0213128364152023,
0.0214353239808069,0.0215578115464116,0.0218027866776208,0.0219252742432254,
0.02204776180883,0.0222927369400392,0.0225377120712485,0.0230276623336669,
0.0232726374648761,0.0235176125960853,0.0237625877272946,0.0240075628585038,
0.024252537989713,0.0244975131209222,0.0247424882521315,0.0249874633833407,
0.0252324385145499,0.0254774136457591,0.0257223887769683,0.0259673639081776,
0.0262123390393868,0.026457314170596,0.0269472644330144,0.0271922395642237,
0.0274372146954329,0.0275597022610375,0.0276209460438398,0.0276821898266421,
0.0279271649578513,0.028049652523456,0.0281721400890606,0.0282946276546652,
0.0284171152202698,0.028662090351479,0.0289070654826882,0.0293970157451067,
0.0296419908763159,0.0298869660075251,0.0301319411387343,0.0303769162699436,
0.0306218914011528,0.030866866532362,0.0311118416635712,0.0313568167947805,
0.0316017919259897,0.0318467670571989,0.0323367173196173,0.0328266675820358,
0.0333166178444542,0.0335615929756635,0.0336840805412681,0.0338065681068727,
0.033867811889675,0.0339290556724773,0.0340515432380819,0.0342965183692911,
0.0344190059348957,0.034480249717698,0.0345414935005003,0.034663981066105,
0.0347864686317096,0.035276418894128,0.0357663691565465,0.0362563194189649,
0.0365012945501741,0.0367462696813833,0.0369912448125926,0.0372362199438018,
0.037481195075011,0.0377261702062202,0.0379711453374295,0.0382161204686387,
0.0384610955998479,0.0387060707310571,0.0391960209934756,0.039685971255894,
0.0399309463871032,0.0400534339527078,0.0401146777355101,0.0401759215183125,
0.0402984090839171,0.0404208966495217,0.0405433842151263,0.0406658717807309,
0.0407271155635332,0.0407883593463355,0.0409108469119401,0.0411558220431493,
0.0416457723055678,0.0421357225679862,0.0423806976991955,0.0426256728304047,
0.0428706479616139,0.0431156230928231,0.0433605982240323,0.0436055733552416,
0.0438505484864508,0.04409552361766,0.0443404987488692,0.0445854738800785,
0.0450754241424969,0.0455653744049154,0.0460553246673338,0.046300299798543,
0.0464227873641476,0.0465452749297522,0.0467902500609615,0.0469127376265661,
0.0469739814093684,0.0470352251921707,0.0471577127577753,0.0472802003233799,
0.0475251754545891,0.0480151257170076,0.048505075979426,0.0487500511106352,
0.0489950262418445,0.0492400013730537,0.0494849765042629,0.0497299516354721,
0.0499749267666813,0.0502199018978906,0.0504648770290998,0.050709852160309,
0.0509548272915182,0.0511998024227275,0.0514447775539367,0.0519347278163551,
0.0521797029475643,0.0524246780787736,0.0525471656443782,0.0526696532099828,
0.0527921407755874,0.052914628341192,0.0531596034724012,0.0532820910380058,
0.0534045786036105,0.0536495537348197,0.0538945288660289,0.0543844791284473,
0.0546294542596566,0.0548744293908658,0.055119404522075,0.0553643796532842,
0.0556093547844935,0.0558543299157027,0.0560993050469119,0.0563442801781211,
0.0565892553093304,0.0568342304405396,0.0570792055717488,0.057324180702958,
0.0575691558341672,0.0578141309653765,0.0583040812277949,0.0585490563590041,
0.0587940314902134,0.058916519055818,0.0589777628386203,0.0590390066214226,
0.0592839817526318,0.0594064693182364,0.059528956883841,0.0596514444494456,
0.0597739320150502,0.0600189071462595,0.0602638822774687,0.0607538325398871,
0.0609988076710963,0.0612437828023056,0.0614887579335148,0.061733733064724,
0.0619787081959332,0.0622236833271425,0.0624686584583517,0.0627136335895609,
0.0629586087207701,0.0632035838519794,0.0636935341143978),.UNSPECIFIED.);
#12=B_SPLINE_CURVE_WITH_KNOTS('',3,(#607,#608,#609,#610,#611,#612,#613,
#614,#615,#616,#617,#618,#619,#620,#621,#622,#623,#624,#625,#626,#627,#628,
#629),.UNSPECIFIED.,.F.,.F.,(4,1,1,1,1,1,1,1,1,1,1,1,1,1,1,1,1,1,1,1,4),
(0.,0.000710482141444374,0.00106572321216656,0.00142096428288875,0.00177620535361093,
0.00195382588897203,0.00213144642433312,0.00230906695969421,0.00248668749505531,
0.0026643080304164,0.00284192856577749,0.00301954910113859,0.00319716963649968,
0.00337479017186078,0.00355241070722187,0.00373003124258296,0.00390765177794406,
0.00426289284866624,0.00461813391938843,0.00497337499011062,0.00568385713155499),
 .UNSPECIFIED.);
#13=B_SPLINE_CURVE_WITH_KNOTS('',3,(#632,#633,#634,#635),.UNSPECIFIED.,
 .F.,.F.,(4,4),(0.,0.000587508723081907),.UNSPECIFIED.);
#14=B_SPLINE_CURVE_WITH_KNOTS('',3,(#637,#638,#639,#640,#641,#642,#643,
#644,#645,#646,#647,#648,#649,#650,#651,#652,#653,#654,#655,#656,#657,#658,
#659),.UNSPECIFIED.,.F.,.F.,(4,1,1,1,1,1,1,1,1,1,1,1,1,1,1,1,1,1,1,1,4),
(0.,0.000710482156503179,0.00106572323475477,0.00142096431300636,0.00177620539125795,
0.00195382593038374,0.00213144646950954,0.00230906700863533,0.00248668754776113,
0.00266430808688692,0.00284192862601272,0.00301954916513851,0.0031971697042643,
0.0033747902433901,0.00355241078251589,0.00373003132164169,0.00390765186076748,
0.00426289293901907,0.00461813401727066,0.00497337509552225,0.00568385725202543),
 .UNSPECIFIED.);
#15=B_SPLINE_CURVE_WITH_KNOTS('',3,(#661,#662,#663,#664),.UNSPECIFIED.,
 .F.,.F.,(4,4),(0.,0.000587508627844226),.UNSPECIFIED.);
#16=B_SPLINE_CURVE_WITH_KNOTS('',3,(#666,#667,#668,#669,#670,#671,#672,
#673,#674,#675,#676,#677,#678,#679,#680,#681,#682,#683,#684,#685,#686,#687,
#688),.UNSPECIFIED.,.F.,.F.,(4,1,1,1,1,1,1,1,1,1,1,1,1,1,1,1,1,1,1,1,4),
(0.,0.000710482156503179,0.00106572323475477,0.00142096431300636,0.00177620539125795,
0.00195382593038374,0.00213144646950954,0.00230906700863533,0.00248668754776113,
0.00266430808688692,0.00284192862601272,0.00301954916513851,0.0031971697042643,
0.0033747902433901,0.00355241078251589,0.00373003132164169,0.00390765186076748,
0.00426289293901907,0.00461813401727066,0.00497337509552225,0.00568385725202543),
 .UNSPECIFIED.);
#17=B_SPLINE_CURVE_WITH_KNOTS('',3,(#690,#691,#692,#693),.UNSPECIFIED.,
 .F.,.F.,(4,4),(0.,0.000587508723081907),.UNSPECIFIED.);
#18=B_SPLINE_CURVE_WITH_KNOTS('',3,(#695,#696,#697,#698,#699,#700,#701,
#702,#703,#704,#705,#706,#707,#708,#709,#710,#711,#712,#713,#714,#715,#716,
#717),.UNSPECIFIED.,.F.,.F.,(4,1,1,1,1,1,1,1,1,1,1,1,1,1,1,1,1,1,1,1,4),
(0.,0.000710482141444374,0.00106572321216656,0.00142096428288875,0.00177620535361093,
0.00195382588897203,0.00213144642433312,0.00230906695969421,0.00248668749505531,
0.0026643080304164,0.00284192856577749,0.00301954910113859,0.00319716963649968,
0.00337479017186078,0.00355241070722187,0.00373003124258296,0.00390765177794406,
0.00426289284866624,0.00461813391938843,0.00497337499011062,0.00568385713155499),
 .UNSPECIFIED.);
#19=B_SPLINE_CURVE_WITH_KNOTS('',3,(#719,#720,#721,#722),.UNSPECIFIED.,
 .F.,.F.,(4,4),(0.,0.000587508736611395),.UNSPECIFIED.);
#20=B_SPLINE_CURVE_WITH_KNOTS('',3,(#724,#725,#726,#727,#728,#729,#730,
#731,#732,#733,#734,#735,#736,#737,#738,#739,#740,#741,#742,#743,#744,#745,
#746),.UNSPECIFIED.,.F.,.F.,(4,1,1,1,1,1,1,1,1,1,1,1,1,1,1,1,1,1,1,1,4),
(0.,0.00071048215896689,0.00106572323845033,0.00142096431793378,0.00177620539741722,
0.00195382593715895,0.00213144647690067,0.00230906701664239,0.00248668755638412,
0.00266430809612584,0.00284192863586756,0.00301954917560928,0.003197169715351,
0.00337479025509273,0.00355241079483445,0.00373003133457617,0.00390765187431789,
0.00426289295380134,0.00461813403328478,0.00497337511276823,0.00568385727173512),
 .UNSPECIFIED.);
#21=B_SPLINE_CURVE_WITH_KNOTS('',3,(#748,#749,#750,#751),.UNSPECIFIED.,
 .F.,.F.,(4,4),(0.,0.000587508736611396),.UNSPECIFIED.);
#22=B_SPLINE_CURVE_WITH_KNOTS('',3,(#753,#754,#755,#756,#757,#758,#759,
#760,#761,#762,#763,#764,#765,#766,#767,#768,#769,#770,#771,#772,#773,#774,
#775),.UNSPECIFIED.,.F.,.F.,(4,1,1,1,1,1,1,1,1,1,1,1,1,1,1,1,1,1,1,1,4),
(0.,0.000710482141444374,0.00106572321216656,0.00142096428288875,0.00177620535361093,
0.00195382588897203,0.00213144642433312,0.00230906695969421,0.00248668749505531,
0.0026643080304164,0.00284192856577749,0.00301954910113859,0.00319716963649968,
0.00337479017186078,0.00355241070722187,0.00373003124258296,0.00390765177794406,
0.00426289284866624,0.00461813391938843,0.00497337499011062,0.00568385713155499),
 .UNSPECIFIED.);
#23=B_SPLINE_CURVE_WITH_KNOTS('',3,(#777,#778,#779,#780),.UNSPECIFIED.,
 .F.,.F.,(4,4),(0.,0.000587508723081906),.UNSPECIFIED.);
#24=B_SPLINE_CURVE_WITH_KNOTS('',3,(#782,#783,#784,#785,#786,#787,#788,
#789,#790,#791,#792,#793,#794,#795,#796,#797,#798,#799,#800,#801,#802,#803,
#804),.UNSPECIFIED.,.F.,.F.,(4,1,1,1,1,1,1,1,1,1,1,1,1,1,1,1,1,1,1,1,4),
(0.,0.000710482156503179,0.00106572323475477,0.00142096431300636,0.00177620539125795,
0.00195382593038374,0.00213144646950954,0.00230906700863533,0.00248668754776113,
0.00266430808688692,0.00284192862601272,0.00301954916513851,0.0031971697042643,
0.0033747902433901,0.00355241078251589,0.00373003132164169,0.00390765186076748,
0.00426289293901907,0.00461813401727066,0.00497337509552225,0.00568385725202543),
 .UNSPECIFIED.);
#25=B_SPLINE_CURVE_WITH_KNOTS('',3,(#806,#807,#808,#809),.UNSPECIFIED.,
 .F.,.F.,(4,4),(0.,0.000587508627844226),.UNSPECIFIED.);
#26=B_SPLINE_CURVE_WITH_KNOTS('',3,(#811,#812,#813,#814,#815,#816,#817,
#818,#819,#820,#821,#822,#823,#824,#825,#826,#827,#828,#829,#830,#831,#832,
#833),.UNSPECIFIED.,.F.,.F.,(4,1,1,1,1,1,1,1,1,1,1,1,1,1,1,1,1,1,1,1,4),
(0.,0.000710482156503179,0.00106572323475477,0.00142096431300636,0.00177620539125795,
0.00195382593038374,0.00213144646950954,0.00230906700863533,0.00248668754776113,
0.00266430808688692,0.00284192862601272,0.00301954916513851,0.0031971697042643,
0.0033747902433901,0.00355241078251589,0.00373003132164169,0.00390765186076748,
0.00426289293901907,0.00461813401727066,0.00497337509552225,0.00568385725202543),
 .UNSPECIFIED.);
#27=B_SPLINE_CURVE_WITH_KNOTS('',3,(#835,#836,#837,#838),.UNSPECIFIED.,
 .F.,.F.,(4,4),(0.,0.000587508723081906),.UNSPECIFIED.);
#28=B_SPLINE_CURVE_WITH_KNOTS('',3,(#840,#841,#842,#843,#844,#845,#846,
#847,#848,#849,#850,#851,#852,#853,#854,#855,#856,#857,#858,#859,#860,#861,
#862),.UNSPECIFIED.,.F.,.F.,(4,1,1,1,1,1,1,1,1,1,1,1,1,1,1,1,1,1,1,1,4),
(0.,0.000710482141444374,0.00106572321216656,0.00142096428288875,0.00177620535361093,
0.00195382588897203,0.00213144642433312,0.00230906695969421,0.00248668749505531,
0.0026643080304164,0.00284192856577749,0.00301954910113859,0.00319716963649968,
0.00337479017186078,0.00355241070722187,0.00373003124258296,0.00390765177794406,
0.00426289284866624,0.00461813391938843,0.00497337499011062,0.00568385713155499),
 .UNSPECIFIED.);
#29=B_SPLINE_CURVE_WITH_KNOTS('',3,(#864,#865,#866,#867),.UNSPECIFIED.,
 .F.,.F.,(4,4),(0.,0.000587508736611395),.UNSPECIFIED.);
#30=B_SPLINE_CURVE_WITH_KNOTS('',3,(#869,#870,#871,#872,#873,#874,#875,
#876,#877,#878,#879,#880,#881,#882,#883,#884,#885,#886,#887,#888,#889,#890,
#891),.UNSPECIFIED.,.F.,.F.,(4,1,1,1,1,1,1,1,1,1,1,1,1,1,1,1,1,1,1,1,4),
(0.,0.000710482158966889,0.00106572323845033,0.00142096431793378,0.00177620539741722,
0.00195382593715894,0.00213144647690067,0.00230906701664239,0.00248668755638411,
0.00266430809612583,0.00284192863586756,0.00301954917560928,0.003197169715351,
0.00337479025509272,0.00355241079483444,0.00373003133457617,0.00390765187431789,
0.00426289295380133,0.00461813403328478,0.00497337511276822,0.00568385727173511),
 .UNSPECIFIED.);
#31=B_SPLINE_CURVE_WITH_KNOTS('',3,(#893,#894,#895,#896),.UNSPECIFIED.,
 .F.,.F.,(4,4),(0.,0.000587508736611396),.UNSPECIFIED.);
#32=CYLINDRICAL_SURFACE('',#258,0.003175);
#33=CYLINDRICAL_SURFACE('',#263,0.00254);
#34=CYLINDRICAL_SURFACE('',#265,0.00254);
#35=LINE('',#311,#43);
#36=LINE('',#315,#44);
#37=LINE('',#590,#45);
#38=LINE('',#595,#46);
#39=LINE('',#599,#47);
#40=LINE('',#600,#48);
#41=LINE('',#602,#49);
#42=LINE('',#604,#50);
#43=VECTOR('',#274,1.);
#44=VECTOR('',#277,1.);
#45=VECTOR('',#286,1.);
#46=VECTOR('',#289,1.);
#47=VECTOR('',#294,1.);
#48=VECTOR('',#295,1.);
#49=VECTOR('',#298,1.);
#50=VECTOR('',#301,1.);
#51=ORIENTED_EDGE('',*,*,#100,.T.);
#52=ORIENTED_EDGE('',*,*,#101,.T.);
#53=ORIENTED_EDGE('',*,*,#102,.T.);
#54=ORIENTED_EDGE('',*,*,#103,.F.);
#55=ORIENTED_EDGE('',*,*,#104,.T.);
#56=ORIENTED_EDGE('',*,*,#105,.F.);
#57=ORIENTED_EDGE('',*,*,#104,.F.);
#58=ORIENTED_EDGE('',*,*,#106,.T.);
#59=ORIENTED_EDGE('',*,*,#107,.T.);
#60=ORIENTED_EDGE('',*,*,#108,.T.);
#61=ORIENTED_EDGE('',*,*,#109,.F.);
#62=ORIENTED_EDGE('',*,*,#110,.T.);
#63=ORIENTED_EDGE('',*,*,#111,.T.);
#64=ORIENTED_EDGE('',*,*,#110,.F.);
#65=ORIENTED_EDGE('',*,*,#112,.F.);
#66=ORIENTED_EDGE('',*,*,#102,.F.);
#67=ORIENTED_EDGE('',*,*,#112,.T.);
#68=ORIENTED_EDGE('',*,*,#109,.T.);
#69=ORIENTED_EDGE('',*,*,#113,.F.);
#70=ORIENTED_EDGE('',*,*,#103,.T.);
#71=ORIENTED_EDGE('',*,*,#113,.T.);
#72=ORIENTED_EDGE('',*,*,#108,.F.);
#73=ORIENTED_EDGE('',*,*,#114,.F.);
#74=ORIENTED_EDGE('',*,*,#100,.F.);
#75=ORIENTED_EDGE('',*,*,#114,.T.);
#76=ORIENTED_EDGE('',*,*,#107,.F.);
#77=ORIENTED_EDGE('',*,*,#111,.F.);
#78=ORIENTED_EDGE('',*,*,#101,.F.);
#79=ORIENTED_EDGE('',*,*,#105,.T.);
#80=ORIENTED_EDGE('',*,*,#115,.F.);
#81=ORIENTED_EDGE('',*,*,#116,.F.);
#82=ORIENTED_EDGE('',*,*,#117,.F.);
#83=ORIENTED_EDGE('',*,*,#118,.F.);
#84=ORIENTED_EDGE('',*,*,#119,.F.);
#85=ORIENTED_EDGE('',*,*,#120,.F.);
#86=ORIENTED_EDGE('',*,*,#121,.F.);
#87=ORIENTED_EDGE('',*,*,#122,.F.);
#88=ORIENTED_EDGE('',*,*,#123,.F.);
#89=ORIENTED_EDGE('',*,*,#124,.F.);
#90=ORIENTED_EDGE('',*,*,#125,.F.);
#91=ORIENTED_EDGE('',*,*,#126,.F.);
#92=ORIENTED_EDGE('',*,*,#127,.F.);
#93=ORIENTED_EDGE('',*,*,#128,.F.);
#94=ORIENTED_EDGE('',*,*,#129,.F.);
#95=ORIENTED_EDGE('',*,*,#130,.F.);
#96=ORIENTED_EDGE('',*,*,#131,.F.);
#97=ORIENTED_EDGE('',*,*,#132,.F.);
#98=ORIENTED_EDGE('',*,*,#133,.F.);
#99=ORIENTED_EDGE('',*,*,#134,.F.);
#100=EDGE_CURVE('',#135,#136,#166,.F.);
#101=EDGE_CURVE('',#136,#137,#35,.T.);
#102=EDGE_CURVE('',#137,#138,#167,.F.);
#103=EDGE_CURVE('',#135,#138,#36,.T.);
#104=EDGE_CURVE('',#139,#139,#168,.T.);
#105=EDGE_CURVE('',#140,#140,#169,.F.);
#106=EDGE_CURVE('',#141,#141,#11,.T.);
#107=EDGE_CURVE('',#142,#143,#37,.T.);
#108=EDGE_CURVE('',#143,#144,#170,.T.);
#109=EDGE_CURVE('',#145,#144,#38,.T.);
#110=EDGE_CURVE('',#145,#142,#171,.T.);
#111=EDGE_CURVE('',#137,#142,#39,.T.);
#112=EDGE_CURVE('',#138,#145,#40,.T.);
#113=EDGE_CURVE('',#135,#144,#41,.T.);
#114=EDGE_CURVE('',#136,#143,#42,.T.);
#115=EDGE_CURVE('',#146,#147,#12,.T.);
#116=EDGE_CURVE('',#148,#146,#13,.T.);
#117=EDGE_CURVE('',#149,#148,#14,.T.);
#118=EDGE_CURVE('',#150,#149,#15,.T.);
#119=EDGE_CURVE('',#151,#150,#16,.T.);
#120=EDGE_CURVE('',#152,#151,#17,.T.);
#121=EDGE_CURVE('',#153,#152,#18,.T.);
#122=EDGE_CURVE('',#154,#153,#19,.T.);
#123=EDGE_CURVE('',#155,#154,#20,.T.);
#124=EDGE_CURVE('',#156,#155,#21,.T.);
#125=EDGE_CURVE('',#157,#156,#22,.T.);
#126=EDGE_CURVE('',#158,#157,#23,.T.);
#127=EDGE_CURVE('',#159,#158,#24,.T.);
#128=EDGE_CURVE('',#160,#159,#25,.T.);
#129=EDGE_CURVE('',#161,#160,#26,.T.);
#130=EDGE_CURVE('',#162,#161,#27,.T.);
#131=EDGE_CURVE('',#163,#162,#28,.T.);
#132=EDGE_CURVE('',#164,#163,#29,.T.);
#133=EDGE_CURVE('',#165,#164,#30,.T.);
#134=EDGE_CURVE('',#147,#165,#31,.T.);
#135=VERTEX_POINT('',#309);
#136=VERTEX_POINT('',#310);
#137=VERTEX_POINT('',#312);
#138=VERTEX_POINT('',#314);
#139=VERTEX_POINT('',#317);
#140=VERTEX_POINT('',#320);
#141=VERTEX_POINT('',#589);
#142=VERTEX_POINT('',#591);
#143=VERTEX_POINT('',#592);
#144=VERTEX_POINT('',#594);
#145=VERTEX_POINT('',#596);
#146=VERTEX_POINT('',#630);
#147=VERTEX_POINT('',#631);
#148=VERTEX_POINT('',#636);
#149=VERTEX_POINT('',#660);
#150=VERTEX_POINT('',#665);
#151=VERTEX_POINT('',#689);
#152=VERTEX_POINT('',#694);
#153=VERTEX_POINT('',#718);
#154=VERTEX_POINT('',#723);
#155=VERTEX_POINT('',#747);
#156=VERTEX_POINT('',#752);
#157=VERTEX_POINT('',#776);
#158=VERTEX_POINT('',#781);
#159=VERTEX_POINT('',#805);
#160=VERTEX_POINT('',#810);
#161=VERTEX_POINT('',#834);
#162=VERTEX_POINT('',#839);
#163=VERTEX_POINT('',#863);
#164=VERTEX_POINT('',#868);
#165=VERTEX_POINT('',#892);
#166=CIRCLE('',#255,0.00254);
#167=CIRCLE('',#256,0.00254);
#168=CIRCLE('',#257,0.003175);
#169=CIRCLE('',#259,0.003175);
#170=CIRCLE('',#261,0.00254);
#171=CIRCLE('',#262,0.00254);
#172=EDGE_LOOP('',(#51,#52,#53,#54));
#173=EDGE_LOOP('',(#55));
#174=EDGE_LOOP('',(#56));
#175=EDGE_LOOP('',(#57));
#176=EDGE_LOOP('',(#58));
#177=EDGE_LOOP('',(#59,#60,#61,#62));
#178=EDGE_LOOP('',(#63,#64,#65,#66));
#179=EDGE_LOOP('',(#67,#68,#69,#70));
#180=EDGE_LOOP('',(#71,#72,#73,#74));
#181=EDGE_LOOP('',(#75,#76,#77,#78));
#182=EDGE_LOOP('',(#79));
#183=EDGE_LOOP('',(#80,#81,#82,#83,#84,#85,#86,#87,#88,#89,#90,#91,#92,
#93,#94,#95,#96,#97,#98,#99));
#184=FACE_BOUND('',#172,.T.);
#185=FACE_BOUND('',#173,.T.);
#186=FACE_BOUND('',#174,.T.);
#187=FACE_BOUND('',#175,.T.);
#188=FACE_BOUND('',#176,.T.);
#189=FACE_BOUND('',#177,.T.);
#190=FACE_BOUND('',#178,.T.);
#191=FACE_BOUND('',#179,.T.);
#192=FACE_BOUND('',#180,.T.);
#193=FACE_BOUND('',#181,.T.);
#194=FACE_BOUND('',#182,.T.);
#195=FACE_BOUND('',#183,.T.);
#196=PLANE('',#254);
#197=PLANE('',#260);
#198=PLANE('',#264);
#199=PLANE('',#266);
#200=PLANE('',#267);
#201=ADVANCED_FACE('',(#184,#185),#196,.T.);
#202=ADVANCED_FACE('',(#186,#187),#32,.T.);
#203=ADVANCED_FACE('',(#188,#189),#197,.F.);
#204=ADVANCED_FACE('',(#190),#33,.F.);
#205=ADVANCED_FACE('',(#191),#198,.F.);
#206=ADVANCED_FACE('',(#192),#34,.F.);
#207=ADVANCED_FACE('',(#193),#199,.T.);
#208=ADVANCED_FACE('',(#194,#195),#200,.T.);
#209=OPEN_SHELL('',(#201,#202,#203,#204,#205,#206,#207,#208));
#210=SHELL_BASED_SURFACE_MODEL('Part 1',(#209));
#211=SHAPE_REPRESENTATION_RELATIONSHIP('','',#250,#213);
#212=SHAPE_REPRESENTATION_RELATIONSHIP('','',#250,#10);
#213=TESSELLATED_SHAPE_REPRESENTATION('',(#246),#898);
#214=PROPERTY_DEFINITION_REPRESENTATION(#220,#216);
#215=PROPERTY_DEFINITION_REPRESENTATION(#221,#217);
#216=REPRESENTATION('HYBRID_SOURCE_ID',(#218),$);
#217=REPRESENTATION('HYBRID_SOURCE_ID',(#219),$);
#218=DESCRIPTIVE_REPRESENTATION_ITEM('459','459');
#219=DESCRIPTIVE_REPRESENTATION_ITEM('459','459');
#220=PROPERTY_DEFINITION('HYBRID_SOURCE_ID','HYBRID_SOURCE_ID',$);
#221=PROPERTY_DEFINITION('HYBRID_SOURCE_ID','HYBRID_SOURCE_ID',$);
#222=STYLED_ITEM('',(#225),#244);
#223=STYLED_ITEM('',(#226),#246);
#224=STYLED_ITEM('',(#227),#210);
#225=PRESENTATION_STYLE_ASSIGNMENT((#228));
#226=PRESENTATION_STYLE_ASSIGNMENT((#229));
#227=PRESENTATION_STYLE_ASSIGNMENT((#230));
#228=SURFACE_STYLE_USAGE(.BOTH.,#231);
#229=SURFACE_STYLE_USAGE(.BOTH.,#232);
#230=SURFACE_STYLE_USAGE(.BOTH.,#233);
#231=SURFACE_SIDE_STYLE('',(#234));
#232=SURFACE_SIDE_STYLE('',(#235));
#233=SURFACE_SIDE_STYLE('',(#236));
#234=SURFACE_STYLE_FILL_AREA(#237);
#235=SURFACE_STYLE_FILL_AREA(#238);
#236=SURFACE_STYLE_FILL_AREA(#239);
#237=FILL_AREA_STYLE('',(#240));
#238=FILL_AREA_STYLE('',(#241));
#239=FILL_AREA_STYLE('',(#242));
#240=FILL_AREA_STYLE_COLOUR('',#243);
#241=FILL_AREA_STYLE_COLOUR('',#243);
#242=FILL_AREA_STYLE_COLOUR('',#243);
#243=COLOUR_RGB('',0.768627450980392,0.886274509803922,0.952941176470588);
#244=COMPLEX_TRIANGULATED_FACE('ConvergentBody',#245,4820,((0.12342877815815,
0.,0.992353433370584),(0.12342877815815,0.,0.992353433370584),(0.144590655888671,
0.,0.989491557432242),(0.0809477474506137,0.,0.996718346466378),(0.0808815137453816,
0.,0.996723723372859),(0.102144512522167,0.,0.994769570584871),(0.0383126595449615,
0.,0.999265800534869),(0.0382462314722267,0.,0.999268345229735),(0.0595816158323321,
0.,0.99822343744014),(-0.00438533324808211,0.,0.999990384379921),(-0.00445176183258068,
0.,0.999990090859198),(0.0168934459134612,0.,0.999857295560306),(-0.0470744958576783,
0.,0.998891381402275),(-0.0471408964966596,0.,0.998888249944653),(-0.0257949837473227,
0.,0.999667254046803),(-0.0896822290858379,0.,0.995970430176617),(-0.0897484046040932,
0.,0.995964469181014),(-0.0684652674403679,0.,0.997653500547319),(-0.132127695422968,
0.,0.991232703305443),(-0.132193590681237,0.,0.991223917479195),(-0.110990664312744,
0.,0.993821448971301),(-0.174329655185746,0.,0.984687346990312),(-0.174395072780862,
0.,0.984675763177787),(-0.153336150417576,0.,0.988174086370979),(-0.216215755818855,
0.,0.97634560834557),(-0.216280667922229,0.,0.976331231029262),(-0.195374566851975,
0.,0.98072869776886),(-0.25771254498862,0.,0.96622163304052),(-0.257776751913602,
0.,0.966204505357366),(-0.237088023177529,0.,0.97148817247858),(-0.298715711405401,
0.,0.954342141875525),(-0.298779086389323,0.,0.954322302755396),(-0.278347904510957,
0.,0.960480319451866),(-0.339185627699613,0.,0.940719464007214),(-0.339248174749917,
0.,0.940696909705166),(-0.319074292775613,0.,0.947729706028962),(-0.379057059200911,
0.,0.925373300819705),(-0.379118573496952,0.,0.92534810057061),(-0.359267193475714,
0.,0.933234742008721),(-0.418227172065686,0.,0.908342464352481),(-0.418287535902336,
0.,0.908314668663207),(-0.398796949813737,0.,0.917039253695969),(-0.456630615096578,
0.,0.889656383867682),(-0.456689743434916,0.,0.889626032803307),(-0.437587386409933,
0.,0.89917588894216),(-0.494195220478425,0.,0.869350955630855),(-0.494252974331593,
0.,0.869318122072912),(-0.475583776903156,0.,0.879670433256984),(-0.530857186796889,
0.,0.847461295414777),(-0.53091350595132,0.,0.847426013996784),(-0.512696953686104,
0.,0.858569644048162),(-0.566560169103481,0.,0.824020372797563),(-0.566614939473246,
0.,0.823982712419217),(-0.548887956361742,0.,0.835895933332033),(-0.601225268278161,
0.,0.799079581007958),(-0.601278356772919,0.,0.799039634609234),(-0.58408342287948,
0.,0.81169363377902),(-0.6347975037077,0.,0.772678542012441),(-0.634848874151676,
0.,0.772636335534609),(-0.618199268947901,0.,0.786021414385308),(-0.667210957135503,
0.,0.744868806353392),(-0.667260441761069,0.,0.744824477887793),(-0.651208714074862,
0.,0.758898682771926),(-0.651158295445409,0.,0.758941943940792),(-0.61814700967976,
0.,0.786062513050947),(-0.584029494776761,0.,0.811732436970953),(-0.548832395269975,
0.,0.835932414673712),(-0.512639895136147,0.,0.858603714128235),(-0.475525336501011,
0.,0.879702025884674),(-0.437527624578321,0.,0.899204969809916),(-0.398736007448983,
0.,0.917065753566038),(-0.359205156168727,0.,0.933258622130972),(-0.319011279426072,
0.,0.947750918542916),(-0.278284121900896,0.,0.960498801403649),(-0.237023466455513,
0.,0.971503925030369),(-0.195309363724656,0.,0.98074168486991),(-0.15327050176486,
0.,0.988184270917499),(-0.11092459773612,0.,0.993828825108771),(-0.0683989810601468,
0.,0.997658047323798),(-0.0257285326930237,0.,0.999668966511146),(0.0169598643129958,
0.,0.999856171157875),(0.0596479730783706,0.,0.998219474518325),(0.102210615006146,
0.,0.994762780857861),(0.144590655888671,0.,0.989491557432242),(-0.698407345786073,
0.,0.715700481592721),(-0.698454926159741,0.,0.715654047793479),(-0.683008103784664,
0.,0.73041079548736),(-0.72833040503225,0.,0.685226109474499),(-0.728375929029689,
0.,0.685177718559308),(-0.713582964693425,0.,0.700570733401948),(-0.756917279174166,
0.,0.653510698066663),(-0.756960701171481,0.,0.653460401923468),(-0.742836920145134,
0.,0.669472411731277),(-0.784129830041477,0.,0.620596817296967),(-0.784171077789866,
0.,0.620544696825201),(-0.77073942130154,0.,0.637150488073083),(-0.809915059211977,
0.,0.586547182127457),(-0.809954039594215,0.,0.586493353538651),(-0.797245019638362,
0.,0.603655844552032),(-0.834222582689888,0.,0.551427857956245),(-0.834259232786163,
0.,0.551372408188007),(-0.822293666016024,0.,0.569063376813099),(-0.857008052273351,
0.,0.515303016038756),(-0.857042297359821,0.,0.515246058244215),(-0.84584425086365,
0.,0.533429942242569),(-0.878225617055055,0.,0.478246553096066),(-0.878257387854072,
0.,0.478188206336942),(-0.867849476589449,0.,0.496827219446982),(-0.893004651119457,
0.,0.450047434254452),(-0.893004651119457,0.,0.450047434254452),(-0.888234525708353,
0.,0.459390277802717),(-0.89767650777814,0.,0.440655066217607),(-0.89767650777814,
0.,0.440655066217607),(-0.896801831722731,0.,0.442432452040709),(-0.896801831722731,
0.,0.442432452040709),(-0.89767650777814,0.,0.440655066217607),(-0.895923636471628,
0.,0.444208101694975),(-0.895923636471628,0.,0.444208101694975),(-0.882552675502717,
0.,0.470213541875386),(-0.868427074181219,0.,0.495816918659546),(-0.86853870069802,
0.,0.495621352838834),(-0.856929393473075,0.,0.51543381204755),(-0.84498866383794,
0.,0.534784216282954),(-0.845017741139547,0.,0.534738269772622),(-0.83475082487949,
0.,0.550627878301681),(-0.824215952382853,0.,0.566275607666114),(-0.824243954377751,
0.,0.566234848514049),(-0.813805478824308,0.,0.581137369849452),(-0.803127059860765,
0.,0.595807792597078),(-0.803152979042118,0.,0.595772852902657),(-0.791384004403292,
0.,0.611319358089215),(-0.779341403760988,0.,0.626599534299103),(-0.779369821240972,
0.,0.626564188043663),(-0.766883375799191,0.,0.641786481567536),(-0.754129449084192,
0.,0.656725798201939),(-0.754165818018161,0.,0.656684032798878),(-0.741385581452466,
0.,0.671079294580297),(-0.728368565857301,0.,0.68518554587132),(-0.728403756813205,
0.,0.685148135121456),(-0.714944298330955,0.,0.699181414429802),(-0.701251143620032,
0.,0.712914324145333),(-0.701288929625391,0.,0.712877154343491),(-0.687188153666864,
0.,0.726479484541667),(-0.672862808150882,0.,0.739767288684292),(-0.672902871164576,
0.,0.739730846983192),(-0.658197057212684,0.,0.752845690614327),(-0.643277157405145,
0.,0.765633397103833),(-0.643319336824003,0.,0.76559795641598),(-0.628031061710976,
0.,0.778188271259715),(-0.612539991006675,0.,0.790439598842026),(-0.612584173127717,
0.,0.790405358555616),(-0.596746919055199,0.,0.802429507556974),(-0.580719218727623,
0.,0.814103917814169),(-0.580765267292588,0.,0.81407106833898),(-0.564406434098767,
0.,0.825497048539796),(-0.547870195112693,0.,0.836563356421484),(-0.547917997523873,
0.,0.836532048393502),(-0.531069775068123,0.,0.847328091124739),(-0.514057918286648,
0.,0.857755476022624),(-0.51410735329446,0.,0.857725847394472),(-0.496792720312152,
0.,0.867869225773591),(-0.479328618953453,0.,0.877635502388193),(-0.479379596398735,
0.,0.877607658670197),(-0.461634557264969,0.,0.887070197638708),(-0.443754875418059,
0.,0.896148207911338),(-0.443807268534108,0.,0.89612226196892),(-0.425659627354662,
0.,0.90488335250478),(-0.40739252315186,0.,0.913253158811926),(-0.407446232677897,
0.,0.91322919766978),(-0.388915362812383,0.,0.921273488475877),(-0.370280407397931,
0.,0.928920028795387),(-0.370335351790914,0.,0.928898125315096),(-0.351569618182767,
0.,0.936161740069965),(-0.332717309535349,0.,0.943026612527748),(-0.332774847896228,
0.,0.943006309951128),(-0.332717309535349,0.,0.943026612527748),(0.559558074997894,
0.,0.828791144200077),(-0.332717309535349,0.,0.943026612527748),(0.561069016401986,
0.,0.827769025050894),(-0.351626749874737,0.,0.936140282635316),(-0.388969866282829,
0.,0.921250477950442),(-0.425712855106476,0.,0.9048583121114),(-0.461686429225497,
0.,0.887043201354371),(-0.496843139208061,0.,0.867840362636976),(-0.531118616993238,
0.,0.847297477090065),(-0.564453611227368,0.,0.825464790752691),(-0.596792313537185,
0.,0.80239574681259),(-0.628074564529179,0.,0.778153160625517),(-0.658238536905921,
0.,0.752809423779984),(-0.687227501121553,0.,0.726442263158075),(-0.714981359863779,
0.,0.699143515343839),(-0.741420050684603,0.,0.671041212179134),(-0.766918919845499,
0.,0.641744006892945),(-0.791411730627575,0.,0.611283463398992),(-0.8138307609708,
0.,0.581101963942378),(-0.834778054055866,0.,0.550586596700921),(-0.856957419447912,
0.,0.515387214871669),(-0.882658538773185,0.,0.470014791182986),(-0.888234525708353,
0.,0.459390277802717),(-0.867816468166043,0.,0.496884873567122),(-0.845808798008457,
0.,0.533486154657728),(-0.822255840822077,0.,0.569118030143115),(-0.797204899452053,
0.,0.60370882740742),(-0.770697070688434,0.,0.637201714712278),(-0.742792435117613,
0.,0.669521768378031),(-0.713536418961144,0.,0.700618140513152),(-0.682959543330727,
0.,0.730456201406686),(0.561069238955478,0.,0.827768874202166),(0.56031400130709,
0.,0.828280278612979),(0.574503890341589,0.,0.818501850933997),(0.587785512516045,
0.,0.809016805311392),(0.587744422240487,0.,0.809046657570004),(0.600910004923304,
0.,0.79931668691644),(0.613874448196737,0.,0.789403674840162),(0.613834355533907,
0.,0.789434850995491),(0.613874448196737,0.,0.789403674840162),(0.999767127594062,
0.,-0.0215798651984504),(0.613874448196737,0.,0.789403674840162),(0.99968684159838,
0.,-0.0250243628301525),(0.600869396868848,0.,0.799347213610248),(0.574462306103275,
0.,0.818531037204153),(0.999686832346515,0.,-0.0250247324259565),(0.999728459466521,
0.,-0.0233025177311987),(0.998983658161146,0.,-0.0450738363906892),(0.997878431989993,
0.,-0.0651047998936535),(0.997882588755417,0.,-0.0650410567164075),(0.996364712460443,
0.,-0.0851901388871901),(0.994446755622058,0.,-0.105240915202991),(0.99445374365955,
0.,-0.105174862593237),(0.992131284118823,0.,-0.125201897240956),(0.989415187808317,
0.,-0.145112322475499),(0.989424832974666,0.,-0.145046543885242),(0.98630667670267,
0.,-0.164921616205196),(0.982801600325491,0.,-0.184664599741404),(0.982813896203178,
0.,-0.184599147966421),(0.978910323014814,0.,-0.204290429279083),(0.974627172999112,
0.,-0.223834478246222),(0.974642110250744,0.,-0.223769428041404),(0.969966610034471,
0.,-0.243238104371492),(0.964919785458651,0.,-0.262544867842489),(0.964937348509188,
0.,-0.262480310598829),(0.959505168426925,0.,-0.281691021798741),(0.953710689737641,
0.,-0.300725656172122),(0.953730864419942,0.,-0.300661667415036),(0.947560200060661,
0.,-0.319577325949449),(0.941037116469761,0.,-0.338303333454279),(0.941059887928743,
0.,-0.338239984820751),(0.934173901768745,0.,-0.35681805062827),(0.926946454094463,
0.,-0.375193644991092),(0.92697180193771,0.,-0.375131014996567),(0.919393327279386,
0.,-0.393339433255986),(0.911485021026402,0.,-0.411333266882829),(0.911512945232318,
0.,-0.411271383242143),(0.903274831685819,0.,-0.429062441193534),(0.894719834493636,
0.,-0.446627829141535),(0.894750321573046,0.,-0.446566749820148),(0.885889701322763,
0.,-0.463895933470284),(0.876726333051381,0.,-0.480989539318975),(0.876759386305997,
0.,-0.4809292864074),(0.867337021600555,0.,-0.497721298480463),(0.857628433909358,
0.,-0.514269840988349),(0.8576641427384,0.,-0.514210286031703),(0.847355832621681,
0.,-0.531025510613207),(0.836755915734852,0.,-0.547576056345353),(0.836792882281905,
0.,-0.54751956326906),(0.825947323041315,0.,-0.563747301156187),(0.814826245707259,
0.,-0.579705260720147),(0.814873077669875,0.,-0.579639428687202),(0.804175494695165,
0.,-0.594391936126144),(0.793260059823959,0.,-0.608882975199741),(0.793304675525306,
0.,-0.608824844918216),(0.781636146926219,0.,-0.623734666198965),(0.76973421537671,
0.,-0.638364502207321),(0.769778692424701,0.,-0.638310868377563),(0.75501396421008,
0.,-0.655708711126961),(0.739902987746133,0.,-0.67271358595196),(0.739964943366818,
0.,-0.672645436012274),(0.719920214662019,0.,-0.69405683090147),(0.699322021143638,
0.,-0.714806764617947),(0.699348218147092,0.,-0.714781134176391),(0.697904935639424,
0.,-0.716190408208691),(0.696485112535842,0.,-0.71757124246721),(0.696485394933731,
0.,-0.717570968367592),(0.703970697363013,0.,-0.710229017468473),(0.704050040172493,
0.,-0.71015036501653),(0.696565275197561,0.,-0.717493426721769),(0.726222764901195,
0.,-0.687459450250896),(0.726268447064597,0.,-0.687411189026174),(0.711425587365811,
0.,-0.702761434372441),(0.754915205879492,0.,-0.655822408836358),(0.754958798322676,
0.,-0.655772226337149),(0.740780182810024,0.,-0.671747512653339),(0.78223154017561,
0.,-0.622987814932598),(0.782272939450861,0.,-0.622935829923845),(0.768792956751458,
0.,-0.63949776359996),(0.808121019040802,0.,-0.589016484136443),(0.808160172191124,
0.,-0.588962762901028),(0.795396210010478,0.,-0.606089819334533),(0.832528839922357,
0.,-0.55398170610367),(0.832565631212809,0.,-0.553926411830324),(0.820555372007206,
0.,-0.571567040223731),(0.855420816486174,0.,-0.517933612272971),(0.855455249832515,
0.,-0.517876737780322),(0.844196744434212,0.,-0.536033447358165),(0.876759570556248,
0.,-0.480928950509349),(0.87679153057191,0.,-0.480870681074826),(0.86632329349039,
0.,-0.499483684574345),(0.896491261519246,0.,-0.443061415629516),(0.896520693777642,
0.,-0.443001857364566),(0.886859913488036,0.,-0.462038411658591),(0.914590096777621,
0.,-0.40438218911854),(0.914616974822687,0.,-0.404321393653856),(0.905772925740955,
0.,-0.423763385623002),(0.931022587597532,0.,-0.364961561514629),(0.93104683736226,
0.,-0.364899693940312),(0.923043758772262,0.,-0.384694969282903),(0.945761056067332,
0.,-0.32486308627852),(0.945782660306554,0.,-0.324800183903053),(0.93862546899058,
0.,-0.344938007419035),(0.958768468478259,0.,-0.284188359810627),(0.95878733532277,
0.,-0.284124700835147),(0.952507823224629,0.,-0.304514115758003),(0.970025104146191,
0.,-0.243004726962609),(0.970041257097766,0.,-0.242940238594158),(0.964630466894896,
0.,-0.263605884490721),(0.979516462102451,0.,-0.201364099258774),(0.979529838315742,
0.,-0.201299020984049),(0.975009363392049,0.,-0.222163771344095),(0.987221876919502,
0.,-0.159351704514061),(0.987232470975345,0.,-0.159286057933249),(0.983603880310985,
0.,-0.18034247041996),(0.993125017019875,0.,-0.117058534798931),(0.993132788494298,
0.,-0.11699258274583),(0.990410338877162,0.,-0.13815701446262),(0.997217293263929,
0.,-0.0745497821282022),(0.997222248790881,0.,-0.0744834647184087),(0.995403028904463,
0.,-0.095774788163803),(0.999491160406789,0.,-0.0318970260163869),(0.999493277167121,
0.,-0.0318306282961619),(0.998586103160465,0.,-0.05315820326909),(0.999941672224573,
0.,0.0108005624263139),(0.999940952188202,0.,0.0108670206105902),(0.999944993956188,
0.,-0.0104885204847446),(0.998568376391122,0.,0.0534901642509965),(0.998564818798555,
0.,0.0535565370221907),(0.999480878090683,0.,0.0322176090217369),(0.995373573037179,
0.,0.0960804355693679),(0.995367185787972,0.,0.0961465831765868),(0.997193226361788,
0.,0.0748710177449743),(0.990365264345095,0.,0.138479757288461),(0.990356064174975,
0.,0.138545538188178),(0.993087277909183,0.,0.117378270795444),(0.98355000369459,
0.,0.180636071238202),(0.983537992072695,0.,0.180701461393128),(0.987173720992625,
0.,0.159649755970924),(0.974935783050933,0.,0.222486446613864),(0.974920986606642,
0.,0.222551274707499),(0.979453381781556,0.,0.201670704160701),(0.964549238143521,
0.,0.263902950337342),(0.964531714092826,0.,0.263966991324965),(0.969943525140107,
0.,0.243330142067895),(0.95240319621164,0.,0.304841191189533),(0.952382920698482,
0.,0.304904529913593),(0.958680849409739,0.,0.284483793870621),(0.938515234442636,
0.,0.345237823418994),(0.938492293899045,0.,0.345300179976941),(0.945650088045617,
0.,0.325185963687422),(0.922921410085689,0.,0.384988403468784),(0.922895825769338,
0.,0.385049730265497),(0.930906718637167,0.,0.365257007045975),(0.905642812964341,
0.,0.424041383978069),(0.905614629870144,0.,0.424101570576155),(0.914464157907901,
0.,0.404666904875841),(0.886711785999713,0.,0.462322623899372),(0.886681059687341,
0.,0.462381550661069),(0.896352125088428,0.,0.443342833312391),(0.866162052251968,
0.,0.499763243184869),(0.86612883333106,0.,0.499820811964225),(0.876605662674813,
0.,0.48120942651454),(0.844035189102006,0.,0.536287795458316),(0.843999555644292,
0.,0.536343872969793),(0.855256935345024,0.,0.518204182291342),(0.820365851130707,
0.,0.571839024812569),(0.82032783169799,0.,0.571893563997423),(0.832357478613304,
0.,0.554239143147164),(0.79520184041962,0.,0.60634481361124),(0.795161558244066,
0.,0.606397638757663),(0.807923826485898,0.,0.589286934011255),(0.780547928732844,
0.,0.625095937397506),(0.78054792874027,0.,0.625095937388233),(0.782078374649707,
0.,0.623180083046043),(0.779012789574034,0.,0.627008033186243),(0.779012789574034,
0.,0.627008033186243),(0.789229735720872,0.,0.614098057523358),(0.799232758417996,
0.,0.601021628455716),(0.799201962852575,0.,0.601062577917301),(0.809017383450482,
0.,0.587784716775569),(0.818582801407011,0.,0.574388542052025),(0.818553375664873,
0.,0.574430475503904),(0.827926865129368,0.,0.560836077652871),(0.837046576552762,
0.,0.547131637434084),(0.837018545844948,0.,0.547174518697288),(0.822401760720519,
0.,0.56890714880707),(0.82236393851947,0.,0.568961820004422),(0.834329644592818,
0.,0.551265856147125),(0.797354092855382,0.,0.603511765093913),(0.797313974581182,
0.,0.603564765321468),(0.81002297278416,0.,0.58639814423471),(0.77086179199754,
0.,0.637002431422629),(0.770819474904046,0.,0.637053637544478),(0.784241260794817,
0.,0.620455997526784),(0.742962458404873,0.,0.669333090023933),(0.74291796115368,
0.,0.669382478852904),(0.757046453602044,0.,0.653361054156557),(0.713707679869571,
0.,0.700443679174274),(0.713661147884588,0.,0.700491089165346),(0.728450509402712,
0.,0.68509842749121),(0.683152035361623,0.,0.730276178292345),(0.683103488330282,
0.,0.730321589596665),(0.698546569292391,0.,0.71556459563748),(0.698594134357034,
0.,0.71551815870874),(0.728496017928409,0.,0.685050036028356),(0.757089884894166,
0.,0.653310727135977),(0.784282474477138,0.,0.620403900880723),(0.81006194916167,
0.,0.586344300322256),(0.834366289620486,0.,0.551210390635865),(0.835708921434479,
0.,0.549172649204983),(0.835708921427425,0.,0.549172649215719),(0.827898127021873,
0.,0.560878499564455),(0.808987265877087,0.,0.587826167883597),(0.789198264332833,
0.,0.614138501947275),(0.782078374642095,0.,0.623180083055596),(0.807962971165155,
0.,0.589233262151734),(0.832394323574125,0.,0.554183805322363),(0.855291362870195,
0.,0.51814735799736),(0.876637643919822,0.,0.481151162591033),(0.896381585549753,
0.,0.443283265065704),(0.914491048844782,0.,0.404606131420138),(0.930930987241351,
0.,0.365195149192651),(0.945671691704184,0.,0.325123132842539),(0.958699766453381,
0.,0.284420037624342),(0.969959678671847,0.,0.243265743068783),(0.979466789489399,
0.,0.201605576032335),(0.987184332789292,0.,0.159584125449122),(0.993095071964207,
0.,0.117312309841751),(0.997198199634745,0.,0.0748047501514722),(0.999483017281921,
0.,0.0321511767284917),(0.999944294672712,0.,-0.0105549775694997),(0.998582569650405,
0.,-0.0532245393629016),(0.995396657586254,0.,-0.095840983228017),(0.990401162095649,
0.,-0.138222784372143),(0.983591886337796,0.,-0.180407874358232),(0.974994601247868,
0.,-0.222228547980477),(0.964612940441515,0.,-0.263670011819269),(0.952487603023862,
0.,-0.30457735648905),(0.938602525878037,0.,-0.345000432485771),(0.923018194125763,
0.,-0.384756303798671),(0.905744755936633,0.,-0.423823591949869),(0.886829217188077,
0.,-0.462097326914561),(0.866290097154667,0.,-0.499541257126734),(0.844161104660445,
0.,-0.536089572159782),(0.820517409873769,0.,-0.571621535715757),(0.795355919165521,
0.,-0.60614269099641),(0.768750457721823,0.,-0.6395488517326),(0.74073552936856,
0.,-0.67179675165267),(0.711378886079338,0.,-0.702808708284495),(0.697905217756988,
0.,-0.716190133293926),(0.719945652661469,0.,-0.694030444010817),(0.75507435499623,
0.,-0.655639167856091),(0.78167960593337,0.,-0.623680201439689),(0.80421905007668,
0.,-0.594333003873891),(0.82599286788144,0.,-0.563680567528271),(0.84739168403784,
0.,-0.530968298322521),(0.867371583694728,0.,-0.49766106518282),(0.885921582416839,
0.,-0.463835045903222),(0.903304122356304,0.,-0.429000772183579),(0.919420032608971,
0.,-0.393277006240283),(0.93419801083667,0.,-0.356754925051932),(0.94758171366178,
0.,-0.319513530126355),(0.959524068612745,0.,-0.281626635375357),(0.969982883828454,
0.,-0.243173199756542),(0.978923958035728,0.,-0.204225082650649),(0.986317659663585,
0.,-0.164855919626041),(0.992139607139011,0.,-0.125135925880814),(0.99637036981236,
0.,-0.0851239458670822),(0.998986535976485,0.,-0.0450100093057389),(0.651343351916422,
0.,0.758783129697992),(0.651292920984197,0.,0.758826416959684),(0.667348749002089,
0.,0.744745357290227),(0.61834785387484,0.,0.785904530848614),(0.618295614372271,
0.,0.785945629956688),(0.634940056516156,0.,0.772561405087816),(0.584229263252977,
0.,0.811588669190794),(0.584175339246196,0.,0.811627484143183),(0.601369145644661,
0.,0.798971307786838),(0.549048683287454,0.,0.835790370475942),(0.548993138578134,
0.,0.835826856348927),(0.566715251918828,0.,0.823913723178937),(0.51286268698478,
0.,0.85847065430261),(0.512805634177125,0.,0.858504735896196),(0.531020687849373,
0.,0.847358854958145),(0.475744839314431,0.,0.879583337646687),(0.475686396947646,
0.,0.879614945165762),(0.494356747063386,0.,0.869259113632355),(0.437750618034264,
0.,0.899096433321042),(0.437690836337167,0.,0.899125537278567),(0.456799176859624,
0.,0.88956984662272),(0.398954168536686,0.,0.916970867261987),(0.398893231478576,
0.,0.916997377248474),(0.418382751349941,0.,0.908270814995645),(0.359444704843509,
0.,0.933166386106981),(0.359382705671293,0.,0.93319026509302),(0.379221834958155,
0.,0.925305787235209),(0.319277101207107,0.,0.947661401896683),(0.319214113165949,
0.,0.947682620899886),(0.339379762275069,0.,0.940649444244835),(0.278519199121239,
0.,0.960430661589302),(0.278455365718438,0.,0.960449170598117),(0.298902870219469,
0.,0.954283539716872),(0.237258290807285,0.,0.971446603495635),(0.237193738736373,
0.,0.971462366900675),(0.257880869299562,0.,0.966176721541821),(0.195566720988595,
0.,0.980690398465167),(0.195501547102049,0.,0.98070339301988),(0.21639846756668,
0.,0.976305128141194),(0.153513095896303,0.,0.988146613306109),(0.153447416148476,
0.,0.988156814719889),(0.174515465045234,0.,0.984654433017008),(0.111179482620735,
0.,0.993800343451433),(0.111113438090128,0.,0.993807729832985),(0.132309388896342,
0.,0.991208467281165),(0.0686492143010153,0.,0.997640859916961),(0.0685829240997473,
0.,0.997645419235676),(0.0898668289109372,0.,0.995953790625595),(0.0259914570964306,
0.,0.999662165012763),(0.0259250152783468,0.,0.999663890306546),(0.0472677398836049,
0.,0.998882255706996),(-0.0167200186343511,0.,0.999860210717912),(-0.0167864757945619,
0.,0.999859097188398),(0.0045704660472488,0.,0.99998955536551),(-0.0593957087067794,
0.,0.998234516427487),(-0.0594620391972417,0.,0.99823056750157),(-0.0381357395255813,
0.,0.999272568106839),(-0.101962852964807,0.,0.994788206914053),(-0.102028971963918,
0.,0.994781427691524),(-0.0807612453210437,0.,0.99673347553606),(-0.080694997940002,
0.,0.996738841074964),(-0.0380693411789757,0.,0.999275099891015),(0.00463693051175215,
0.,0.999989249379927),(0.0473341284009833,0.,0.998879111949248),(0.0899330053456814,
0.,0.995947817181951),(0.132375259317779,0.,0.991199672478029),(0.174580910650723,
0.,0.984642831506107),(0.216463347835799,0.,0.976290745138823),(0.257945068816562,
0.,0.966159583854147),(0.298966292524992,0.,0.954263672123099),(0.339442281579982,
0.,0.940626885367294),(0.379283309026378,0.,0.925280590682633),(0.418443107260318,
0.,0.908243010425255),(0.456858321980071,0.,0.889539472782155),(0.494414500177025,
0.,0.869226266293594),(0.531076998779129,0.,0.847323563562204),(0.566770003793805,
0.,0.823876060338915),(0.601422227667161,0.,0.798931351286123),(0.634991405332551,
0.,0.772519200508176),(0.667398243074217,0.,0.744701003854197),(-0.1443408466411,
0.,0.98952802890617),(-0.144406588435654,0.,0.989518437027009),(-0.123250130296423,
0.,0.992375637237188),(-0.186459356077556,0.,0.982462675388303),(-0.186524668546985,
0.,0.98245027763416),(-0.165497269657125,0.,0.986210248241234),(-0.228240383568328,
0.,0.973604810643714),(-0.228305072507125,0.,0.973589643467676),(-0.207466920964344,
0.,0.978242033806345),(-0.269599387911612,0.,0.962972569722359),(-0.269663387708572,
0.,0.962954649674395),(-0.249039160789322,0.,0.968493415771811),(-0.310473742577296,
0.,0.950581956051159),(-0.310536926743554,0.,0.950561316869495),(-0.290164643724846,
0.,0.95697673928473),(-0.350774544085495,0.,0.936459939998296),(-0.350836755622505,
0.,0.936436634751265),(-0.330767510065209,0.,0.943712273039437),(-0.390438064085067,
0.,0.920629196861313),(-0.390499265012043,0.,0.92060323919974),(-0.370746160616961,
0.,0.928734237760073),(-0.429396844452041,0.,0.903115911704932),(-0.429456863939839,
0.,0.903087372304008),(-0.410074165583921,0.,0.91205217982342),(-0.457930012073601,
0.,0.888988247415156),(-0.457930012073601,0.,0.888988247415156),(-0.448584308046544,
0.,0.893740520830517),(-0.467225377556365,0.,0.884138250822411),(-0.467225377556365,
0.,0.884138250822411),(-0.465470668196591,0.,0.88506330680275),(-0.46547066823099,
0.,0.885063306784659),(-0.467225377592321,0.,0.88413825080341),(-0.463714127332206,
0.,0.885984880295669),(-0.463714127332206,0.,0.885984880295669),(-0.43760638277785,
0.,0.899166644038849),(-0.411124321453867,0.,0.911579284708191),(-0.411329616232027,
0.,0.911486668476513),(-0.390302890020927,0.,0.920686512359833),(-0.36927987743974,
0.,0.92931822973516),(-0.36933038187957,0.,0.929298159376575),(-0.351675547865307,
0.,0.936121952009265),(-0.333945950386108,0.,0.942592224782657),(-0.333992586597714,
0.,0.942575700990519),(-0.316793825919202,0.,0.948494423736626),(-0.299537466367352,
0.,0.954084538310011),(-0.299578958284919,0.,0.954071510817152),(-0.280921767401943,
0.,0.959730670865409),(-0.262199761159125,0.,0.965013619203428),(-0.262243522598786,
0.,0.965001727902588),(-0.243189495445303,0.,0.96997879837915),(-0.224085348081019,
0.,0.974569523828551),(-0.224139334206132,0.,0.974557109081675),(-0.205344415151442,
0.,0.978689772689034),(-0.186527874608339,0.,0.982449668936834),(-0.18657831830622,
0.,0.982440090355652),(-0.167433746234993,0.,0.985883330126702),(-0.148276599851426,
0.,0.988945928722344),(-0.148329037134325,0.,0.988938065170314),(-0.12893240501314,
0.,0.991653384473389),(-0.109539018831021,0.,0.993982496502598),(-0.109592832295967,
0.,0.993976564668075),(-0.0899830863389229,0.,0.995943293653269),(-0.0703923952508179,
0.,0.997519378604172),(-0.0704473610012114,0.,0.997515498289608),(-0.0506788968501047,
0.,0.998714999093363),(-0.0309456310652065,0.,0.999521069271667),(-0.0310015002708934,
0.,0.999519337972485),(-0.0111230982713515,0.,0.999938136428872),(0.00870380708550549,
0.,0.999962121153706),(0.00864724999726066,0.,0.999962611834805),(0.0285987170134768,
0.,0.999590973041065),(0.0484823034177843,0.,0.998824041688678),(0.0484252254404558,
0.,0.998826810583817),(0.0684034845504094,0.,0.997657738556346),(0.0882974264769369,
0.,0.996094154423943),(0.0882400116732326,0.,0.996099242214302),(0.108208032081541,
0.,0.994128272303449),(0.128075322344157,0.,0.991764443709513),(0.128017720434047,
0.,0.991771880653444),(0.147936537371827,0.,0.988996855864787),(0.167738263063936,
0.,0.985831565280953),(0.167680622603712,0.,0.985841371014237),(0.18751056940432,
0.,0.982262585239643),(0.207207181158003,0.,0.978297083751431),(0.207149649899182,
0.,0.978309267331474),(0.22687186973061,0.,0.973924614497928),(0.246444489509955,
0.,0.969156908653174),(0.246387157472699,0.,0.969171485668312),(0.265836239211629,
0.,0.964018202069762),(0.285121004110237,0.,0.958491529965273),(0.28506252797626,
0.,0.958508922829508),(0.285121004110237,0.,0.958491529965273),(0.939842936247888,
0.,0.341606872273919),(0.285121004110237,0.,0.958491529965273),(0.940464530584029,
0.,0.339891845611752),(0.265777413350399,0.,0.96403442187132),(0.226814243636827,
0.,0.973938036470213),(0.187452793580696,0.,0.98227361268579),(0.147878701143226,
0.,0.989005505418545),(0.108150282873644,0.,0.994134556443116),(0.0683459703304208,
0.,0.997661680300288),(0.0285415866476559,0.,0.999592605930853),(-0.0111796618250603,
0.,0.999937505627965),(-0.0507347280682831,0.,0.998712164423683),(-0.0900379715619182,
0.,0.995938333270195),(-0.128986097949428,0.,0.991646401967849),(-0.167486025944337,
0.,0.985874449974931),(-0.205394669862773,0.,0.978679227117835),(-0.243243230999428,
0.,0.969965324417816),(-0.280965292006003,0.,0.959717929752269),(-0.316835076676331,
0.,0.948480645130676),(-0.35172186561729,0.,0.936104550382431),(-0.390352926857964,
0.,0.920665298842864),(-0.437808886108419,0.,0.899068061519541),(-0.448584308046544,
0.,0.893740520830517),(-0.410013551552973,0.,0.912079430500939),(-0.370684420416645,
0.,0.928758881766617),(-0.330704816476937,0.,0.943734244561972),(-0.290101034429663,
0.,0.956996023932618),(-0.248974794211213,0.,0.968509964764165),(-0.207401924256261,
0.,0.978255816141565),(-0.165431708572916,0.,0.986221247894531),(-0.123184200016687,
0.,0.992383823359817),(0.940464621967224,0.,0.339891592758701),(0.940154216036311,
0.,0.340749248082962),(0.945886857881422,0.,0.32449661336786),(0.951057103829965,
0.,0.309015186122882),(0.951041406702853,0.,0.309063493050634),(0.955973194832269,
0.,0.293454001100998),(0.960634692553937,0.,0.277814663871083),(0.960620582523028,
0.,0.277863449257219),(0.960634692553937,0.,0.277814663871083),(0.796145969003649,
0.,-0.605104615780532),(0.960634692553937,0.,0.277814663871083),(0.794056407118147,
0.,-0.607844077304879),(0.955958286177053,0.,0.293502564025312),(0.945870369555171,
0.,0.324544671805845),(0.794056182392082,0.,-0.607844370875402),(0.795102143951788,
0.,-0.606475540053502),(0.78170123290407,0.,-0.623653094657805),(0.769031601357906,
0.,-0.639210760323146),(0.769072436839751,0.,-0.639161628145313),(0.756001524922473,
0.,-0.654569854419599),(0.742664750261121,0.,-0.669663399566967),(0.74270922693701,
0.,-0.66961407110561),(0.729059641944615,0.,-0.68445017239211),(0.71516017753072,
0.,-0.698960600087179),(0.715206641204948,0.,-0.698913056378501),(0.701000841805934,
0.,-0.713160444631761),(0.686559617961466,0.,-0.727073511403493),(0.68660804004062,
0.,-0.727027784442643),(0.671875600250502,0.,-0.7406640114033),(0.656922615907676,
0.,-0.753958007258373),(0.656972936553519,0.,-0.753914159991869),(0.641747268940114,
0.,-0.766916190211098),(0.626316374579614,0.,-0.779568982793344),(0.626368527983246,
0.,-0.779527079165375),(0.610682280092564,0.,-0.79187571801448),(0.594806428309939,
0.,-0.803868964969523),(0.594860360851459,0.,-0.803829055886681),(0.578750405360285,
0.,-0.815504732233545),(0.562466825303939,0.,-0.826819853675823),(0.562522481244525,
0.,-0.826781989459436),(0.546029640282216,0.,-0.837765857464526),(0.529379505857986,
0.,-0.848385135877306),(0.529436832966662,0.,-0.848349361936597),(0.512604849542206,
0.,-0.858624637560449),(0.495632206526363,0.,-0.868532507079504),(0.495691165720325,
0.,-0.868498859082051),(0.478569877761845,0.,-0.878049470188902),(0.461324880961472,
0.,-0.887231285632943),(0.461385444201312,0.,-0.887199792537824),(0.444028666075166,
0.,-0.896012580103376),(0.426565376440081,0.,-0.904456731758093),(0.426627541543367,
0.,-0.90442741046292),(0.409134730587827,0.,-0.912473984410968),(0.391553480706271,
0.,-0.920155351963354),(0.39161737537536,0.,-0.92012816026036),(0.373395920222593,
0.,-0.927672079326053),(0.355094154905052,0.,-0.934830541409654),(0.355157259857012,
0.,-0.934806568639127),(0.336841972498229,0.,-0.941561195867535),(0.31846231431723,
0.,-0.947935522258615),(0.318538909461714,0.,-0.94790978640319),(0.301218120953385,
0.,-0.953555265104919),(0.283874843773644,0.,-0.958861341942874),(0.283945086725693,
0.,-0.958840543429583),(0.265731263725552,0.,-0.964047143805126),(0.247493061553421,
0.,-0.968889665794261),(0.247560604624506,0.,-0.968872410092242),(0.225400668928788,
0.,-0.974266153803187),(0.203191748563093,0.,-0.979138965272996),(0.203281884889051,
0.,-0.979120255778602),(0.174477903801308,0.,-0.984661089454185),(0.145614884146191,
0.,-0.989341349340606),(0.145651146569375,0.,-0.989336011425353),(0.143652848948523,
0.,-0.989628141772945),(0.141690248931805,0.,-0.989911043153698),(0.141690638960173,
0.,-0.989910987327173),(0.152065326053504,0.,-0.988370445031741),(0.152175779609367,
0.,-0.988353444927614),(0.141800874085853,0.,-0.989895202588884),(0.183452675037149,
0.,-0.983028542831649),(0.183517996020614,0.,-0.983016350391273),(0.162489238698645,
0.,-0.986710315800506),(0.225260178578804,0.,-0.974298646179212),(0.225324943370037,
0.,-0.974283670136829),(0.204463117449418,0.,-0.978874268536499),(0.266657583676654,
0.,-0.963791332741548),(0.266721626248415,0.,-0.963773611431337),(0.246083929552938,
0.,-0.969248523143463),(0.307558771484959,0.,-0.951529086304072),(0.307621997376096,
0.,-0.95150864774333),(0.287237723124497,0.,-0.957859327048735),(0.347902984652914,
0.,-0.937530539913018),(0.347965290811544,0.,-0.937507416712229),(0.327866050322284,
0.,-0.944724220630585),(0.387622141768466,0.,-0.9218183526112),(0.387683420035555,
0.,-0.921792582867499),(0.367905851747783,0.,-0.929863045964156),(0.426629847615705,
0.,-0.904426322661719),(0.42668994163318,0.,-0.904397973078817),(0.407284063666865,
0.,-0.913301533713266),(0.46485258088495,0.,-0.885388094591632),(0.464911417944487,
0.,-0.885357201057769),(0.445901313933566,0.,-0.895082129322399),(0.502233237148733,
0.,-0.864732198719988),(0.5022907098961,0.,-0.864698816208321),(0.483709547988795,
0.,-0.875228583390919),(0.538700510671098,0.,-0.842497335190266),(0.538756504462591,
0.,-0.842461529625685),(0.520642755819635,0.,-0.853774631160083),(0.574179777688744,
0.,-0.818729248832179),(0.574234177304811,0.,-0.818691095355915),(0.556624512611304,
0.,-0.830764197567654),(0.608611265652924,0.,-0.793468542111372),(0.608663999211853,
0.,-0.793428091299667),(0.591582082111273,0.,-0.806244776804719),(0.641935057401317,
0.,-0.766759011736522),(0.641986009955152,0.,-0.7667163510855),(0.625468321473596,
0.,-0.780249561892221),(0.674086426540183,0.,-0.738652482263673),(0.674135511634803,
0.,-0.738607684737224),(0.658210962907551,0.,-0.752833532932955),(0.705009758805253,
0.,-0.709197602921329),(0.705056890500518,0.,-0.709150746426838),(0.689752679727395,
0.,-0.724045054405371),(0.734652864781028,0.,-0.678443194577872),(0.734697964867869,
0.,-0.678394354648542),(0.720039564385328,0.,-0.69393301241531),(0.762951185991555,
0.,-0.646456098891548),(0.762994134835868,0.,-0.646405407005592),(0.749021081899623,
0.,-0.662546163576485),(0.78985516330282,0.,-0.61329342162123),(0.789895924017638,
0.,-0.613240922656277),(0.776619451778814,0.,-0.629970020809541),(0.815322612746709,
0.,-0.579006940497158),(0.815361091597747,0.,-0.578952753088307),(0.802812098422307,
0.,-0.596232114722758),(0.839298787364311,0.,-0.543670438343669),(0.839334908462311,
0.,-0.543614671837105),(0.827538225407395,0.,-0.561409374244481),(0.861740953331202,
0.,-0.507348528480995),(0.861774658974388,0.,-0.507291274466236),(0.850749008075682,
0.,-0.525572188436796),(0.882621622288288,0.,-0.470084111483456),(0.882652882650356,
0.,-0.470025412875747),(0.872407580710845,0.,-0.488779104625239),(0.901891547877488,
0.,-0.43196253988876),(0.901920243972619,0.,-0.431902620404614),(0.892495074526205,
0.,-0.451057138228034),(0.919511548323095,0.,-0.393062987955449),(0.919537673129591,
0.,-0.393001867292532),(0.910934394528995,0.,-0.412551243925034),(0.935453393539098,
0.,-0.353450065095743),(0.935476869503183,0.,-0.353387926540402),(0.927721446068164,
0.,-0.373273249115438),(0.949691196725563,0.,-0.313187852353771),(0.94971201710435,
0.,-0.313124710886234),(0.942806134475988,0.,-0.333341555756921),(0.962200905670251,
0.,-0.272340627023126),(0.962219005850401,0.,-0.272276669548212),(0.956184434215049,
0.,-0.2927649701806),(0.972948406315007,0.,-0.231022506802018),(0.972963744722231,
0.,-0.230957899748185),(0.967814608751825,0.,-0.251664226870949),(0.981924727223003,
0.,-0.189271841719868),(0.981937312643985,0.,-0.189206538041127),(0.977669944772924,
0.,-0.210146327799722),(0.989112601982144,0.,-0.147160662543061),(0.98912237873188,
0.,-0.147094934963061),(0.985756234621324,0.,-0.168180396911141),(0.994493724922236,
0.,-0.104796140626918),(0.994500687307484,0.,-0.104730047956363),(0.992037555249582,
0.,-0.125942403401047),(0.998061063570988,0.,-0.0622423761078221),(0.998065197038815,
0.,-0.0621760601829288),(0.996510294810743,0.,-0.0834699487013482),(0.999808460351902,
0.,-0.0195714743634299),(0.999809759050433,0.,-0.0195050174958789),(0.999165134743605,
0.,-0.040853806588784),(0.999732334595376,0.,0.023135668662879),(0.999730795105475,
0.,0.0232020972710526),(0.99999828385406,0.,0.00185264376896089),(0.998898630183475,
0.,0.0469204285741055),(0.998898630183475,0.,0.0469204285741055),(0.999010515807104,
0.,0.0444745916993578),(0.998780756525274,0.,0.0493659841875145),(0.998780756525274,
0.,0.0493659841875145),(0.999458055316961,0.,0.032918014248096),(0.999864506523836,
0.,0.016461123711512),(0.999863661884415,0.,0.0165123482002966),(1.,0.,
0.),(0.999864506523836,0.,-0.0164611237115125),(0.999865348527279,0.,-0.0164098998907143),
(0.999458055316897,0.,-0.032918014250058),(0.998780756525287,0.,-0.0493659841872339),
(0.998783284304896,0.,-0.0493148151484467),(0.999732334595448,0.,-0.0231356686598007),
(0.999733869674298,0.,-0.0230692398239332),(0.999013468727326,0.,-0.044408212094129),
(0.999808460351874,0.,0.0195714743648798),(0.999807157237797,0.,0.0196379310538045),
(0.999998521262049,0.,-0.00171973071033345),(0.998061063571006,0.,0.062242376107536),
(0.998056925671207,0.,0.0623086921684206),(0.99915969595917,0.,0.0409866072123548),
(0.994493724921846,0.,0.104796140630621),(0.994486758187613,0.,0.10486223242661),
(0.996499192858857,0.,0.0836023841265707),(0.989112601978222,0.,0.14716066256942),
(0.989102820886413,0.,0.147226389327931),(0.992020807946172,0.,0.126074250352025),
(0.981924727218198,0.,0.189271841744795),(0.981912137292677,0.,0.189337145424048),
(0.985733865596984,0.,0.168311455983326),(0.985745056952265,0.,0.168245899486958),
(0.992029183296883,0.,0.126008331023464),(0.996504746592273,0.,0.0835361599492664),
(0.999162417055931,0.,0.0409202192436794),(0.999998404745739,0.,-0.00178619875080716),
(0.999010515807221,0.,-0.0444745916967358),(0.998898630183162,0.,-0.0469204285807569),
(0.998898630183162,0.,-0.0469204285807569),(0.999459740755007,0.,-0.032866801029824),
(0.999999998687219,0.,5.12402467336957E-5),(0.999456367254177,0.,0.0329692273959288),
(0.999010515807104,0.,0.0444745916993578),(0.999998404745734,0.,0.00178619875343457),
(0.99916241705593,0.,-0.0409202192436931),(0.996504746592492,0.,-0.0835361599466574),
(0.99202918329717,0.,-0.126008331021207),(0.985745056957058,0.,-0.168245899458874),
(0.977655967031297,0.,-0.2102113463353),(0.96779789572366,0.,-0.251728490705473),
(0.956164972592572,0.,-0.292828525227729),(0.942783970427456,0.,-0.33340423678328),
(0.927696649717893,0.,-0.373334871264656),(0.910906970849282,0.,-0.412611791467701),
(0.892465106483455,0.,-0.451116430325337),(0.872375073826009,0.,-0.488837120692634),
(0.850714088591733,0.,-0.525628708758889),(0.827500922748549,0.,-0.561464355814596),
(0.802772472008527,0.,-0.596285467025081),(0.776577580018959,0.,-0.630021636304578),
(0.748977061579678,0.,-0.662595926057104),(0.719993432262591,0.,-0.693980876897004),
(0.689704559146703,0.,-0.724090892838912),(0.65816093346402,0.,-0.752877271314369),
(0.625416470659293,0.,-0.780291124022358),(0.59152849783902,0.,-0.806284091523771),
(0.556569311926328,0.,-0.830801180200085),(0.520586011295715,0.,-0.85380923211407),
(0.483651376579463,0.,-0.875260730258585),(0.445841831839847,0.,-0.895111758933872),
(0.407223379294763,0.,-0.913328593308976),(0.367844038252788,0.,-0.92988750046545),
(0.327803265837015,0.,-0.944746007616114),(0.287174076557958,0.,-0.957878410735457),
(0.246019524502085,0.,-0.969264872758612),(0.204398048843218,0.,-0.978887857534807),
(0.162423673604628,0.,-0.986721110675543),(0.143653239224917,0.,-0.989628085120965),
(0.174513996781853,0.,-0.984654693243892),(0.225490358693663,0.,-0.974245399340538),
(0.265798471240454,0.,-0.964028616113774),(0.301287977692074,0.,-0.953533195278602),
(0.336918056132334,0.,-0.941533973604782),(0.373458545865626,0.,-0.927646869514436),
(0.409198096255605,0.,-0.912445569894878),(0.444090255757585,0.,-0.895982056037487),
(0.478629819754942,0.,-0.878016796901603),(0.512663142170921,0.,-0.858589833773635),
(0.546086256320309,0.,-0.837728954171974),(0.578805306574403,0.,-0.815465766958559),
(0.610735415310264,0.,-0.791834738115094),(0.641798583533422,0.,-0.766873247789029),
(0.671925041582153,0.,-0.740619158876424),(0.70104834549303,0.,-0.713113747786063),
(0.729105149413389,0.,-0.684401695715959),(0.756045007650272,0.,-0.654519630268719),
(0.781741082766545,0.,-0.623603142643613),(0.972948406310369,0.,0.231022506821551),
(0.972933063819354,0.,0.231087111988283),(0.977642006704746,0.,0.210276262869393),
(0.962200905671977,0.,0.272340627017026),(0.962182801161718,0.,0.272404583567513),
(0.967781161616417,0.,0.251792818047654),(0.949691196728983,0.,0.313187852343402),
(0.9496703719369,0.,0.313250993079401),(0.956145501791853,0.,0.292892095153156),
(0.935453393532278,0.,0.353450065113794),(0.935429913809084,0.,0.353512201134741),
(0.942761822650914,0.,0.33346685855108),(0.919511548330005,0.,0.393062987939283),
(0.919485419270974,0.,0.393124107309742),(0.92767183247477,0.,0.373396533504131),
(0.9018915478745,0.,0.431962539895),(0.901862848070937,0.,0.432022456904012),
(0.910879557151563,0.,0.41267230627142),(0.882621622287064,0.,0.470084111485754),
(0.882590357247465,0.,0.470142809467285),(0.892435103468233,0.,0.451175781816405),
(0.861740953330415,0.,0.507348528482332),(0.861707244324549,0.,0.507405779508464),
(0.872342595297616,0.,0.488895077117187),(0.839298787365018,0.,0.543670438342578),
(0.839262663014733,0.,0.543726201749942),(0.850679163637418,0.,0.525685229536785),
(0.815322612750867,0.,0.579006940491304),(0.81528413017993,0.,0.579061125509868),
(0.827463606775081,0.,0.561519349143709),(0.789855163293824,0.,0.613293421632816),
(0.789814398676574,0.,0.613345918420561),(0.80273283858399,0.,0.596338821358202),
(0.762951186002156,0.,0.646456098879038),(0.762908234799778,0.,0.646506786719742),
(0.776535721507732,0.,0.630073228460364),(0.734652864779168,0.,0.678443194579886),
(0.734607760242054,0.,0.678492032814058),(0.748933011410634,0.,0.662645715612347),
(0.705009758805725,0.,0.70919760292086),(0.704962623632034,0.,0.709244456645126),
(0.71994730928342,0.,0.69402872552623),(0.6740864265304,0.,0.738652482272602),
(0.674037339632738,0.,0.738697275465952),(0.689656440816719,0.,0.724136723029577),
(0.641935057406344,0.,0.766759011732314),(0.641884100615621,0.,0.766801670170896),
(0.658110900154426,0.,0.752921007209874),(0.608611265651812,0.,0.793468542112225),
(0.608558530983017,0.,0.793508988208572),(0.625364612743562,0.,0.780332686184614),
(0.574179777688026,0.,0.818729248832683),(0.574125375179417,0.,0.818767398944959),
(0.591474923285785,0.,0.806323393635627),(0.538700510675393,0.,0.842497335187519),
(0.538644515016515,0.,0.842533136703016),(0.556514094684433,0.,0.830838168609005),
(0.502233237142752,0.,0.864732198723462),(0.502175759675619,0.,0.8647655788676),
(0.520529260928644,0.,0.853843831456947),(0.520586011295715,0.,0.85380923211407),
(0.556569311926328,0.,0.830801180200085),(0.591528497840273,0.,0.806284091522851),
(0.625416470659293,0.,0.780291124022358),(0.65816093346402,0.,0.752877271314369),
(0.689704559146875,0.,0.724090892838748),(0.719993432262591,0.,0.693980876897004),
(0.748977061579678,0.,0.662595926057104),(0.776577580018698,0.,0.630021636304899),
(0.80277247200832,0.,0.596285467025359),(0.827500922748364,0.,0.561464355814869),
(0.850714088590558,0.,0.525628708760791),(0.872375073826715,0.,0.488837120691374),
(0.892465106484513,0.,0.451116430323245),(0.910906970849338,0.,0.412611791467578),
(0.927696649717984,0.,0.373334871264428),(0.942783970427456,0.,0.333404236783281),
(0.956164972592544,0.,0.292828525227821),(0.967797895723827,0.,0.251728490704833),
(0.977655967025343,0.,0.210211346362992),(0.464852580889118,0.,0.885388094589444),
(0.464793744760447,0.,0.885418982646951),(0.483593214544068,0.,0.875292866900522),
(0.426629847614161,0.,0.904426322662447),(0.426569750901158,0.,0.904454668635264),
(0.445782355182336,0.,0.895141380904765),(0.387622141773709,0.,0.921818352608996),
(0.38756086125034,0.,0.921844118507514),(0.407162664312373,0.,0.913355661716754),
(0.347902984653823,0.,0.93753053991268),(0.347840673481587,0.,0.937553660262641),
(0.367782236238555,0.,0.929911945674088),(0.307558771485591,0.,0.951529086303868),
(0.307495548700155,0.,0.951549519220934),(0.327740494939898,0.,0.944767785213145),
(0.266657583676989,0.,0.963791332741455),(0.266593542531074,0.,0.963809049075973),
(0.287110429524131,0.,0.95789748995311),(0.22526017858038,0.,0.974298646178848),
(0.225195406465752,0.,0.97431361937865),(0.245955088269379,0.,0.969281225730903),
(0.183452675038779,0.,0.983028542831344),(0.183387360782533,0.,0.983040729525088),
(0.204333010947162,0.,0.978901435608952),(0.152065326052355,0.,0.988370445031918),
(0.152065326052355,0.,0.988370445031918),(0.162423673603514,0.,0.986721110675726),
(0.141690248931831,0.,0.989911043153694),(0.141690248931831,0.,0.989911043153694),
(0.143652848948423,0.,0.98962814177296),(0.143652848948423,0.,0.98962814177296),
(0.141690248931831,0.,0.989911043153694),(0.145614884146409,0.,0.989341349340574),
(0.145614884146409,0.,0.989341349340574),(0.174477903805905,0.,0.98466108945337),
(0.203191748563622,0.,0.979138965272886),(0.202971270470941,0.,0.979184693182758),
(0.225400668924196,0.,0.974266153804249),(0.247493061553421,0.,0.968889665794261),
(0.247440381428798,0.,0.968903120873481),(0.265731263731361,0.,0.964047143803525),
(0.283874843781094,0.,0.958861341940669),(0.283827409552854,0.,0.958875383762935),
(0.301218120952536,0.,0.953555265105187),(0.318462314317216,0.,0.94793552225862),
(0.318421094756763,0.,0.947949369119419),(0.33684197250432,0.,0.941561195865356),
(0.355094154911621,0.,0.934830541407159),(0.355051760597886,0.,0.934846643731656),
(0.373395920224962,0.,0.9276720793251),(0.391553480706429,0.,0.920155351963287),
(0.391502497190364,0.,0.920177045298191),(0.409134730589274,0.,0.912473984410319),
(0.42656537643995,0.,0.904456731758155),(0.426518943006952,0.,0.904478629518814),
(0.444028666073258,0.,0.896012580104322),(0.461324880961361,0.,0.887231285633),
(0.461277842520925,0.,0.887255742161887),(0.478569877766245,0.,0.878049470186504),
(0.495632206526794,0.,0.868532507079258),(0.49558517349395,0.,0.868559345015049),
(0.512604849540054,0.,0.858624637561734),(0.529379505857581,0.,0.848385135877559),
(0.529332759372242,0.,0.848414303188818),(0.546029640282399,0.,0.837765857464408),
(0.562466825303939,0.,0.826819853675822),(0.562420611926666,0.,0.826851289700895),
(0.578750405361851,0.,0.815504732232433),(0.594806428313893,0.,0.803868964966598),
(0.594760956460046,0.,0.803902608946339),(0.610682280094191,0.,0.791875718013225),
(0.626316374579223,0.,0.779568982793658),(0.626271828741106,0.,0.779604769434661),
(0.64174726894216,0.,0.766916190209386),(0.656922615911593,0.,0.75395800725496),
(0.656879157343943,0.,0.753995870444336),(0.671875600251213,0.,0.740664011402655),
(0.686559617961387,0.,0.727073511403568),(0.686517386849957,0.,0.72711338699869),
(0.701000841808289,0.,0.713160444629447),(0.715160177530652,0.,0.698960600087249),
(0.715119309448002,0.,0.699002412910437),(0.729059641944532,0.,0.684450172392199),
(0.742664750261654,0.,0.669663399566375),(0.742625364530638,0.,0.669707076232391),
(0.75600152492127,0.,0.654569854420989),(0.769031601358205,0.,0.639210760322787),
(0.768993793280519,0.,0.63925624431525),(0.781701232904508,0.,0.623653094657256),
(0.794056182391899,0.,0.607844370875641),(0.794019092063222,0.,0.607892820683956),
(0.794056182391899,0.,0.607844370875641),(0.96113995567218,0.,-0.276061561269045),
(0.794056182391899,0.,0.607844370875641),(0.960634767247164,0.,-0.277814405594791),
(0.781663169850579,0.,0.623700800784435),(0.755962800340381,0.,0.654614577061594),
(0.729019378648331,0.,0.684493057346239),(0.700959135770819,0.,0.713201437168649),
(0.671832572319125,0.,0.740703040881477),(0.641703056335113,0.,0.766953184679597),
(0.610637024259855,0.,0.791910616549032),(0.578704268953781,0.,0.815537472526352),
(0.545982809180451,0.,0.83779637865022),(0.512557533416652,0.,0.858652883846457),
(0.47852232444329,0.,0.87807538686003),(0.443981157700066,0.,0.896036121820604),
(0.409087881774431,0.,0.912494989019287),(0.373344516659129,0.,0.927692768043689),
(0.336799270272717,0.,0.941576471426387),(0.301176655077772,0.,0.953568362749187),
(0.265683571249081,0.,0.964060288554784),(0.225347694881613,0.,0.974278408059803),
(0.174256177784193,0.,0.984700352647466),(0.162423673603514,0.,0.986721110675726),
(0.204398048843808,0.,0.978887857534684),(0.246019524502702,0.,0.969264872758455),
(0.287174076557355,0.,0.957878410735637),(0.327803265837601,0.,0.944746007615911),
(0.367844038262343,0.,0.92988750046167),(0.407223379295311,0.,0.913328593308732),
(0.445841831835652,0.,0.895111758935961),(0.483651376577741,0.,0.875260730259536),
(0.960634692554883,0.,-0.277814663867811),(0.960887686743525,0.,-0.276938356795573),
(0.955973194833024,0.,-0.29345400109854),(0.951057103829658,0.,-0.309015186123828),
(0.951072795911867,0.,-0.308966886375197),(0.945886857880663,0.,-0.324496613370072),
(0.940464621967214,0.,-0.339891592758729),(0.940481884940471,0.,-0.339843823099403),
(0.940464621967214,0.,-0.339891592758729),(0.288422060545744,0.,-0.95750337596805),
(0.940464621967214,0.,-0.339891592758729),(0.285121358475193,0.,-0.958491424552802),
(0.945903343738388,0.,-0.324448554172364),(0.955988101020766,0.,-0.293405437418446),
(0.285121004110113,0.,-0.95849152996531),(0.28677178130924,0.,-0.957998927684495),
(0.265836239209148,0.,-0.964018202070447),(0.246444489508636,0.,-0.96915690865351),
(0.246506396853311,0.,-0.969141164284336),(0.226871869729729,0.,-0.973924614498133),
(0.20720718115811,0.,-0.978297083751408),(0.207272168327811,0.,-0.978283316957152),
(0.187510569406263,0.,-0.982262585239272),(0.167738263063936,0.,-0.985831565280953),
(0.16780379346602,0.,-0.985820413106978),(0.147936537372122,0.,-0.988996855864743),
(0.128075322344376,0.,-0.991764443709485),(0.128141374489442,0.,-0.991755911574998),
(0.108208032080441,0.,-0.994128272303568),(0.0882974264765769,0.,-0.996094154423975),
(0.0883639077040802,0.,-0.996088259048998),(0.0684034845500411,0.,-0.997657738556371),
(0.0484823034177843,0.,-0.998824041688678),(0.0485491273080532,0.,-0.998820795857608),
(0.0285987170143111,0.,-0.999590973041041),(0.00870380708551203,0.,-0.999962121153706),
(0.0087709027136171,0.,-0.999961534893012),(-0.0111230982733432,0.,-0.99993813642885),
(-0.0309456310697156,0.,-0.999521069271527),(-0.0308783552014467,0.,-0.999523149897016),
(-0.0506788968515802,0.,-0.998714999093288),(-0.070392395250877,0.,-0.997519378604167),
(-0.0703249846879418,0.,-0.997524133306378),(-0.0899830863394786,0.,-0.995943293653219),
(-0.109539018831676,0.,-0.993982496502526),(-0.109471538217501,0.,-0.993989930693613),
(-0.128932405017116,0.,-0.991653384472872),(-0.148276599856763,0.,-0.988945928721544),
(-0.148209106503818,0.,-0.98895604591374),(-0.16743374623489,0.,-0.98588333012672),
(-0.186527874608104,0.,-0.982449668936879),(-0.186460337638703,0.,-0.982462489099539),
(-0.20534441514965,0.,-0.978689772689409),(-0.224085348079985,0.,-0.974569523828789),
(-0.224017665403456,0.,-0.974585083811149),(-0.243189495446464,0.,-0.969978798378859),
(-0.262199761159475,0.,-0.965013619203332),(-0.262134629734998,0.,-0.96503131342651),
(-0.280921767399968,0.,-0.959730670865988),(-0.299537466366724,0.,-0.954084538310209),
(-0.299460374784729,0.,-0.954108738003059),(-0.316793825926268,0.,-0.948494423734266),
(-0.333945950385578,0.,-0.942592224782845),(-0.333876888510975,0.,-0.942616689496972),
(-0.351675547865065,0.,-0.936121952009356),(-0.369279877440905,0.,-0.929318229734697),
(-0.369215080005711,0.,-0.929343975445247),(-0.390302890013552,0.,-0.920686512362959),
(-0.411124321455703,0.,-0.911579284707363),(-0.41104044557461,0.,-0.911617108276181),
(-0.437606382788561,0.,-0.899166644033636),(-0.463714127329707,0.,-0.885984880296977),
(-0.463681644949175,0.,-0.88600188043662),(-0.465470668192518,0.,-0.885063306804892),
(-0.467225377556363,0.,-0.884138250822412),(-0.467225029069991,0.,-0.88413843498094),
(-0.457930012080341,0.,-0.888988247411685),(-0.457830698869782,0.,-0.889039397986617),
(-0.46712660666314,0.,-0.884190439524982),(-0.429396844467727,0.,-0.903115911697473),
(-0.429336821681007,0.,-0.90314444777613),(-0.448524909505119,0.,-0.893770331546883),
(-0.390438064076274,0.,-0.920629196865042),(-0.390376862522849,0.,-0.920655149992013),
(-0.409952919514875,0.,-0.91210668442964),(-0.350774544089995,0.,-0.936459939996611),
(-0.350712328629435,0.,-0.936483242000261),(-0.370622717769712,0.,-0.928783506029792),
(-0.310473742569033,0.,-0.950581956053858),(-0.310410557156956,0.,-0.950602590994527),
(-0.330642087422077,0.,-0.943756223833873),(-0.269599387918155,0.,-0.962972569720528),
(-0.269535392107355,0.,-0.96299048406593),(-0.290037437019967,0.,-0.957015300361958),
(-0.228240383553118,0.,-0.97360481064728),(-0.228175686855076,0.,-0.973619975107441),
(-0.24891043728355,0.,-0.968526506715904),(-0.186459356070913,0.,-0.982462675389564),
(-0.186394046298269,0.,-0.982475068133822),(-0.207336895373816,0.,-0.978269600783315),
(-0.144340846625355,0.,-0.989528028908467),(-0.144275103128977,0.,-0.989537616575097),
(-0.1653661860148,0.,-0.986232236607037),(-0.101962852964704,0.,-0.994788206914064),
(-0.101896734436652,0.,-0.994794981647549),(-0.123118242558246,0.,-0.992392008406642),
(-0.0593957087223099,0.,-0.998234516426563),(-0.0593293769814941,0.,-0.998238461003676),
(-0.0806287668689522,0.,-0.996744200862585),(-0.0167200186340935,0.,-0.999860210717916),
(-0.0166535627543754,0.,-0.999861319807695),(-0.0380029254602639,0.,-0.999277627917518),
(0.0259914571135608,0.,-0.999662165012318),(0.0260579001141345,0.,-0.999660435268718),
(0.00470339399636036,0.,-0.999988938981284),(0.0686492142976939,0.,-0.99764085991719),
(0.0687155029493487,0.,-0.99763629627957),(0.0474004980546492,0.,-0.998875964664368),
(0.11117948260782,0.,-0.993800343452878),(0.11124552945708,0.,-0.993792952367752),
(0.089999193633522,0.,-0.995941838234199),(0.153513095897719,0.,-0.988146613305889),
(0.153578771178203,0.,-0.988136408115495),(0.132441136254843,0.,-0.991190872348775),
(0.195566721000123,0.,-0.980690398462869),(0.195631896203742,0.,-0.980677399141904),
(0.174646347287049,0.,-0.984631227099411),(0.237258290800516,0.,-0.971446603497288),
(0.237322840665874,0.,-0.971430836085761),(0.216528218334033,0.,-0.976276359779898),
(0.278519199140723,0.,-0.960430661583651),(0.278583034484656,0.,-0.960412147412412),
(0.258009283728694,0.,-0.966142437485181),(0.319277101225729,0.,-0.947661401890409),
(0.319340085040751,0.,-0.947640179649516),(0.299029713951221,0.,-0.954243800175956),
(0.359444704837396,0.,-0.933166386109335),(0.359506701372489,0.,-0.933142503408923),
(0.339504772569791,0.,-0.940604332013379),(0.398954168543953,0.,-0.916970867258826),
(0.399015106979983,0.,-0.916944351856618),(0.37934479853286,0.,-0.925255383030039),
(0.43775061803136,0.,-0.899096433322457),(0.437810394542896,0.,-0.899067326972899),
(0.418503490733233,0.,-0.908215188291904),(0.475744839324472,0.,-0.879583337641256),
(0.475803281607076,0.,-0.879551725148634),(0.456917424669613,0.,-0.889509115767392),
(0.512862686988769,0.,-0.858470654300227),(0.51291973742762,0.,-0.858436568977104),
(0.494472264301259,0.,-0.86919340761236),(0.549048683281222,0.,-0.835790370480037),
(0.549104224543689,0.,-0.835753881587321),(0.531133305395675,0.,-0.847288269657656),
(0.584229263247843,0.,-0.81158866919449),(0.584283186035347,0.,-0.811549849680464),
(0.566824741934067,0.,-0.823838401588187),(0.618347853878,0.,-0.785904530846127),
(0.618400090417185,0.,-0.785863428447983),(0.601475329065498,0.,-0.798891374672146),
(0.65134335191616,0.,-0.758783129698217),(0.65139377954234,0.,-0.758739839453251),
(0.63504274488047,0.,-0.772476997828853),(0.683152035367403,0.,-0.730276178286937),
(0.683200578071975,0.,-0.730230764979208),(0.667447743709132,0.,-0.74465663860439),
(0.713707679881528,0.,-0.700443679162091),(0.713754210382809,0.,-0.700396264382395),
(0.698641665391984,0.,-0.715471748833114),(0.742962458405558,0.,-0.669333090023173),
(0.743006952740977,0.,-0.669283697828184),(0.728541556224437,0.,-0.685001606460945),
(0.770861792009485,0.,-0.637002431408173),(0.770904105378683,0.,-0.636951222865843),
(0.757133280778617,0.,-0.653260434388466),(0.797354092857022,0.,-0.603511765091747),
(0.797394207009155,0.,-0.603458762989022),(0.784323710674725,0.,-0.620351768655036),
(0.8224017607099,0.,-0.568907148822422),(0.822439579984641,0.,-0.568852474086812),
(0.810100926904977,0.,-0.586290446986558),(0.835708921434492,0.,-0.549172649204964),
(0.835708921428875,0.,-0.549172649213512),(0.834366289619278,0.,-0.551210390637694),
(0.837046576552593,0.,-0.547131637434341),(0.837046576552593,0.,-0.547131637434341),
(0.827926865129511,0.,-0.560836077652661),(0.818582801406786,0.,-0.574388542052345),
(0.818612226381318,0.,-0.574346605125356),(0.809017383451186,0.,-0.5877847167746),
(0.799232758418098,0.,-0.601021628455581),(0.799263546250735,0.,-0.600980684909839),
(0.78922973572082,0.,-0.614098057523426),(0.779012789572908,0.,-0.627008033187643),
(0.779044914620084,0.,-0.626968118012858),(0.795201840431938,0.,-0.606344813595085),
(0.795242117903784,0.,-0.606291987339354),(0.782119769693238,0.,-0.623128129564857),
(0.820365851139667,0.,-0.571839024799716),(0.820403868440369,0.,-0.571784480943718),
(0.808002144192435,0.,-0.589179543925642),(0.844035189098089,0.,-0.536287795464481),
(0.844070817211655,0.,-0.536231718132795),(0.832431139956165,0.,-0.55412850245343),
(0.866162052247367,0.,-0.499763243192844),(0.866195268545332,0.,-0.499705670119601),
(0.855325800456892,0.,-0.51809050857237),(0.886711786002709,0.,-0.462322623893624),
(0.886742507993325,0.,-0.462263695868179),(0.876669616563542,0.,-0.481092905159006),
(0.905642812957586,0.,-0.424041383992496),(0.905670991253193,0.,-0.423981197227494),
(0.896411042021431,0.,-0.443223694923966),(0.896381585550269,0.,-0.44328326506466),
(0.876637643918214,0.,-0.481151162593963),(0.855291362867866,0.,-0.518147358001204),
(0.832394323576144,0.,-0.554183805319331),(0.807962971177353,0.,-0.589233262135009),
(0.782078374642095,0.,-0.623180083055596),(0.78054792873151,0.,-0.625095937399171),
(0.78054792873151,0.,-0.625095937399171),(0.789261205123568,0.,-0.614057611374448),
(0.809047498762706,0.,-0.587743264313433),(0.827955601127047,0.,-0.560793654174465),
(0.834366289619278,0.,-0.551210390637694),(0.81006194916167,0.,-0.586344300322256),
(0.784282474488262,0.,-0.62040390086666),(0.757089884895465,0.,-0.653310727134471),
(0.72849601792972,0.,-0.685050036026961),(0.698594134371159,0.,-0.71551815869495),
(0.667398243074217,0.,-0.744701003854197),(0.634991405331768,0.,-0.77251920050882),
(0.601422227665898,0.,-0.798931351287073),(0.566770003793469,0.,-0.823876060339145),
(0.531076998776764,0.,-0.847323563563687),(0.494414500189309,0.,-0.869226266286607),
(0.456858321981082,0.,-0.889539472781635),(0.418443107260404,0.,-0.908243010425216),
(0.379283309025253,0.,-0.925280590683094),(0.339442281580821,0.,-0.940626885366991),
(0.298966292552506,0.,-0.954263672114479),(0.257945068817789,0.,-0.96615958385382),
(0.216463347835799,0.,-0.976290745138823),(0.174580910654418,0.,-0.984642831505452),
(0.132375259321571,0.,-0.991199672477522),(0.0899330053443783,0.,-0.995947817182069),
(0.047334128402294,0.,-0.998879111949186),(0.00463693051175216,0.,-0.999989249379927),
(-0.038069341177564,0.,-0.999275099891069),(-0.0806949979402133,0.,-0.996738841074947),
(-0.123184200016366,0.,-0.992383823359857),(-0.16543170857121,0.,-0.986221247894817),
(-0.207401924227347,0.,-0.978255816147696),(-0.248974794209347,0.,-0.968509964764645),
(-0.29010103442773,0.,-0.956996023933204),(-0.330704816476117,0.,-0.943734244562259),
(-0.370684420416873,0.,-0.928758881766525),(-0.41001355156378,0.,-0.912079430496081),
(-0.448584308053205,0.,-0.893740520827174),(-0.465470319023783,0.,-0.885063490438905),
(-0.437573415208338,0.,-0.899182687946621),(-0.390218174276233,0.,-0.920722420963302),
(-0.35161027407889,0.,-0.936146470998085),(-0.316724329115417,0.,-0.948517632596458),
(-0.280844215990208,0.,-0.959753367456893),(-0.243124024804509,0.,-0.969995210587587),
(-0.205276441618225,0.,-0.978704032134618),(-0.167365967751506,0.,-0.985894838630674),
(-0.128864720656145,0.,-0.991662182282966),(-0.0899154656100549,0.,-0.995949400845308),
(-0.0506113977273506,0.,-0.998718421988943),(-0.0110557858175015,0.,-0.999938882932331),
(0.0286657970049767,0.,-0.999589051601742),(0.0684702404108633,0.,-0.997653159258306),
(0.108274392816068,0.,-0.994121046885293),(0.14800241660114,0.,-0.988986999247322),
(0.187575874641728,0.,-0.982250116443053),(0.22693657916551,0.,-0.973909538425749),
(0.265897831146155,0.,-0.964001215451397),(0.922921410090475,0.,-0.384988403457311),
(0.922946991148477,0.,-0.384927073002113),(0.914517933021917,0.,-0.404545362328283),
(0.938515234440771,0.,-0.345237823424063),(0.938538170833461,0.,-0.345175465363026),
(0.930955249181639,0.,-0.36513329623735),(0.952403196216464,0.,-0.30484119117446),
(0.952423467454294,0.,-0.304777851298844),(0.945693311375354,0.,-0.325060241832059),
(0.964549238147672,0.,-0.263902950322169),(0.964566757905721,0.,-0.263838908319539),
(0.958718648089525,0.,-0.28435638520243),(0.974935783049612,0.,-0.222486446619655),
(0.974950575213499,0.,-0.222421617409073),(0.969975852251164,0.,-0.243201245986997),
(0.983550003694713,0.,-0.180636071237531),(0.983562011081824,0.,-0.180570679670534),
(0.979480190773825,0.,-0.201540457183341),(0.990365264345488,0.,-0.138479757285647),
(0.990374459948675,0.,-0.138413977189334),(0.987194929935898,0.,-0.159518557882325),
(0.995373573037287,0.,-0.0960804355682535),(0.995379955793193,0.,-0.0960142885467631),
(0.993102865518925,0.,-0.117246315499038),(0.998568376390966,0.,-0.0534901642539129),
(0.998571929748444,0.,-0.0534237879457172),(0.997203169705717,0.,-0.0747384661929268),
(0.99994167222459,0.,-0.0108005624247194),(0.999942387804209,0.,-0.0107341079003829),
(0.999485151747425,0.,-0.0320847539561507),(0.999491160406777,0.,0.0318970260167773),
(0.999489039122803,0.,0.0319634271218805),(0.999943591260317,0.,0.0106214075065961),
(0.99721729326426,0.,0.0745497821237808),(0.997212333403561,0.,0.0746160981814644),
(0.998579028013161,0.,0.0532909449371104),(0.993125017020632,0.,0.117058534792507),
(0.993117241198497,0.,0.117124486057727),(0.995390290903019,0.,0.0959070840762241),
(0.987221876916516,0.,0.159351704532558),(0.987211278731529,0.,0.159417348946906),
(0.990391969039404,0.,0.138288638948583),(0.979516462096387,0.,0.201364099288274),
(0.979503081315245,0.,0.201429177861454),(0.983579898110776,0.,0.180473222480222),
(0.970025104147665,0.,0.243004726956724),(0.970008946668926,0.,0.243069215208838),
(0.974979825285891,0.,0.222293365365442),(0.958768468481025,0.,0.284188359801292),
(0.958749598085749,0.,0.284252015244246),(0.964595432670241,0.,0.263734054061492),
(0.945761056069377,0.,0.324863086272567),(0.945739446333913,0.,0.324925991031839),
(0.952467342944133,0.,0.304640707432448),(0.931022587593784,0.,0.364961561524191),
(0.930998334867425,0.,0.365023424555304),(0.938579599947822,0.,0.345062797997388),
(0.914590096775514,0.,0.404382189123305),(0.914563215376487,0.,0.404442981247321),
(0.92299261775119,0.,0.384817654970253),(0.923018194126307,0.,0.384756303797366),
(0.938602525877724,0.,0.345000432486622),(0.952487603023862,0.,0.30457735648905),
(0.964612940440847,0.,0.263670011821714),(0.974994601247738,0.,0.222228547981047),
(0.983591886332497,0.,0.180407874387126),(0.990401162096921,0.,0.138222784363032),
(0.995396657586529,0.,0.0958409832251631),(0.998582569650553,0.,0.0532245393601421),
(0.999944294672684,0.,0.0105549775721547),(0.999483017281834,0.,-0.0321511767312008),
(0.997198199634892,0.,-0.0748047501495123),(0.993095071964477,0.,-0.117312309839466),
(0.987184332789706,0.,-0.159584125446562),(0.979466789489918,0.,-0.201605576029814),
(0.969959678671382,0.,-0.243265743070635),(0.958699766460545,0.,-0.284420037600194),
(0.945671691703376,0.,-0.325123132844889),(0.930930987242245,0.,-0.365195149190374),
(0.914491048846185,0.,-0.404606131416968),(0.896491261515706,0.,0.443061415636679),
(0.896461823643067,0.,0.443120975299687),(0.905716596712429,0.,0.423883765246624),
(0.876759570550887,0.,0.480928950519121),(0.876727607467261,0.,0.48098721636311),
(0.886798506182306,0.,0.462156260839156),(0.855420816489401,0.,0.51793361226764),
(0.855386378630432,0.,0.517990485678565),(0.866256882791205,0.,0.499598852097225),
(0.832528839926434,0.,0.553981706097544),(0.832492045836699,0.,0.554036996615413),
(0.844125499548027,0.,0.536145634145047),(0.808121019040806,0.,0.589016484136437),
(0.808081863073667,0.,0.589070201734387),(0.820479410942718,0.,0.571676076304659),
(0.782231540179688,0.,0.622987814927477),(0.78219013630683,0.,0.623039798619881),
(0.795315635550743,0.,0.606195545883106),(0.754915205880386,0.,0.65582240883533),
(0.754871608550067,0.,0.655872590222396),(0.768707942987582,0.,0.639599951835365),
(0.726222764890945,0.,0.687459450261724),(0.726177081545138,0.,0.687507706312145),
(0.740690887655384,0.,0.671845971145381),(0.703970697373348,0.,0.710229017458229),
(0.703970697364504,0.,0.710229017466996),(0.711378886081949,0.,0.702808708281852),
(0.696485112535843,0.,0.717571242467209),(0.696485112535843,0.,0.717571242467209),
(0.697904935642588,0.,0.716190408205608),(0.697904935632332,0.,0.716190408215602),
(0.696485112521442,0.,0.717571242481187),(0.699322021150681,0.,0.714806764611056),
(0.699322021150681,0.,0.714806764611056),(0.719920214657833,0.,0.694056830905812),
(0.739902987747133,0.,0.67271358595086),(0.739751503197099,0.,0.672880162820715),
(0.755013964210325,0.,0.655708711126679),(0.76973421537671,0.,0.638364502207321),
(0.769699487229997,0.,0.638406374778541),(0.781636146931951,0.,0.623734666191781),
(0.79326005983277,0.,0.608882975188262),(0.793229955780347,0.,0.60892219310246),
(0.804175494699609,0.,0.594391936120132),(0.814826245706739,0.,0.579705260720877),
(0.814801029841762,0.,0.579740702184005),(0.825947323044135,0.,0.563747301152056),
(0.836755915739379,0.,0.547576056338436),(0.836731085901427,0.,0.547613997160609),
(0.847355832622766,0.,0.531025510611476),(0.857628433909555,0.,0.51426984098802),
(0.857599935901821,0.,0.514317363056306),(0.8673370216016,0.,0.497721298478642),
(0.876726333051232,0.,0.480989539319245),(0.876701638431374,0.,0.481034548833807),
(0.885889701321861,0.,0.463895933472005),(0.894719834493411,0.,0.446627829141986),
(0.8946961583878,0.,0.446675255824758),(0.903274831685881,0.,0.429062441193404),
(0.911485021026589,0.,0.411333266882413),(0.911462744351275,0.,0.411382626832541),
(0.919393327280142,0.,0.393339433254219),(0.926946454094463,0.,0.375193644991092),
(0.926925777415643,0.,0.375244724363191),(0.934173901768688,0.,0.356818050628418),
(0.941037116469631,0.,0.338303333454642),(0.941018208958965,0.,0.338355922672653),
(0.947560200060974,0.,0.31957732594852),(0.953710689738759,0.,0.300725656168576),
(0.953693677054165,0.,0.300779604273472),(0.959505168427326,0.,0.281691021797374),
(0.964919785458715,0.,0.262544867842254),(0.964904781715952,0.,0.262600004230183),
(0.969966610034119,0.,0.243238104372895),(0.974627172999112,0.,0.223834478246222),
(0.974614269542498,0.,0.223890655464097),(0.978910323015139,0.,0.204290429277525),
(0.982801600325491,0.,0.184664599741404),(0.982790873025133,0.,0.184721682264148),
(0.986306676702846,0.,0.164921616204149),(0.989415187808288,0.,0.145112322475693),
(0.989406702260566,0.,0.145170167465193),(0.99213128411884,0.,0.125201897240825),
(0.994446755622362,0.,0.105240915200115),(0.994440564007832,0.,0.105299404821609),
(0.996364712460691,0.,0.0851901388842934),(0.997878431990023,0.,0.0651047998931919),
(0.997874579432147,0.,0.0651638221954097),(0.99898365816114,0.,0.0450738363908301),
(0.999686832346514,0.,0.0250247324259748),(0.999685303734905,0.,0.0250857229604934),
(0.999686832346514,0.,0.0250247324259748),(0.61531366289439,0.,-0.788282370889589),
(0.999686832346514,0.,0.0250247324259748),(0.61387466043512,0.,-0.789403509794368),
(0.998980905771827,0.,0.0451347970339984),(0.996359670844808,0.,0.0852490839483096),
(0.992123917020999,0.,0.125260262154082),(0.986297031238134,0.,0.164979290127103),
(0.978898453754994,0.,0.204347295641716),(0.969952585885027,0.,0.243294021987694),
(0.959489068233487,0.,0.281745857006692),(0.947542118493878,0.,0.31963093354701),
(0.934153957038495,0.,0.356870262909816),(0.91937164816983,0.,0.39339010224139),
(0.903251592496184,0.,0.42911136159872),(0.885865107600478,0.,0.463942896417214),
(0.867311465922228,0.,0.497765829562292),(0.847326404106201,0.,0.531072466716602),
(0.825921758339104,0.,0.563784754229876),(0.80414963879554,0.,0.594426915966128),
(0.781605307505417,0.,0.623773310810395),(0.754978291464015,0.,0.655749784154046),
(0.719763921360015,0.,0.69421891180553),(0.711378886081949,0.,0.702808708281852),
(0.740735529369746,0.,0.671796751651362),(0.768750457721823,0.,0.6395488517326),
(0.795355919165521,0.,0.60614269099641),(0.820517409885304,0.,0.571621535699201),
(0.844161104660445,0.,0.536089572159782),(0.866290097154011,0.,0.499541257127871),
(0.886829217187001,0.,0.462097326916627),(0.90574475592601,0.,0.423823591972571),
(0.613874448196737,0.,-0.789403674840162),(0.614594205367503,0.,-0.788843433596707),
(0.60091000492304,0.,-0.799316686916639),(0.587785512516254,0.,-0.80901680531124),
(0.587826599505585,0.,-0.808986952251827),(0.574503890340079,0.,-0.818501850935057),
(0.561069238953155,0.,-0.82776887420374),(0.561111280394435,0.,-0.827740376575963),
(0.561069238953155,0.,-0.82776887420374),(-0.329465869077263,0.,-0.944167485731651),
(0.561069238953155,0.,-0.82776887420374),(-0.332716960889638,0.,-0.94302673553636),
(0.574545473330543,0.,-0.818472662387317),(0.60095061120315,0.,-0.799286158327892),
(-0.332717309535273,0.,-0.943026612527774),(-0.331092254692021,0.,-0.943598388554617),
(-0.351569618183614,0.,-0.936161740069646),(-0.370280407397845,0.,-0.928920028795421),
(-0.370221062892909,0.,-0.928943682141412),(-0.388915362811679,0.,-0.921273488476175),
(-0.407392523150778,0.,-0.913253158812409),(-0.407331861533571,0.,-0.91328021689928),
(-0.425659627352887,0.,-0.904883352505615),(-0.443754875418059,0.,-0.896148207911338),
(-0.443695301300038,0.,-0.896177705371132),(-0.46163455726606,0.,-0.88707019763814),
(-0.479328618953453,0.,-0.877635502388193),(-0.479270168568076,0.,-0.877667423071363),
(-0.496792720310934,0.,-0.867869225774288),(-0.514057918286647,0.,-0.857755476022624),
(-0.514000663374891,0.,-0.857789786632),(-0.531069775066921,0.,-0.847328091125492),
(-0.547870195112694,0.,-0.836563356421484),(-0.547814231167109,0.,-0.836600004859424),
(-0.564406434101707,0.,-0.825497048537786),(-0.580719218728121,0.,-0.814103917813814),
(-0.580664594820997,0.,-0.814142879549633),(-0.596746919055966,0.,-0.802429507556403),
(-0.612539991006361,0.,-0.790439598842269),(-0.61248678200565,0.,-0.790480829538809),
(-0.628031061708518,0.,-0.778188271261699),(-0.643277157405367,0.,-0.765633397103647),
(-0.643225414466377,0.,-0.765676867996257),(-0.658197057214739,0.,-0.75284569061253),
(-0.67286280815168,0.,-0.739767288683567),(-0.672812594707345,0.,-0.739812957715104),
(-0.687188153666094,0.,-0.726479484542396),(-0.701251143620032,0.,-0.712914324145333),
(-0.70120247149469,0.,-0.712962196732575),(-0.71494429833332,0.,-0.699181414427384),
(-0.728368565862586,0.,-0.685185545865702),(-0.728321479702802,0.,-0.685235596129915),
(-0.741385581457821,0.,-0.67107929457438),(-0.754129449083822,0.,-0.656725798202363),
(-0.754083824626833,0.,-0.656778185871127),(-0.766883375796812,0.,-0.641786481570379),
(-0.779341403760988,0.,-0.626599534299102),(-0.779299122165513,0.,-0.626652118956013),
(-0.791384004407333,0.,-0.611319358083984),(-0.803127059864924,0.,-0.595807792591472),
(-0.803078910009193,0.,-0.595872691351472),(-0.813805478824398,0.,-0.581137369849326),
(-0.824215952386768,0.,-0.566275607660415),(-0.824174447418189,0.,-0.566336013531652),
(-0.834750824882156,0.,-0.550627878297639),(-0.844988663837173,0.,-0.534784216284166),
(-0.844951393127234,0.,-0.534843101528239),(-0.85692939346746,0.,-0.515433812056883),
(-0.868427074180268,0.,-0.495816918661213),(-0.868381425969751,0.,-0.495896863299962),
(-0.882552675507948,0.,-0.470213541865568),(-0.895923636471626,0.,-0.444208101694981),
(-0.895907353349998,0.,-0.444240941622226),(-0.896801831720827,0.,-0.442432452044568),
(-0.89767650777814,0.,-0.440655066217607),(-0.897676334326108,0.,-0.440655419563678),
(-0.89300465111909,0.,-0.450047434255183),(-0.892954343203069,0.,-0.450147243637874),
(-0.897627249913105,0.,-0.440755397259563),(-0.878225617064304,0.,-0.478246553079082),
(-0.878193841511797,0.,-0.47830489933802),(-0.888204003515892,0.,-0.459449287885335),
(-0.857008052273755,0.,-0.515303016038083),(-0.856973803724522,0.,-0.515359971020183),
(-0.867783444305465,0.,-0.496942545762931),(-0.834222582686985,0.,-0.551427857960638),
(-0.83418592985128,0.,-0.551483303861645),(-0.845773338354979,0.,-0.533542369571409),
(-0.809915059208337,0.,-0.586547182132482),(-0.809876074506458,0.,-0.586601009155295),
(-0.822218015211475,0.,-0.569172676313352),(-0.784129830049026,0.,-0.620596817287429),
(-0.784088578495952,0.,-0.620648935447566),(-0.797164771185176,0.,-0.603761813616335),
(-0.75691727917675,0.,-0.653510698063671),(-0.756873854651164,0.,-0.653560990379236),
(-0.770654730634572,0.,-0.63725292164929),(-0.728330405034426,0.,-0.685226109472187),
(-0.728284876658002,0.,-0.685274498599823),(-0.742747950999171,0.,-0.669571117422588),
(-0.698407345779551,0.,-0.715700481599086),(-0.698359762966755,0.,-0.71574691160285),
(-0.713489839739347,0.,-0.700665575427194),(-0.667210957130157,0.,-0.74486880635818),
(-0.667161467954555,0.,-0.74491313297372),(-0.682911012625908,0.,-0.7305015734646),
(-0.634797503721573,0.,-0.772678542001044),(-0.634746134448212,0.,-0.772720741796836),
(-0.651107840364188,0.,-0.758985230565315),(-0.601225268278529,0.,-0.799079581007681),
(-0.601172174113729,0.,-0.79911952614823),(-0.618094781401557,0.,-0.786103581727091),
(-0.56656016910904,0.,-0.824020372793741),(-0.566505396910978,0.,-0.824058029067574),
(-0.583975540371248,0.,-0.8117712536473),(-0.530857186807225,0.,-0.847461295408303),
(-0.530800865448977,0.,-0.847496572995205),(-0.548776841166356,0.,-0.835968886143184),
(-0.494195220476716,0.,-0.869350955631826),(-0.494137464092247,0.,-0.86938378555186),
(-0.512582853834647,0.,-0.858637768767906),(-0.456630615085481,0.,-0.889656383873378),
(-0.456571484612122,0.,-0.889686731068348),(-0.475466868735451,0.,-0.879733628284668),
(-0.418227172080207,0.,-0.908342464345796),(-0.418166806235869,0.,-0.90837025609742),
(-0.437467867134948,0.,-0.899234043630689),(-0.379057059183943,0.,-0.925373300826656),
(-0.378995543189773,0.,-0.92539849699591),(-0.398675044858222,0.,-0.91709225741323),
(-0.339185627707801,0.,-0.940719464004262),(-0.339123080896013,0.,-0.940742013521027),
(-0.359143106605679,0.,-0.933282502234785),(-0.298715711388184,0.,-0.954342141880914),
(-0.298652332799309,0.,-0.954361977508288),(-0.318948339748856,0.,-0.947772101600089),
(-0.257712544975162,0.,-0.966221633044109),(-0.257648337967489,0.,-0.966238756179129),
(-0.27822029639031,0.,-0.960517291190787),(-0.21621575581793,0.,-0.976345608345775),
(-0.216150842762144,0.,-0.976359981345618),(-0.236958876536271,0.,-0.971519681133979),
(-0.17432965519012,0.,-0.984687346989538),(-0.174264236831942,0.,-0.984698926454874),
(-0.195244208749512,0.,-0.980754657878196),(-0.132127695425116,0.,-0.991232703305156),
(-0.13206179920357,0.,-0.991241484801315),(-0.15320480945954,0.,-0.988194457765508),
(-0.0896822290853422,0.,-0.995970430176662),(-0.0896160537369039,0.,-0.995976386724416),
(-0.110858565946212,0.,-0.993836192919311),(-0.047074495861982,0.,-0.998891381402072),
(-0.0470080949107516,0.,-0.998894508450648),(-0.0683326633685035,0.,-0.997662591819983),
(-0.0043853332478451,0.,-0.999990384379923),(-0.00431890435524436,0.,-0.999990673489093),
(-0.0256621264235978,0.,-0.999670673405707),(0.0383126595427551,0.,-0.999265800534953),
(0.0383790879767971,0.,-0.999263251403788),(0.0170263307182019,0.,-0.999855041524657),
(0.080947747445879,0.,-0.996718346466763),(0.0810139797964249,0.,-0.996712965240016),
(0.0597143039047158,0.,-0.998215508750077),(0.12342877815754,0.,-0.99235343337066),
(0.123494727549592,0.,-0.992345228369367),(0.102276723251531,0.,-0.994755986099571),
(0.165693930689917,0.,-0.986177226127497),(0.165759490768514,0.,-0.986166208719485),
(0.144656435039153,0.,-0.989481943140835),(0.207644643110186,0.,-0.978204325377701),
(0.207709613113499,0.,-0.978190531859842),(0.186786842189393,0.,-0.98240046599384),
(0.249214438520311,0.,-0.968448327807429),(0.249278814084295,0.,-0.96843175952089),
(0.228537826568369,0.,-0.973535033692885),(0.290348871789082,0.,-0.95692086018166),
(0.290412488094879,0.,-0.956901555416513),(0.269906077232744,0.,-0.962886654530445),
(0.330943864534676,0.,-0.943650442974968),(0.331006560706134,0.,-0.943628452712982),
(0.310786333195861,0.,-0.950479802572717),(0.353303105630294,0.,-0.935508907254222),
(0.353303105617463,0.,-0.935508907259068),(0.351013702198021,0.,-0.936370322505599),
(0.355590395094549,0.,-0.934641894479647),(0.355590395094549,0.,-0.934641894479647),
(0.34015558828148,0.,-0.940369169933213),(0.324628587420932,0.,-0.945841572478759),
(0.324677047494352,0.,-0.945824938786428),(0.309016285247144,0.,-0.951056746704452),
(0.29332025757599,0.,-0.95601423969288),(0.293369230364748,0.,-0.955999212695907),
(0.277543804986421,0.,-0.960712983316901),(0.261692145061277,0.,-0.965151398078678),
(0.261741589059537,0.,-0.9651379904224),(0.286922139848811,0.,-0.957953905814147),
(0.286985816110325,0.,-0.957934831474193),(0.266460762634378,0.,-0.963845766695225),
(0.327570924385553,0.,-0.944826592289397),(0.327633727928534,0.,-0.944804815993045),
(0.307379939231688,0.,-0.951586870946591),(0.367616589373772,0.,-0.929977442316316),
(0.367678388450816,0.,-0.929953010999056),(0.347738026178832,0.,-0.93759173692458),
(0.406986380325262,0.,-0.913434226548218),(0.407047080279368,0.,-0.91340717888357),
(0.387451098942828,0.,-0.921890256987237),(0.445613916753324,0.,-0.895225243832948),
(0.445673406834879,0.,-0.895195629144933),(0.426457460238356,0.,-0.904507619982856),
(0.483437202603913,0.,-0.875379044265113),(0.483495399863245,0.,-0.875346901697311),
(0.464686165692323,0.,-0.885475447098431),(0.46462729625958,0.,-0.885506338526446),
(0.42639735256954,0.,-0.904535957119278),(0.387389836534277,0.,-0.921916001894938),
(0.347675720754558,0.,-0.937614842671445),(0.307316686182484,0.,-0.951607300515195),
(0.266396694761373,0.,-0.963863476338955),(0.264045205172888,0.,-0.964510305608607),
(0.264045205161889,0.,-0.964510305611618),(0.277593030717827,0.,-0.960698760953136),
(0.309065013100974,0.,-0.951040912725049),(0.340203776896502,0.,-0.940351737481967),
(0.351013702225319,0.,-0.936370322495366),(0.310723183097072,0.,-0.950500448966766),
(0.269842064357205,0.,-0.962904595639382),(0.228473113114874,0.,-0.973550222938497),
(0.186721593885831,0.,-0.982412869610702),(0.144590655885552,0.,-0.989491557432698),
(0.102210615006146,0.,-0.994762780857861),(0.0596479730759094,0.,-0.998219474518473),
(0.0169598643104805,0.,-0.999856171157917),(-0.0257285326956493,0.,-0.999668966511079),
(-0.0683989810600572,0.,-0.997658047323804),(-0.110924597735975,0.,-0.993828825108787),
(-0.15327050176486,0.,-0.988184270917499),(-0.19530936372238,0.,-0.980741684870363),
(-0.237023466455816,0.,-0.971503925030295),(-0.278284121881958,0.,-0.960498801409136),
(-0.319011279423712,0.,-0.94775091854371),(-0.359205156165998,0.,-0.933258622132022),
(-0.398736007444564,0.,-0.917065753567959),(-0.437527624576197,0.,-0.899204969810949),
(-0.475525336498978,0.,-0.879702025885773),(-0.512639895135569,0.,-0.85860371412858),
(-0.548832395283235,0.,-0.835932414665006),(-0.584029494778492,0.,-0.811732436969707),
(-0.618147009680398,0.,-0.786062513050446),(-0.651158295446922,0.,-0.758941943939494),
(-0.682959543330071,0.,-0.730456201407299),(-0.713536418961777,0.,-0.700618140512507),
(-0.742792435118791,0.,-0.669521768376725),(-0.770697070687367,0.,-0.637201714713568),
(-0.797204899451096,0.,-0.603708827408684),(-0.822255840822692,0.,-0.569118030142227),
(-0.845808798007864,0.,-0.533486154658668),(-0.867816468179072,0.,-0.496884873544367),
(-0.888234525707898,0.,-0.459390277803596),(-0.896801657409264,0.,-0.442432805370485),
(-0.882535438144506,0.,-0.470245893569614),(-0.856881938273418,0.,-0.515512699999515),
(-0.83471244888227,0.,-0.550686051830773),(-0.813762883102608,0.,-0.581197014862027),
(-0.79133459875666,0.,-0.611383310870224),(-0.766840066747347,0.,-0.641838228863726),
(-0.741338956627825,0.,-0.671130800504617),(-0.714896246530378,0.,-0.6992305461697),
(-0.687138550883279,0.,-0.726526401371642),(-0.658145950779109,0.,-0.752890368827403),
(-0.627978464265513,0.,-0.778230716702141),(-0.596692896129146,0.,-0.802469680242819),
(-0.564351038112835,0.,-0.82553492099424),(-0.531013082512983,0.,-0.847363621003439),
(-0.496734780968964,0.,-0.867902389313289),(-0.461575468309216,0.,-0.887100945245313),
(-0.425599461426551,0.,-0.904911652280724),(-0.388854156425346,0.,-0.921299324340755),
(-0.351509798570745,0.,-0.936184202766076),(0.520364591738215,0.,-0.853944197043999),
(0.520421293690244,0.,-0.853909642218527),(0.502083905616213,0.,-0.864818912675463),
(0.556349118869402,0.,-0.830948649396123),(0.556404381115227,0.,-0.83091164673254),
(0.538521834839439,0.,-0.842611555463823),(0.591335324059107,0.,-0.806425777440126),
(0.591388922263684,0.,-0.806386472247519),(0.574032796641936,0.,-0.818832307850294),
(0.625222102111969,0.,-0.780446873932295),(0.625273941447155,0.,-0.780405342208227),
(0.60847526061613,0.,-0.793572843044754),(0.657965008940617,0.,-0.753048502428478),
(0.658015046719255,0.,-0.753004779726568),(0.641787777511677,0.,-0.766882291252459),
(0.689522255398969,0.,-0.724264495408631),(0.689570407012858,0.,-0.724218650527672),
(0.673942345693612,0.,-0.738783943166737),(0.719824696392274,0.,-0.694155894928344),
(0.719870830487926,0.,-0.694108051684047),(0.704883741528029,0.,-0.709322853804561),
(0.748804926568398,0.,-0.662790451007629),(0.748848962206875,0.,-0.662740697257748),
(0.734529568301476,0.,-0.678576681953371),(0.776418021722824,0.,-0.63021826024324),
(0.776459901845187,0.,-0.630166661151288),(0.762827020430919,0.,-0.646602611269462),
(0.802619189181607,0.,-0.596491774593296),(0.802658831999872,0.,-0.596438428852971),
(0.789738723290244,0.,-0.613443354300864),(0.827354810516735,0.,-0.561679639576527),
(0.827392130272888,0.,-0.561624663598824),(0.815212839566144,0.,-0.579161485430881),
(0.850583461578087,0.,-0.525840065884903),(0.85061841526433,0.,-0.525783521625773),
(0.839194247870864,0.,-0.543831788644664),(0.872260169556701,0.,-0.489042121503777),
(0.872292660662426,0.,-0.488984165545743),(0.861654468366186,0.,-0.507495396180681),
(0.892346636784068,0.,-0.451350728170634),(0.892376641069933,0.,-0.451291403056544),
(0.882533246888347,0.,-0.470250005993314),(0.910803915163696,0.,-0.412839227935625),
(0.910831338886331,0.,-0.412778720505956),(0.901812802689941,0.,-0.432126912960201),
(0.92759746307818,0.,-0.373581244832934),(0.927622288227905,0.,-0.373519598391871),
(0.919434830409866,0.,-0.393242409499765),(0.942703740855982,0.,-0.333631019205555),
(0.94272591522191,0.,-0.333568356966023),(0.935386731808919,0.,-0.353626444084474),
(0.956089682776538,0.,-0.293074254222813),(0.956109155841377,0.,-0.293010720138854),
(0.949635029384856,0.,-0.313358119354236),(0.967731201167202,0.,-0.251984765982955),
(0.967747947055015,0.,-0.251920445718096),(0.962147365376659,0.,-0.272529718193731),
(0.977608022470217,0.,-0.210434204448498),(0.977622004824232,0.,-0.21036923654244),
(0.972907127871542,0.,-0.231196281407698),(0.972891761762017,0.,-0.231260934650881),
(0.962129250076109,0.,-0.272593664908017),(0.949614204635257,0.,-0.313421221928172),
(0.935363224668343,0.,-0.353688617201685),(0.919408695069714,0.,-0.393303510574475),
(0.901784094220353,0.,-0.432186820034089),(0.882501982855539,0.,-0.470308675505824),
(0.861620748029915,0.,-0.507552644131001),(0.839158095162774,0.,-0.543887572318751),
(0.815174355332887,0.,-0.579215651038206),(0.789697951122385,0.,-0.613495840241078),
(0.762784048920009,0.,-0.646653303334327),(0.734484481413159,0.,-0.678625483284589),
(0.704836597169138,0.,-0.709369700009121),(0.673893226723548,0.,-0.738828748070975),
(0.641736818630091,0.,-0.766924934797748),(0.608422547714317,0.,-0.793613258100455),
(0.573978372341618,0.,-0.818870458671008),(0.538465795631707,0.,-0.84264736808152),
(0.502026480454256,0.,-0.864852249186364),(0.985700850581181,0.,-0.168504697749161),
(0.985712045111298,0.,-0.168439200076769),(0.981891088159624,0.,-0.189446274686806),
(0.991996878782446,0.,-0.126262395375205),(0.992005269782142,0.,-0.126196452899676),
(0.989083622554365,0.,-0.147355310710995),(0.996483458625572,0.,-0.0837897170637237),
(0.996489024005913,0.,-0.0837235034846395),(0.99447432805948,0.,-0.104980049679188),
(0.999152197214091,0.,-0.0411690029300432),(0.999154931042804,0.,-0.0411026005606645),
(0.998049421406728,0.,-0.0624287788579609),(0.99999882682708,0.,0.0015317782028686),
(0.999998722810737,0.,0.00159824181348642),(0.999804798069732,0.,-0.0197576758942535),
(0.99902151254652,0.,0.0442268862714075),(0.999018571419464,0.,0.0442932721642077),
(0.999736535658088,0.,0.0229534152222531),(0.996222326239664,0.,0.086839372991931),
(0.996216553017404,0.,0.0869055780380232),(0.997845149479017,0.,0.0656129382149477),
(0.991605908808963,0.,0.12929702864007),(0.991597313517557,0.,0.129362930643847),
(0.994133652945515,0.,0.108158587644287),(0.986986676062466,0.,0.160802056190723),
(0.986986676062466,0.,0.160802056190723),(0.988618749835087,0.,0.15044257201507),
(0.985246050952153,0.,0.171143854938433),(0.985246050952153,0.,0.171143854938433),
(0.985583327688603,0.,0.169190733145348),(0.98558332769175,0.,0.169190733127015),
(0.985246050955426,0.,0.171143854919593),(0.985916732619679,0.,0.167236946697005),
(0.985916732619679,0.,0.167236946697005),(0.990384871939425,0.,0.138339457254714),
(0.994006203309332,0.,0.10932368353914),(0.993981559887705,0.,0.109547517558385),
(0.996234991301498,0.,0.0866939565742827),(0.997948654035959,0.,0.0640194025887352),
(0.997945171543899,0.,0.0640736653565141),(0.998978822237434,0.,0.0451808888924136),
(0.999653403083163,0.,0.0263262930214357),(0.999652099740365,0.,0.0263757366660876),
(0.999966456071308,0.,0.00819064907012071),(0.999950520511678,0.,-0.00994768960228247),
(0.999950952149084,0.,-0.00990420598231627),(0.999567774858787,0.,-0.0293983581829623),
(0.998806717789892,0.,-0.0488379002188198),(0.998808931650631,0.,-0.0487926024610822),
(0.997654236928039,0.,-0.0684545362962384),(0.996116521237402,0.,-0.0880447392971106),
(0.996121397651891,0.,-0.0879895513117501),(0.994243846320521,0.,-0.107140907471315),
(0.992005120099906,0.,-0.126197629516449),(0.992011598079959,0.,-0.126146697439313),
(0.989370827080394,0.,-0.145414464625281),(0.986364306783024,0.,-0.164576590997764),
(0.986373030124871,0.,-0.164524300461303),(0.982960927428578,0.,-0.183814621694659),
(0.979182366813475,0.,-0.20298249314057),(0.97919335696357,0.,-0.202929469714025),
(0.975004310899347,0.,-0.222185944037173),(0.970449680359893,0.,-0.24130358034928),
(0.970462974486472,0.,-0.241250109120946),(0.965495212609402,0.,-0.260420802602874),
(0.960164187304015,0.,-0.279436456853467),(0.960179804498879,0.,-0.279382789435023),
(0.954434725073087,0.,-0.298419764048329),(0.948329986085581,0.,-0.317285734773756),
(0.948347931968154,0.,-0.317232091585522),(0.9418297266724,0.,-0.336090413365501),
(0.934956625775164,0.,-0.354762044079013),(0.93497689515613,0.,-0.354708620594711),
(0.92769124646849,0.,-0.373348297472669),(0.920056428454117,0.,-0.3917858706746),
(0.920079009955971,0.,-0.391732836814123),(0.912033970051121,0.,-0.410114663810978),
(0.903646420349618,0.,-0.428279286201565),(0.903671293562114,0.,-0.428226801113353),
(0.894877094178411,0.,-0.446312655337941),(0.885747934810181,0.,-0.464166560600287),
(0.885775071607814,0.,-0.464114773001433),(0.876243601922127,0.,-0.481868394990309),
(0.866385540632776,0.,-0.499375705238504),(0.866414906262625,0.,-0.499324754249103),
(0.856150551339843,0.,-0.516726459009487),(0.845568133018367,0.,-0.533867523290033),
(0.845599712457473,0.,-0.53381750279645),(0.834687591042079,0.,-0.550723728706483),
(0.823471072406369,0.,-0.567358257990403),(0.823505687518161,0.,-0.567308013891255),
(0.823471072406369,0.,-0.567358257990403),(0.034458095300599,0.,-0.999406143501268),
(0.823471072406369,0.,-0.567358257990403),(0.0326349309560011,0.,-0.999467338776759),
(0.834721198389617,0.,-0.55067278937587),(0.856181123175361,0.,-0.516675801947582),
(0.876271943561707,0.,-0.481816854132968),(0.894903191943349,0.,-0.446260324305898),
(0.912057792378147,0.,-0.410061682387299),(0.927712768681799,0.,-0.373294814891329),
(0.941848932044175,0.,-0.336036589090009),(0.954451606127424,0.,-0.298365768078011),
(0.965509768795117,0.,-0.260366830378218),(0.975016553071346,0.,-0.222132215666415),
(0.98297088066184,0.,-0.183761388139312),(0.989378535287241,0.,-0.14536200986803),
(0.994249346327987,0.,-0.107089856318747),(0.997658028249173,0.,-0.0683992592794139),
(0.999569107184444,0.,-0.0293530230554456),(0.999966098932236,0.,0.00823413542789966),
(0.998976586249954,0.,0.0452303009539958),(0.99623027575159,0.,0.086748127794843),
(0.990353693912349,0.,0.138562480326262),(0.988618749835087,0.,0.15044257201507),
(0.994140838845223,0.,0.108092518428041),(0.99784950758141,0.,0.0655466263017191),
(0.999738058698158,0.,0.0228869829911757),(0.999803482719502,0.,-0.019824125250691),
(0.998045270354516,0.,-0.062495106392265),(0.994467350387078,0.,-0.10504612803005),
(0.989073825238382,0.,-0.147421057614964),(0.981878498020909,0.,-0.189511517128126),
(0.0326346622399156,0.,-0.999467347550928),(0.0335462585566195,0.,-0.999437165877279),
(0.0163195044200912,0.,-0.999866828020353),(0.,0.,-1.),(5.07873373629176E-5,
0.,-0.999999998710323),(-0.0163195044212498,0.,-0.999866828020334),(-0.0326346622392051,
0.,-0.999467347550951),(-0.032583901904709,0.,-0.999469003689791),(-0.0326346622392051,
0.,-0.999467347550951),(-0.821511187463768,0.,-0.570192396364186),(-0.0326346622392051,
0.,-0.999467347550951),(-0.823470862648955,0.,-0.56735856243489),(-0.01626870886895,
0.,-0.999867655798375),(0.0163702999224866,0.,-0.99986599766191),(-0.823471072407938,
0.,-0.567358257988126),(-0.822492455541399,0.,-0.568776019692635),(-0.83468759104274,
0.,-0.55072372870548),(-0.845568133018367,0.,-0.533867523290033),(-0.845534026046685,
0.,-0.533921539926312),(-0.856150551340447,0.,-0.516726459008485),(-0.866385540632933,
0.,-0.499375705238231),(-0.866352366066111,0.,-0.499433256613584),(-0.876243601921169,
0.,-0.481868394992052),(-0.885747934810452,0.,-0.46416656059977),(-0.885717078336351,
0.,-0.464225437846008),(-0.894877094178877,0.,-0.446312655337007),(-0.903646420349838,
0.,-0.4282792862011),(-0.903617895353841,0.,-0.42833946724099),(-0.912033970052113,
0.,-0.410114663808771),(-0.920056428454117,0.,-0.3917858706746),(-0.920030277576297,
0.,-0.391847276809322),(-0.927691246468431,0.,-0.373348297472814),(-0.93495662577528,
0.,-0.354762044078707),(-0.93493288851773,0.,-0.354824596058241),(-0.941829726671937,
0.,-0.336090413366798),(-0.948329986085581,0.,-0.317285734773757),(-0.948308696626341,
0.,-0.317349359386231),(-0.954434725073026,0.,-0.298419764048524),(-0.960164187303951,
0.,-0.279436456853687),(-0.960145374763862,0.,-0.279501090014982),(-0.965495212609337,
0.,-0.260420802603116),(-0.97044968035984,0.,-0.241303580349491),(-0.970433372129401,
0.,-0.241369157635268),(-0.975004310899563,0.,-0.222185944036225),(-0.9791823668135,
0.,-0.20298249314045),(-0.979168585233442,0.,-0.203048963779526),(-0.98296092742877,
0.,-0.183814621693632),(-0.986364306783001,0.,-0.1645765909979),(-0.986353070232758,
0.,-0.164643921364904),(-0.989370827079996,0.,-0.14541446462799),(-0.992005120099906,
0.,-0.126197629516449),(-0.991996444291716,0.,-0.126265808961068),(-0.994243846320759,
0.,-0.1071409074691),(-0.996116521237386,0.,-0.0880447392972954),(-0.996110404436929,
0.,-0.0881139158844806),(-0.997654236927974,0.,-0.068454536297181),(-0.998806717789892,
0.,-0.0488379002188198),(-0.99880341897325,0.,-0.048905319213224),(-0.99956777485882,
0.,-0.0293983581818404),(-0.999950520511703,0.,-0.00994768959985167),(-0.999949713420368,
0.,-0.0100284909394943),(-0.999966456071295,0.,0.00819064907161302),(-0.999653403083163,
0.,0.0263262930214357),(-0.999655329209502,0.,0.0262530528328194),(-0.998978822237394,
0.,0.0451808888933006),(-0.997948654035688,0.,0.0640194025929606),(-0.997953113652545,
0.,0.0639498471553365),(-0.996234991301118,0.,0.0866939565786535),(-0.994006203308845,
0.,0.109323683543573),(-0.994016264373594,0.,0.109232166328267),(-0.990384871939126,
0.,0.138339457256852),(-0.985916732619622,0.,0.16723694669734),(-0.985922861641807,
0.,0.167200810081862),(-0.985583327688467,0.,0.169190733146139),(-0.985246050952159,
0.,0.171143854938402),(-0.985246118355654,0.,0.171143466907492),(-0.986986676063393,
0.,0.160802056185034),(-0.987004638110229,0.,0.160691768142915),(-0.985265168504846,
0.,0.171033761962713),(-0.991605908809728,0.,0.1292970286342),(-0.991614499702518,
0.,0.129231126203111),(-0.98862874587002,0.,0.150376869363183),(-0.99622232623967,
0.,0.0868393729918692),(-0.996228095362818,0.,0.0867731641106412),(-0.99414802030918,
0.,0.108026449147134),(-0.999021512546317,0.,0.0442268862759905),(-0.999024449084902,
0.,0.0441605041933249),(-0.997853860668692,0.,0.0654803233695987),(-0.999998826827083,
0.,0.0015317782011133),(-0.999998926427319,0.,0.00146531368995302),(-0.999739577633727,
0.,0.022820537082573),(-0.999152197214175,0.,-0.0411690029280105),(-0.999149459026782,
0.,-0.0412354037992742),(-0.999802163080007,0.,-0.0198905681301132),(-0.996483458625302,
0.,-0.0837897170669252),(-0.996477888582811,0.,-0.0838559333949736),(-0.998041115421814,
0.,-0.0625614252361691),(-0.991996878783027,0.,-0.126262395370642),(-0.991988483723892,
0.,-0.126328334743923),(-0.994460365741666,0.,-0.105112230349049),(-0.985700850580599,
0.,-0.168504697752566),(-0.985689651371314,0.,-0.168570196593284),(-0.989064027210644,
0.,-0.147486779332464),(-0.97760802246912,0.,-0.210434204453591),(-0.977594035751748,
0.,-0.210499171643525),(-0.98186590197578,0.,-0.189576766871069),(-0.967731201166051,
0.,-0.251984765987376),(-0.967714451305444,0.,-0.2520490839789),(-0.972876389567212,
0.,-0.231325594396006),(-0.956089682775942,0.,-0.29307425422476),(-0.956070205752046,
0.,-0.293137786157365),(-0.962111134342328,0.,-0.272657596949945),(-0.942703740859016,
0.,-0.333631019196982),(-0.942681562451547,0.,-0.333693679613369),(-0.949593369966586,
0.,-0.313484340462968),(-0.92759746307533,0.,-0.373581244840011),(-0.927572633563336,
0.,-0.373642890290149),(-0.93533971762773,0.,-0.353750777565334),(-0.910803915165281,
0.,-0.412839227932128),(-0.91077648650961,0.,-0.412899735554783),(-0.919382564755418,
0.,-0.393364588675378),(-0.892346636782128,0.,-0.45135072817447),(-0.89231663011234,
0.,-0.451410048210002),(-0.901755362068495,0.,-0.432246766304524),(-0.872260169559271,
0.,-0.489042121499193),(-0.872227672801338,0.,-0.489100078511098),(-0.882470731458406,
0.,-0.470367311916193),(-0.850583461574952,0.,-0.525840065889974),(-0.850548505618343,
0.,-0.525896605418216),(-0.861587008332685,0.,-0.507609916247047),(-0.827354810506895,
0.,-0.561679639591022),(-0.827317486612526,0.,-0.561734613803648),(-0.839121954184639,
0.,-0.543943329773748),(-0.802619189179591,0.,-0.596491774596009),(-0.802579542773875,
0.,-0.596545117757976),(-0.815135857885026,0.,-0.579269827619256),(-0.776418021719831,
0.,-0.630218260246928),(-0.776376138746907,0.,-0.63026985584307),(-0.789657180218214,
0.,-0.613548317355544),(-0.748804926569868,0.,-0.662790451005968),(-0.748760886559066,
0.,-0.66284020303485),(-0.76274108194756,0.,-0.646703983217566),(-0.719824696381944,
0.,-0.694155894939056),(-0.71977855852738,0.,-0.694203735717582),(-0.734439376622705,
0.,-0.67867429748448),(-0.689522255411269,0.,-0.724264495396921),(-0.689474103169157,
0.,-0.724310334773077),(-0.704789436081133,0.,-0.709416556607215),(-0.657965008935217,
0.,-0.753048502433196),(-0.657914967569323,0.,-0.7530922224059),(-0.673844131191999,
0.,-0.738873525617273),(-0.625222102105133,0.,-0.78044687393777),(-0.625170258716629,
0.,-0.780488403255412),(-0.641685874419346,0.,-0.766967560311829),(-0.591335324063091,
0.,-0.806425777437204),(-0.591281722984442,0.,-0.806465079259201),(-0.608369799244351,
0.,-0.793653694861549),(-0.556349118876323,0.,-0.830948649391489),(-0.556293856736774,
0.,-0.830985646661196),(-0.573923914492209,0.,-0.818908627609906),(-0.520364591740115,
0.,-0.853944197042841),(-0.520307884958537,0.,-0.853978749647773),(-0.538409840082288,
0.,-0.842683121999346),(-0.483437202603677,0.,-0.875379044265244),(-0.483379003816812,
0.,-0.875411182627379),(-0.501968982619697,0.,-0.864885622777802),(-0.445613916746518,
0.,-0.895225243836336),(-0.445554425236365,0.,-0.895254854302557),(-0.464568451721329,
0.,-0.885537211903174),(-0.406986380318502,0.,-0.91343422655123),(-0.406925678696598,
0.,-0.913461270124417),(-0.426337243411274,0.,-0.904564290075878),(-0.367616589362466,
0.,-0.929977442320784),(-0.367554787726153,0.,-0.930001869901121),(-0.387328571775648,
0.,-0.921941743000194),(-0.327570924395916,0.,-0.944826592285804),(-0.327508120080734,
0.,-0.944848364173418),(-0.347613397015316,0.,-0.937637950498737),(-0.286922139832217,
0.,-0.957953905819117),(-0.286858462415967,0.,-0.957972975892508),(-0.307253431830619,
0.,-0.951627725861488),(-0.264045205172956,0.,-0.964510305608588),(-0.264045205172956,
0.,-0.964510305608588),(-0.266396694775181,0.,-0.963863476335139),(-0.261692145060872,
0.,-0.965151398078788),(-0.261692145060872,0.,-0.965151398078788),(-0.277543804985518,
0.,-0.960712983317162),(-0.293320257576345,0.,-0.956014239692771),(-0.293271281033937,
0.,-0.956029265096374),(-0.309016285247096,0.,-0.951056746704467),(-0.324628587420932,
0.,-0.945841572478758),(-0.324580134767169,0.,-0.945858200849645),(-0.340155588283257,
0.,-0.94036916993257),(-0.355590395092588,0.,-0.934641894480392),(-0.355542508040483,
0.,-0.93466011200665),(-0.330943864523469,0.,-0.943650442978899),(-0.33088116605502,
0.,-0.943672429368407),(-0.350951488640733,0.,-0.936393641916077),(-0.290348871796928,
0.,-0.956920860179279),(-0.290285255383177,0.,-0.95694016035859),(-0.3106599947278,
0.,-0.950521103224817),(-0.249214438496664,0.,-0.968448327813515),(-0.249150063113647,
0.,-0.968464891490892),(-0.269778058680032,0.,-0.962922530141877),(-0.207644643081026,
0.,-0.978204325383891),(-0.207579671451916,0.,-0.978218114737155),(-0.228408451815068,
0.,-0.973565395409802),(-0.165693930690057,0.,-0.986177226127474),(-0.165628368292257,
0.,-0.986188239443589),(-0.186656282996892,0.,-0.982425280628397),(-0.12342877815815,
0.,-0.992353433370584),(-0.123362829787357,0.,-0.992361633794281),(-0.144524898964178,
0.,-0.989501164011137),(-0.14459065588574,0.,-0.98949155743267),(-0.186721593882928,
0.,-0.982412869611254),(-0.228473113079579,0.,-0.973550222946781),(-0.269842064356863,
0.,-0.962904595639478),(-0.310723183102549,0.,-0.950500448964975),(-0.351013702198107,
0.,-0.936370322505566),(-0.353303105630446,0.,-0.935508907254165),(-0.353303105615543,
0.,-0.935508907259794),(-0.340107398870627,0.,-0.940386599879782),(-0.308967556417396,
0.,-0.951072578240727),(-0.277494578617407,0.,-0.960727203132059),(-0.266396694763814,
0.,-0.963863476338281),(-0.307316686184863,0.,-0.951607300514427),(-0.347675720754773,
0.,-0.937614842671365),(-0.38738983651218,0.,-0.921916001904223),(-0.42639735256954,
0.,-0.904535957119278),(-0.46462729626164,0.,-0.885506338525365),(-0.502026480456222,
0.,-0.864852249185223),(-0.538465795633275,0.,-0.842647368080518),(-0.573978372341618,
0.,-0.818870458671008),(-0.608422547714634,0.,-0.793613258100212),(-0.641736818630414,
0.,-0.766924934797478),(-0.673893226720605,0.,-0.73882874807366),(-0.704836597169795,
0.,-0.709369700008468),(-0.734484481413159,0.,-0.67862548328459),(-0.762784048920009,
0.,-0.646653303334327),(-0.78969795111119,0.,-0.61349584025549),(-0.815174355332577,
0.,-0.579215651038642),(-0.839158095154224,0.,-0.543887572331942),(-0.861620748029628,
0.,-0.507552644131488),(-0.882501982855811,0.,-0.470308675505312),(-0.901784094220118,
0.,-0.432186820034578),(-0.919408695069714,0.,-0.393303510574475),(-0.93536322466856,
0.,-0.35368861720111),(-0.949614204635452,0.,-0.31342122192758),(-0.962129250076109,
0.,-0.272593664908017),(-0.972891761760042,0.,-0.231260934659188),(-0.981878498021003,
0.,-0.189511517127637),(-0.989073825238325,0.,-0.147421057615347),(-0.994467350386922,
0.,-0.105046128031523),(-0.998045270354639,0.,-0.0624951063902997),(-0.9998034827195,
0.,-0.0198241252507951),(-0.999738058698161,0.,0.0228869829910555),(-0.997849507581367,
0.,0.0655466263023731),(-0.994140838845223,0.,0.108092518428041),(-0.988618749835941,
0.,0.150442572009459),(-0.985583394384347,0.,0.169190344623533),(-0.990389942085422,
0.,0.13830315475807),(-0.996242969057549,0.,0.086602232092472),(-0.998981968936697,
0.,0.0451112595630069),(-0.999967053501293,0.,0.00811738331867742),(-0.999565395937288,
0.,-0.0294791323605743),(-0.997649613704756,0.,-0.0685218817221998),(-0.994236402841591,
0.,-0.107209958794013),(-0.989360829706032,0.,-0.145482468508726),(-0.98294837650428,
0.,-0.183881725920768),(-0.974989224144345,0.,-0.222252137902895),(-0.965477610513674,
0.,-0.260486052595539),(-0.95441463212146,0.,-0.298484019660114),(-0.941807172453772,
0.,-0.336153610592882),(-0.927666261964675,0.,-0.373410372663221),(-0.912006591439714,
0.,-0.410175544335001),(-0.894847363028287,0.,-0.446372262670208),(-0.876211562830557,
0.,-0.481926651226131),(-0.856116217440191,0.,-0.516783341678018),(-0.834652399901455,
0.,-0.550777061376689),(-0.0809477474506137,0.,-0.996718346466378),(-0.0808815137453816,
0.,-0.996723723372859),(-0.1021445125222,0.,-0.994769570584868),(-0.0383126595449615,
0.,-0.999265800534869),(-0.0382462314722267,0.,-0.999268345229735),(-0.0595816158323321,
0.,-0.99822343744014),(0.00438533324808211,0.,-0.999990384379921),(0.00445176183258068,
0.,-0.999990090859198),(-0.0168934459134612,0.,-0.999857295560306),(0.0470744958576783,
0.,-0.998891381402275),(0.0471408964966596,0.,-0.998888249944653),(0.0257949837473227,
0.,-0.999667254046803),(0.0896822290858379,0.,-0.995970430176617),(0.0897484046040932,
0.,-0.995964469181014),(0.0684652674403679,0.,-0.997653500547319),(0.132127695422968,
0.,-0.991232703305443),(0.132193590681237,0.,-0.991223917479195),(0.110990664312744,
0.,-0.993821448971301),(0.174329655185746,0.,-0.984687346990312),(0.174395072780862,
0.,-0.984675763177787),(0.153336150417576,0.,-0.988174086370979),(0.216215755818855,
0.,-0.97634560834557),(0.216280667922229,0.,-0.976331231029262),(0.195374566851975,
0.,-0.98072869776886),(0.25771254498862,0.,-0.96622163304052),(0.257776751913602,
0.,-0.966204505357366),(0.237088023177529,0.,-0.97148817247858),(0.298715711405401,
0.,-0.954342141875525),(0.298779086389323,0.,-0.954322302755396),(0.278347904510957,
0.,-0.960480319451866),(0.339185627699613,0.,-0.940719464007214),(0.339248174749917,
0.,-0.940696909705166),(0.319074292775613,0.,-0.947729706028962),(0.379057059200911,
0.,-0.925373300819705),(0.379118573496952,0.,-0.92534810057061),(0.359267193475714,
0.,-0.933234742008721),(0.418227172065686,0.,-0.908342464352481),(0.418287535902336,
0.,-0.908314668663207),(0.398796949813737,0.,-0.917039253695969),(0.456630615096578,
0.,-0.889656383867682),(0.456689743434916,0.,-0.889626032803307),(0.437587386409933,
0.,-0.89917588894216),(0.494195220478425,0.,-0.869350955630855),(0.494252974331593,
0.,-0.869318122072912),(0.475583776903156,0.,-0.879670433256984),(0.530857186796889,
0.,-0.847461295414777),(0.53091350595132,0.,-0.847426013996784),(0.512696953686104,
0.,-0.858569644048162),(0.566560169103481,0.,-0.824020372797563),(0.566614939473246,
0.,-0.823982712419217),(0.548887956361742,0.,-0.835895933332033),(0.601225268278161,
0.,-0.799079581007958),(0.601278356772919,0.,-0.799039634609234),(0.58408342287948,
0.,-0.81169363377902),(0.6347975037077,0.,-0.772678542012441),(0.634848874151676,
0.,-0.772636335534609),(0.618199268947901,0.,-0.786021414385308),(0.667210957135503,
0.,-0.744868806353392),(0.667260441761069,0.,-0.744824477887793),(0.651208714074862,
0.,-0.758898682771926),(0.651158295445409,0.,-0.758941943940792),(0.61814700967976,
0.,-0.786062513050947),(0.584029494776761,0.,-0.811732436970953),(0.548832395269975,
0.,-0.835932414673712),(0.512639895136147,0.,-0.858603714128235),(0.475525336501011,
0.,-0.879702025884674),(0.437527624578321,0.,-0.899204969809916),(0.398736007448983,
0.,-0.917065753566038),(0.359205156168727,0.,-0.933258622130972),(0.319011279426072,
0.,-0.947750918542916),(0.278284121900896,0.,-0.960498801403649),(0.237023466455513,
0.,-0.971503925030369),(0.195309363724656,0.,-0.98074168486991),(0.15327050176486,
0.,-0.988184270917499),(0.11092459773612,0.,-0.993828825108771),(0.0683989810601468,
0.,-0.997658047323798),(0.0257285326930237,0.,-0.999668966511146),(-0.0169598643129958,
0.,-0.999856171157875),(-0.0596479730783706,0.,-0.998219474518325),(-0.102210615006146,
0.,-0.994762780857861),(0.698407345786073,0.,-0.715700481592721),(0.698454926159741,
0.,-0.715654047793479),(0.683008103784664,0.,-0.73041079548736),(0.72833040503225,
0.,-0.685226109474499),(0.728375929029689,0.,-0.685177718559308),(0.713582964693425,
0.,-0.700570733401948),(0.756917279174166,0.,-0.653510698066663),(0.756960701171481,
0.,-0.653460401923468),(0.742836920145134,0.,-0.669472411731277),(0.784129830041477,
0.,-0.620596817296967),(0.784171077789866,0.,-0.620544696825201),(0.77073942130154,
0.,-0.637150488073083),(0.809915059211977,0.,-0.586547182127457),(0.809954039594119,
0.,-0.586493353538783),(0.797245019638362,0.,-0.603655844552032),(0.834222582689888,
0.,-0.551427857956245),(0.834259232786888,0.,-0.55137240818691),(0.822293666016588,
0.,-0.569063376812284),(0.857008052273351,0.,-0.515303016038756),(0.857042297359821,
0.,-0.515246058244215),(0.845844250863735,0.,-0.533429942242434),(0.878225617055055,
0.,-0.478246553096066),(0.878257387854072,0.,-0.478188206336942),(0.867849476589449,
0.,-0.496827219446982),(0.893004651118822,0.,-0.450047434255714),(0.893004651118822,
0.,-0.450047434255714),(0.888234525707344,0.,-0.459390277804668),(0.89767650777814,
0.,-0.440655066217607),(0.89767650777814,0.,-0.440655066217607),(0.896801831722731,
0.,-0.442432452040709),(0.896801831722731,0.,-0.442432452040709),(0.89767650777814,
0.,-0.440655066217607),(0.895923636471628,0.,-0.444208101694975),(0.895923636471628,
0.,-0.444208101694975),(0.882552675502717,0.,-0.470213541875386),(0.868427074181219,
0.,-0.495816918659546),(0.86853870069802,0.,-0.495621352838834),(0.856929393473075,
0.,-0.51543381204755),(0.84498866383794,0.,-0.534784216282954),(0.845017741139547,
0.,-0.534738269772622),(0.83475082487949,0.,-0.550627878301681),(0.824215952382853,
0.,-0.566275607666114),(0.824243954377751,0.,-0.566234848514049),(0.813805478824308,
0.,-0.581137369849452),(0.803127059860765,0.,-0.595807792597078),(0.803152979042118,
0.,-0.595772852902657),(0.791384004403292,0.,-0.611319358089215),(0.779341403760988,
0.,-0.626599534299103),(0.779369821240972,0.,-0.626564188043663),(0.766883375799191,
0.,-0.641786481567536),(0.754129449084192,0.,-0.656725798201939),(0.754165818018161,
0.,-0.656684032798878),(0.741385581452466,0.,-0.671079294580297),(0.728368565857301,
0.,-0.68518554587132),(0.728403756813205,0.,-0.685148135121456),(0.714944298330955,
0.,-0.699181414429802),(0.701251143620032,0.,-0.712914324145333),(0.701288929625369,
0.,-0.712877154343512),(0.687188153666864,0.,-0.726479484541667),(0.672862808150882,
0.,-0.739767288684292),(0.672902871164597,0.,-0.739730846983173),(0.658197057212684,
0.,-0.752845690614327),(0.643277157405145,0.,-0.765633397103833),(0.643319336824003,
0.,-0.76559795641598),(0.628031061710976,0.,-0.778188271259715),(0.612539991006675,
0.,-0.790439598842026),(0.612584173127717,0.,-0.790405358555616),(0.596746919055199,
0.,-0.802429507556974),(0.580719218727623,0.,-0.814103917814169),(0.580765267292588,
0.,-0.81407106833898),(0.564406434098767,0.,-0.825497048539796),(0.547870195112693,
0.,-0.836563356421484),(0.547917997523873,0.,-0.836532048393502),(0.531069775068123,
0.,-0.847328091124739),(0.514057918286648,0.,-0.857755476022624),(0.51410735329446,
0.,-0.857725847394472),(0.496792720312152,0.,-0.867869225773591),(0.479328618953453,
0.,-0.877635502388193),(0.479379596398735,0.,-0.877607658670197),(0.461634557264969,
0.,-0.887070197638708),(0.443754875418059,0.,-0.896148207911338),(0.443807268534108,
0.,-0.89612226196892),(0.425659627354662,0.,-0.90488335250478),(0.40739252315186,
0.,-0.913253158811926),(0.407446232677897,0.,-0.91322919766978),(0.388915362812383,
0.,-0.921273488475877),(0.370280407397931,0.,-0.928920028795387),(0.370335351790914,
0.,-0.928898125315096),(0.351569618182767,0.,-0.936161740069965),(0.332717309535349,
0.,-0.943026612527748),(0.332774847896228,0.,-0.943006309951128),(0.332717309535349,
0.,-0.943026612527748),(-0.559558074997894,0.,-0.828791144200077),(0.332717309535349,
0.,-0.943026612527748),(-0.561069016402034,0.,-0.827769025050862),(0.351626749874737,
0.,-0.936140282635316),(0.388969866282829,0.,-0.921250477950442),(0.425712855106476,
0.,-0.9048583121114),(0.461686429225497,0.,-0.887043201354371),(0.496843139208061,
0.,-0.867840362636976),(0.531118616993238,0.,-0.847297477090065),(0.564453611227368,
0.,-0.825464790752691),(0.596792313537185,0.,-0.80239574681259),(0.628074564529179,
0.,-0.778153160625517),(0.658238536905943,0.,-0.752809423779966),(0.687227501121532,
0.,-0.726442263158095),(0.714981359863779,0.,-0.699143515343839),(0.741420050684603,
0.,-0.671041212179134),(0.766918919845499,0.,-0.641744006892945),(0.791411730627575,
0.,-0.611283463398992),(0.8138307609708,0.,-0.581101963942378),(0.834778054055866,
0.,-0.550586596700921),(0.856957419447912,0.,-0.515387214871669),(0.882658538773185,
0.,-0.470014791182986),(0.888234525707344,0.,-0.459390277804668),(0.867816468166043,
0.,-0.496884873567122),(0.845808798008457,0.,-0.533486154657728),(0.822255840822077,
0.,-0.569118030143115),(0.797204899452053,0.,-0.60370882740742),(0.770697070688434,
0.,-0.637201714712278),(0.742792435117613,0.,-0.669521768378031),(0.713536418961144,
0.,-0.700618140513152),(0.682959543330727,0.,-0.730456201406686),(-0.561069238955585,
0.,-0.827768874202093),(-0.560314001307108,0.,-0.828280278612967),(-0.574503890341647,
0.,-0.818501850933956),(-0.587785512516021,0.,-0.809016805311409),(-0.587744422240469,
0.,-0.809046657570017),(-0.600910004923304,0.,-0.79931668691644),(-0.613874448196737,
0.,-0.789403674840162),(-0.613834355533907,0.,-0.789434850995491),(-0.613874448196737,
0.,-0.789403674840162),(-0.999767127594062,0.,0.0215798651984504),(-0.613874448196737,
0.,-0.789403674840162),(-0.999686841598379,0.,0.0250243628301893),(-0.60086939686883,
0.,-0.799347213610261),(-0.574462306103293,0.,-0.818531037204141),(-0.999686832346514,
0.,0.0250247324259749),(-0.999728459466521,0.,0.0233025177312171),(-0.998983658161147,
0.,0.0450738363906704),(-0.997878431989994,0.,0.0651047998936348),(-0.997882588755436,
0.,0.0650410567161251),(-0.996364712460443,0.,0.0851901388871901),(-0.994446755622058,
0.,0.105240915202991),(-0.99445374365955,0.,0.105174862593237),(-0.992131284118823,
0.,0.125201897240956),(-0.989415187808317,0.,0.145112322475499),(-0.989424832974666,
0.,0.145046543885242),(-0.98630667670267,0.,0.164921616205196),(-0.982801600325491,
0.,0.184664599741404),(-0.982813896203178,0.,0.184599147966421),(-0.978910323014814,
0.,0.204290429279083),(-0.974627172999112,0.,0.223834478246222),(-0.974642110250744,
0.,0.223769428041404),(-0.969966610034471,0.,0.243238104371492),(-0.964919785458651,
0.,0.262544867842489),(-0.964937348509188,0.,0.262480310598829),(-0.959505168426925,
0.,0.281691021798741),(-0.953710689737641,0.,0.300725656172122),(-0.953730864419942,
0.,0.300661667415036),(-0.947560200060661,0.,0.319577325949449),(-0.941037116469761,
0.,0.338303333454279),(-0.941059887928743,0.,0.338239984820751),(-0.934173901768745,
0.,0.35681805062827),(-0.926946454094463,0.,0.375193644991092),(-0.92697180193771,
0.,0.375131014996567),(-0.919393327279386,0.,0.393339433255986),(-0.911485021026402,
0.,0.411333266882829),(-0.911512945232318,0.,0.411271383242143),(-0.903274831685819,
0.,0.429062441193534),(-0.894719834493636,0.,0.446627829141535),(-0.894750321573046,
0.,0.446566749820148),(-0.885889701322763,0.,0.463895933470284),(-0.876726333051381,
0.,0.480989539318975),(-0.876759386305997,0.,0.4809292864074),(-0.867337021600555,
0.,0.497721298480463),(-0.857628433909358,0.,0.514269840988349),(-0.8576641427384,
0.,0.514210286031703),(-0.847355832621681,0.,0.531025510613207),(-0.836755915734852,
0.,0.547576056345353),(-0.836792882281905,0.,0.54751956326906),(-0.825947323041315,
0.,0.563747301156187),(-0.814826245707259,0.,0.579705260720147),(-0.814873077669875,
0.,0.579639428687202),(-0.804175494695165,0.,0.594391936126144),(-0.793260059823959,
0.,0.608882975199741),(-0.793304675525306,0.,0.608824844918216),(-0.781636146926219,
0.,0.623734666198965),(-0.76973421537671,0.,0.638364502207321),(-0.769778692424701,
0.,0.638310868377563),(-0.75501396421008,0.,0.655708711126961),(-0.739902987746133,
0.,0.67271358595196),(-0.739964943366818,0.,0.672645436012274),(-0.719920214662019,
0.,0.69405683090147),(-0.699322021143638,0.,0.714806764617947),(-0.699348218147092,
0.,0.714781134176391),(-0.697904935639424,0.,0.716190408208691),(-0.696485112535842,
0.,0.71757124246721),(-0.696485394933731,0.,0.717570968367592),(-0.703970697363013,
0.,0.710229017468473),(-0.704050040172493,0.,0.71015036501653),(-0.696565275197561,
0.,0.717493426721769),(-0.726222764901195,0.,0.687459450250896),(-0.726268447064597,
0.,0.687411189026174),(-0.711425587365811,0.,0.702761434372441),(-0.754915205879492,
0.,0.655822408836358),(-0.754958798322676,0.,0.655772226337149),(-0.740780182810024,
0.,0.671747512653339),(-0.78223154017561,0.,0.622987814932598),(-0.782272939450861,
0.,0.622935829923845),(-0.768792956751458,0.,0.63949776359996),(-0.808121019040802,
0.,0.589016484136443),(-0.808160172191124,0.,0.588962762901028),(-0.795396210010478,
0.,0.606089819334533),(-0.832528839922357,0.,0.55398170610367),(-0.832565631212809,
0.,0.553926411830324),(-0.820555372007206,0.,0.571567040223731),(-0.855420816486174,
0.,0.517933612272971),(-0.855455249832515,0.,0.517876737780322),(-0.844196744434212,
0.,0.536033447358165),(-0.876759570556248,0.,0.480928950509349),(-0.87679153057191,
0.,0.480870681074826),(-0.86632329349039,0.,0.499483684574345),(-0.896491261519246,
0.,0.443061415629516),(-0.896520693777642,0.,0.443001857364566),(-0.886859913488036,
0.,0.462038411658591),(-0.914590096777621,0.,0.40438218911854),(-0.914616974822687,
0.,0.404321393653856),(-0.905772925740955,0.,0.423763385623002),(-0.931022587597532,
0.,0.364961561514629),(-0.93104683736226,0.,0.364899693940312),(-0.923043758772262,
0.,0.384694969282903),(-0.945761056067332,0.,0.32486308627852),(-0.945782660306554,
0.,0.324800183903053),(-0.93862546899058,0.,0.344938007419035),(-0.958768468478259,
0.,0.284188359810627),(-0.95878733532277,0.,0.284124700835147),(-0.952507823224629,
0.,0.304514115758003),(-0.970025104146191,0.,0.243004726962609),(-0.970041257097766,
0.,0.242940238594158),(-0.964630466894896,0.,0.263605884490721),(-0.979516462102451,
0.,0.201364099258774),(-0.979529838315742,0.,0.201299020984049),(-0.975009363392049,
0.,0.222163771344095),(-0.987221876919502,0.,0.159351704514061),(-0.987232470975345,
0.,0.159286057933249),(-0.983603880310985,0.,0.18034247041996),(-0.993125017019875,
0.,0.117058534798931),(-0.993132788494298,0.,0.11699258274583),(-0.990410338877162,
0.,0.13815701446262),(-0.997217293263929,0.,0.0745497821282022),(-0.997222248790881,
0.,0.0744834647184087),(-0.995403028904463,0.,0.095774788163803),(-0.999491160406789,
0.,0.0318970260163869),(-0.999493277167121,0.,0.0318306282961619),(-0.998586103160465,
0.,0.05315820326909),(-0.999941672224573,0.,-0.0108005624263139),(-0.999940952188202,
0.,-0.0108670206105902),(-0.999944993956188,0.,0.0104885204847446),(-0.998568376391122,
0.,-0.0534901642509965),(-0.998564818798555,0.,-0.0535565370221907),(-0.999480878090683,
0.,-0.0322176090217369),(-0.995373573037179,0.,-0.0960804355693679),(-0.995367185787972,
0.,-0.0961465831765868),(-0.997193226361788,0.,-0.0748710177449743),(-0.990365264345095,
0.,-0.138479757288461),(-0.990356064174975,0.,-0.138545538188178),(-0.993087277909183,
0.,-0.117378270795444),(-0.98355000369459,0.,-0.180636071238202),(-0.983537992072695,
0.,-0.180701461393128),(-0.987173720992625,0.,-0.159649755970924),(-0.974935783050933,
0.,-0.222486446613864),(-0.974920986606642,0.,-0.222551274707499),(-0.979453381781556,
0.,-0.201670704160701),(-0.964549238143521,0.,-0.263902950337342),(-0.964531714092826,
0.,-0.263966991324965),(-0.969943525140107,0.,-0.243330142067895),(-0.95240319621164,
0.,-0.304841191189533),(-0.952382920698482,0.,-0.304904529913593),(-0.958680849409739,
0.,-0.284483793870621),(-0.938515234442636,0.,-0.345237823418994),(-0.938492293899045,
0.,-0.345300179976941),(-0.945650088045617,0.,-0.325185963687422),(-0.922921410085689,
0.,-0.384988403468784),(-0.922895825769338,0.,-0.385049730265497),(-0.930906718637167,
0.,-0.365257007045975),(-0.905642812964341,0.,-0.424041383978069),(-0.905614629870144,
0.,-0.424101570576155),(-0.914464157907901,0.,-0.404666904875841),(-0.886711785999713,
0.,-0.462322623899372),(-0.886681059687341,0.,-0.462381550661069),(-0.896352125088428,
0.,-0.443342833312391),(-0.866162052251968,0.,-0.499763243184869),(-0.86612883333106,
0.,-0.499820811964225),(-0.876605662674813,0.,-0.48120942651454),(-0.844035189102006,
0.,-0.536287795458316),(-0.843999555644292,0.,-0.536343872969793),(-0.855256935345024,
0.,-0.518204182291342),(-0.820365851130707,0.,-0.571839024812569),(-0.82032783169799,
0.,-0.571893563997423),(-0.832357478613304,0.,-0.554239143147164),(-0.79520184041962,
0.,-0.60634481361124),(-0.795161558244066,0.,-0.606397638757663),(-0.807923826485898,
0.,-0.589286934011255),(-0.780547928732844,0.,-0.625095937397506),(-0.78054792874027,
0.,-0.625095937388233),(-0.782078374649707,0.,-0.623180083046043),(-0.779012789574034,
0.,-0.627008033186243),(-0.779012789574034,0.,-0.627008033186243),(-0.789229735720872,
0.,-0.614098057523358),(-0.799232758417996,0.,-0.601021628455716),(-0.799201962852575,
0.,-0.601062577917301),(-0.809017383450482,0.,-0.587784716775569),(-0.818582801407011,
0.,-0.574388542052025),(-0.818553375664873,0.,-0.574430475503904),(-0.827926865129368,
0.,-0.560836077652871),(-0.837046576552762,0.,-0.547131637434084),(-0.837018545844948,
0.,-0.547174518697288),(-0.822401760720519,0.,-0.56890714880707),(-0.82236393851947,
0.,-0.568961820004422),(-0.834329644592818,0.,-0.551265856147125),(-0.797354092855382,
0.,-0.603511765093913),(-0.797313974581182,0.,-0.603564765321468),(-0.81002297278416,
0.,-0.58639814423471),(-0.77086179199754,0.,-0.637002431422629),(-0.770819474904046,
0.,-0.637053637544478),(-0.784241260794817,0.,-0.620455997526784),(-0.742962458404873,
0.,-0.669333090023933),(-0.74291796115368,0.,-0.669382478852904),(-0.757046453602044,
0.,-0.653361054156557),(-0.713707679869571,0.,-0.700443679174274),(-0.713661147884588,
0.,-0.700491089165346),(-0.728450509402712,0.,-0.68509842749121),(-0.683152035361623,
0.,-0.730276178292345),(-0.683103488330282,0.,-0.730321589596665),(-0.698546569292391,
0.,-0.71556459563748),(-0.698594134357034,0.,-0.71551815870874),(-0.728496017928409,
0.,-0.685050036028356),(-0.757089884894166,0.,-0.653310727135977),(-0.784282474477138,
0.,-0.620403900880723),(-0.81006194916167,0.,-0.586344300322256),(-0.834366289620486,
0.,-0.551210390635865),(-0.835708921434479,0.,-0.549172649204983),(-0.835708921427425,
0.,-0.549172649215719),(-0.827898127021873,0.,-0.560878499564455),(-0.808987265877087,
0.,-0.587826167883597),(-0.789198264332833,0.,-0.614138501947275),(-0.782078374642095,
0.,-0.623180083055596),(-0.807962971165155,0.,-0.589233262151734),(-0.832394323574125,
0.,-0.554183805322363),(-0.855291362870195,0.,-0.51814735799736),(-0.876637643919822,
0.,-0.481151162591033),(-0.896381585549753,0.,-0.443283265065704),(-0.914491048844782,
0.,-0.404606131420138),(-0.930930987241351,0.,-0.365195149192651),(-0.945671691704184,
0.,-0.325123132842539),(-0.958699766453381,0.,-0.284420037624342),(-0.969959678671847,
0.,-0.243265743068783),(-0.979466789489399,0.,-0.201605576032335),(-0.987184332789292,
0.,-0.159584125449122),(-0.993095071964207,0.,-0.117312309841751),(-0.997198199634745,
0.,-0.0748047501514722),(-0.999483017281921,0.,-0.0321511767284917),(-0.999944294672712,
0.,0.0105549775694997),(-0.998582569650405,0.,0.0532245393629016),(-0.995396657586254,
0.,0.095840983228017),(-0.990401162095649,0.,0.138222784372143),(-0.983591886337796,
0.,0.180407874358232),(-0.974994601247868,0.,0.222228547980477),(-0.964612940441515,
0.,0.263670011819269),(-0.952487603023862,0.,0.30457735648905),(-0.938602525878037,
0.,0.345000432485771),(-0.923018194125763,0.,0.384756303798671),(-0.905744755936633,
0.,0.423823591949869),(-0.886829217188077,0.,0.462097326914561),(-0.866290097154667,
0.,0.499541257126734),(-0.844161104660445,0.,0.536089572159782),(-0.820517409873769,
0.,0.571621535715757),(-0.795355919165521,0.,0.60614269099641),(-0.768750457721823,
0.,0.6395488517326),(-0.74073552936856,0.,0.67179675165267),(-0.711378886079338,
0.,0.702808708284495),(-0.697905217756988,0.,0.716190133293926),(-0.719945652661469,
0.,0.694030444010817),(-0.75507435499623,0.,0.655639167856091),(-0.78167960593337,
0.,0.623680201439689),(-0.80421905007668,0.,0.594333003873891),(-0.82599286788144,
0.,0.563680567528271),(-0.84739168403784,0.,0.530968298322521),(-0.867371583694728,
0.,0.49766106518282),(-0.885921582416839,0.,0.463835045903222),(-0.903304122356304,
0.,0.429000772183579),(-0.919420032608971,0.,0.393277006240283),(-0.93419801083667,
0.,0.356754925051932),(-0.94758171366178,0.,0.319513530126355),(-0.959524068612745,
0.,0.281626635375357),(-0.969982883828454,0.,0.243173199756542),(-0.978923958035728,
0.,0.204225082650649),(-0.986317659663585,0.,0.164855919626041),(-0.992139607139011,
0.,0.125135925880814),(-0.996370369812361,0.,0.085123945867065),(-0.998986535976496,
0.,0.0450100093054918),(-0.651343351916422,0.,-0.758783129697992),(-0.651292920984197,
0.,-0.758826416959684),(-0.667348749002089,0.,-0.744745357290227),(-0.61834785387484,
0.,-0.785904530848614),(-0.618295614372271,0.,-0.785945629956688),(-0.634940056516156,
0.,-0.772561405087816),(-0.584229263252977,0.,-0.811588669190794),(-0.584175339246196,
0.,-0.811627484143183),(-0.601369145644661,0.,-0.798971307786838),(-0.549048683287454,
0.,-0.835790370475942),(-0.548993138578134,0.,-0.835826856348927),(-0.566715251918828,
0.,-0.823913723178937),(-0.51286268698478,0.,-0.85847065430261),(-0.512805634177125,
0.,-0.858504735896196),(-0.531020687849373,0.,-0.847358854958145),(-0.475744839314431,
0.,-0.879583337646687),(-0.475686396947646,0.,-0.879614945165762),(-0.494356747063386,
0.,-0.869259113632355),(-0.437750618034264,0.,-0.899096433321042),(-0.437690836337167,
0.,-0.899125537278567),(-0.456799176859624,0.,-0.88956984662272),(-0.398954168536686,
0.,-0.916970867261987),(-0.398893231478576,0.,-0.916997377248474),(-0.418382751349941,
0.,-0.908270814995645),(-0.359444704843509,0.,-0.933166386106981),(-0.359382705671293,
0.,-0.93319026509302),(-0.379221834958155,0.,-0.925305787235209),(-0.319277101207107,
0.,-0.947661401896683),(-0.319214113165949,0.,-0.947682620899886),(-0.339379762275069,
0.,-0.940649444244835),(-0.278519199121239,0.,-0.960430661589302),(-0.278455365718438,
0.,-0.960449170598117),(-0.298902870219469,0.,-0.954283539716872),(-0.237258290807285,
0.,-0.971446603495635),(-0.237193738736373,0.,-0.971462366900675),(-0.257880869299562,
0.,-0.966176721541821),(-0.195566720988553,0.,-0.980690398465176),(-0.195501547102049,
0.,-0.98070339301988),(-0.21639846756668,0.,-0.976305128141194),(-0.153513095896337,
0.,-0.988146613306103),(-0.153447416148476,0.,-0.988156814719889),(-0.174515465045234,
0.,-0.984654433017008),(-0.111179482620735,0.,-0.993800343451433),(-0.111113438090128,
0.,-0.993807729832985),(-0.132309388896342,0.,-0.991208467281165),(-0.0686492143010153,
0.,-0.997640859916961),(-0.0685829240997473,0.,-0.997645419235676),(-0.0898668289109372,
0.,-0.995953790625595),(-0.0259914570964306,0.,-0.999662165012763),(-0.0259250152783468,
0.,-0.999663890306546),(-0.0472677398836049,0.,-0.998882255706996),(0.0167200186343511,
0.,-0.999860210717912),(0.0167864757945619,0.,-0.999859097188398),(-0.0045704660472488,
0.,-0.99998955536551),(0.0593957087067794,0.,-0.998234516427487),(0.0594620391970528,
0.,-0.998230567501581),(0.0381357395255813,0.,-0.999272568106839),(0.101962852964807,
0.,-0.994788206914053),(0.102028971964105,0.,-0.994781427691504),(0.0807612453208554,
0.,-0.996733475536076),(0.0806949979400017,0.,-0.996738841074964),(0.0380693411789757,
0.,-0.999275099891015),(-0.00463693051175215,0.,-0.999989249379927),(-0.0473341284009833,
0.,-0.998879111949248),(-0.0899330053456814,0.,-0.995947817181951),(-0.132375259317779,
0.,-0.991199672478029),(-0.174580910650757,0.,-0.984642831506101),(-0.216463347835757,
0.,-0.976290745138832),(-0.257945068816562,0.,-0.966159583854147),(-0.298966292524992,
0.,-0.954263672123099),(-0.339442281579982,0.,-0.940626885367294),(-0.379283309026378,
0.,-0.925280590682633),(-0.418443107260318,0.,-0.908243010425255),(-0.456858321980071,
0.,-0.889539472782155),(-0.494414500177025,0.,-0.869226266293594),(-0.531076998779129,
0.,-0.847323563562204),(-0.566770003793805,0.,-0.823876060338915),(-0.601422227667161,
0.,-0.798931351286123),(-0.634991405332551,0.,-0.772519200508176),(-0.667398243074217,
0.,-0.744701003854197),(0.1443408466411,0.,-0.98952802890617),(0.144406588435654,
0.,-0.989518437027009),(0.12325013029661,0.,-0.992375637237165),(0.186459356077556,
0.,-0.982462675388303),(0.186524668546985,0.,-0.98245027763416),(0.165497269657125,
0.,-0.986210248241234),(0.228240383568328,0.,-0.973604810643714),(0.228305072507125,
0.,-0.973589643467676),(0.207466920964344,0.,-0.978242033806345),(0.269599387911612,
0.,-0.962972569722359),(0.269663387708572,0.,-0.962954649674395),(0.249039160789322,
0.,-0.968493415771811),(0.310473742577296,0.,-0.950581956051159),(0.310536926743554,
0.,-0.950561316869495),(0.290164643724846,0.,-0.95697673928473),(0.350774544085495,
0.,-0.936459939998296),(0.350836755622505,0.,-0.936436634751265),(0.330767510065209,
0.,-0.943712273039437),(0.390438064085067,0.,-0.920629196861313),(0.390499265012043,
0.,-0.92060323919974),(0.370746160616961,0.,-0.928734237760073),(0.429396844452041,
0.,-0.903115911704932),(0.429456863939839,0.,-0.903087372304008),(0.410074165583921,
0.,-0.91205217982342),(0.457930012073601,0.,-0.888988247415156),(0.457930012073601,
0.,-0.888988247415156),(0.448584308042667,0.,-0.893740520832463),(0.467225377556316,
0.,-0.884138250822437),(0.467225377556316,0.,-0.884138250822437),(0.465470668196591,
0.,-0.88506330680275),(0.46547066823099,0.,-0.885063306784659),(0.467225377592321,
0.,-0.88413825080341),(0.463714127332206,0.,-0.885984880295669),(0.463714127332206,
0.,-0.885984880295669),(0.43760638277785,0.,-0.899166644038849),(0.411124321453867,
0.,-0.911579284708191),(0.411329616232027,0.,-0.911486668476513),(0.390302890020927,
0.,-0.920686512359833),(0.36927987743974,0.,-0.92931822973516),(0.36933038187957,
0.,-0.929298159376575),(0.351675547865307,0.,-0.936121952009265),(0.333945950386108,
0.,-0.942592224782657),(0.333992586597714,0.,-0.942575700990519),(0.316793825919202,
0.,-0.948494423736626),(0.299537466367352,0.,-0.954084538310011),(0.299578958284919,
0.,-0.954071510817152),(0.280921767401943,0.,-0.959730670865409),(0.262199761159125,
0.,-0.965013619203428),(0.262243522598786,0.,-0.965001727902588),(0.243189495445303,
0.,-0.96997879837915),(0.224085348081019,0.,-0.974569523828551),(0.224139334206132,
0.,-0.974557109081675),(0.205344415151442,0.,-0.978689772689034),(0.186527874608339,
0.,-0.982449668936834),(0.18657831830622,0.,-0.982440090355652),(0.167433746234993,
0.,-0.985883330126702),(0.148276599851426,0.,-0.988945928722344),(0.148329037134325,
0.,-0.988938065170314),(0.12893240501314,0.,-0.991653384473389),(0.109539018831021,
0.,-0.993982496502598),(0.109592832295967,0.,-0.993976564668075),(0.0899830863389229,
0.,-0.995943293653269),(0.0703923952508179,0.,-0.997519378604172),(0.070447361001207,
0.,-0.997515498289608),(0.0506788968501028,0.,-0.998714999093363),(0.0309456310652301,
0.,-0.999521069271666),(0.0310015002708681,0.,-0.999519337972485),(0.0111230982713765,
0.,-0.999938136428872),(-0.00870380708550593,0.,-0.999962121153706),(-0.00864724999726066,
0.,-0.999962611834805),(-0.0285987170134768,0.,-0.999590973041065),(-0.0484823034177843,
0.,-0.998824041688678),(-0.0484252254404558,0.,-0.998826810583817),(-0.0684034845504094,
0.,-0.997657738556346),(-0.0882974264769369,0.,-0.996094154423943),(-0.0882400116732326,
0.,-0.996099242214302),(-0.108208032081541,0.,-0.994128272303449),(-0.128075322344157,
0.,-0.991764443709513),(-0.128017720434047,0.,-0.991771880653444),(-0.147936537371827,
0.,-0.988996855864787),(-0.167738263063936,0.,-0.985831565280953),(-0.167680622603712,
0.,-0.985841371014237),(-0.18751056940432,0.,-0.982262585239643),(-0.207207181158003,
0.,-0.978297083751431),(-0.207149649899182,0.,-0.978309267331474),(-0.226871869730601,
0.,-0.97392461449793),(-0.246444489510066,0.,-0.969156908653146),(-0.24638715747269,
0.,-0.969171485668314),(-0.265836239211758,0.,-0.964018202069727),(-0.285121004110246,
0.,-0.958491529965271),(-0.28506252797627,0.,-0.958508922829505),(-0.285121004110246,
0.,-0.958491529965271),(-0.939842936247888,0.,-0.341606872273919),(-0.285121004110246,
0.,-0.958491529965271),(-0.940464530584029,0.,-0.339891845611752),(-0.265777413350391,
0.,-0.964034421871323),(-0.226814243636827,0.,-0.973938036470213),(-0.187452793580696,
0.,-0.98227361268579),(-0.147878701143226,0.,-0.989005505418545),(-0.108150282873644,
0.,-0.994134556443116),(-0.0683459703304208,0.,-0.997661680300288),(-0.0285415866476559,
0.,-0.999592605930853),(0.0111796618250623,0.,-0.999937505627965),(0.0507347280682515,
0.,-0.998712164423684),(0.0900379715619182,0.,-0.995938333270195),(0.128986097949428,
0.,-0.991646401967849),(0.167486025944337,0.,-0.985874449974931),(0.205394669862773,
0.,-0.978679227117835),(0.243243230999428,0.,-0.969965324417816),(0.280965292006003,
0.,-0.959717929752269),(0.316835076676331,0.,-0.948480645130676),(0.35172186561729,
0.,-0.936104550382431),(0.390352926857964,0.,-0.920665298842864),(0.437808886108419,
0.,-0.899068061519541),(0.448584308042667,0.,-0.893740520832463),(0.410013551552973,
0.,-0.912079430500939),(0.370684420416645,0.,-0.928758881766617),(0.330704816476937,
0.,-0.943734244561972),(0.290101034429663,0.,-0.956996023932618),(0.248974794211213,
0.,-0.968509964764165),(0.207401924256261,0.,-0.978255816141565),(0.165431708572916,
0.,-0.986221247894531),(0.123184200016687,0.,-0.992383823359817),(-0.940464621967224,
0.,-0.339891592758701),(-0.940154216036311,0.,-0.340749248082962),(-0.945886857881422,
0.,-0.32449661336786),(-0.951057103829965,0.,-0.309015186122882),(-0.951041406702853,
0.,-0.309063493050634),(-0.955973194832269,0.,-0.293454001100998),(-0.960634692553937,
0.,-0.277814663871083),(-0.960620582523028,0.,-0.277863449257219),(-0.960634692553937,
0.,-0.277814663871083),(-0.796145969003649,0.,0.605104615780532),(-0.960634692553937,
0.,-0.277814663871083),(-0.794056407118142,0.,0.607844077304886),(-0.955958286177053,
0.,-0.293502564025312),(-0.945870369555171,0.,-0.324544671805845),(-0.794056182392079,
0.,0.607844370875405),(-0.795102143951785,0.,0.606475540053505),(-0.781701232904073,
0.,0.623653094657802),(-0.769031601357909,0.,0.639210760323143),(-0.769072436839754,
0.,0.639161628145309),(-0.756001524922473,0.,0.654569854419599),(-0.742664750261121,
0.,0.669663399566967),(-0.74270922693701,0.,0.66961407110561),(-0.729059641944615,
0.,0.68445017239211),(-0.71516017753072,0.,0.698960600087179),(-0.715206641204948,
0.,0.698913056378501),(-0.701000841805934,0.,0.713160444631761),(-0.686559617961466,
0.,0.727073511403493),(-0.68660804004062,0.,0.727027784442643),(-0.671875600250502,
0.,0.7406640114033),(-0.656922615907676,0.,0.753958007258373),(-0.656972936553519,
0.,0.753914159991869),(-0.641747268940114,0.,0.766916190211098),(-0.626316374579614,
0.,0.779568982793344),(-0.626368527983246,0.,0.779527079165375),(-0.610682280092564,
0.,0.79187571801448),(-0.594806428309939,0.,0.803868964969523),(-0.594860360851459,
0.,0.803829055886681),(-0.578750405360285,0.,0.815504732233545),(-0.562466825303939,
0.,0.826819853675823),(-0.562522481244525,0.,0.826781989459436),(-0.546029640282216,
0.,0.837765857464526),(-0.529379505857986,0.,0.848385135877306),(-0.529436832966662,
0.,0.848349361936597),(-0.512604849542206,0.,0.858624637560449),(-0.495632206526363,
0.,0.868532507079504),(-0.495691165720325,0.,0.868498859082051),(-0.478569877761845,
0.,0.878049470188902),(-0.461324880961472,0.,0.887231285632943),(-0.461385444201312,
0.,0.887199792537824),(-0.444028666075166,0.,0.896012580103376),(-0.426565376440081,
0.,0.904456731758093),(-0.426627541543367,0.,0.90442741046292),(-0.409134730587827,
0.,0.912473984410968),(-0.391553480706271,0.,0.920155351963354),(-0.39161737537536,
0.,0.92012816026036),(-0.373395920222604,0.,0.927672079326049),(-0.355094154904883,
0.,0.934830541409719),(-0.355157259857022,0.,0.934806568639123),(-0.336841972498032,
0.,0.941561195867605),(-0.318462314317216,0.,0.94793552225862),(-0.3185389094617,
0.,0.947909786403195),(-0.301218120953385,0.,0.953555265104919),(-0.283874843773644,
0.,0.958861341942874),(-0.283945086725693,0.,0.958840543429583),(-0.265731263725552,
0.,0.964047143805126),(-0.247493061553421,0.,0.968889665794261),(-0.247560604624506,
0.,0.968872410092242),(-0.225400668928788,0.,0.974266153803187),(-0.203191748563093,
0.,0.979138965272996),(-0.203281884889051,0.,0.979120255778602),(-0.174477903801308,
0.,0.984661089454185),(-0.145614884146191,0.,0.989341349340606),(-0.145651146569375,
0.,0.989336011425353),(-0.143652848948523,0.,0.989628141772945),(-0.141690248931805,
0.,0.989911043153698),(-0.141690638960173,0.,0.989910987327173),(-0.152065326053504,
0.,0.988370445031741),(-0.152175779609393,0.,0.988353444927609),(-0.141800874085853,
0.,0.989895202588884),(-0.18345267503718,0.,0.983028542831643),(-0.183517996021471,
0.,0.983016350391113),(-0.162489238699572,0.,0.986710315800354),(-0.225260178578764,
0.,0.974298646179221),(-0.225324943370037,0.,0.974283670136829),(-0.204463117449379,
0.,0.978874268536507),(-0.266657583676654,0.,0.963791332741548),(-0.266721626248415,
0.,0.963773611431337),(-0.246083929552938,0.,0.969248523143463),(-0.307558771484959,
0.,0.951529086304072),(-0.307621997376096,0.,0.95150864774333),(-0.287237723124497,
0.,0.957859327048735),(-0.347902984652914,0.,0.937530539913018),(-0.347965290811544,
0.,0.937507416712229),(-0.327866050322284,0.,0.944724220630585),(-0.387622141768466,
0.,0.9218183526112),(-0.387683420035555,0.,0.921792582867499),(-0.367905851747783,
0.,0.929863045964156),(-0.426629847615705,0.,0.904426322661719),(-0.42668994163318,
0.,0.904397973078817),(-0.407284063666865,0.,0.913301533713266),(-0.46485258088495,
0.,0.885388094591632),(-0.464911417944487,0.,0.885357201057769),(-0.445901313933566,
0.,0.895082129322399),(-0.502233237148733,0.,0.864732198719988),(-0.5022907098961,
0.,0.864698816208321),(-0.483709547988795,0.,0.875228583390919),(-0.538700510671098,
0.,0.842497335190266),(-0.538756504462591,0.,0.842461529625685),(-0.520642755819635,
0.,0.853774631160083),(-0.574179777688744,0.,0.818729248832179),(-0.574234177304811,
0.,0.818691095355915),(-0.556624512611304,0.,0.830764197567654),(-0.608611265652924,
0.,0.793468542111372),(-0.608663999211853,0.,0.793428091299667),(-0.591582082111273,
0.,0.806244776804719),(-0.641935057401317,0.,0.766759011736522),(-0.641986009955152,
0.,0.7667163510855),(-0.625468321473596,0.,0.780249561892221),(-0.674086426540183,
0.,0.738652482263673),(-0.674135511634803,0.,0.738607684737224),(-0.658210962907551,
0.,0.752833532932955),(-0.705009758805253,0.,0.709197602921329),(-0.705056890500518,
0.,0.709150746426838),(-0.689752679727395,0.,0.724045054405371),(-0.734652864781028,
0.,0.678443194577872),(-0.734697964867869,0.,0.678394354648542),(-0.720039564385328,
0.,0.69393301241531),(-0.762951185991555,0.,0.646456098891548),(-0.762994134835868,
0.,0.646405407005592),(-0.749021081899623,0.,0.662546163576485),(-0.78985516330282,
0.,0.61329342162123),(-0.789895924017638,0.,0.613240922656277),(-0.776619451778814,
0.,0.629970020809541),(-0.815322612746709,0.,0.579006940497158),(-0.815361091597747,
0.,0.578952753088307),(-0.802812098422307,0.,0.596232114722758),(-0.839298787364311,
0.,0.543670438343669),(-0.839334908462311,0.,0.543614671837105),(-0.827538225407395,
0.,0.561409374244481),(-0.861740953331202,0.,0.507348528480995),(-0.861774658974388,
0.,0.507291274466236),(-0.850749008075682,0.,0.525572188436796),(-0.882621622288288,
0.,0.470084111483456),(-0.882652882650356,0.,0.470025412875747),(-0.872407580710845,
0.,0.488779104625239),(-0.901891547877488,0.,0.43196253988876),(-0.901920243972619,
0.,0.431902620404614),(-0.892495074526205,0.,0.451057138228034),(-0.919511548323095,
0.,0.393062987955449),(-0.919537673129591,0.,0.393001867292532),(-0.910934394528995,
0.,0.412551243925034),(-0.935453393539098,0.,0.353450065095743),(-0.935476869503183,
0.,0.353387926540402),(-0.927721446068164,0.,0.373273249115438),(-0.949691196725563,
0.,0.313187852353771),(-0.94971201710435,0.,0.313124710886234),(-0.942806134475988,
0.,0.333341555756921),(-0.962200905670251,0.,0.272340627023126),(-0.962219005850401,
0.,0.272276669548212),(-0.956184434215049,0.,0.2927649701806),(-0.972948406315007,
0.,0.231022506802018),(-0.972963744722231,0.,0.230957899748185),(-0.967814608751825,
0.,0.251664226870949),(-0.981924727223003,0.,0.189271841719868),(-0.981937312643985,
0.,0.189206538041127),(-0.977669944772924,0.,0.210146327799722),(-0.989112601982144,
0.,0.147160662543061),(-0.98912237873188,0.,0.147094934963061),(-0.985756234621324,
0.,0.168180396911141),(-0.994493724922236,0.,0.104796140626918),(-0.994500687307484,
0.,0.104730047956363),(-0.992037555249582,0.,0.125942403401047),(-0.998061063570988,
0.,0.0622423761078221),(-0.998065197038815,0.,0.0621760601829288),(-0.996510294810743,
0.,0.0834699487013482),(-0.999808460351902,0.,0.0195714743634299),(-0.999809759050433,
0.,0.0195050174958789),(-0.999165134743605,0.,0.040853806588784),(-0.999732334595376,
0.,-0.023135668662879),(-0.999730795105475,0.,-0.0232020972710526),(-0.99999828385406,
0.,-0.00185264376896089),(-0.998898630183475,0.,-0.0469204285741055),(-0.998898630183475,
0.,-0.0469204285741055),(-0.999010515807104,0.,-0.0444745916993578),(-0.998780756525274,
0.,-0.0493659841875145),(-0.998780756525274,0.,-0.0493659841875145),(-0.999458055316961,
0.,-0.032918014248096),(-0.999864506523836,0.,-0.016461123711512),(-0.999863661884415,
0.,-0.0165123482002966),(-1.,0.,0.),(-0.999864506523836,0.,0.0164611237115125),
(-0.999865348527279,0.,0.0164098998907143),(-0.999458055316897,0.,0.032918014250058),
(-0.998780756525287,0.,0.0493659841872339),(-0.998783284304896,0.,0.0493148151484467),
(-0.999732334595448,0.,0.0231356686598007),(-0.999733869674298,0.,0.0230692398239332),
(-0.999013468727326,0.,0.044408212094129),(-0.999808460351874,0.,-0.0195714743648798),
(-0.999807157237797,0.,-0.0196379310538045),(-0.999998521262049,0.,0.00171973071033345),
(-0.998061063571006,0.,-0.062242376107536),(-0.998056925671207,0.,-0.0623086921684206),
(-0.99915969595917,0.,-0.0409866072123548),(-0.994493724921846,0.,-0.104796140630621),
(-0.994486758187613,0.,-0.10486223242661),(-0.996499192858857,0.,-0.0836023841265707),
(-0.989112601978222,0.,-0.14716066256942),(-0.989102820886413,0.,-0.147226389327931),
(-0.992020807946172,0.,-0.126074250352025),(-0.981924727218198,0.,-0.189271841744795),
(-0.981912137292677,0.,-0.189337145424048),(-0.985733865596984,0.,-0.168311455983326),
(-0.985745056952265,0.,-0.168245899486958),(-0.992029183296883,0.,-0.126008331023464),
(-0.996504746592273,0.,-0.0835361599492664),(-0.999162417055931,0.,-0.0409202192436794),
(-0.999998404745739,0.,0.00178619875080716),(-0.999010515807221,0.,0.0444745916967358),
(-0.998898630183473,0.,0.0469204285741469),(-0.998898630183473,0.,0.0469204285741469),
(-0.999459740755007,0.,0.032866801029824),(-0.999999998687219,0.,-5.12402467336703E-5),
(-0.999456367254177,0.,-0.0329692273959288),(-0.999010515807104,0.,-0.0444745916993578),
(-0.999998404745734,0.,-0.00178619875343457),(-0.99916241705593,0.,0.0409202192436931),
(-0.996504746592492,0.,0.0835361599466574),(-0.99202918329717,0.,0.126008331021207),
(-0.985745056957058,0.,0.168245899458874),(-0.977655967031297,0.,0.2102113463353),
(-0.96779789572366,0.,0.251728490705473),(-0.956164972592572,0.,0.292828525227729),
(-0.942783970427456,0.,0.33340423678328),(-0.927696649717893,0.,0.373334871264656),
(-0.910906970849282,0.,0.412611791467701),(-0.892465106483455,0.,0.451116430325337),
(-0.872375073826009,0.,0.488837120692634),(-0.850714088591733,0.,0.525628708758889),
(-0.827500922748549,0.,0.561464355814596),(-0.802772472008527,0.,0.596285467025081),
(-0.776577580018959,0.,0.630021636304578),(-0.748977061579678,0.,0.662595926057104),
(-0.719993432262591,0.,0.693980876897004),(-0.689704559146703,0.,0.724090892838912),
(-0.65816093346402,0.,0.752877271314369),(-0.625416470659293,0.,0.780291124022358),
(-0.59152849783902,0.,0.806284091523771),(-0.556569311926328,0.,0.830801180200085),
(-0.520586011295715,0.,0.85380923211407),(-0.483651376579463,0.,0.875260730258585),
(-0.445841831839847,0.,0.895111758933872),(-0.407223379294763,0.,0.913328593308976),
(-0.367844038252788,0.,0.92988750046545),(-0.327803265837015,0.,0.944746007616114),
(-0.287174076557958,0.,0.957878410735457),(-0.246019524502085,0.,0.969264872758612),
(-0.204398048843178,0.,0.978887857534816),(-0.16242367360466,0.,0.986721110675538),
(-0.143653239224917,0.,0.989628085120965),(-0.174513996781853,0.,0.984654693243892),
(-0.225490358693663,0.,0.974245399340538),(-0.265798471240454,0.,0.964028616113774),
(-0.30128797769206,0.,0.953533195278606),(-0.336918056132344,0.,0.941533973604778),
(-0.373458545865626,0.,0.927646869514436),(-0.409198096255605,0.,0.912445569894878),
(-0.444090255757585,0.,0.895982056037487),(-0.478629819754942,0.,0.878016796901603),
(-0.512663142170921,0.,0.858589833773635),(-0.546086256320309,0.,0.837728954171974),
(-0.578805306574403,0.,0.815465766958559),(-0.610735415310264,0.,0.791834738115094),
(-0.641798583533422,0.,0.766873247789029),(-0.671925041582153,0.,0.740619158876424),
(-0.70104834549303,0.,0.713113747786063),(-0.729105149413389,0.,0.684401695715959),
(-0.756045007650275,0.,0.654519630268715),(-0.781741082766542,0.,0.623603142643616),
(-0.972948406310369,0.,-0.231022506821551),(-0.972933063819354,0.,-0.231087111988283),
(-0.977642006704746,0.,-0.210276262869393),(-0.962200905671977,0.,-0.272340627017026),
(-0.962182801161718,0.,-0.272404583567513),(-0.967781161616417,0.,-0.251792818047654),
(-0.949691196728983,0.,-0.313187852343402),(-0.9496703719369,0.,-0.313250993079401),
(-0.956145501791853,0.,-0.292892095153156),(-0.935453393532278,0.,-0.353450065113794),
(-0.935429913809084,0.,-0.353512201134741),(-0.942761822650914,0.,-0.33346685855108),
(-0.919511548330005,0.,-0.393062987939283),(-0.919485419270974,0.,-0.393124107309742),
(-0.92767183247477,0.,-0.373396533504131),(-0.9018915478745,0.,-0.431962539895),
(-0.901862848070937,0.,-0.432022456904012),(-0.910879557151563,0.,-0.41267230627142),
(-0.882621622287064,0.,-0.470084111485754),(-0.882590357247465,0.,-0.470142809467285),
(-0.892435103468233,0.,-0.451175781816405),(-0.861740953330415,0.,-0.507348528482332),
(-0.861707244324549,0.,-0.507405779508464),(-0.872342595297616,0.,-0.488895077117187),
(-0.839298787365018,0.,-0.543670438342578),(-0.839262663014733,0.,-0.543726201749942),
(-0.850679163637418,0.,-0.525685229536785),(-0.815322612750867,0.,-0.579006940491304),
(-0.81528413017993,0.,-0.579061125509868),(-0.827463606775081,0.,-0.561519349143709),
(-0.789855163293824,0.,-0.613293421632816),(-0.789814398676574,0.,-0.613345918420561),
(-0.80273283858399,0.,-0.596338821358202),(-0.762951186002156,0.,-0.646456098879038),
(-0.762908234799778,0.,-0.646506786719742),(-0.776535721507732,0.,-0.630073228460364),
(-0.734652864779168,0.,-0.678443194579886),(-0.734607760242054,0.,-0.678492032814058),
(-0.748933011410634,0.,-0.662645715612347),(-0.705009758805725,0.,-0.70919760292086),
(-0.704962623632034,0.,-0.709244456645126),(-0.71994730928342,0.,-0.69402872552623),
(-0.6740864265304,0.,-0.738652482272602),(-0.674037339632738,0.,-0.738697275465952),
(-0.689656440816719,0.,-0.724136723029577),(-0.641935057406344,0.,-0.766759011732314),
(-0.641884100615621,0.,-0.766801670170896),(-0.658110900154426,0.,-0.752921007209874),
(-0.608611265651812,0.,-0.793468542112225),(-0.608558530983017,0.,-0.793508988208572),
(-0.625364612743562,0.,-0.780332686184614),(-0.574179777688026,0.,-0.818729248832683),
(-0.574125375179417,0.,-0.818767398944959),(-0.591474923285785,0.,-0.806323393635627),
(-0.538700510675393,0.,-0.842497335187519),(-0.538644515016515,0.,-0.842533136703016),
(-0.556514094684433,0.,-0.830838168609005),(-0.502233237142752,0.,-0.864732198723462),
(-0.502175759675619,0.,-0.8647655788676),(-0.520529260928644,0.,-0.853843831456947),
(-0.520586011295715,0.,-0.85380923211407),(-0.556569311926328,0.,-0.830801180200085),
(-0.591528497840273,0.,-0.806284091522851),(-0.625416470659293,0.,-0.780291124022358),
(-0.65816093346402,0.,-0.752877271314369),(-0.689704559146875,0.,-0.724090892838748),
(-0.719993432262591,0.,-0.693980876897004),(-0.748977061579678,0.,-0.662595926057104),
(-0.776577580018698,0.,-0.630021636304899),(-0.80277247200832,0.,-0.596285467025359),
(-0.827500922748364,0.,-0.561464355814869),(-0.850714088590558,0.,-0.525628708760791),
(-0.872375073826715,0.,-0.488837120691374),(-0.892465106484513,0.,-0.451116430323245),
(-0.910906970849338,0.,-0.412611791467578),(-0.927696649717984,0.,-0.373334871264428),
(-0.942783970427456,0.,-0.333404236783281),(-0.956164972592544,0.,-0.292828525227821),
(-0.967797895723827,0.,-0.251728490704833),(-0.977655967025343,0.,-0.210211346362992),
(-0.464852580889118,0.,-0.885388094589444),(-0.464793744760447,0.,-0.885418982646951),
(-0.483593214544068,0.,-0.875292866900522),(-0.426629847614161,0.,-0.904426322662447),
(-0.426569750901158,0.,-0.904454668635264),(-0.445782355182336,0.,-0.895141380904765),
(-0.387622141773709,0.,-0.921818352608996),(-0.38756086125034,0.,-0.921844118507514),
(-0.407162664312373,0.,-0.913355661716754),(-0.347902984653823,0.,-0.93753053991268),
(-0.347840673481587,0.,-0.937553660262641),(-0.367782236238555,0.,-0.929911945674088),
(-0.307558771485591,0.,-0.951529086303868),(-0.307495548700155,0.,-0.951549519220934),
(-0.327740494939898,0.,-0.944767785213145),(-0.266657583676989,0.,-0.963791332741455),
(-0.266593542531074,0.,-0.963809049075973),(-0.287110429524131,0.,-0.95789748995311),
(-0.22526017858038,0.,-0.974298646178848),(-0.225195406465791,0.,-0.974313619378641),
(-0.245955088269379,0.,-0.969281225730903),(-0.183452675038819,0.,-0.983028542831337),
(-0.183387360782501,0.,-0.983040729525094),(-0.204333010947202,0.,-0.978901435608943),
(-0.152065326051329,0.,-0.988370445032075),(-0.152065326051329,0.,-0.988370445032075),
(-0.162423673603482,0.,-0.986721110675732),(-0.141690248931831,0.,-0.989911043153694),
(-0.141690248931831,0.,-0.989911043153694),(-0.143652848944596,0.,-0.989628141773515),
(-0.143652848944596,0.,-0.989628141773515),(-0.141690248931831,0.,-0.989911043153694),
(-0.145614884146409,0.,-0.989341349340574),(-0.145614884146409,0.,-0.989341349340574),
(-0.174477903805905,0.,-0.98466108945337),(-0.203191748563622,0.,-0.979138965272886),
(-0.202971270470941,0.,-0.979184693182758),(-0.225400668924196,0.,-0.974266153804249),
(-0.247493061553421,0.,-0.968889665794261),(-0.247440381428798,0.,-0.968903120873481),
(-0.265731263731361,0.,-0.964047143803525),(-0.283874843781094,0.,-0.958861341940669),
(-0.283827409552854,0.,-0.958875383762935),(-0.30121812095255,0.,-0.953555265105183),
(-0.31846231431723,0.,-0.947935522258615),(-0.318421094756778,0.,-0.947949369119414),
(-0.336841972504309,0.,-0.94156119586536),(-0.355094154911611,0.,-0.934830541407163),
(-0.355051760598067,0.,-0.934846643731587),(-0.373395920224962,0.,-0.9276720793251),
(-0.391553480706429,0.,-0.920155351963287),(-0.391502497190364,0.,-0.920177045298191),
(-0.409134730589274,0.,-0.912473984410319),(-0.42656537643995,0.,-0.904456731758155),
(-0.426518943006952,0.,-0.904478629518814),(-0.444028666073258,0.,-0.896012580104322),
(-0.461324880961361,0.,-0.887231285633),(-0.461277842520925,0.,-0.887255742161887),
(-0.478569877766245,0.,-0.878049470186504),(-0.495632206526794,0.,-0.868532507079258),
(-0.49558517349395,0.,-0.868559345015049),(-0.512604849540054,0.,-0.858624637561734),
(-0.529379505857581,0.,-0.848385135877559),(-0.529332759372242,0.,-0.848414303188818),
(-0.546029640282399,0.,-0.837765857464408),(-0.562466825303939,0.,-0.826819853675822),
(-0.562420611926666,0.,-0.826851289700895),(-0.578750405361851,0.,-0.815504732232433),
(-0.594806428313893,0.,-0.803868964966598),(-0.594760956460046,0.,-0.803902608946339),
(-0.610682280094191,0.,-0.791875718013225),(-0.626316374579223,0.,-0.779568982793658),
(-0.62627182874161,0.,-0.779604769434256),(-0.64174726894216,0.,-0.766916190209386),
(-0.656922615911593,0.,-0.75395800725496),(-0.656879157343943,0.,-0.753995870444336),
(-0.671875600251213,0.,-0.740664011402655),(-0.686559617961387,0.,-0.727073511403568),
(-0.686517386849957,0.,-0.72711338699869),(-0.701000841808289,0.,-0.713160444629447),
(-0.715160177530652,0.,-0.698960600087249),(-0.715119309448002,0.,-0.699002412910437),
(-0.729059641944532,0.,-0.684450172392199),(-0.742664750261654,0.,-0.669663399566375),
(-0.742625364530638,0.,-0.669707076232391),(-0.756001524921267,0.,-0.654569854420992),
(-0.769031601358202,0.,-0.63921076032279),(-0.768993793280516,0.,-0.639256244315253),
(-0.781701232904511,0.,-0.623653094657252),(-0.794056182391901,0.,-0.607844370875637),
(-0.794019092063655,0.,-0.607892820683391),(-0.794056182391901,0.,-0.607844370875637),
(-0.96113995567218,0.,0.276061561269045),(-0.794056182391901,0.,-0.607844370875637),
(-0.960634767247164,0.,0.277814405594791),(-0.78166316985102,0.,-0.623700800783882),
(-0.755962800340381,0.,-0.654614577061594),(-0.729019378648331,0.,-0.684493057346239),
(-0.700959135770819,0.,-0.713201437168649),(-0.671832572319125,0.,-0.740703040881477),
(-0.64170305633511,0.,-0.766953184679599),(-0.61063702426037,0.,-0.791910616548636),
(-0.578704268953781,0.,-0.815537472526352),(-0.545982809180451,0.,-0.83779637865022),
(-0.512557533416652,0.,-0.858652883846457),(-0.47852232444329,0.,-0.87807538686003),
(-0.443981157700066,0.,-0.896036121820604),(-0.409087881774431,0.,-0.912494989019287),
(-0.373344516659118,0.,-0.927692768043693),(-0.336799270272924,0.,-0.941576471426313),
(-0.301176655077772,0.,-0.953568362749187),(-0.265683571249081,0.,-0.964060288554784),
(-0.225347694881613,0.,-0.974278408059803),(-0.174256177784193,0.,-0.984700352647466),
(-0.162423673603482,0.,-0.986721110675732),(-0.204398048843847,0.,-0.978887857534676),
(-0.246019524502702,0.,-0.969264872758455),(-0.287174076557355,0.,-0.957878410735637),
(-0.327803265837601,0.,-0.944746007615911),(-0.367844038262343,0.,-0.92988750046167),
(-0.407223379295311,0.,-0.913328593308732),(-0.445841831835652,0.,-0.895111758935961),
(-0.483651376577741,0.,-0.875260730259536),(-0.960634692554883,0.,0.277814663867811),
(-0.960887686743525,0.,0.276938356795573),(-0.955973194833024,0.,0.29345400109854),
(-0.951057103829658,0.,0.309015186123828),(-0.951072795911867,0.,0.308966886375197),
(-0.945886857880663,0.,0.324496613370072),(-0.940464621967214,0.,0.339891592758729),
(-0.940481884940471,0.,0.339843823099403),(-0.940464621967214,0.,0.339891592758729),
(-0.288422060545744,0.,0.95750337596805),(-0.940464621967214,0.,0.339891592758729),
(-0.285121358475173,0.,0.958491424552808),(-0.945903343738388,0.,0.324448554172364),
(-0.955988101020766,0.,0.293405437418446),(-0.285121004110237,0.,0.958491529965273),
(-0.28677178130923,0.,0.957998927684498),(-0.265836239209291,0.,0.964018202070407),
(-0.246444489508644,0.,0.969156908653508),(-0.24650639685332,0.,0.969141164284333),
(-0.226871869729729,0.,0.973924614498133),(-0.20720718115811,0.,0.978297083751408),
(-0.207272168327811,0.,0.978283316957152),(-0.187510569406263,0.,0.982262585239272),
(-0.167738263063936,0.,0.985831565280953),(-0.16780379346602,0.,0.985820413106978),
(-0.147936537372122,0.,0.988996855864743),(-0.128075322344376,0.,0.991764443709485),
(-0.128141374489442,0.,0.991755911574998),(-0.108208032080441,0.,0.994128272303568),
(-0.0882974264765769,0.,0.996094154423975),(-0.0883639077040802,0.,0.996088259048998),
(-0.0684034845500411,0.,0.997657738556371),(-0.0484823034177843,0.,0.998824041688678),
(-0.0485491273080532,0.,0.998820795857608),(-0.0285987170143111,0.,0.999590973041041),
(-0.00870380708551203,0.,0.999962121153706),(-0.00877090271361665,0.,0.999961534893012),
(0.0111230982733412,0.,0.99993813642885),(0.0309456310697392,0.,0.999521069271527),
(0.0308783552014484,0.,0.999523149897016),(0.0506788968516102,0.,0.998714999093287),
(0.0703923952508813,0.,0.997519378604167),(0.0703249846879419,0.,0.997524133306378),
(0.0899830863394786,0.,0.995943293653219),(0.109539018831676,0.,0.993982496502526),
(0.109471538217501,0.,0.993989930693613),(0.128932405017116,0.,0.991653384472872),
(0.148276599856763,0.,0.988945928721544),(0.148209106503818,0.,0.98895604591374),
(0.16743374623489,0.,0.98588333012672),(0.186527874608104,0.,0.982449668936879),
(0.186460337638703,0.,0.982462489099539),(0.20534441514965,0.,0.978689772689409),
(0.224085348079985,0.,0.974569523828789),(0.224017665403456,0.,0.974585083811149),
(0.243189495446464,0.,0.969978798378859),(0.262199761159475,0.,0.965013619203332),
(0.262134629734998,0.,0.96503131342651),(0.280921767399968,0.,0.959730670865988),
(0.299537466366724,0.,0.954084538310209),(0.299460374784729,0.,0.954108738003059),
(0.316793825926268,0.,0.948494423734266),(0.333945950385578,0.,0.942592224782845),
(0.333876888510975,0.,0.942616689496972),(0.351675547865065,0.,0.936121952009356),
(0.369279877440905,0.,0.929318229734697),(0.369215080005711,0.,0.929343975445247),
(0.390302890013552,0.,0.920686512362959),(0.411124321455703,0.,0.911579284707363),
(0.41104044557461,0.,0.911617108276181),(0.437606382788561,0.,0.899166644033636),
(0.463714127329707,0.,0.885984880296977),(0.463681644949175,0.,0.88600188043662),
(0.465470668192518,0.,0.885063306804892),(0.467225377556363,0.,0.884138250822412),
(0.467225029069991,0.,0.88413843498094),(0.457930012080341,0.,0.888988247411685),
(0.457830698869782,0.,0.889039397986617),(0.46712660666314,0.,0.884190439524982),
(0.429396844467727,0.,0.903115911697473),(0.429336821681007,0.,0.90314444777613),
(0.448524909505119,0.,0.893770331546883),(0.390438064076274,0.,0.920629196865042),
(0.390376862522849,0.,0.920655149992013),(0.409952919514875,0.,0.91210668442964),
(0.350774544089995,0.,0.936459939996611),(0.350712328629435,0.,0.936483242000261),
(0.370622717769712,0.,0.928783506029792),(0.310473742569033,0.,0.950581956053858),
(0.310410557156956,0.,0.950602590994527),(0.330642087422077,0.,0.943756223833873),
(0.269599387918155,0.,0.962972569720528),(0.269535392107355,0.,0.96299048406593),
(0.290037437019967,0.,0.957015300361958),(0.228240383553118,0.,0.97360481064728),
(0.228175686855076,0.,0.973619975107441),(0.24891043728355,0.,0.968526506715904),
(0.186459356070913,0.,0.982462675389564),(0.186394046298269,0.,0.982475068133822),
(0.207336895373816,0.,0.978269600783315),(0.144340846625355,0.,0.989528028908467),
(0.144275103128977,0.,0.989537616575097),(0.1653661860148,0.,0.986232236607037),
(0.101962852964516,0.,0.994788206914083),(0.101896734436652,0.,0.994794981647549),
(0.123118242558245,0.,0.992392008406642),(0.0593957087224988,0.,0.998234516426552),
(0.0593293769814941,0.,0.998238461003676),(0.0806287668689526,0.,0.996744200862585),
(0.0167200186340935,0.,0.999860210717916),(0.0166535627543754,0.,0.999861319807695),
(0.0380029254602639,0.,0.999277627917518),(-0.0259914571135608,0.,0.999662165012318),
(-0.0260579001141345,0.,0.999660435268718),(-0.00470339399636036,0.,0.999988938981284),
(-0.0686492142976939,0.,0.99764085991719),(-0.0687155029493487,0.,0.99763629627957),
(-0.0474004980546492,0.,0.998875964664368),(-0.11117948260782,0.,0.993800343452878),
(-0.11124552945708,0.,0.993792952367752),(-0.089999193633522,0.,0.995941838234199),
(-0.153513095897719,0.,0.988146613305889),(-0.153578771178203,0.,0.988136408115495),
(-0.132441136254843,0.,0.991190872348775),(-0.195566721000123,0.,0.980690398462869),
(-0.195631896203742,0.,0.980677399141904),(-0.174646347287049,0.,0.984631227099411),
(-0.237258290800516,0.,0.971446603497288),(-0.237322840665874,0.,0.971430836085761),
(-0.216528218334033,0.,0.976276359779898),(-0.278519199140723,0.,0.960430661583651),
(-0.278583034484656,0.,0.960412147412412),(-0.258009283728694,0.,0.966142437485181),
(-0.319277101225729,0.,0.947661401890409),(-0.319340085040751,0.,0.947640179649516),
(-0.299029713951221,0.,0.954243800175956),(-0.359444704837396,0.,0.933166386109335),
(-0.359506701372489,0.,0.933142503408923),(-0.339504772569791,0.,0.940604332013379),
(-0.398954168543953,0.,0.916970867258826),(-0.399015106979983,0.,0.916944351856618),
(-0.37934479853286,0.,0.925255383030039),(-0.43775061803136,0.,0.899096433322457),
(-0.437810394542896,0.,0.899067326972899),(-0.418503490733233,0.,0.908215188291904),
(-0.475744839324472,0.,0.879583337641256),(-0.475803281607076,0.,0.879551725148634),
(-0.456917424669613,0.,0.889509115767392),(-0.512862686988769,0.,0.858470654300227),
(-0.51291973742762,0.,0.858436568977104),(-0.494472264301259,0.,0.86919340761236),
(-0.549048683281222,0.,0.835790370480037),(-0.549104224543689,0.,0.835753881587321),
(-0.531133305395675,0.,0.847288269657656),(-0.584229263247843,0.,0.81158866919449),
(-0.584283186035347,0.,0.811549849680464),(-0.566824741934067,0.,0.823838401588187),
(-0.618347853878,0.,0.785904530846127),(-0.618400090417185,0.,0.785863428447983),
(-0.601475329065498,0.,0.798891374672146),(-0.65134335191616,0.,0.758783129698217),
(-0.65139377954234,0.,0.758739839453251),(-0.63504274488047,0.,0.772476997828853),
(-0.683152035367403,0.,0.730276178286937),(-0.683200578071975,0.,0.730230764979208),
(-0.667447743709132,0.,0.74465663860439),(-0.713707679881528,0.,0.700443679162091),
(-0.713754210382809,0.,0.700396264382395),(-0.698641665391984,0.,0.715471748833114),
(-0.742962458405558,0.,0.669333090023173),(-0.743006952740977,0.,0.669283697828184),
(-0.728541556224437,0.,0.685001606460945),(-0.770861792009485,0.,0.637002431408173),
(-0.770904105378683,0.,0.636951222865843),(-0.757133280778617,0.,0.653260434388466),
(-0.797354092857022,0.,0.603511765091747),(-0.797394207009155,0.,0.603458762989022),
(-0.784323710674725,0.,0.620351768655036),(-0.8224017607099,0.,0.568907148822422),
(-0.822439579984641,0.,0.568852474086812),(-0.810100926904977,0.,0.586290446986558),
(-0.835708921434492,0.,0.549172649204964),(-0.835708921428875,0.,0.549172649213512),
(-0.83436628962227,0.,0.551210390633165),(-0.837046576552593,0.,0.547131637434341),
(-0.837046576552593,0.,0.547131637434341),(-0.827926865129511,0.,0.560836077652661),
(-0.818582801406786,0.,0.574388542052345),(-0.818612226381318,0.,0.574346605125356),
(-0.809017383451186,0.,0.5877847167746),(-0.799232758418098,0.,0.601021628455581),
(-0.799263546250735,0.,0.600980684909839),(-0.78922973572082,0.,0.614098057523426),
(-0.779012789572908,0.,0.627008033187643),(-0.779044914620084,0.,0.626968118012858),
(-0.795201840431938,0.,0.606344813595085),(-0.795242117903784,0.,0.606291987339354),
(-0.782119769693238,0.,0.623128129564857),(-0.820365851139667,0.,0.571839024799716),
(-0.820403868440369,0.,0.571784480943718),(-0.808002144192435,0.,0.589179543925642),
(-0.844035189098089,0.,0.536287795464481),(-0.844070817211655,0.,0.536231718132795),
(-0.832431139956165,0.,0.55412850245343),(-0.866162052247367,0.,0.499763243192844),
(-0.866195268545332,0.,0.499705670119601),(-0.855325800456892,0.,0.51809050857237),
(-0.886711786002709,0.,0.462322623893624),(-0.886742507993325,0.,0.462263695868179),
(-0.876669616563542,0.,0.481092905159006),(-0.905642812957586,0.,0.424041383992496),
(-0.905670991253193,0.,0.423981197227494),(-0.896411042021431,0.,0.443223694923966),
(-0.896381585550269,0.,0.44328326506466),(-0.876637643918214,0.,0.481151162593963),
(-0.855291362867866,0.,0.518147358001204),(-0.832394323576144,0.,0.554183805319331),
(-0.807962971177353,0.,0.589233262135009),(-0.782078374642095,0.,0.623180083055596),
(-0.78054792873151,0.,0.625095937399171),(-0.78054792873151,0.,0.625095937399171),
(-0.789261205123568,0.,0.614057611374448),(-0.809047498762706,0.,0.587743264313433),
(-0.827955601127047,0.,0.560793654174465),(-0.83436628962227,0.,0.551210390633165),
(-0.81006194916167,0.,0.586344300322256),(-0.784282474488262,0.,0.62040390086666),
(-0.757089884895465,0.,0.653310727134471),(-0.72849601792972,0.,0.685050036026961),
(-0.698594134371159,0.,0.71551815869495),(-0.667398243074217,0.,0.744701003854197),
(-0.634991405331768,0.,0.77251920050882),(-0.601422227665898,0.,0.798931351287073),
(-0.566770003793469,0.,0.823876060339145),(-0.531076998776764,0.,0.847323563563687),
(-0.494414500189309,0.,0.869226266286607),(-0.456858321981082,0.,0.889539472781635),
(-0.418443107260404,0.,0.908243010425216),(-0.379283309025253,0.,0.925280590683094),
(-0.339442281580821,0.,0.940626885366991),(-0.298966292552506,0.,0.954263672114479),
(-0.257945068817789,0.,0.96615958385382),(-0.216463347835799,0.,0.976290745138823),
(-0.174580910654418,0.,0.984642831505452),(-0.132375259321571,0.,0.991199672477522),
(-0.0899330053443783,0.,0.995947817182069),(-0.047334128402294,0.,0.998879111949186),
(-0.00463693051175216,0.,0.999989249379927),(0.038069341177564,0.,0.999275099891069),
(0.0806949979404016,0.,0.996738841074932),(0.12318420001618,0.,0.99238382335988),
(0.16543170857121,0.,0.986221247894817),(0.207401924227347,0.,0.978255816147696),
(0.248974794209347,0.,0.968509964764645),(0.29010103442773,0.,0.956996023933204),
(0.330704816476117,0.,0.943734244562259),(0.370684420416873,0.,0.928758881766525),
(0.41001355156378,0.,0.912079430496081),(0.448584308053205,0.,0.893740520827174),
(0.465470319023783,0.,0.885063490438905),(0.437573415208338,0.,0.899182687946621),
(0.390218174276233,0.,0.920722420963302),(0.35161027407889,0.,0.936146470998085),
(0.316724329115417,0.,0.948517632596458),(0.280844215990208,0.,0.959753367456893),
(0.243124024804509,0.,0.969995210587587),(0.205276441618225,0.,0.978704032134618),
(0.167365967751506,0.,0.985894838630674),(0.128864720656145,0.,0.991662182282966),
(0.0899154656100549,0.,0.995949400845308),(0.0506113977273523,0.,0.998718421988943),
(0.011055785817502,0.,0.999938882932331),(-0.0286657970049767,0.,0.999589051601742),
(-0.0684702404108633,0.,0.997653159258306),(-0.108274392816068,0.,0.994121046885293),
(-0.14800241660114,0.,0.988986999247322),(-0.187575874641728,0.,0.982250116443053),
(-0.226936579165519,0.,0.973909538425747),(-0.265897831146145,0.,0.9640012154514),
(-0.922921410090475,0.,0.384988403457311),(-0.922946991148477,0.,0.384927073002113),
(-0.914517933021917,0.,0.404545362328283),(-0.938515234440771,0.,0.345237823424063),
(-0.938538170833461,0.,0.345175465363026),(-0.930955249181639,0.,0.36513329623735),
(-0.952403196216464,0.,0.30484119117446),(-0.952423467454294,0.,0.304777851298844),
(-0.945693311375354,0.,0.325060241832059),(-0.964549238147672,0.,0.263902950322169),
(-0.964566757905721,0.,0.263838908319539),(-0.958718648089525,0.,0.28435638520243),
(-0.974935783049612,0.,0.222486446619655),(-0.974950575213499,0.,0.222421617409073),
(-0.969975852251164,0.,0.243201245986997),(-0.983550003694713,0.,0.180636071237531),
(-0.983562011081824,0.,0.180570679670534),(-0.979480190773825,0.,0.201540457183341),
(-0.990365264345488,0.,0.138479757285647),(-0.990374459948675,0.,0.138413977189334),
(-0.987194929935898,0.,0.159518557882325),(-0.995373573037287,0.,0.0960804355682535),
(-0.995379955793193,0.,0.0960142885467631),(-0.993102865518925,0.,0.117246315499038),
(-0.998568376390966,0.,0.0534901642539129),(-0.998571929748444,0.,0.0534237879457172),
(-0.997203169705717,0.,0.0747384661929268),(-0.99994167222459,0.,0.0108005624247194),
(-0.999942387804209,0.,0.0107341079003829),(-0.999485151747425,0.,0.0320847539561507),
(-0.999491160406777,0.,-0.0318970260167773),(-0.999489039122803,0.,-0.0319634271218805),
(-0.999943591260317,0.,-0.0106214075065961),(-0.99721729326426,0.,-0.0745497821237808),
(-0.997212333403561,0.,-0.0746160981814644),(-0.998579028013161,0.,-0.0532909449371104),
(-0.993125017020632,0.,-0.117058534792507),(-0.993117241198497,0.,-0.117124486057727),
(-0.995390290903019,0.,-0.0959070840762241),(-0.987221876916516,0.,-0.159351704532558),
(-0.987211278731529,0.,-0.159417348946906),(-0.990391969039404,0.,-0.138288638948583),
(-0.979516462096387,0.,-0.201364099288274),(-0.979503081315245,0.,-0.201429177861454),
(-0.983579898110776,0.,-0.180473222480222),(-0.970025104147665,0.,-0.243004726956724),
(-0.970008946668926,0.,-0.243069215208838),(-0.974979825285891,0.,-0.222293365365442),
(-0.958768468481025,0.,-0.284188359801292),(-0.958749598085749,0.,-0.284252015244246),
(-0.964595432670241,0.,-0.263734054061492),(-0.945761056069377,0.,-0.324863086272567),
(-0.945739446333913,0.,-0.324925991031839),(-0.952467342944133,0.,-0.304640707432448),
(-0.931022587593784,0.,-0.364961561524191),(-0.930998334867425,0.,-0.365023424555304),
(-0.938579599947822,0.,-0.345062797997388),(-0.914590096775514,0.,-0.404382189123305),
(-0.914563215376487,0.,-0.404442981247321),(-0.92299261775119,0.,-0.384817654970253),
(-0.923018194126307,0.,-0.384756303797366),(-0.938602525877724,0.,-0.345000432486622),
(-0.952487603023862,0.,-0.30457735648905),(-0.964612940440847,0.,-0.263670011821714),
(-0.974994601247738,0.,-0.222228547981047),(-0.983591886332497,0.,-0.180407874387126),
(-0.990401162096921,0.,-0.138222784363032),(-0.995396657586529,0.,-0.0958409832251631),
(-0.998582569650553,0.,-0.0532245393601421),(-0.999944294672684,0.,-0.0105549775721547),
(-0.999483017281834,0.,0.0321511767312008),(-0.997198199634892,0.,0.0748047501495123),
(-0.993095071964477,0.,0.117312309839466),(-0.987184332789706,0.,0.159584125446562),
(-0.979466789489918,0.,0.201605576029814),(-0.969959678671382,0.,0.243265743070635),
(-0.958699766460545,0.,0.284420037600194),(-0.945671691703376,0.,0.325123132844889),
(-0.930930987242245,0.,0.365195149190374),(-0.914491048846185,0.,0.404606131416968),
(-0.896491261515706,0.,-0.443061415636679),(-0.896461823643067,0.,-0.443120975299687),
(-0.905716596712429,0.,-0.423883765246624),(-0.876759570550887,0.,-0.480928950519121),
(-0.876727607467261,0.,-0.48098721636311),(-0.886798506182306,0.,-0.462156260839156),
(-0.855420816489401,0.,-0.51793361226764),(-0.855386378630432,0.,-0.517990485678565),
(-0.866256882791205,0.,-0.499598852097225),(-0.832528839926434,0.,-0.553981706097544),
(-0.832492045836699,0.,-0.554036996615413),(-0.844125499548027,0.,-0.536145634145047),
(-0.808121019040806,0.,-0.589016484136437),(-0.808081863073667,0.,-0.589070201734387),
(-0.820479410942718,0.,-0.571676076304659),(-0.782231540179688,0.,-0.622987814927477),
(-0.78219013630683,0.,-0.623039798619881),(-0.795315635550743,0.,-0.606195545883106),
(-0.754915205880386,0.,-0.65582240883533),(-0.754871608550067,0.,-0.655872590222396),
(-0.768707942987582,0.,-0.639599951835365),(-0.726222764890945,0.,-0.687459450261724),
(-0.72617708154533,0.,-0.687507706311941),(-0.740690887655384,0.,-0.671845971145381),
(-0.703970697373348,0.,-0.710229017458229),(-0.703970697363081,0.,-0.710229017468406),
(-0.711378886081949,0.,-0.702808708281852),(-0.696485112535472,0.,-0.717571242467569),
(-0.696485112535472,0.,-0.717571242467569),(-0.697904935642588,0.,-0.716190408205608),
(-0.697904935632332,0.,-0.716190408215602),(-0.696485112521438,0.,-0.717571242481191),
(-0.699322021143648,0.,-0.714806764617938),(-0.699322021143648,0.,-0.714806764617938),
(-0.719920214657833,0.,-0.694056830905812),(-0.739902987747133,0.,-0.67271358595086),
(-0.739751503197099,0.,-0.672880162820715),(-0.755013964210325,0.,-0.655708711126679),
(-0.76973421537671,0.,-0.638364502207321),(-0.769699487229997,0.,-0.638406374778541),
(-0.781636146931951,0.,-0.623734666191781),(-0.79326005983277,0.,-0.608882975188262),
(-0.793229955780347,0.,-0.60892219310246),(-0.804175494699609,0.,-0.594391936120132),
(-0.814826245706739,0.,-0.579705260720877),(-0.814801029841762,0.,-0.579740702184005),
(-0.825947323044135,0.,-0.563747301152056),(-0.836755915739379,0.,-0.547576056338436),
(-0.836731085901427,0.,-0.547613997160609),(-0.847355832622766,0.,-0.531025510611476),
(-0.857628433909555,0.,-0.51426984098802),(-0.857599935901821,0.,-0.514317363056306),
(-0.8673370216016,0.,-0.497721298478642),(-0.876726333051232,0.,-0.480989539319245),
(-0.876701638431374,0.,-0.481034548833807),(-0.885889701321861,0.,-0.463895933472005),
(-0.894719834493411,0.,-0.446627829141986),(-0.8946961583878,0.,-0.446675255824758),
(-0.903274831685881,0.,-0.429062441193404),(-0.911485021026589,0.,-0.411333266882413),
(-0.911462744351275,0.,-0.411382626832541),(-0.919393327280142,0.,-0.393339433254219),
(-0.926946454094463,0.,-0.375193644991092),(-0.926925777415643,0.,-0.375244724363191),
(-0.934173901768688,0.,-0.356818050628418),(-0.941037116469631,0.,-0.338303333454642),
(-0.941018208958965,0.,-0.338355922672653),(-0.947560200060974,0.,-0.31957732594852),
(-0.953710689738759,0.,-0.300725656168576),(-0.953693677054165,0.,-0.300779604273472),
(-0.959505168427326,0.,-0.281691021797374),(-0.964919785458715,0.,-0.262544867842254),
(-0.964904781715952,0.,-0.262600004230183),(-0.969966610034119,0.,-0.243238104372895),
(-0.974627172999112,0.,-0.223834478246222),(-0.974614269542498,0.,-0.223890655464097),
(-0.978910323015139,0.,-0.204290429277525),(-0.982801600325491,0.,-0.184664599741404),
(-0.982790873025133,0.,-0.184721682264148),(-0.986306676702846,0.,-0.164921616204149),
(-0.989415187808288,0.,-0.145112322475693),(-0.989406702260566,0.,-0.145170167465193),
(-0.99213128411884,0.,-0.125201897240825),(-0.994446755622362,0.,-0.105240915200115),
(-0.994440564007832,0.,-0.105299404821609),(-0.996364712460689,0.,-0.0851901388843106),
(-0.997878431990006,0.,-0.0651047998934591),(-0.997874579432146,0.,-0.0651638221954268),
(-0.998983658161129,0.,-0.045073836391062),(-0.999686832346515,0.,-0.0250247324259565),
(-0.999685303734905,0.,-0.0250857229604766),(-0.999686832346515,0.,-0.0250247324259565),
(-0.61531366289439,0.,0.788282370889589),(-0.999686832346515,0.,-0.0250247324259565),
(-0.61387466043512,0.,0.789403509794368),(-0.998980905771826,0.,-0.0451347970340157),
(-0.996359670844808,0.,-0.0852490839483096),(-0.992123917020999,0.,-0.125260262154082),
(-0.986297031238134,0.,-0.164979290127103),(-0.978898453754994,0.,-0.204347295641716),
(-0.969952585885027,0.,-0.243294021987694),(-0.959489068233487,0.,-0.281745857006692),
(-0.947542118493878,0.,-0.31963093354701),(-0.934153957038495,0.,-0.356870262909816),
(-0.91937164816983,0.,-0.39339010224139),(-0.903251592496184,0.,-0.42911136159872),
(-0.885865107600478,0.,-0.463942896417214),(-0.867311465922228,0.,-0.497765829562292),
(-0.847326404106201,0.,-0.531072466716602),(-0.825921758339104,0.,-0.563784754229876),
(-0.80414963879554,0.,-0.594426915966128),(-0.781605307505417,0.,-0.623773310810395),
(-0.754978291464015,0.,-0.655749784154046),(-0.719763921360015,0.,-0.69421891180553),
(-0.711378886081949,0.,-0.702808708281852),(-0.740735529369746,0.,-0.671796751651362),
(-0.768750457721823,0.,-0.6395488517326),(-0.795355919165521,0.,-0.60614269099641),
(-0.820517409885304,0.,-0.571621535699201),(-0.844161104660445,0.,-0.536089572159782),
(-0.866290097154011,0.,-0.499541257127871),(-0.886829217187001,0.,-0.462097326916627),
(-0.90574475592601,0.,-0.423823591972571),(-0.613874448196737,0.,0.789403674840162),
(-0.614594205367503,0.,0.788843433596707),(-0.600910004923057,0.,0.799316686916626),
(-0.587785512516271,0.,0.809016805311227),(-0.587826599505607,0.,0.808986952251811),
(-0.574503890340061,0.,0.81850185093507),(-0.561069238953137,0.,0.827768874203753),
(-0.561111280394413,0.,0.827740376575978),(-0.561069238953137,0.,0.827768874203753),
(0.329465869077263,0.,0.944167485731651),(-0.561069238953137,0.,0.827768874203753),
(0.332716960889638,0.,0.94302673553636),(-0.574545473330565,0.,0.818472662387301),
(-0.60095061120315,0.,0.799286158327892),(0.332717309535273,0.,0.943026612527774),
(0.331092254692021,0.,0.943598388554617),(0.351569618183614,0.,0.936161740069646),
(0.370280407397845,0.,0.928920028795421),(0.370221062892909,0.,0.928943682141412),
(0.388915362811679,0.,0.921273488476175),(0.407392523150778,0.,0.913253158812409),
(0.407331861533571,0.,0.91328021689928),(0.425659627352887,0.,0.904883352505615),
(0.443754875418059,0.,0.896148207911338),(0.443695301300038,0.,0.896177705371132),
(0.46163455726606,0.,0.88707019763814),(0.479328618953453,0.,0.877635502388193),
(0.479270168568076,0.,0.877667423071363),(0.496792720310934,0.,0.867869225774288),
(0.514057918286647,0.,0.857755476022624),(0.514000663374891,0.,0.857789786632),
(0.531069775066921,0.,0.847328091125492),(0.547870195112694,0.,0.836563356421484),
(0.547814231167109,0.,0.836600004859424),(0.564406434101707,0.,0.825497048537786),
(0.580719218728121,0.,0.814103917813814),(0.580664594820997,0.,0.814142879549633),
(0.596746919055966,0.,0.802429507556403),(0.612539991006361,0.,0.790439598842269),
(0.61248678200565,0.,0.790480829538809),(0.628031061708518,0.,0.778188271261699),
(0.643277157405367,0.,0.765633397103647),(0.643225414466377,0.,0.765676867996257),
(0.658197057214722,0.,0.752845690612545),(0.672862808151111,0.,0.739767288684084),
(0.672812594707345,0.,0.739812957715104),(0.687188153665574,0.,0.726479484542887),
(0.701251143620054,0.,0.712914324145312),(0.70120247149469,0.,0.712962196732574),
(0.71494429833332,0.,0.699181414427384),(0.728368565862586,0.,0.685185545865702),
(0.728321479702802,0.,0.685235596129915),(0.741385581457821,0.,0.67107929457438),
(0.754129449083822,0.,0.656725798202363),(0.754083824626833,0.,0.656778185871127),
(0.766883375796812,0.,0.641786481570379),(0.779341403760988,0.,0.626599534299102),
(0.779299122165513,0.,0.626652118956013),(0.791384004407333,0.,0.611319358083984),
(0.803127059864924,0.,0.595807792591472),(0.803078910009193,0.,0.595872691351472),
(0.813805478824398,0.,0.581137369849326),(0.824215952386768,0.,0.566275607660415),
(0.824174447418189,0.,0.566336013531652),(0.834750824882156,0.,0.550627878297639),
(0.844988663837173,0.,0.534784216284166),(0.844951393127234,0.,0.534843101528239),
(0.85692939346746,0.,0.515433812056883),(0.868427074180268,0.,0.495816918661213),
(0.868381425969751,0.,0.495896863299962),(0.882552675507948,0.,0.470213541865568),
(0.895923636471626,0.,0.444208101694981),(0.895907353349998,0.,0.444240941622226),
(0.896801831720827,0.,0.442432452044568),(0.89767650777814,0.,0.440655066217607),
(0.897676334326108,0.,0.440655419563678),(0.89300465111909,0.,0.450047434255183),
(0.892954343203069,0.,0.450147243637874),(0.897627249913105,0.,0.440755397259563),
(0.878225617064304,0.,0.478246553079082),(0.878193841511797,0.,0.47830489933802),
(0.888204003515892,0.,0.459449287885335),(0.857008052273755,0.,0.515303016038083),
(0.856973803724522,0.,0.515359971020183),(0.867783444305465,0.,0.496942545762931),
(0.834222582687492,0.,0.551427857959871),(0.83418592985128,0.,0.551483303861645),
(0.845773338354979,0.,0.533542369571409),(0.809915059208429,0.,0.586547182132356),
(0.809876074506458,0.,0.586601009155295),(0.822218015211475,0.,0.569172676313351),
(0.784129830049026,0.,0.620596817287429),(0.784088578495952,0.,0.620648935447566),
(0.797164771185176,0.,0.603761813616335),(0.75691727917675,0.,0.653510698063671),
(0.756873854651085,0.,0.653560990379328),(0.770654730634572,0.,0.63725292164929),
(0.728330405034426,0.,0.685226109472187),(0.72828487665681,0.,0.685274498601091),
(0.742747950997832,0.,0.669571117424074),(0.698407345779551,0.,0.715700481599086),
(0.698359762966755,0.,0.71574691160285),(0.713489839739444,0.,0.700665575427096),
(0.667210957130157,0.,0.74486880635818),(0.667161467954555,0.,0.74491313297372),
(0.682911012625908,0.,0.7305015734646),(0.634797503721573,0.,0.772678542001044),
(0.634746134448212,0.,0.772720741796836),(0.651107840364188,0.,0.758985230565315),
(0.601225268278529,0.,0.799079581007681),(0.601172174113729,0.,0.79911952614823),
(0.618094781401557,0.,0.786103581727091),(0.56656016910904,0.,0.824020372793741),
(0.566505396910978,0.,0.824058029067574),(0.583975540371248,0.,0.8117712536473),
(0.530857186807225,0.,0.847461295408303),(0.530800865448977,0.,0.847496572995205),
(0.548776841166356,0.,0.835968886143184),(0.494195220476716,0.,0.869350955631826),
(0.494137464092247,0.,0.86938378555186),(0.512582853834647,0.,0.858637768767906),
(0.456630615085481,0.,0.889656383873378),(0.456571484612122,0.,0.889686731068348),
(0.475466868735451,0.,0.879733628284668),(0.418227172080207,0.,0.908342464345796),
(0.418166806235869,0.,0.90837025609742),(0.437467867134948,0.,0.899234043630689),
(0.379057059183943,0.,0.925373300826656),(0.378995543189773,0.,0.92539849699591),
(0.398675044858222,0.,0.91709225741323),(0.339185627707801,0.,0.940719464004262),
(0.339123080896013,0.,0.940742013521027),(0.359143106605679,0.,0.933282502234785),
(0.298715711388184,0.,0.954342141880914),(0.298652332799309,0.,0.954361977508288),
(0.318948339748856,0.,0.947772101600089),(0.257712544975162,0.,0.966221633044109),
(0.257648337967489,0.,0.966238756179129),(0.27822029639031,0.,0.960517291190787),
(0.21621575581793,0.,0.976345608345775),(0.216150842762144,0.,0.976359981345618),
(0.236958876536271,0.,0.971519681133979),(0.17432965519012,0.,0.984687346989538),
(0.174264236831942,0.,0.984698926454874),(0.195244208749512,0.,0.980754657878196),
(0.132127695425116,0.,0.991232703305156),(0.13206179920357,0.,0.991241484801315),
(0.15320480945954,0.,0.988194457765508),(0.0896822290853422,0.,0.995970430176662),
(0.0896160537369039,0.,0.995976386724416),(0.110858565946212,0.,0.993836192919311),
(0.047074495861982,0.,0.998891381402072),(0.0470080949107516,0.,0.998894508450648),
(0.0683326633685035,0.,0.997662591819983),(0.0043853332478451,0.,0.999990384379923),
(0.00431890435524436,0.,0.999990673489093),(0.0256621264235978,0.,0.999670673405707),
(-0.0383126595427551,0.,0.999265800534953),(-0.0383790879767971,0.,0.999263251403788),
(-0.0170263307182019,0.,0.999855041524657),(-0.080947747445879,0.,0.996718346466763),
(-0.0810139797964249,0.,0.996712965240016),(-0.0597143039047158,0.,0.998215508750077),
(-0.12342877815754,0.,0.99235343337066),(-0.123494727549592,0.,0.992345228369367),
(-0.102276723251531,0.,0.994755986099571),(-0.165693930689917,0.,0.986177226127497),
(-0.165759490768514,0.,0.986166208719485),(-0.144656435039153,0.,0.989481943140835),
(-0.207644643110186,0.,0.978204325377701),(-0.207709613113499,0.,0.978190531859842),
(-0.186786842189393,0.,0.98240046599384),(-0.249214438520311,0.,0.968448327807429),
(-0.249278814084295,0.,0.96843175952089),(-0.228537826568369,0.,0.973535033692885),
(-0.290348871789082,0.,0.95692086018166),(-0.290412488094879,0.,0.956901555416513),
(-0.269906077232744,0.,0.962886654530445),(-0.330943864534676,0.,0.943650442974968),
(-0.331006560706134,0.,0.943628452712982),(-0.310786333195861,0.,0.950479802572717),
(-0.353303105630294,0.,0.935508907254222),(-0.353303105617463,0.,0.935508907259068),
(-0.351013702198021,0.,0.936370322505599),(-0.355590395094549,0.,0.934641894479647),
(-0.355590395094549,0.,0.934641894479647),(-0.34015558828148,0.,0.940369169933213),
(-0.324628587420932,0.,0.945841572478759),(-0.324677047494352,0.,0.945824938786428),
(-0.309016285247144,0.,0.951056746704452),(-0.29332025757599,0.,0.95601423969288),
(-0.293369230364748,0.,0.955999212695907),(-0.277543804986421,0.,0.960712983316901),
(-0.261692145061277,0.,0.965151398078678),(-0.261741589059537,0.,0.9651379904224),
(-0.286922139848811,0.,0.957953905814147),(-0.286985816110325,0.,0.957934831474193),
(-0.266460762634378,0.,0.963845766695225),(-0.327570924385553,0.,0.944826592289397),
(-0.327633727928534,0.,0.944804815993045),(-0.307379939231688,0.,0.951586870946591),
(-0.367616589373772,0.,0.929977442316316),(-0.367678388450816,0.,0.929953010999056),
(-0.347738026178832,0.,0.93759173692458),(-0.406986380325262,0.,0.913434226548218),
(-0.407047080279368,0.,0.91340717888357),(-0.387451098942828,0.,0.921890256987237),
(-0.445613916753324,0.,0.895225243832948),(-0.445673406834879,0.,0.895195629144933),
(-0.426457460238356,0.,0.904507619982856),(-0.483437202603913,0.,0.875379044265113),
(-0.483495399863245,0.,0.875346901697311),(-0.464686165692323,0.,0.885475447098431),
(-0.46462729625958,0.,0.885506338526446),(-0.42639735256954,0.,0.904535957119278),
(-0.387389836534277,0.,0.921916001894938),(-0.347675720754558,0.,0.937614842671445),
(-0.307316686182484,0.,0.951607300515195),(-0.266396694761373,0.,0.963863476338955),
(-0.264045205172888,0.,0.964510305608607),(-0.264045205161889,0.,0.964510305611618),
(-0.277593030717827,0.,0.960698760953136),(-0.309065013100974,0.,0.951040912725049),
(-0.340203776896502,0.,0.940351737481967),(-0.351013702225319,0.,0.936370322495366),
(-0.310723183097072,0.,0.950500448966766),(-0.269842064357205,0.,0.962904595639382),
(-0.228473113114874,0.,0.973550222938497),(-0.186721593885831,0.,0.982412869610702),
(-0.144590655885552,0.,0.989491557432698),(-0.102210615006146,0.,0.994762780857861),
(-0.0596479730759094,0.,0.998219474518473),(-0.0169598643104805,0.,0.999856171157917),
(0.0257285326956493,0.,0.999668966511079),(0.0683989810600572,0.,0.997658047323804),
(0.110924597735975,0.,0.993828825108787),(0.15327050176486,0.,0.988184270917499),
(0.19530936372238,0.,0.980741684870363),(0.237023466455816,0.,0.971503925030295),
(0.278284121881958,0.,0.960498801409136),(0.319011279423712,0.,0.94775091854371),
(0.359205156165998,0.,0.933258622132022),(0.398736007444564,0.,0.917065753567959),
(0.437527624576197,0.,0.899204969810949),(0.475525336498978,0.,0.879702025885773),
(0.512639895135569,0.,0.85860371412858),(0.548832395283235,0.,0.835932414665006),
(0.584029494778492,0.,0.811732436969707),(0.618147009680398,0.,0.786062513050446),
(0.651158295446922,0.,0.758941943939494),(0.682959543330071,0.,0.730456201407299),
(0.713536418961778,0.,0.700618140512507),(0.742792435118791,0.,0.669521768376725),
(0.770697070687367,0.,0.637201714713568),(0.797204899451096,0.,0.603708827408684),
(0.822255840823399,0.,0.569118030141205),(0.845808798007775,0.,0.533486154658809),
(0.867816468179072,0.,0.496884873544367),(0.888234525707898,0.,0.459390277803596),
(0.896801657409264,0.,0.442432805370485),(0.882535438144506,0.,0.470245893569614),
(0.856881938273418,0.,0.515512699999515),(0.83471244888227,0.,0.550686051830773),
(0.813762883102608,0.,0.581197014862027),(0.79133459875666,0.,0.611383310870224),
(0.766840066747347,0.,0.641838228863726),(0.741338956627825,0.,0.671130800504617),
(0.714896246530378,0.,0.6992305461697),(0.687138550883279,0.,0.726526401371642),
(0.658145950779109,0.,0.752890368827403),(0.627978464265513,0.,0.778230716702141),
(0.596692896129146,0.,0.802469680242819),(0.564351038112835,0.,0.82553492099424),
(0.531013082512983,0.,0.847363621003439),(0.496734780968964,0.,0.867902389313289),
(0.461575468309216,0.,0.887100945245313),(0.425599461426551,0.,0.904911652280724),
(0.388854156425346,0.,0.921299324340755),(0.351509798570745,0.,0.936184202766076),
(-0.520364591738215,0.,0.853944197043999),(-0.520421293690244,0.,0.853909642218527),
(-0.502083905616213,0.,0.864818912675463),(-0.556349118869402,0.,0.830948649396123),
(-0.556404381115227,0.,0.83091164673254),(-0.538521834839439,0.,0.842611555463823),
(-0.591335324059107,0.,0.806425777440126),(-0.591388922263684,0.,0.806386472247519),
(-0.574032796641936,0.,0.818832307850294),(-0.625222102111969,0.,0.780446873932295),
(-0.625273941447155,0.,0.780405342208227),(-0.60847526061613,0.,0.793572843044754),
(-0.657965008940617,0.,0.753048502428478),(-0.658015046719255,0.,0.753004779726568),
(-0.641787777511677,0.,0.766882291252459),(-0.689522255398969,0.,0.724264495408631),
(-0.689570407012858,0.,0.724218650527672),(-0.673942345693612,0.,0.738783943166737),
(-0.719824696392274,0.,0.694155894928344),(-0.719870830487926,0.,0.694108051684047),
(-0.704883741528029,0.,0.709322853804561),(-0.748804926568398,0.,0.662790451007629),
(-0.748848962206875,0.,0.662740697257748),(-0.734529568301476,0.,0.678576681953371),
(-0.776418021722824,0.,0.63021826024324),(-0.776459901845187,0.,0.630166661151288),
(-0.762827020430919,0.,0.646602611269462),(-0.802619189181607,0.,0.596491774593296),
(-0.802658831999872,0.,0.596438428852971),(-0.789738723290244,0.,0.613443354300864),
(-0.827354810516735,0.,0.561679639576527),(-0.827392130272888,0.,0.561624663598824),
(-0.815212839566144,0.,0.579161485430881),(-0.850583461578087,0.,0.525840065884903),
(-0.85061841526433,0.,0.525783521625773),(-0.839194247870864,0.,0.543831788644664),
(-0.872260169556701,0.,0.489042121503777),(-0.872292660662426,0.,0.488984165545743),
(-0.861654468366186,0.,0.507495396180681),(-0.892346636784068,0.,0.451350728170634),
(-0.892376641069933,0.,0.451291403056544),(-0.882533246888347,0.,0.470250005993314),
(-0.910803915163696,0.,0.412839227935625),(-0.910831338886331,0.,0.412778720505956),
(-0.901812802689941,0.,0.432126912960201),(-0.92759746307818,0.,0.373581244832934),
(-0.927622288227905,0.,0.373519598391871),(-0.919434830409866,0.,0.393242409499765),
(-0.942703740855982,0.,0.333631019205555),(-0.94272591522191,0.,0.333568356966023),
(-0.935386731808919,0.,0.353626444084474),(-0.956089682776538,0.,0.293074254222813),
(-0.956109155841377,0.,0.293010720138854),(-0.949635029384856,0.,0.313358119354236),
(-0.967731201167202,0.,0.251984765982955),(-0.967747947055015,0.,0.251920445718096),
(-0.962147365376659,0.,0.272529718193731),(-0.977608022470217,0.,0.210434204448498),
(-0.977622004824232,0.,0.21036923654244),(-0.972907127871542,0.,0.231196281407698),
(-0.972891761762017,0.,0.231260934650881),(-0.962129250076109,0.,0.272593664908017),
(-0.949614204635257,0.,0.313421221928172),(-0.935363224668343,0.,0.353688617201685),
(-0.919408695069714,0.,0.393303510574475),(-0.901784094220353,0.,0.432186820034089),
(-0.882501982855539,0.,0.470308675505824),(-0.861620748029915,0.,0.507552644131001),
(-0.839158095162774,0.,0.543887572318751),(-0.815174355332887,0.,0.579215651038206),
(-0.789697951122385,0.,0.613495840241078),(-0.762784048920009,0.,0.646653303334327),
(-0.734484481413159,0.,0.678625483284589),(-0.704836597169138,0.,0.709369700009121),
(-0.673893226723548,0.,0.738828748070975),(-0.641736818630091,0.,0.766924934797748),
(-0.608422547714317,0.,0.793613258100455),(-0.573978372341618,0.,0.818870458671008),
(-0.538465795631707,0.,0.84264736808152),(-0.502026480454256,0.,0.864852249186364),
(-0.985700850581181,0.,0.168504697749161),(-0.9857120451113,0.,0.168439200076762),
(-0.981891088159624,0.,0.189446274686806),(-0.991996878782496,0.,0.126262395374819),
(-0.992005269781357,0.,0.126196452905849),(-0.989083622553446,0.,0.147355310717163),
(-0.99648345862557,0.,0.0837897170637438),(-0.996489024005913,0.,0.0837235034846395),
(-0.994474328059483,0.,0.104980049679168),(-0.999152197214091,0.,0.0411690029300432),
(-0.999154931042804,0.,0.0411026005606645),(-0.998049421406728,0.,0.0624287788579609),
(-0.99999882682708,0.,-0.0015317782028686),(-0.999998722810737,0.,-0.00159824181348642),
(-0.999804798069732,0.,0.0197576758942535),(-0.99902151254652,0.,-0.0442268862714075),
(-0.999018571419464,0.,-0.0442932721642077),(-0.999736535658088,0.,-0.0229534152222531),
(-0.996222326239664,0.,-0.086839372991931),(-0.996216553017404,0.,-0.0869055780380232),
(-0.997845149479017,0.,-0.0656129382149477),(-0.991605908808963,0.,-0.12929702864007),
(-0.991597313517557,0.,-0.129362930643847),(-0.994133652945515,0.,-0.108158587644287),
(-0.986986676062466,0.,-0.160802056190723),(-0.986986676062466,0.,-0.160802056190723),
(-0.988618749835087,0.,-0.15044257201507),(-0.985246050952153,0.,-0.171143854938434),
(-0.985246050952153,0.,-0.171143854938434),(-0.985583327688605,0.,-0.169190733145336),
(-0.98558332769175,0.,-0.169190733127015),(-0.985246050955426,0.,-0.171143854919594),
(-0.985916732619681,0.,-0.167236946696993),(-0.985916732619681,0.,-0.167236946696993),
(-0.990384871939425,0.,-0.138339457254714),(-0.994006203309332,0.,-0.10932368353914),
(-0.993981559887705,0.,-0.109547517558385),(-0.996234991301498,0.,-0.0866939565742827),
(-0.997948654035959,0.,-0.0640194025887352),(-0.997945171543899,0.,-0.0640736653565141),
(-0.998978822237434,0.,-0.0451808888924136),(-0.999653403083163,0.,-0.0263262930214357),
(-0.999652099740365,0.,-0.0263757366660876),(-0.999966456071308,0.,-0.00819064907012071),
(-0.999950520511678,0.,0.00994768960228247),(-0.999950952149084,0.,0.00990420598231627),
(-0.999567774858787,0.,0.0293983581829623),(-0.998806717789892,0.,0.0488379002188198),
(-0.998808931650631,0.,0.0487926024610822),(-0.997654236928039,0.,0.0684545362962384),
(-0.996116521237402,0.,0.0880447392971106),(-0.996121397651891,0.,0.0879895513117501),
(-0.994243846320521,0.,0.107140907471315),(-0.992005120099906,0.,0.126197629516449),
(-0.992011598079959,0.,0.126146697439313),(-0.989370827080394,0.,0.145414464625281),
(-0.986364306783024,0.,0.164576590997764),(-0.986373030124871,0.,0.164524300461303),
(-0.982960927428578,0.,0.183814621694659),(-0.979182366813475,0.,0.20298249314057),
(-0.97919335696357,0.,0.202929469714025),(-0.975004310899347,0.,0.222185944037173),
(-0.970449680359893,0.,0.24130358034928),(-0.970462974486472,0.,0.241250109120946),
(-0.965495212609402,0.,0.260420802602874),(-0.960164187304015,0.,0.279436456853467),
(-0.960179804498879,0.,0.279382789435023),(-0.954434725073087,0.,0.298419764048329),
(-0.948329986085581,0.,0.317285734773756),(-0.948347931968154,0.,0.317232091585522),
(-0.9418297266724,0.,0.336090413365501),(-0.934956625775164,0.,0.354762044079013),
(-0.93497689515613,0.,0.354708620594711),(-0.92769124646849,0.,0.373348297472669),
(-0.920056428454117,0.,0.3917858706746),(-0.920079009955971,0.,0.391732836814123),
(-0.912033970051121,0.,0.410114663810978),(-0.903646420349618,0.,0.428279286201565),
(-0.903671293562114,0.,0.428226801113353),(-0.894877094178411,0.,0.446312655337941),
(-0.885747934810181,0.,0.464166560600287),(-0.885775071607814,0.,0.464114773001433),
(-0.876243601922127,0.,0.481868394990309),(-0.866385540632776,0.,0.499375705238504),
(-0.866414906262625,0.,0.499324754249103),(-0.856150551339843,0.,0.516726459009487),
(-0.845568133018367,0.,0.533867523290033),(-0.845599712457473,0.,0.53381750279645),
(-0.834687591042079,0.,0.550723728706483),(-0.823471072406369,0.,0.567358257990403),
(-0.823505687518161,0.,0.567308013891255),(-0.823471072406369,0.,0.567358257990403),
(-0.034458095300599,0.,0.999406143501268),(-0.823471072406369,0.,0.567358257990403),
(-0.0326349309560011,0.,0.999467338776759),(-0.834721198389617,0.,0.55067278937587),
(-0.856181123175361,0.,0.516675801947582),(-0.876271943561707,0.,0.481816854132968),
(-0.894903191943349,0.,0.446260324305898),(-0.912057792378147,0.,0.410061682387299),
(-0.927712768681799,0.,0.373294814891329),(-0.941848932044175,0.,0.336036589090009),
(-0.954451606127424,0.,0.298365768078011),(-0.965509768795117,0.,0.260366830378218),
(-0.975016553071346,0.,0.222132215666415),(-0.98297088066184,0.,0.183761388139312),
(-0.989378535287241,0.,0.14536200986803),(-0.994249346327987,0.,0.107089856318747),
(-0.997658028249173,0.,0.0683992592794139),(-0.999569107184444,0.,0.0293530230554456),
(-0.999966098932236,0.,-0.00823413542789966),(-0.998976586249954,0.,-0.0452303009539958),
(-0.99623027575159,0.,-0.086748127794843),(-0.99035369391235,0.,-0.13856248032625),
(-0.988618749835087,0.,-0.15044257201507),(-0.994140838845223,0.,-0.108092518428041),
(-0.99784950758141,0.,-0.0655466263017191),(-0.999738058698158,0.,-0.0228869829911757),
(-0.999803482719502,0.,0.019824125250691),(-0.998045270354516,0.,0.062495106392265),
(-0.994467350387115,0.,0.105046128029693),(-0.989073825238384,0.,0.147421057614954),
(-0.981878498020909,0.,0.189511517128126),(-0.0326346622399156,0.,0.999467347550928),
(-0.0335462585566195,0.,0.999437165877279),(-0.0163195044200912,0.,0.999866828020353),
(0.,0.,1.),(-5.07873373629176E-5,0.,0.999999998710323),(0.0163195044212498,
0.,0.999866828020334),(0.0326346622392051,0.,0.999467347550951),(0.032583901904709,
0.,0.999469003689791),(0.0326346622392051,0.,0.999467347550951),(0.821511187463768,
0.,0.570192396364186),(0.0326346622392051,0.,0.999467347550951),(0.823470862648955,
0.,0.56735856243489),(0.01626870886895,0.,0.999867655798375),(-0.0163702999224866,
0.,0.99986599766191),(0.823471072407938,0.,0.567358257988126),(0.822492455541399,
0.,0.568776019692635),(0.83468759104274,0.,0.55072372870548),(0.845568133018367,
0.,0.533867523290033),(0.845534026046685,0.,0.533921539926312),(0.856150551340447,
0.,0.516726459008485),(0.866385540632933,0.,0.499375705238231),(0.866352366066111,
0.,0.499433256613584),(0.876243601921169,0.,0.481868394992052),(0.885747934810452,
0.,0.46416656059977),(0.885717078336351,0.,0.464225437846008),(0.894877094178877,
0.,0.446312655337007),(0.903646420349838,0.,0.4282792862011),(0.903617895353841,
0.,0.42833946724099),(0.912033970052113,0.,0.410114663808771),(0.920056428454117,
0.,0.3917858706746),(0.920030277576297,0.,0.391847276809322),(0.927691246468431,
0.,0.373348297472814),(0.93495662577528,0.,0.354762044078707),(0.93493288851773,
0.,0.354824596058241),(0.941829726671937,0.,0.336090413366798),(0.948329986085581,
0.,0.317285734773757),(0.948308696626341,0.,0.317349359386231),(0.954434725073026,
0.,0.298419764048524),(0.960164187303951,0.,0.279436456853687),(0.960145374763862,
0.,0.279501090014982),(0.965495212609337,0.,0.260420802603116),(0.97044968035984,
0.,0.241303580349491),(0.970433372129401,0.,0.241369157635268),(0.975004310899563,
0.,0.222185944036225),(0.9791823668135,0.,0.20298249314045),(0.979168585233442,
0.,0.203048963779526),(0.98296092742877,0.,0.183814621693632),(0.986364306783001,
0.,0.1645765909979),(0.986353070232758,0.,0.164643921364904),(0.989370827079996,
0.,0.14541446462799),(0.992005120099906,0.,0.126197629516449),(0.991996444291716,
0.,0.126265808961068),(0.994243846320759,0.,0.1071409074691),(0.996116521237386,
0.,0.0880447392972954),(0.996110404436929,0.,0.0881139158844806),(0.997654236927974,
0.,0.068454536297181),(0.998806717789892,0.,0.0488379002188198),(0.99880341897325,
0.,0.048905319213224),(0.99956777485882,0.,0.0293983581818404),(0.999950520511703,
0.,0.00994768959985167),(0.999949713420368,0.,0.0100284909394943),(0.999966456071295,
0.,-0.00819064907161302),(0.999653403083163,0.,-0.0263262930214357),(0.999655329209502,
0.,-0.0262530528328194),(0.998978822237394,0.,-0.0451808888933006),(0.997948654035688,
0.,-0.0640194025929606),(0.997953113652545,0.,-0.0639498471553365),(0.996234991301118,
0.,-0.0866939565786535),(0.994006203308845,0.,-0.109323683543573),(0.994016264373594,
0.,-0.109232166328267),(0.990384871939125,0.,-0.138339457256864),(0.98591673261962,
0.,-0.167236946697352),(0.985922861641807,0.,-0.167200810081862),(0.985583327688467,
0.,-0.169190733146138),(0.985246050952159,0.,-0.171143854938401),(0.985246118355654,
0.,-0.171143466907492),(0.986986676063393,0.,-0.160802056185034),(0.987004638110229,
0.,-0.160691768142915),(0.985265168504846,0.,-0.171033761962713),(0.991605908809728,
0.,-0.1292970286342),(0.991614499702518,0.,-0.129231126203111),(0.98862874587002,
0.,-0.150376869363183),(0.99622232623967,0.,-0.0868393729918692),(0.996228095362818,
0.,-0.0867731641106412),(0.99414802030918,0.,-0.108026449147134),(0.999021512546317,
0.,-0.0442268862759905),(0.999024449084902,0.,-0.0441605041933249),(0.997853860668692,
0.,-0.0654803233695987),(0.999998826827083,0.,-0.0015317782011133),(0.999998926427319,
0.,-0.00146531368995302),(0.999739577633727,0.,-0.022820537082573),(0.999152197214175,
0.,0.0411690029280105),(0.999149459026782,0.,0.0412354037992742),(0.999802163080007,
0.,0.0198905681301132),(0.996483458625302,0.,0.0837897170669252),(0.996477888582811,
0.,0.0838559333949736),(0.998041115421814,0.,0.0625614252361691),(0.991996878783027,
0.,0.126262395370642),(0.991988483723892,0.,0.126328334743923),(0.994460365741666,
0.,0.105112230349049),(0.985700850580599,0.,0.168504697752566),(0.985689651371314,
0.,0.168570196593284),(0.989064027210644,0.,0.147486779332464),(0.97760802246912,
0.,0.210434204453591),(0.977594035751748,0.,0.210499171643525),(0.98186590197578,
0.,0.189576766871069),(0.96773120116622,0.,0.251984765986726),(0.967714451305444,
0.,0.2520490839789),(0.972876389567212,0.,0.231325594396006),(0.95608968277593,
0.,0.293074254224798),(0.956070205752046,0.,0.293137786157365),(0.962111134342328,
0.,0.272657596949945),(0.942703740859016,0.,0.333631019196982),(0.942681562451547,
0.,0.333693679613369),(0.949593369966586,0.,0.313484340462968),(0.92759746307533,
0.,0.373581244840011),(0.927572633563336,0.,0.373642890290149),(0.93533971762773,
0.,0.353750777565334),(0.910803915165281,0.,0.412839227932128),(0.91077648650961,
0.,0.412899735554783),(0.919382564755418,0.,0.393364588675378),(0.892346636782128,
0.,0.45135072817447),(0.89231663011234,0.,0.451410048210002),(0.901755362068495,
0.,0.432246766304524),(0.872260169559271,0.,0.489042121499193),(0.872227672801338,
0.,0.489100078511098),(0.882470731458406,0.,0.470367311916193),(0.850583461574952,
0.,0.525840065889974),(0.850548505618343,0.,0.525896605418216),(0.861587008332685,
0.,0.507609916247047),(0.827354810506895,0.,0.561679639591022),(0.827317486612526,
0.,0.561734613803648),(0.839121954184639,0.,0.543943329773748),(0.802619189179591,
0.,0.596491774596009),(0.802579542773875,0.,0.596545117757976),(0.815135857885026,
0.,0.579269827619256),(0.776418021719831,0.,0.630218260246928),(0.776376138746907,
0.,0.63026985584307),(0.789657180218214,0.,0.613548317355544),(0.748804926569868,
0.,0.662790451005968),(0.748760886559066,0.,0.66284020303485),(0.76274108194756,
0.,0.646703983217566),(0.719824696381944,0.,0.694155894939056),(0.71977855852738,
0.,0.694203735717582),(0.734439376622705,0.,0.67867429748448),(0.689522255411269,
0.,0.724264495396921),(0.689474103169157,0.,0.724310334773077),(0.704789436081133,
0.,0.709416556607215),(0.657965008935217,0.,0.753048502433196),(0.657914967569323,
0.,0.7530922224059),(0.673844131191999,0.,0.738873525617273),(0.625222102105133,
0.,0.78044687393777),(0.625170258716629,0.,0.780488403255412),(0.641685874419346,
0.,0.766967560311829),(0.591335324063091,0.,0.806425777437204),(0.591281722984442,
0.,0.806465079259201),(0.608369799244351,0.,0.793653694861549),(0.556349118876323,
0.,0.830948649391489),(0.556293856736774,0.,0.830985646661196),(0.573923914492209,
0.,0.818908627609906),(0.520364591740115,0.,0.853944197042841),(0.520307884958537,
0.,0.853978749647773),(0.538409840082288,0.,0.842683121999346),(0.483437202603677,
0.,0.875379044265244),(0.483379003816812,0.,0.875411182627379),(0.501968982619697,
0.,0.864885622777802),(0.445613916746518,0.,0.895225243836336),(0.445554425236365,
0.,0.895254854302557),(0.464568451721329,0.,0.885537211903174),(0.406986380318502,
0.,0.91343422655123),(0.406925678696598,0.,0.913461270124417),(0.426337243411274,
0.,0.904564290075878),(0.367616589362466,0.,0.929977442320784),(0.367554787726153,
0.,0.930001869901121),(0.387328571775648,0.,0.921941743000194),(0.327570924395916,
0.,0.944826592285804),(0.327508120080734,0.,0.944848364173418),(0.347613397015316,
0.,0.937637950498737),(0.286922139832217,0.,0.957953905819117),(0.286858462415967,
0.,0.957972975892508),(0.307253431830619,0.,0.951627725861488),(0.264045205172956,
0.,0.964510305608588),(0.264045205172956,0.,0.964510305608588),(0.266396694775181,
0.,0.963863476335139),(0.261692145061099,0.,0.965151398078727),(0.261692145061099,
0.,0.965151398078727),(0.277543804985518,0.,0.960712983317162),(0.293320257576345,
0.,0.956014239692771),(0.293271281033937,0.,0.956029265096374),(0.309016285247096,
0.,0.951056746704467),(0.324628587420932,0.,0.945841572478758),(0.324580134767169,
0.,0.945858200849645),(0.340155588283257,0.,0.94036916993257),(0.355590395092588,
0.,0.934641894480392),(0.355542508040483,0.,0.93466011200665),(0.330943864523469,
0.,0.943650442978899),(0.33088116605502,0.,0.943672429368407),(0.350951488640733,
0.,0.936393641916077),(0.290348871796928,0.,0.956920860179279),(0.290285255383177,
0.,0.95694016035859),(0.3106599947278,0.,0.950521103224817),(0.249214438496664,
0.,0.968448327813515),(0.249150063113647,0.,0.968464891490892),(0.269778058680032,
0.,0.962922530141877),(0.207644643081026,0.,0.978204325383891),(0.207579671451916,
0.,0.978218114737155),(0.228408451815068,0.,0.973565395409802),(0.165693930690057,
0.,0.986177226127474),(0.165628368292257,0.,0.986188239443589),(0.186656282996892,
0.,0.982425280628397),(0.186721593882928,0.,0.982412869611254),(0.228473113079579,
0.,0.973550222946781),(0.269842064356863,0.,0.962904595639478),(0.310723183102549,
0.,0.950500448964975),(0.351013702198107,0.,0.936370322505566),(0.353303105630446,
0.,0.935508907254165),(0.353303105615543,0.,0.935508907259794),(0.340107398870627,
0.,0.940386599879782),(0.308967556417396,0.,0.951072578240727),(0.277494578617407,
0.,0.960727203132059),(0.266396694763814,0.,0.963863476338281),(0.307316686184863,
0.,0.951607300514427),(0.347675720754773,0.,0.937614842671365),(0.38738983651218,
0.,0.921916001904223),(0.42639735256954,0.,0.904535957119278),(0.46462729626164,
0.,0.885506338525365),(0.502026480456222,0.,0.864852249185223),(0.538465795633275,
0.,0.842647368080518),(0.573978372341618,0.,0.818870458671008),(0.608422547714634,
0.,0.793613258100212),(0.641736818630414,0.,0.766924934797478),(0.673893226720605,
0.,0.73882874807366),(0.704836597169795,0.,0.709369700008468),(0.734484481413159,
0.,0.67862548328459),(0.762784048920009,0.,0.646653303334327),(0.78969795111119,
0.,0.61349584025549),(0.815174355332577,0.,0.579215651038642),(0.839158095154224,
0.,0.543887572331942),(0.861620748029628,0.,0.507552644131488),(0.882501982855811,
0.,0.470308675505312),(0.901784094220118,0.,0.432186820034578),(0.919408695069714,
0.,0.393303510574475),(0.93536322466856,0.,0.35368861720111),(0.949614204635452,
0.,0.31342122192758),(0.962129250076271,0.,0.272593664907444),(0.972891761760051,
0.,0.231260934659153),(0.981878498021003,0.,0.189511517127637),(0.989073825238325,
0.,0.147421057615347),(0.994467350386922,0.,0.105046128031523),(0.998045270354639,
0.,0.0624951063902997),(0.9998034827195,0.,0.0198241252507951),(0.999738058698161,
0.,-0.0228869829910555),(0.997849507581367,0.,-0.0655466263023731),(0.994140838845223,
0.,-0.108092518428041),(0.988618749835941,0.,-0.150442572009459),(0.985583394384347,
0.,-0.169190344623533),(0.990389942085422,0.,-0.13830315475807),(0.996242969057549,
0.,-0.086602232092472),(0.998981968936697,0.,-0.0451112595630069),(0.999967053501293,
0.,-0.00811738331867742),(0.999565395937288,0.,0.0294791323605743),(0.997649613704756,
0.,0.0685218817221998),(0.994236402841591,0.,0.107209958794013),(0.989360829706032,
0.,0.145482468508726),(0.98294837650428,0.,0.183881725920768),(0.974989224144345,
0.,0.222252137902895),(0.965477610513674,0.,0.260486052595539),(0.95441463212146,
0.,0.298484019660114),(0.941807172453772,0.,0.336153610592882),(0.927666261964675,
0.,0.373410372663221),(0.912006591439714,0.,0.410175544335001),(0.894847363028287,
0.,0.446372262670208),(0.876211562830557,0.,0.481926651226131),(0.856116217440191,
0.,0.516783341678018),(0.834652399901455,0.,0.550777061376689)),$,(2933,
2934,2930,2941,2942,2938,2949,2950,2946,2957,2958,2954,2965,2966,2962,2973,
2974,2970,2981,2982,2978,2989,2990,2986,2997,2998,2994,3005,3006,3002,3013,
3014,3010,3021,3022,3018,3029,3030,3026,3037,3038,3034,3045,3046,3042,3053,
3054,3050,3061,3062,3058,3069,3070,3066,3077,3078,3074,3085,3086,3082,3093,
3094,3090,3088,3080,3072,3064,3056,3048,3040,3032,3024,3016,3008,3000,2992,
2984,2976,2968,2960,2952,2944,2936,2928,3101,3102,3098,3109,3110,3106,3117,
3118,3114,3125,3126,3122,3133,3134,3130,3141,3142,3138,3149,3150,3146,3157,
3158,3154,3165,3166,3162,3170,3168,3174,3175,3172,3179,3177,3183,3187,3185,
3191,3195,3193,3199,3203,3201,3207,3211,3209,3215,3219,3217,3223,3227,3225,
3231,3235,3233,3239,3243,3241,3247,3251,3249,3255,3259,3257,3263,3267,3265,
3271,3275,3273,3279,3283,3281,3287,3291,3289,3295,3299,3297,3303,3587,3305,
3591,3612,3593,3616,3636,3618,3640,3740,3642,3742,3742,3744,3744,3638,3614,
3589,3301,3293,3285,3277,3269,3261,3253,3245,3237,3229,3221,3213,3205,3197,
3189,3181,3160,3152,3144,3136,3128,3120,3112,3104,3096,3901,3746,3905,4046,
3907,4050,4210,4052,4214,4214,4217,4217,4048,3903,4201,4213,4198,4165,4195,
4162,4101,4159,4098,4093,4095,4090,4085,4087,4082,4077,4079,4074,4069,4071,
4066,4061,4063,4058,4045,4055,4042,4020,4039,4017,3996,4014,3991,3964,3982,
3961,3940,3958,3937,3924,3934,3921,3892,3912,3889,3868,3886,3865,3852,3862,
3849,3836,3846,3833,3820,3830,3817,3796,3814,3792,3603,3789,3599,3597,3601,
3583,3581,3585,3575,3573,3577,3559,3557,3561,3543,3541,3545,3527,3525,3529,
3511,3509,3513,3495,3493,3497,3479,3477,3481,3463,3461,3465,3447,3445,3449,
3431,3429,3433,3415,3413,3417,3399,3397,3401,3383,3381,3385,3367,3365,3369,
3351,3349,3353,3335,3333,3337,3319,3317,3321,3308,3310,3311,3327,3328,3324,
3343,3344,3340,3359,3360,3356,3375,3376,3372,3391,3392,3388,3407,3408,3404,
3423,3424,3420,3439,3440,3436,3455,3456,3452,3471,3472,3468,3487,3488,3484,
3503,3504,3500,3519,3520,3516,3535,3536,3532,3551,3552,3548,3566,3568,3564,
3604,3569,3608,3620,3610,3624,3628,3626,3632,3644,3634,3656,3657,3653,3664,
3665,3661,3672,3673,3669,3680,3681,3677,3688,3689,3685,3696,3697,3693,3691,
3683,3675,3667,3659,3651,3649,3647,3630,3622,3606,3554,3538,3522,3506,3490,
3474,3458,3442,3426,3410,3394,3378,3362,3346,3330,3314,3315,3331,3347,3363,
3379,3395,3411,3427,3443,3459,3475,3491,3507,3523,3539,3555,3571,3579,3595,
3794,3818,3834,3850,3866,3890,3922,3938,3962,3992,4018,4043,4059,4067,4075,
4083,4091,4099,4163,4199,3704,3705,3701,3712,3713,3709,3720,3721,3717,3728,
3729,3725,3736,3737,3733,3752,3753,3749,3760,3761,3757,3768,3769,3765,3776,
3777,3773,3784,3785,3781,3801,3802,3798,3809,3810,3806,3825,3826,3822,3841,
3842,3838,3857,3858,3854,3873,3874,3870,3881,3882,3878,3897,3898,3894,3915,
3916,3910,3929,3930,3926,3918,3900,3884,3876,3860,3844,3828,3812,3804,3787,
3779,3771,3763,3755,3739,3731,3723,3715,3707,3699,3945,3946,3942,3953,3954,
3950,3969,3970,3966,3977,3978,3974,3987,3988,3984,4001,4002,3998,4009,4010,
4006,4025,4026,4022,4033,4034,4030,4427,4036,4431,4432,4429,4436,4434,4440,
4444,4442,4448,4452,4450,4456,4460,4458,4464,4468,4466,4472,4476,4474,4480,
4484,4482,4488,4492,4490,4496,4500,4498,4504,4508,4506,4512,4516,4514,4519,
4549,4522,4553,4581,4555,4585,4605,4587,4609,4629,4611,4633,4653,4635,4657,
4677,4659,4681,4693,4683,4697,4717,4699,4720,4733,4723,4735,4735,4737,4737,
4719,4695,4679,4655,4631,4607,4583,4551,4518,4510,4502,4494,4486,4478,4470,
4462,4454,4446,4438,4028,4012,4004,3994,3980,3972,3956,3948,3932,4749,4739,
4753,4765,4755,4769,4775,4771,4778,4778,4780,4780,4767,4751,4764,4774,4761,
4748,4758,4745,4732,4742,4729,4716,4726,4713,4708,4710,4705,4692,4702,4689,
4676,4686,4673,4668,4670,4665,4652,4662,4649,4644,4646,4641,4628,4638,4625,
4620,4622,4617,4604,4614,4601,4596,4598,4593,4580,4590,4577,4572,4574,4569,
4564,4566,4561,4548,4558,4545,4540,4542,4537,4532,4534,4528,4426,4525,4422,
4420,4424,4413,4412,4416,4406,4404,4408,4398,4396,4400,4390,4388,4392,4382,
4380,4384,4374,4372,4376,4366,4364,4368,4358,4356,4360,4350,4348,4352,4342,
4340,4344,4334,4332,4336,4326,4324,4328,4318,4316,4320,4310,4308,4312,4302,
4300,4304,4294,4292,4296,4286,4284,4288,4278,4276,4280,4270,4268,4272,4262,
4260,4264,4254,4252,4256,4246,4244,4248,4238,4236,4240,4230,4228,4232,4222,
4220,4224,4206,4204,4208,4190,4188,4192,4178,4176,4180,4154,4152,4156,4146,
4144,4148,4138,4136,4140,4122,4120,4124,4103,4104,4108,4114,4115,4111,4129,
4131,4127,4166,4132,4170,4182,4172,4185,4173,4183,4169,4133,4167,4113,4112,
4116,4102,4105,4106,4121,4123,4119,4137,4139,4135,4145,4147,4143,4153,4155,
4151,4149,4141,4125,4109,4110,4126,4130,4128,4171,4184,4168,4117,4107,4118,
4134,4142,4150,4174,4186,4202,4218,4226,4234,4242,4250,4258,4266,4274,4282,
4290,4298,4306,4314,4322,4330,4338,4346,4354,4362,4370,4378,4386,4394,4402,
4410,4418,4530,4538,4546,4562,4570,4578,4594,4602,4618,4626,4642,4650,4666,
4674,4690,4706,4714,4730,4746,4762,4177,4179,4175,4189,4191,4187,4205,4207,
4203,4221,4223,4219,4229,4231,4227,4237,4239,4235,4245,4247,4243,4253,4255,
4251,4261,4263,4259,4269,4271,4267,4277,4279,4275,4285,4287,4283,4293,4295,
4291,4301,4303,4299,4309,4311,4307,4317,4319,4315,4325,4327,4323,4333,4335,
4331,4341,4343,4339,4349,4351,4347,4345,4337,4329,4321,4313,4305,4297,4289,
4281,4273,4265,4257,4249,4241,4233,4225,4209,4193,4181,4157,4357,4359,4355,
4365,4367,4363,4373,4375,4371,4381,4383,4379,4389,4391,4387,4397,4399,4395,
4405,4407,4403,4414,4415,4411,4421,4423,4419,4524,4425,4527,4529,4526,4533,
4531,4536,4541,4539,4544,4557,4547,4560,4565,4563,4568,4573,4571,4576,4589,
4579,4592,4597,4595,4600,4613,4603,4616,4621,4619,4624,4637,4627,4640,4645,
4643,4648,4661,4651,4664,4669,4667,4672,4685,4675,4688,4701,4691,4704,4709,
4707,4712,4725,4715,4728,4741,4731,4744,4757,4747,4760,4773,4763,4777,4777,
4779,4779,4759,4743,4727,4711,4703,4687,4671,4663,4647,4639,4623,4615,4599,
4591,4575,4567,4559,4543,4535,4417,4409,4401,4393,4385,4377,4369,4361,4353,
4772,4776,4768,4756,4766,4752,4740,4750,4738,4738,4736,4736,4754,4770,4724,
4734,4721,4700,4718,4696,4684,4694,4680,4660,4678,4656,4636,4654,4632,4612,
4630,4608,4588,4606,4584,4556,4582,4552,4523,4550,4520,4515,4517,4511,4507,
4509,4503,4499,4501,4495,4491,4493,4487,4483,4485,4479,4475,4477,4471,4467,
4469,4463,4459,4461,4455,4451,4453,4447,4443,4445,4439,4435,4437,4430,4037,
4428,4032,4031,4035,4024,4023,4027,4008,4007,4011,4000,3999,4003,3986,3985,
3993,3976,3975,3979,3968,3967,3971,3952,3951,3955,3944,3943,3947,3928,3927,
3931,3914,3913,3917,3896,3895,3899,3880,3879,3883,3872,3871,3875,3856,3855,
3859,3840,3839,3843,3824,3823,3827,3808,3807,3811,3800,3799,3803,3783,3782,
3786,3775,3774,3778,3767,3766,3770,3759,3758,3762,3751,3750,3754,3735,3734,
3738,3727,3726,3730,3719,3718,3722,3711,3710,3714,3703,3702,3706,3695,3694,
3698,3687,3686,3690,3679,3678,3682,3671,3670,3674,3663,3662,3666,3655,3654,
3658,3646,3648,3650,3635,3645,3631,3627,3629,3623,3611,3621,3607,3570,3605,
3550,3549,3553,3534,3533,3537,3518,3517,3521,3502,3501,3505,3486,3485,3489,
3470,3469,3473,3483,3499,3515,3531,3547,3563,3567,3565,3609,3625,3633,3652,
3660,3668,3676,3684,3692,3700,3708,3716,3724,3732,3748,3756,3764,3772,3780,
3797,3805,3821,3837,3853,3869,3877,3893,3909,3925,3941,3949,3965,3973,3983,
3997,4005,4021,4029,4433,4441,4449,4457,4465,4473,4481,4489,4497,4505,4513,
4521,4554,4586,4610,4634,4658,4682,4698,4722,3454,3453,3457,3438,3437,3441,
3422,3421,3425,3406,3405,3409,3390,3389,3393,3374,3373,3377,3358,3357,3361,
3342,3341,3345,3326,3325,3329,3307,3309,3313,3318,3320,3316,3334,3336,3332,
3350,3352,3348,3366,3368,3364,3382,3384,3380,3398,3400,3396,3414,3416,3412,
3430,3432,3428,3446,3448,3444,3462,3464,3460,3450,3434,3418,3402,3386,3370,
3354,3338,3322,3312,3323,3339,3355,3371,3387,3403,3419,3435,3451,3467,3478,
3480,3476,3494,3496,3492,3510,3512,3508,3526,3528,3524,3542,3544,3540,3558,
3560,3556,3574,3576,3572,3582,3584,3580,3598,3600,3596,3788,3602,3791,3793,
3790,3813,3795,3816,3829,3819,3832,3845,3835,3848,3861,3851,3864,3885,3867,
3888,3911,3891,3920,3933,3923,3936,3957,3939,3960,3981,3963,3990,4013,3995,
4016,4038,4019,4041,4054,4044,4057,4062,4060,4065,4070,4068,4073,4078,4076,
4081,4086,4084,4089,4094,4092,4097,4158,4100,4161,4194,4164,4197,4212,4200,
4215,4215,4216,4216,4196,4160,4096,4088,4080,4072,4064,4056,4040,4015,3989,
3959,3935,3919,3887,3863,3847,3831,3815,3586,3578,3562,3546,3530,3514,3498,
3482,3466,4053,4211,4049,3908,4047,3904,3747,3902,3745,3745,3743,3743,3906,
4051,3643,3741,3639,3619,3637,3615,3594,3613,3590,3306,3588,3302,3298,3300,
3294,3290,3292,3286,3282,3284,3278,3274,3276,3270,3266,3268,3262,3258,3260,
3254,3250,3252,3246,3242,3244,3238,3234,3236,3230,3226,3228,3222,3218,3220,
3214,3210,3212,3206,3202,3204,3198,3194,3196,3190,3186,3188,3182,3178,3180,
3173,3169,3171,3164,3163,3167,3156,3155,3159,3148,3147,3151,3140,3139,3143,
3132,3131,3135,3124,3123,3127,3116,3115,3119,3108,3107,3111,3100,3099,3103,
3092,3091,3095,3084,3083,3087,3076,3075,3079,3068,3067,3071,3060,3059,3063,
3052,3051,3055,3044,3043,3047,3036,3035,3039,3028,3027,3031,3020,3019,3023,
3012,3011,3015,3004,3003,3007,2996,2995,2999,2988,2987,2991,2980,2979,2983,
2972,2971,2975,2964,2963,2967,2956,2955,2959,2948,2947,2951,2940,2939,2943,
2932,2931,2935,2924,2923,2927,2916,2915,2919,2908,2907,2911,2900,2899,2903,
2892,2891,2895,2883,2885,2887,2880,2882,2876,2872,2874,2868,2864,2866,2860,
2856,2858,2844,2843,2847,2836,2835,2839,2828,2827,2831,2820,2819,2823,2812,
2811,2815,2804,2803,2807,2809,2817,2825,2833,2841,2849,2853,2851,2862,2870,
2878,2889,2897,2905,2913,2921,2929,2937,2945,2953,2961,2969,2977,2985,2993,
3001,3009,3017,3025,3033,3041,3049,3057,3065,3073,3081,3089,3097,3105,3113,
3121,3129,3137,3145,3153,3161,3176,3184,3192,3200,3208,3216,3224,3232,3240,
3248,3256,3264,3272,3280,3288,3296,3304,3592,3617,3641,2796,2795,2799,2788,
2787,2791,2780,2779,2783,2724,2723,2727,2691,2690,2694,2675,2674,2678,2667,
2666,2670,2651,2650,2654,2643,2642,2646,2627,2626,2630,2619,2618,2622,2611,
2610,2614,2595,2594,2598,2587,2586,2590,2579,2578,2582,2571,2570,2574,2563,
2562,2566,2555,2554,2558,2540,2538,2542,2531,2530,2534,2536,2552,2560,2568,
2576,2584,2592,2608,2616,2624,2640,2648,2664,2672,2688,2721,2777,2785,2793,
2801,2514,2513,2517,2498,2497,2501,2482,2481,2485,2466,2465,2469,2455,2458,
2459,2474,2476,2472,2490,2492,2488,2506,2508,2504,2522,2524,2520,2704,2526,
2707,2709,2706,2729,2711,2732,2745,2735,2748,2753,2751,2756,2769,2759,2775,
2768,2772,2764,2744,2762,2740,2720,2738,2716,2703,2714,2699,2687,2697,2683,
2663,2681,2659,2639,2657,2635,2607,2633,2603,2551,2601,2547,2454,2545,2450,
2446,2448,2442,2438,2440,2434,2430,2432,2426,2422,2424,2418,2414,2416,2410,
2406,2408,2404,2404,2402,2402,2412,2420,2428,2436,2444,2452,2549,2605,2637,
2661,2685,2701,2718,2742,2766,2773,2755,2747,2731,2510,2494,2478,2462,2463,
2479,2495,2511,2528,2398,2400,2394,2390,2392,2386,2382,2384,2380,2380,2378,
2378,2388,2396,2374,2376,2370,2366,2368,2362,2358,2360,2354,2350,2352,2346,
2342,2344,2338,2334,2336,2330,2237,2328,2233,2181,2231,2177,2149,2175,2145,
2125,2143,2121,2101,2119,2097,2085,2095,2081,2068,2079,2064,2044,2062,2040,
2020,2038,2016,2010,2014,2005,2021,2011,2024,2029,2027,2032,2045,2035,2048,
2069,2051,2072,2254,2076,2257,2260,2256,2274,2276,2272,2290,2292,2288,2306,
2308,2304,2325,2324,2320,2314,2313,2317,2298,2297,2301,2283,2281,2285,2266,
2265,2269,2249,2248,2252,2241,2240,2244,2225,2224,2228,2217,2216,2220,2209,
2208,2212,2201,2200,2204,2193,2192,2196,2185,2184,2188,2169,2168,2172,2161,
2160,2164,2153,2152,2156,2137,2136,2140,2129,2128,2132,2113,2112,2116,2105,
2104,2108,2089,2088,2092,2056,2055,2059,2000,1999,2003,1992,1991,1995,1984,
1983,1987,1976,1975,1979,1968,1967,1971,1960,1959,1963,1952,1951,1955,1944,
1943,1947,1936,1935,1939,1927,1929,1931,1924,1926,1920,1916,1918,1912,1908,
1910,1904,1900,1902,1888,1887,1891,1880,1879,1883,1872,1871,1875,1864,1863,
1867,1856,1855,1859,1848,1847,1851,1853,1861,1869,1877,1885,1893,1897,1895,
1906,1914,1922,1933,1941,1949,1957,1965,1973,1981,1989,1997,2053,2086,2102,
2110,2126,2134,2150,2158,2166,2182,2190,2198,2206,2214,2222,2238,2246,2263,
2279,2295,2311,2321,2310,2294,2278,2262,2071,2047,2031,2023,2007,2018,2042,
2066,2083,2099,2123,2147,2179,2235,2332,2340,2348,2356,2364,2372,1840,1839,
1843,1832,1831,1835,1824,1823,1827,1816,1815,1819,1808,1807,1811,1800,1799,
1803,1792,1791,1795,1784,1783,1787,1776,1775,1779,1768,1767,1771,1760,1759,
1763,1752,1751,1755,1744,1743,1747,1736,1735,1739,1728,1727,1731,1720,1719,
1723,1712,1711,1715,1704,1703,1707,1696,1695,1699,1688,1687,1691,1693,1701,
1709,1717,1725,1733,1741,1749,1757,1765,1773,1781,1789,1797,1805,1813,1821,
1829,1837,1845,1680,1679,1683,1672,1671,1675,1664,1663,1667,1656,1655,1659,
1648,1647,1651,1640,1639,1643,1632,1631,1635,1624,1623,1627,1615,1617,1619,
1611,1613,1606,1608,1609,1602,1604,1598,1594,1596,1590,1586,1588,1582,1578,
1580,1574,1570,1572,1566,1562,1564,1558,1554,1556,1550,1546,1548,1542,1538,
1540,1534,1530,1532,1526,1522,1524,1518,1514,1516,1510,1506,1508,1502,1498,
1500,1494,1490,1492,1486,1482,1484,1478,1194,1476,1190,1169,1188,1165,1145,
1163,1141,1041,1139,1039,1039,1037,1037,1143,1167,1192,1480,1488,1496,1504,
1512,1520,1528,1536,1544,1552,1560,1568,1576,1584,1592,1600,1621,1629,1637,
1645,1653,1661,1669,1677,1685,880,1035,876,735,874,731,571,729,567,567,
564,564,733,878,580,568,584,616,586,619,680,622,683,688,686,691,696,694,
699,704,702,707,712,710,715,720,718,723,736,726,739,761,742,764,785,767,
790,817,799,820,841,823,844,857,847,860,889,869,892,913,895,916,929,919,
932,945,935,948,961,951,964,985,967,988,1178,992,1181,1184,1180,1198,1200,
1196,1206,1208,1204,1222,1224,1220,1238,1240,1236,1254,1256,1252,1270,1272,
1268,1286,1288,1284,1302,1304,1300,1318,1320,1316,1334,1336,1332,1350,1352,
1348,1366,1368,1364,1382,1384,1380,1398,1400,1396,1414,1416,1412,1430,1432,
1428,1446,1448,1444,1462,1464,1460,1473,1471,1470,1454,1453,1457,1438,1437,
1441,1422,1421,1425,1406,1405,1409,1390,1389,1393,1374,1373,1377,1358,1357,
1361,1342,1341,1345,1326,1325,1329,1310,1309,1313,1294,1293,1297,1278,1277,
1281,1262,1261,1265,1246,1245,1249,1230,1229,1233,1213,1215,1217,1177,1212,
1173,1161,1171,1157,1153,1155,1149,1137,1147,1125,1124,1128,1117,1116,1120,
1109,1108,1112,1101,1100,1104,1093,1092,1096,1085,1084,1088,1090,1098,1106,
1114,1122,1130,1134,1132,1151,1159,1175,1227,1243,1259,1275,1291,1307,1323,
1339,1355,1371,1387,1403,1419,1435,1451,1467,1466,1450,1434,1418,1402,1386,
1370,1354,1338,1322,1306,1290,1274,1258,1242,1226,1210,1202,1186,987,963,
947,931,915,891,859,843,819,789,763,738,722,714,706,698,690,682,618,582,
1077,1076,1080,1069,1068,1072,1061,1060,1064,1053,1052,1056,1045,1044,1048,
1029,1028,1032,1021,1020,1024,1013,1012,1016,1005,1004,1008,997,996,1000,
980,979,983,972,971,975,956,955,959,940,939,943,924,923,927,908,907,911,
900,899,903,884,883,887,866,865,871,852,851,855,863,881,897,905,921,937,
953,969,977,994,1002,1010,1018,1026,1042,1050,1058,1066,1074,1082,836,835,
839,828,827,831,812,811,815,804,803,807,794,793,797,780,779,783,772,771,
775,756,755,759,747,749,751,354,745,349,351,352,345,347,341,337,339,333,
329,331,325,321,323,317,313,315,309,305,307,301,297,299,293,289,291,285,
281,283,277,273,275,269,265,267,261,232,259,228,200,226,196,176,194,172,
152,170,148,128,146,124,104,122,100,88,98,84,64,82,60,48,58,46,46,44,44,
62,86,102,126,150,174,198,230,263,271,279,287,295,303,311,319,327,335,343,
753,769,777,787,801,809,825,833,849,32,42,28,16,26,12,6,10,3,3,1,1,14,30,
17,7,20,33,23,36,49,39,52,65,55,68,73,71,76,89,79,92,105,95,108,113,111,
116,129,119,132,137,135,140,153,143,156,161,159,164,177,167,180,185,183,
188,201,191,204,209,207,212,217,215,220,233,223,236,241,239,244,249,247,
252,355,256,358,361,357,367,369,365,375,377,373,383,385,381,391,393,389,
399,401,397,407,409,405,415,417,413,423,425,421,431,433,429,439,441,437,
447,449,445,455,457,453,463,465,461,471,473,469,479,481,477,487,489,485,
495,497,493,503,505,501,511,513,509,519,521,517,527,529,525,535,537,533,
543,545,541,551,553,549,559,561,557,575,577,573,591,593,589,603,605,601,
627,629,625,635,637,633,643,645,641,659,661,657,678,677,673,667,666,670,
650,652,654,615,649,611,599,609,596,608,598,612,648,614,668,669,665,679,
676,675,660,658,662,644,642,646,636,634,638,628,626,630,632,640,656,672,
671,655,653,651,610,597,613,664,674,663,647,639,631,607,595,579,563,555,
547,539,531,523,515,507,499,491,483,475,467,459,451,443,435,427,419,411,
403,395,387,379,371,363,251,243,235,219,211,203,187,179,163,155,139,131,
115,107,91,75,67,51,35,19,604,602,606,592,590,594,576,574,578,560,558,562,
552,550,554,544,542,546,536,534,538,528,526,530,520,518,522,512,510,514,
504,502,506,496,494,498,488,486,490,480,478,482,472,470,474,464,462,466,
456,454,458,448,446,450,440,438,442,432,430,434,436,444,452,460,468,476,
484,492,500,508,516,524,532,540,548,556,572,588,600,624,424,422,426,416,
414,418,408,406,410,400,398,402,392,390,394,384,382,386,376,374,378,368,
366,370,359,360,362,257,356,253,254,255,248,250,245,240,242,237,224,234,
221,216,218,213,208,210,205,192,202,189,184,186,181,168,178,165,160,162,
157,144,154,141,136,138,133,120,130,117,112,114,109,96,106,93,80,90,77,
72,74,69,56,66,53,40,50,37,24,34,21,8,18,4,4,2,2,22,38,54,70,78,94,110,
118,134,142,158,166,182,190,206,214,222,238,246,364,372,380,388,396,404,
412,420,428,9,5,13,25,15,29,41,31,43,43,45,45,27,11,57,47,61,81,63,85,97,
87,101,121,103,125,145,127,149,169,151,173,193,175,197,225,199,229,258,
231,262,266,264,270,274,272,278,282,280,286,290,288,294,298,296,302,306,
304,310,314,312,318,322,320,326,330,328,334,338,336,342,346,344,350,744,
353,748,750,746,757,758,754,773,774,770,781,782,778,795,796,788,805,806,
802,813,814,810,829,830,826,837,838,834,853,854,850,867,868,864,885,886,
882,901,902,898,909,910,906,925,926,922,941,942,938,957,958,954,973,974,
970,981,982,978,998,999,995,1006,1007,1003,1014,1015,1011,1022,1023,1019,
1030,1031,1027,1046,1047,1043,1054,1055,1051,1062,1063,1059,1070,1071,1067,
1078,1079,1075,1086,1087,1083,1094,1095,1091,1102,1103,1099,1110,1111,1107,
1118,1119,1115,1126,1127,1123,1133,1135,1131,1146,1136,1150,1154,1152,1158,
1170,1160,1174,1211,1176,1231,1232,1228,1247,1248,1244,1263,1264,1260,1279,
1280,1276,1295,1296,1292,1311,1312,1308,1298,1282,1266,1250,1234,1218,1216,
1214,1172,1156,1148,1129,1121,1113,1105,1097,1089,1081,1073,1065,1057,1049,
1033,1025,1017,1009,1001,984,976,960,944,928,912,904,888,872,856,840,832,
816,808,798,784,776,760,752,348,340,332,324,316,308,300,292,284,276,268,
260,227,195,171,147,123,99,83,59,1327,1328,1324,1343,1344,1340,1359,1360,
1356,1375,1376,1372,1391,1392,1388,1407,1408,1404,1423,1424,1420,1439,1440,
1436,1455,1456,1452,1474,1472,1468,1463,1461,1465,1447,1445,1449,1431,1429,
1433,1415,1413,1417,1399,1397,1401,1383,1381,1385,1367,1365,1369,1351,1349,
1353,1335,1333,1337,1319,1317,1321,1331,1347,1363,1379,1395,1411,1427,1443,
1459,1469,1458,1442,1426,1410,1394,1378,1362,1346,1330,1314,1303,1301,1305,
1287,1285,1289,1271,1269,1273,1255,1253,1257,1239,1237,1241,1223,1221,1225,
1207,1205,1209,1199,1197,1201,1182,1183,1185,993,1179,989,990,991,968,986,
965,952,962,949,936,946,933,920,930,917,896,914,893,870,890,861,848,858,
845,824,842,821,800,818,791,768,786,765,743,762,740,727,737,724,719,721,
716,711,713,708,703,705,700,695,697,692,687,689,684,623,681,620,587,617,
583,569,581,566,566,565,565,585,621,685,693,701,709,717,725,741,766,792,
822,846,862,894,918,934,950,966,1195,1203,1219,1235,1251,1267,1283,1299,
1315,728,570,732,873,734,877,1034,879,1036,1036,1038,1038,875,730,1138,
1040,1142,1162,1144,1166,1187,1168,1191,1475,1193,1479,1483,1481,1487,1491,
1489,1495,1499,1497,1503,1507,1505,1511,1515,1513,1519,1523,1521,1527,1531,
1529,1535,1539,1537,1543,1547,1545,1551,1555,1553,1559,1563,1561,1567,1571,
1569,1575,1579,1577,1583,1587,1585,1591,1595,1593,1599,1603,1601,1607,1612,
1610,1616,1618,1614,1625,1626,1622,1633,1634,1630,1641,1642,1638,1649,1650,
1646,1657,1658,1654,1665,1666,1662,1673,1674,1670,1681,1682,1678,1689,1690,
1686,1697,1698,1694,1705,1706,1702,1713,1714,1710,1721,1722,1718,1729,1730,
1726,1737,1738,1734,1745,1746,1742,1753,1754,1750,1761,1762,1758,1769,1770,
1766,1777,1778,1774,1785,1786,1782,1793,1794,1790,1801,1802,1798,1809,1810,
1806,1817,1818,1814,1825,1826,1822,1833,1834,1830,1841,1842,1838,1849,1850,
1846,1857,1858,1854,1865,1866,1862,1873,1874,1870,1881,1882,1878,1889,1890,
1886,1896,1898,1894,1901,1899,1905,1909,1907,1913,1917,1915,1921,1925,1923,
1937,1938,1934,1945,1946,1942,1953,1954,1950,1961,1962,1958,1969,1970,1966,
1977,1978,1974,1972,1964,1956,1948,1940,1932,1930,1928,1919,1911,1903,1892,
1884,1876,1868,1860,1852,1844,1836,1828,1820,1812,1804,1796,1788,1780,1772,
1764,1756,1748,1740,1732,1724,1716,1708,1700,1692,1684,1676,1668,1660,1652,
1644,1636,1628,1620,1605,1597,1589,1581,1573,1565,1557,1549,1541,1533,1525,
1517,1509,1501,1493,1485,1477,1189,1164,1140,1985,1986,1982,1993,1994,1990,
2001,2002,1998,2057,2058,2054,2090,2091,2087,2106,2107,2103,2114,2115,2111,
2130,2131,2127,2138,2139,2135,2154,2155,2151,2162,2163,2159,2170,2171,2167,
2186,2187,2183,2194,2195,2191,2202,2203,2199,2210,2211,2207,2218,2219,2215,
2226,2227,2223,2242,2243,2239,2250,2251,2247,2245,2229,2221,2213,2205,2197,
2189,2173,2165,2157,2141,2133,2117,2109,2093,2060,2004,1996,1988,1980,2267,
2268,2264,2282,2284,2280,2299,2300,2296,2315,2316,2312,2326,2323,2322,2307,
2305,2309,2291,2289,2293,2275,2273,2277,2258,2259,2261,2077,2255,2073,2074,
2075,2052,2070,2049,2036,2046,2033,2028,2030,2025,2012,2022,2006,2013,2009,
2017,2037,2019,2041,2061,2043,2065,2078,2067,2082,2094,2084,2098,2118,2100,
2122,2142,2124,2146,2174,2148,2178,2230,2180,2234,2327,2236,2331,2335,2333,
2339,2343,2341,2347,2351,2349,2355,2359,2357,2363,2367,2365,2371,2375,2373,
2377,2377,2379,2379,2369,2361,2353,2345,2337,2329,2232,2176,2144,2120,2096,
2080,2063,2039,2015,2008,2026,2034,2050,2271,2287,2303,2319,2318,2302,2286,
2270,2253,2383,2381,2387,2391,2389,2395,2399,2397,2401,2401,2403,2403,2393,
2385,2407,2405,2411,2415,2413,2419,2423,2421,2427,2431,2429,2435,2439,2437,
2443,2447,2445,2451,2544,2453,2548,2600,2550,2604,2632,2606,2636,2656,2638,
2660,2680,2662,2684,2696,2686,2700,2713,2702,2717,2737,2719,2741,2761,2743,
2765,2771,2767,2776,2760,2770,2757,2752,2754,2749,2736,2746,2733,2712,2730,
2708,2527,2705,2523,2521,2525,2507,2505,2509,2491,2489,2493,2475,2473,2477,
2456,2457,2461,2467,2468,2464,2483,2484,2480,2499,2500,2496,2515,2516,2512,
2532,2533,2529,2539,2541,2537,2556,2557,2553,2564,2565,2561,2572,2573,2569,
2580,2581,2577,2588,2589,2585,2596,2597,2593,2612,2613,2609,2620,2621,2617,
2628,2629,2625,2644,2645,2641,2652,2653,2649,2668,2669,2665,2676,2677,2673,
2692,2693,2689,2725,2726,2722,2781,2782,2778,2789,2790,2786,2797,2798,2794,
2805,2806,2802,2813,2814,2810,2821,2822,2818,2829,2830,2826,2837,2838,2834,
2845,2846,2842,2852,2854,2850,2857,2855,2861,2865,2863,2869,2873,2871,2877,
2881,2879,2893,2894,2890,2901,2902,2898,2909,2910,2906,2917,2918,2914,2925,
2926,2922,2920,2912,2904,2896,2888,2886,2884,2875,2867,2859,2848,2840,2832,
2824,2816,2808,2800,2792,2784,2728,2695,2679,2671,2655,2647,2631,2623,2615,
2599,2591,2583,2575,2567,2559,2543,2535,2518,2502,2486,2470,2460,2471,2487,
2503,2519,2710,2734,2750,2758,2774,2763,2739,2715,2698,2682,2658,2634,2602,
2546,2449,2441,2433,2425,2417,2409),((1,2,3),(4,5,6),(7,8,9),(10,11,12),
(13,14,15),(16,17,18),(19,20,21),(22,23,24),(25,26,27),(28,29,30),(31,32,
33),(34,35,36),(37,38,39),(40,41,42),(43,44,45),(46,47,48),(49,50,51),(52,
53,54),(55,56,57),(58,59,60),(61,62,63),(63,64,61),(59,64,63),(59,58,64),
(60,65,58),(56,65,60),(56,55,65),(57,66,55),(53,66,57),(53,52,66),(54,67,
52),(50,67,54),(50,49,67),(51,68,49),(47,68,51),(47,46,68),(48,69,46),(44,
69,48),(44,43,69),(45,70,43),(41,70,45),(41,40,70),(42,71,40),(38,71,42),
(38,37,71),(39,72,37),(35,72,39),(35,34,72),(36,73,34),(32,73,36),(32,31,
73),(33,74,31),(29,74,33),(29,28,74),(30,75,28),(26,75,30),(26,25,75),(27,
76,25),(23,76,27),(23,22,76),(24,77,22),(20,77,24),(20,19,77),(21,78,19),
(17,78,21),(17,16,78),(18,79,16),(14,79,18),(14,13,79),(15,80,13),(11,80,
15),(11,10,80),(12,81,10),(8,81,12),(8,7,81),(9,82,7),(5,82,9),(5,4,82),
(6,83,4),(3,84,1),(2,83,6),(2,1,83),(85,86,87),(88,89,90),(91,92,93),(94,
95,96),(97,98,99),(100,101,102),(103,104,105),(106,107,108),(109,110,111),
(109,112,113),(114,115,116),(114,117,118),(119,120,121),(122,123,124),(125,
126,127),(128,129,130),(131,132,133),(134,135,136),(137,138,139),(140,141,
142),(143,144,145),(146,147,148),(149,150,151),(152,153,154),(155,156,157),
(158,159,160),(161,162,163),(164,165,166),(167,168,169),(170,171,172),(173,
174,175),(176,174,178),(175,174,176),(175,180,173),(180,171,173),(172,171,
180),(172,181,170),(181,168,170),(169,168,181),(169,182,167),(182,165,167),
(166,165,182),(166,183,164),(183,162,164),(163,162,183),(163,184,161),(184,
159,161),(160,159,184),(160,185,158),(185,156,158),(157,156,185),(157,186,
155),(186,153,155),(154,153,186),(154,187,152),(187,150,152),(151,150,187),
(151,188,149),(188,147,149),(148,147,188),(148,189,146),(189,144,146),(145,
144,189),(145,190,143),(190,141,143),(142,141,190),(142,191,140),(191,138,
140),(139,138,191),(139,192,137),(192,135,137),(136,135,192),(136,193,134),
(193,132,134),(133,132,193),(133,194,131),(194,129,131),(130,129,194),(130,
195,128),(195,126,128),(127,126,195),(127,196,125),(196,123,125),(124,123,
196),(124,197,122),(197,120,122),(121,120,197),(121,198,119),(198,117,119),
(118,117,198),(118,115,114),(116,112,114),(113,112,116),(113,110,109),(111,
199,109),(107,199,111),(107,106,199),(108,200,106),(104,200,108),(104,103,
200),(105,201,103),(101,201,105),(101,100,201),(102,202,100),(98,202,102),
(98,97,202),(99,203,97),(95,203,99),(95,94,203),(96,204,94),(92,204,96),
(92,91,204),(93,205,91),(89,205,93),(89,88,205),(90,206,88),(86,206,90),
(86,85,206),(87,207,85),(62,207,87),(62,61,207),(179,208,209),(210,211,
212),(213,214,215),(216,214,218),(215,214,216),(215,220,213),(220,211,213),
(212,211,220),(212,221,210),(221,208,210),(209,208,221),(209,177,179),(219,
222,223),(224,225,226),(227,228,229),(230,231,232),(233,234,235),(236,237,
238),(239,240,241),(242,243,244),(245,246,247),(248,249,250),(251,252,253),
(254,255,256),(257,258,259),(260,261,262),(263,264,265),(266,267,268),(269,
270,271),(272,273,274),(275,276,277),(278,279,280),(281,282,283),(284,285,
286),(287,288,289),(290,291,292),(293,294,295),(296,297,298),(299,300,301),
(302,303,304),(305,306,307),(308,309,310),(311,312,313),(314,315,316),(317,
318,319),(320,321,322),(323,324,325),(326,327,328),(329,330,331),(332,333,
334),(335,336,337),(338,339,340),(341,342,343),(344,345,346),(347,348,349),
(350,351,352),(353,354,355),(356,357,358),(359,360,361),(362,363,364),(365,
366,367),(368,369,370),(371,372,373),(374,375,376),(377,378,379),(380,381,
382),(383,384,385),(386,387,388),(389,390,391),(389,392,393),(394,395,396),
(397,398,399),(400,401,402),(403,404,405),(406,407,408),(409,410,411),(412,
413,414),(415,416,417),(418,419,420),(420,421,418),(416,421,420),(416,415,
421),(417,422,415),(413,422,417),(413,412,422),(414,423,412),(410,423,414),
(410,409,423),(411,424,409),(407,424,411),(407,406,424),(408,425,406),(404,
425,408),(404,403,425),(405,426,403),(427,401,428),(402,401,427),(402,429,
400),(429,398,400),(399,398,429),(399,430,397),(430,395,397),(396,395,430),
(396,431,394),(431,392,394),(393,392,431),(393,390,389),(391,432,389),(387,
432,391),(387,386,432),(388,433,386),(384,433,388),(384,383,433),(385,434,
383),(381,434,385),(381,380,434),(382,435,380),(378,435,382),(378,377,435),
(379,436,377),(375,436,379),(375,374,436),(376,437,374),(372,437,376),(372,
371,437),(373,438,371),(369,438,373),(369,368,438),(370,439,368),(366,439,
370),(366,365,439),(367,440,365),(363,440,367),(363,362,440),(364,441,362),
(360,441,364),(360,359,441),(361,442,359),(357,442,361),(357,356,442),(358,
443,356),(354,443,358),(354,353,443),(355,444,353),(351,444,355),(351,350,
444),(352,445,350),(348,445,352),(348,347,445),(349,446,347),(345,446,349),
(345,344,446),(346,447,344),(342,447,346),(342,341,447),(343,448,341),(339,
448,343),(339,338,448),(340,449,338),(336,449,340),(336,335,449),(337,450,
335),(333,450,337),(333,332,450),(334,451,332),(330,451,334),(330,329,451),
(331,452,329),(327,452,331),(327,326,452),(328,453,326),(324,453,328),(324,
323,453),(325,454,323),(321,454,325),(321,320,454),(322,455,320),(318,455,
322),(318,317,455),(319,456,317),(315,456,319),(315,314,456),(316,457,314),
(312,457,316),(312,311,457),(313,458,311),(309,458,313),(309,308,458),(310,
459,308),(306,459,310),(306,305,459),(307,460,305),(303,460,307),(303,302,
460),(304,461,302),(300,461,304),(300,299,461),(301,462,299),(297,462,301),
(297,296,462),(298,463,296),(294,463,298),(294,293,463),(295,464,293),(291,
464,295),(291,290,464),(292,465,290),(288,465,292),(288,287,465),(289,466,
287),(285,466,289),(285,284,466),(286,282,284),(283,282,286),(283,467,281),
(467,279,281),(280,279,467),(280,468,278),(468,276,278),(277,276,468),(277,
469,275),(469,273,275),(274,273,469),(274,470,272),(470,270,272),(271,270,
470),(271,471,269),(471,267,269),(268,267,471),(268,472,266),(472,264,266),
(265,264,472),(265,473,263),(473,261,263),(262,261,473),(262,474,260),(474,
258,260),(259,258,474),(259,475,257),(475,255,257),(256,255,475),(256,476,
254),(476,252,254),(253,252,476),(253,477,251),(477,249,251),(250,249,477),
(250,478,248),(478,246,248),(247,246,478),(247,479,245),(479,243,245),(244,
243,479),(244,480,242),(480,240,242),(241,240,480),(241,481,239),(481,237,
239),(238,237,481),(238,482,236),(482,234,236),(235,234,482),(235,483,233),
(483,231,233),(232,231,483),(232,484,230),(484,228,230),(229,228,484),(229,
485,227),(485,225,227),(226,225,485),(226,486,224),(486,222,224),(223,222,
486),(223,217,219),(427,426,405),(427,428,426),(487,488,489),(490,491,492),
(493,494,495),(496,497,498),(499,500,501),(502,503,504),(505,506,507),(508,
509,510),(511,512,513),(514,515,516),(517,518,519),(520,521,522),(523,524,
525),(526,527,528),(529,530,531),(532,533,534),(535,536,537),(538,539,540),
(541,542,543),(544,545,546),(546,547,544),(542,547,546),(542,541,547),(543,
548,541),(539,548,543),(539,538,548),(540,549,538),(536,549,540),(536,535,
549),(537,550,535),(533,550,537),(533,532,550),(534,551,532),(530,551,534),
(530,529,551),(531,552,529),(527,552,531),(527,526,552),(528,553,526),(524,
553,528),(524,523,553),(525,554,523),(521,554,525),(521,520,554),(522,555,
520),(518,555,522),(518,517,555),(519,556,517),(515,556,519),(515,514,556),
(516,557,514),(512,557,516),(512,511,557),(513,558,511),(509,558,513),(509,
508,558),(510,559,508),(506,559,510),(506,505,559),(507,560,505),(503,560,
507),(503,502,560),(504,561,502),(500,561,504),(500,499,561),(501,562,499),
(497,562,501),(497,496,562),(498,563,496),(494,563,498),(494,493,563),(495,
564,493),(491,564,495),(491,490,564),(492,565,490),(488,565,492),(488,487,
565),(489,566,487),(419,566,489),(419,418,566),(567,568,569),(570,571,572),
(573,574,575),(576,577,578),(579,580,581),(582,583,584),(585,586,587),(588,
589,590),(591,592,593),(591,594,595),(596,597,598),(596,599,600),(601,602,
603),(604,605,606),(607,608,609),(610,611,612),(613,614,615),(616,617,618),
(619,620,621),(622,623,624),(625,626,627),(628,629,630),(631,632,633),(634,
635,636),(637,638,639),(640,641,642),(643,644,645),(646,647,648),(649,650,
651),(652,653,654),(655,656,657),(658,656,660),(657,656,658),(657,662,655),
(662,653,655),(654,653,662),(654,663,652),(663,650,652),(651,650,663),(651,
664,649),(664,647,649),(648,647,664),(648,665,646),(665,644,646),(645,644,
665),(645,666,643),(666,641,643),(642,641,666),(642,667,640),(667,638,640),
(639,638,667),(639,668,637),(668,635,637),(636,635,668),(636,669,634),(669,
632,634),(633,632,669),(633,670,631),(670,629,631),(630,629,670),(630,671,
628),(671,626,628),(627,626,671),(627,672,625),(672,623,625),(624,623,672),
(624,673,622),(673,620,622),(621,620,673),(621,674,619),(674,617,619),(618,
617,674),(618,675,616),(675,614,616),(615,614,675),(615,676,613),(676,611,
613),(612,611,676),(612,677,610),(677,608,610),(609,608,677),(609,678,607),
(678,605,607),(606,605,678),(606,679,604),(679,602,604),(603,602,679),(603,
680,601),(680,599,601),(600,599,680),(600,597,596),(598,594,596),(595,594,
598),(595,592,591),(593,681,591),(589,681,593),(589,588,681),(590,682,588),
(586,682,590),(586,585,682),(587,683,585),(583,683,587),(583,582,683),(584,
684,582),(580,684,584),(580,579,684),(581,685,579),(577,685,581),(577,576,
685),(578,686,576),(574,686,578),(574,573,686),(575,687,573),(571,687,575),
(571,570,687),(572,688,570),(568,688,572),(568,567,688),(569,689,567),(545,
689,569),(545,544,689),(661,690,691),(692,693,694),(695,696,697),(698,696,
700),(697,696,698),(697,702,695),(702,693,695),(694,693,702),(694,703,692),
(703,690,692),(691,690,703),(691,659,661),(701,704,705),(706,707,708),(709,
710,711),(712,713,714),(715,716,717),(718,719,720),(721,722,723),(724,725,
726),(727,728,729),(730,731,732),(733,734,735),(736,737,738),(739,740,741),
(742,743,744),(745,746,747),(748,749,750),(751,752,753),(754,755,756),(757,
758,759),(760,761,762),(763,764,765),(766,767,768),(769,770,771),(772,773,
774),(775,776,777),(778,779,780),(781,782,783),(784,785,786),(787,788,789),
(790,791,792),(793,794,795),(796,797,798),(799,800,801),(802,803,804),(805,
806,807),(808,809,810),(811,812,813),(814,815,816),(817,818,819),(820,821,
822),(823,824,825),(826,827,828),(829,830,831),(832,833,834),(835,836,837),
(838,839,840),(841,842,843),(844,845,846),(847,848,849),(850,851,852),(853,
854,855),(856,857,858),(859,860,861),(862,863,864),(865,866,867),(868,869,
870),(871,872,873),(871,874,875),(876,877,878),(879,880,881),(882,883,884),
(885,886,887),(888,889,890),(891,892,893),(894,895,896),(897,898,899),(900,
901,902),(902,903,900),(898,903,902),(898,897,903),(899,904,897),(895,904,
899),(895,894,904),(896,905,894),(892,905,896),(892,891,905),(893,906,891),
(889,906,893),(889,888,906),(890,907,888),(886,907,890),(886,885,907),(887,
908,885),(909,883,910),(884,883,909),(884,911,882),(911,880,882),(881,880,
911),(881,912,879),(912,877,879),(878,877,912),(878,913,876),(913,874,876),
(875,874,913),(875,872,871),(873,914,871),(869,914,873),(869,868,914),(870,
915,868),(866,915,870),(866,865,915),(867,916,865),(863,916,867),(863,862,
916),(864,917,862),(860,917,864),(860,859,917),(861,918,859),(857,918,861),
(857,856,918),(858,919,856),(854,919,858),(854,853,919),(855,920,853),(851,
920,855),(851,850,920),(852,921,850),(848,921,852),(848,847,921),(849,922,
847),(845,922,849),(845,844,922),(846,923,844),(842,923,846),(842,841,923),
(843,924,841),(839,924,843),(839,838,924),(840,925,838),(836,925,840),(836,
835,925),(837,926,835),(833,926,837),(833,832,926),(834,927,832),(830,927,
834),(830,829,927),(831,928,829),(827,928,831),(827,826,928),(828,929,826),
(824,929,828),(824,823,929),(825,930,823),(821,930,825),(821,820,930),(822,
931,820),(818,931,822),(818,817,931),(819,932,817),(815,932,819),(815,814,
932),(816,933,814),(812,933,816),(812,811,933),(813,934,811),(809,934,813),
(809,808,934),(810,935,808),(806,935,810),(806,805,935),(807,936,805),(803,
936,807),(803,802,936),(804,937,802),(800,937,804),(800,799,937),(801,938,
799),(797,938,801),(797,796,938),(798,939,796),(794,939,798),(794,793,939),
(795,940,793),(791,940,795),(791,790,940),(792,941,790),(788,941,792),(788,
787,941),(789,942,787),(785,942,789),(785,784,942),(786,943,784),(782,943,
786),(782,781,943),(783,944,781),(779,944,783),(779,778,944),(780,945,778),
(776,945,780),(776,775,945),(777,946,775),(773,946,777),(773,772,946),(774,
947,772),(770,947,774),(770,769,947),(771,948,769),(767,948,771),(767,766,
948),(768,764,766),(765,764,768),(765,949,763),(949,761,763),(762,761,949),
(762,950,760),(950,758,760),(759,758,950),(759,951,757),(951,755,757),(756,
755,951),(756,952,754),(952,752,754),(753,752,952),(753,953,751),(953,749,
751),(750,749,953),(750,954,748),(954,746,748),(747,746,954),(747,955,745),
(955,743,745),(744,743,955),(744,956,742),(956,740,742),(741,740,956),(741,
957,739),(957,737,739),(738,737,957),(738,958,736),(958,734,736),(735,734,
958),(735,959,733),(959,731,733),(732,731,959),(732,960,730),(960,728,730),
(729,728,960),(729,961,727),(961,725,727),(726,725,961),(726,962,724),(962,
722,724),(723,722,962),(723,963,721),(963,719,721),(720,719,963),(720,964,
718),(964,716,718),(717,716,964),(717,965,715),(965,713,715),(714,713,965),
(714,966,712),(966,710,712),(711,710,966),(711,967,709),(967,707,709),(708,
707,967),(708,968,706),(968,704,706),(705,704,968),(705,699,701),(909,908,
887),(909,910,908),(969,970,971),(972,973,974),(975,976,977),(978,979,980),
(981,982,983),(984,985,986),(987,988,989),(990,991,992),(993,994,995),(996,
997,998),(999,1000,1001),(1002,1003,1004),(1005,1006,1007),(1008,1009,1010),
(1011,1012,1013),(1014,1015,1016),(1017,1018,1019),(1020,1021,1022),(1023,
1024,1025),(1026,1027,1028),(1028,1029,1026),(1024,1029,1028),(1024,1023,
1029),(1025,1030,1023),(1021,1030,1025),(1021,1020,1030),(1022,1031,1020),
(1018,1031,1022),(1018,1017,1031),(1019,1032,1017),(1015,1032,1019),(1015,
1014,1032),(1016,1033,1014),(1012,1033,1016),(1012,1011,1033),(1013,1034,
1011),(1009,1034,1013),(1009,1008,1034),(1010,1035,1008),(1006,1035,1010),
(1006,1005,1035),(1007,1036,1005),(1003,1036,1007),(1003,1002,1036),(1004,
1037,1002),(1000,1037,1004),(1000,999,1037),(1001,1038,999),(997,1038,1001),
(997,996,1038),(998,1039,996),(994,1039,998),(994,993,1039),(995,1040,993),
(991,1040,995),(991,990,1040),(992,1041,990),(988,1041,992),(988,987,1041),
(989,1042,987),(985,1042,989),(985,984,1042),(986,1043,984),(982,1043,986),
(982,981,1043),(983,1044,981),(979,1044,983),(979,978,1044),(980,1045,978),
(976,1045,980),(976,975,1045),(977,1046,975),(973,1046,977),(973,972,1046),
(974,1047,972),(970,1047,974),(970,969,1047),(971,1048,969),(901,1048,971),
(901,900,1048),(1049,1050,1051),(1052,1053,1054),(1055,1056,1057),(1058,
1059,1060),(1061,1062,1063),(1064,1065,1066),(1067,1068,1069),(1070,1071,
1072),(1073,1074,1075),(1073,1076,1077),(1078,1079,1080),(1078,1081,1082),
(1083,1084,1085),(1086,1087,1088),(1089,1090,1091),(1092,1093,1094),(1095,
1096,1097),(1098,1099,1100),(1101,1102,1103),(1104,1105,1106),(1107,1108,
1109),(1110,1111,1112),(1113,1114,1115),(1116,1117,1118),(1119,1120,1121),
(1122,1123,1124),(1125,1126,1127),(1128,1129,1130),(1131,1132,1133),(1134,
1135,1136),(1137,1138,1139),(1140,1138,1142),(1139,1138,1140),(1139,1144,
1137),(1144,1135,1137),(1136,1135,1144),(1136,1145,1134),(1145,1132,1134),
(1133,1132,1145),(1133,1146,1131),(1146,1129,1131),(1130,1129,1146),(1130,
1147,1128),(1147,1126,1128),(1127,1126,1147),(1127,1148,1125),(1148,1123,
1125),(1124,1123,1148),(1124,1149,1122),(1149,1120,1122),(1121,1120,1149),
(1121,1150,1119),(1150,1117,1119),(1118,1117,1150),(1118,1151,1116),(1151,
1114,1116),(1115,1114,1151),(1115,1152,1113),(1152,1111,1113),(1112,1111,
1152),(1112,1153,1110),(1153,1108,1110),(1109,1108,1153),(1109,1154,1107),
(1154,1105,1107),(1106,1105,1154),(1106,1155,1104),(1155,1102,1104),(1103,
1102,1155),(1103,1156,1101),(1156,1099,1101),(1100,1099,1156),(1100,1157,
1098),(1157,1096,1098),(1097,1096,1157),(1097,1158,1095),(1158,1093,1095),
(1094,1093,1158),(1094,1159,1092),(1159,1090,1092),(1091,1090,1159),(1091,
1160,1089),(1160,1087,1089),(1088,1087,1160),(1088,1161,1086),(1161,1084,
1086),(1085,1084,1161),(1085,1162,1083),(1162,1081,1083),(1082,1081,1162),
(1082,1079,1078),(1080,1076,1078),(1077,1076,1080),(1077,1074,1073),(1075,
1163,1073),(1071,1163,1075),(1071,1070,1163),(1072,1164,1070),(1068,1164,
1072),(1068,1067,1164),(1069,1165,1067),(1065,1165,1069),(1065,1064,1165),
(1066,1166,1064),(1062,1166,1066),(1062,1061,1166),(1063,1167,1061),(1059,
1167,1063),(1059,1058,1167),(1060,1168,1058),(1056,1168,1060),(1056,1055,
1168),(1057,1169,1055),(1053,1169,1057),(1053,1052,1169),(1054,1170,1052),
(1050,1170,1054),(1050,1049,1170),(1051,1171,1049),(1027,1171,1051),(1027,
1026,1171),(1143,1172,1173),(1174,1175,1176),(1177,1178,1179),(1180,1178,
1182),(1179,1178,1180),(1179,1184,1177),(1184,1175,1177),(1176,1175,1184),
(1176,1185,1174),(1185,1172,1174),(1173,1172,1185),(1173,1141,1143),(1183,
1186,1187),(1188,1189,1190),(1191,1192,1193),(1194,1195,1196),(1197,1198,
1199),(1200,1201,1202),(1203,1204,1205),(1206,1207,1208),(1209,1210,1211),
(1212,1213,1214),(1215,1216,1217),(1218,1219,1220),(1221,1222,1223),(1224,
1225,1226),(1227,1228,1229),(1230,1231,1232),(1233,1234,1235),(1236,1237,
1238),(1239,1240,1241),(1242,1243,1244),(1245,1246,1247),(1248,1249,1250),
(1251,1252,1253),(1254,1255,1256),(1257,1258,1259),(1260,1261,1262),(1263,
1264,1265),(1266,1267,1268),(1269,1270,1271),(1272,1273,1274),(1275,1276,
1277),(1278,1279,1280),(1281,1282,1283),(1284,1285,1286),(1287,1288,1289),
(1290,1291,1292),(1293,1294,1295),(1296,1297,1298),(1299,1300,1301),(1302,
1303,1304),(1305,1306,1307),(1308,1309,1310),(1311,1312,1313),(1314,1315,
1316),(1317,1318,1319),(1320,1321,1322),(1323,1324,1325),(1326,1327,1328),
(1329,1330,1331),(1332,1333,1334),(1335,1336,1337),(1338,1339,1340),(1341,
1342,1343),(1344,1345,1346),(1347,1348,1349),(1350,1351,1352),(1353,1354,
1355),(1353,1356,1357),(1358,1359,1360),(1361,1362,1363),(1364,1365,1366),
(1367,1368,1369),(1370,1371,1372),(1373,1374,1375),(1376,1377,1378),(1379,
1380,1381),(1382,1383,1384),(1384,1385,1382),(1380,1385,1384),(1380,1379,
1385),(1381,1386,1379),(1377,1386,1381),(1377,1376,1386),(1378,1387,1376),
(1374,1387,1378),(1374,1373,1387),(1375,1388,1373),(1371,1388,1375),(1371,
1370,1388),(1372,1389,1370),(1368,1389,1372),(1368,1367,1389),(1369,1390,
1367),(1391,1365,1392),(1366,1365,1391),(1366,1393,1364),(1393,1362,1364),
(1363,1362,1393),(1363,1394,1361),(1394,1359,1361),(1360,1359,1394),(1360,
1395,1358),(1395,1356,1358),(1357,1356,1395),(1357,1354,1353),(1355,1396,
1353),(1351,1396,1355),(1351,1350,1396),(1352,1397,1350),(1348,1397,1352),
(1348,1347,1397),(1349,1398,1347),(1345,1398,1349),(1345,1344,1398),(1346,
1399,1344),(1342,1399,1346),(1342,1341,1399),(1343,1400,1341),(1339,1400,
1343),(1339,1338,1400),(1340,1401,1338),(1336,1401,1340),(1336,1335,1401),
(1337,1402,1335),(1333,1402,1337),(1333,1332,1402),(1334,1403,1332),(1330,
1403,1334),(1330,1329,1403),(1331,1404,1329),(1327,1404,1331),(1327,1326,
1404),(1328,1405,1326),(1324,1405,1328),(1324,1323,1405),(1325,1406,1323),
(1321,1406,1325),(1321,1320,1406),(1322,1407,1320),(1318,1407,1322),(1318,
1317,1407),(1319,1408,1317),(1315,1408,1319),(1315,1314,1408),(1316,1409,
1314),(1312,1409,1316),(1312,1311,1409),(1313,1410,1311),(1309,1410,1313),
(1309,1308,1410),(1310,1411,1308),(1306,1411,1310),(1306,1305,1411),(1307,
1412,1305),(1303,1412,1307),(1303,1302,1412),(1304,1413,1302),(1300,1413,
1304),(1300,1299,1413),(1301,1414,1299),(1297,1414,1301),(1297,1296,1414),
(1298,1415,1296),(1294,1415,1298),(1294,1293,1415),(1295,1416,1293),(1291,
1416,1295),(1291,1290,1416),(1292,1417,1290),(1288,1417,1292),(1288,1287,
1417),(1289,1418,1287),(1285,1418,1289),(1285,1284,1418),(1286,1419,1284),
(1282,1419,1286),(1282,1281,1419),(1283,1420,1281),(1279,1420,1283),(1279,
1278,1420),(1280,1421,1278),(1276,1421,1280),(1276,1275,1421),(1277,1422,
1275),(1273,1422,1277),(1273,1272,1422),(1274,1423,1272),(1270,1423,1274),
(1270,1269,1423),(1271,1424,1269),(1267,1424,1271),(1267,1266,1424),(1268,
1425,1266),(1264,1425,1268),(1264,1263,1425),(1265,1426,1263),(1261,1426,
1265),(1261,1260,1426),(1262,1427,1260),(1258,1427,1262),(1258,1257,1427),
(1259,1428,1257),(1255,1428,1259),(1255,1254,1428),(1256,1429,1254),(1252,
1429,1256),(1252,1251,1429),(1253,1430,1251),(1249,1430,1253),(1249,1248,
1430),(1250,1246,1248),(1247,1246,1250),(1247,1431,1245),(1431,1243,1245),
(1244,1243,1431),(1244,1432,1242),(1432,1240,1242),(1241,1240,1432),(1241,
1433,1239),(1433,1237,1239),(1238,1237,1433),(1238,1434,1236),(1434,1234,
1236),(1235,1234,1434),(1235,1435,1233),(1435,1231,1233),(1232,1231,1435),
(1232,1436,1230),(1436,1228,1230),(1229,1228,1436),(1229,1437,1227),(1437,
1225,1227),(1226,1225,1437),(1226,1438,1224),(1438,1222,1224),(1223,1222,
1438),(1223,1439,1221),(1439,1219,1221),(1220,1219,1439),(1220,1440,1218),
(1440,1216,1218),(1217,1216,1440),(1217,1441,1215),(1441,1213,1215),(1214,
1213,1441),(1214,1442,1212),(1442,1210,1212),(1211,1210,1442),(1211,1443,
1209),(1443,1207,1209),(1208,1207,1443),(1208,1444,1206),(1444,1204,1206),
(1205,1204,1444),(1205,1445,1203),(1445,1201,1203),(1202,1201,1445),(1202,
1446,1200),(1446,1198,1200),(1199,1198,1446),(1199,1447,1197),(1447,1195,
1197),(1196,1195,1447),(1196,1448,1194),(1448,1192,1194),(1193,1192,1448),
(1193,1449,1191),(1449,1189,1191),(1190,1189,1449),(1190,1450,1188),(1450,
1186,1188),(1187,1186,1450),(1187,1181,1183),(1391,1390,1369),(1391,1392,
1390),(1451,1452,1453),(1454,1455,1456),(1457,1458,1459),(1460,1461,1462),
(1463,1464,1465),(1466,1467,1468),(1469,1470,1471),(1472,1473,1474),(1475,
1476,1477),(1478,1479,1480),(1481,1482,1483),(1484,1485,1486),(1487,1488,
1489),(1490,1491,1492),(1493,1494,1495),(1496,1497,1498),(1499,1500,1501),
(1502,1503,1504),(1505,1506,1507),(1508,1509,1510),(1510,1511,1508),(1506,
1511,1510),(1506,1505,1511),(1507,1512,1505),(1503,1512,1507),(1503,1502,
1512),(1504,1513,1502),(1500,1513,1504),(1500,1499,1513),(1501,1514,1499),
(1497,1514,1501),(1497,1496,1514),(1498,1515,1496),(1494,1515,1498),(1494,
1493,1515),(1495,1516,1493),(1491,1516,1495),(1491,1490,1516),(1492,1517,
1490),(1488,1517,1492),(1488,1487,1517),(1489,1518,1487),(1485,1518,1489),
(1485,1484,1518),(1486,1519,1484),(1482,1519,1486),(1482,1481,1519),(1483,
1520,1481),(1479,1520,1483),(1479,1478,1520),(1480,1521,1478),(1476,1521,
1480),(1476,1475,1521),(1477,1522,1475),(1473,1522,1477),(1473,1472,1522),
(1474,1523,1472),(1470,1523,1474),(1470,1469,1523),(1471,1524,1469),(1467,
1524,1471),(1467,1466,1524),(1468,1525,1466),(1464,1525,1468),(1464,1463,
1525),(1465,1526,1463),(1461,1526,1465),(1461,1460,1526),(1462,1527,1460),
(1458,1527,1462),(1458,1457,1527),(1459,1528,1457),(1455,1528,1459),(1455,
1454,1528),(1456,1529,1454),(1452,1529,1456),(1452,1451,1529),(1453,1530,
1451),(1383,1530,1453),(1383,1382,1530),(1531,1532,1533),(1534,1535,1536),
(1537,1538,1539),(1540,1541,1542),(1543,1544,1545),(1546,1547,1548),(1549,
1550,1551),(1552,1553,1554),(1555,1556,1557),(1555,1558,1559),(1560,1561,
1562),(1560,1563,1564),(1565,1566,1567),(1568,1569,1570),(1571,1572,1573),
(1574,1575,1576),(1577,1578,1579),(1580,1581,1582),(1583,1584,1585),(1586,
1587,1588),(1589,1590,1591),(1592,1593,1594),(1595,1596,1597),(1598,1599,
1600),(1601,1602,1603),(1604,1605,1606),(1607,1608,1609),(1610,1611,1612),
(1613,1614,1615),(1616,1617,1618),(1619,1620,1621),(1622,1620,1624),(1621,
1620,1622),(1621,1626,1619),(1626,1617,1619),(1618,1617,1626),(1618,1627,
1616),(1627,1614,1616),(1615,1614,1627),(1615,1628,1613),(1628,1611,1613),
(1612,1611,1628),(1612,1629,1610),(1629,1608,1610),(1609,1608,1629),(1609,
1630,1607),(1630,1605,1607),(1606,1605,1630),(1606,1631,1604),(1631,1602,
1604),(1603,1602,1631),(1603,1632,1601),(1632,1599,1601),(1600,1599,1632),
(1600,1633,1598),(1633,1596,1598),(1597,1596,1633),(1597,1634,1595),(1634,
1593,1595),(1594,1593,1634),(1594,1635,1592),(1635,1590,1592),(1591,1590,
1635),(1591,1636,1589),(1636,1587,1589),(1588,1587,1636),(1588,1637,1586),
(1637,1584,1586),(1585,1584,1637),(1585,1638,1583),(1638,1581,1583),(1582,
1581,1638),(1582,1639,1580),(1639,1578,1580),(1579,1578,1639),(1579,1640,
1577),(1640,1575,1577),(1576,1575,1640),(1576,1641,1574),(1641,1572,1574),
(1573,1572,1641),(1573,1642,1571),(1642,1569,1571),(1570,1569,1642),(1570,
1643,1568),(1643,1566,1568),(1567,1566,1643),(1567,1644,1565),(1644,1563,
1565),(1564,1563,1644),(1564,1561,1560),(1562,1558,1560),(1559,1558,1562),
(1559,1556,1555),(1557,1645,1555),(1553,1645,1557),(1553,1552,1645),(1554,
1646,1552),(1550,1646,1554),(1550,1549,1646),(1551,1647,1549),(1547,1647,
1551),(1547,1546,1647),(1548,1648,1546),(1544,1648,1548),(1544,1543,1648),
(1545,1649,1543),(1541,1649,1545),(1541,1540,1649),(1542,1650,1540),(1538,
1650,1542),(1538,1537,1650),(1539,1651,1537),(1535,1651,1539),(1535,1534,
1651),(1536,1652,1534),(1532,1652,1536),(1532,1531,1652),(1533,1653,1531),
(1509,1653,1533),(1509,1508,1653),(1625,1654,1655),(1656,1657,1658),(1659,
1660,1661),(1662,1660,1664),(1661,1660,1662),(1661,1666,1659),(1666,1657,
1659),(1658,1657,1666),(1658,1667,1656),(1667,1654,1656),(1655,1654,1667),
(1655,1623,1625),(1665,1668,1669),(1670,1671,1672),(1673,1674,1675),(1676,
1677,1678),(1679,1680,1681),(1682,1683,1684),(1685,1686,1687),(1688,1689,
1690),(1691,1692,1693),(1694,1695,1696),(1697,1698,1699),(1700,1701,1702),
(1703,1704,1705),(1706,1707,1708),(1709,1710,1711),(1712,1713,1714),(1715,
1716,1717),(1718,1719,1720),(1721,1722,1723),(1724,1725,1726),(1727,1728,
1729),(1730,1731,1732),(1733,1734,1735),(1736,1737,1738),(1739,1740,1741),
(1742,1743,1744),(1745,1746,1747),(1748,1749,1750),(1751,1752,1753),(1754,
1755,1756),(1757,1758,1759),(1760,1761,1762),(1763,1764,1765),(1766,1767,
1768),(1769,1770,1771),(1772,1773,1774),(1775,1776,1777),(1778,1779,1780),
(1781,1782,1783),(1784,1785,1786),(1787,1788,1789),(1790,1791,1792),(1793,
1794,1795),(1796,1797,1798),(1799,1800,1801),(1802,1803,1804),(1805,1806,
1807),(1808,1809,1810),(1811,1812,1813),(1814,1815,1816),(1817,1818,1819),
(1820,1821,1822),(1823,1824,1825),(1826,1827,1828),(1829,1830,1831),(1832,
1833,1834),(1835,1836,1837),(1835,1838,1839),(1840,1841,1842),(1843,1844,
1845),(1846,1847,1848),(1849,1850,1851),(1852,1853,1854),(1855,1856,1857),
(1858,1859,1860),(1861,1862,1863),(1864,1865,1866),(1866,1867,1864),(1862,
1867,1866),(1862,1861,1867),(1863,1868,1861),(1859,1868,1863),(1859,1858,
1868),(1860,1869,1858),(1856,1869,1860),(1856,1855,1869),(1857,1870,1855),
(1853,1870,1857),(1853,1852,1870),(1854,1871,1852),(1850,1871,1854),(1850,
1849,1871),(1851,1872,1849),(1873,1847,1874),(1848,1847,1873),(1848,1875,
1846),(1875,1844,1846),(1845,1844,1875),(1845,1876,1843),(1876,1841,1843),
(1842,1841,1876),(1842,1877,1840),(1877,1838,1840),(1839,1838,1877),(1839,
1836,1835),(1837,1878,1835),(1833,1878,1837),(1833,1832,1878),(1834,1879,
1832),(1830,1879,1834),(1830,1829,1879),(1831,1880,1829),(1827,1880,1831),
(1827,1826,1880),(1828,1881,1826),(1824,1881,1828),(1824,1823,1881),(1825,
1882,1823),(1821,1882,1825),(1821,1820,1882),(1822,1883,1820),(1818,1883,
1822),(1818,1817,1883),(1819,1884,1817),(1815,1884,1819),(1815,1814,1884),
(1816,1885,1814),(1812,1885,1816),(1812,1811,1885),(1813,1886,1811),(1809,
1886,1813),(1809,1808,1886),(1810,1887,1808),(1806,1887,1810),(1806,1805,
1887),(1807,1888,1805),(1803,1888,1807),(1803,1802,1888),(1804,1889,1802),
(1800,1889,1804),(1800,1799,1889),(1801,1890,1799),(1797,1890,1801),(1797,
1796,1890),(1798,1891,1796),(1794,1891,1798),(1794,1793,1891),(1795,1892,
1793),(1791,1892,1795),(1791,1790,1892),(1792,1893,1790),(1788,1893,1792),
(1788,1787,1893),(1789,1894,1787),(1785,1894,1789),(1785,1784,1894),(1786,
1895,1784),(1782,1895,1786),(1782,1781,1895),(1783,1896,1781),(1779,1896,
1783),(1779,1778,1896),(1780,1897,1778),(1776,1897,1780),(1776,1775,1897),
(1777,1898,1775),(1773,1898,1777),(1773,1772,1898),(1774,1899,1772),(1770,
1899,1774),(1770,1769,1899),(1771,1900,1769),(1767,1900,1771),(1767,1766,
1900),(1768,1901,1766),(1764,1901,1768),(1764,1763,1901),(1765,1902,1763),
(1761,1902,1765),(1761,1760,1902),(1762,1903,1760),(1758,1903,1762),(1758,
1757,1903),(1759,1904,1757),(1755,1904,1759),(1755,1754,1904),(1756,1905,
1754),(1752,1905,1756),(1752,1751,1905),(1753,1906,1751),(1749,1906,1753),
(1749,1748,1906),(1750,1907,1748),(1746,1907,1750),(1746,1745,1907),(1747,
1908,1745),(1743,1908,1747),(1743,1742,1908),(1744,1909,1742),(1740,1909,
1744),(1740,1739,1909),(1741,1910,1739),(1737,1910,1741),(1737,1736,1910),
(1738,1911,1736),(1734,1911,1738),(1734,1733,1911),(1735,1912,1733),(1731,
1912,1735),(1731,1730,1912),(1732,1728,1730),(1729,1728,1732),(1729,1913,
1727),(1913,1725,1727),(1726,1725,1913),(1726,1914,1724),(1914,1722,1724),
(1723,1722,1914),(1723,1915,1721),(1915,1719,1721),(1720,1719,1915),(1720,
1916,1718),(1916,1716,1718),(1717,1716,1916),(1717,1917,1715),(1917,1713,
1715),(1714,1713,1917),(1714,1918,1712),(1918,1710,1712),(1711,1710,1918),
(1711,1919,1709),(1919,1707,1709),(1708,1707,1919),(1708,1920,1706),(1920,
1704,1706),(1705,1704,1920),(1705,1921,1703),(1921,1701,1703),(1702,1701,
1921),(1702,1922,1700),(1922,1698,1700),(1699,1698,1922),(1699,1923,1697),
(1923,1695,1697),(1696,1695,1923),(1696,1924,1694),(1924,1692,1694),(1693,
1692,1924),(1693,1925,1691),(1925,1689,1691),(1690,1689,1925),(1690,1926,
1688),(1926,1686,1688),(1687,1686,1926),(1687,1927,1685),(1927,1683,1685),
(1684,1683,1927),(1684,1928,1682),(1928,1680,1682),(1681,1680,1928),(1681,
1929,1679),(1929,1677,1679),(1678,1677,1929),(1678,1930,1676),(1930,1674,
1676),(1675,1674,1930),(1675,1931,1673),(1931,1671,1673),(1672,1671,1931),
(1672,1932,1670),(1932,1668,1670),(1669,1668,1932),(1669,1663,1665),(1873,
1872,1851),(1873,1874,1872),(1933,1934,1935),(1936,1937,1938),(1939,1940,
1941),(1942,1943,1944),(1945,1946,1947),(1948,1949,1950),(1951,1952,1953),
(1954,1955,1956),(1957,1958,1959),(1960,1961,1962),(1963,1964,1965),(1966,
1967,1968),(1969,1970,1971),(1972,1973,1974),(1975,1976,1977),(1978,1979,
1980),(1981,1982,1983),(1984,1985,1986),(1987,1988,1989),(1990,1991,1992),
(1992,1993,1990),(1988,1993,1992),(1988,1987,1993),(1989,1994,1987),(1985,
1994,1989),(1985,1984,1994),(1986,1995,1984),(1982,1995,1986),(1982,1981,
1995),(1983,1996,1981),(1979,1996,1983),(1979,1978,1996),(1980,1997,1978),
(1976,1997,1980),(1976,1975,1997),(1977,1998,1975),(1973,1998,1977),(1973,
1972,1998),(1974,1999,1972),(1970,1999,1974),(1970,1969,1999),(1971,2000,
1969),(1967,2000,1971),(1967,1966,2000),(1968,2001,1966),(1964,2001,1968),
(1964,1963,2001),(1965,2002,1963),(1961,2002,1965),(1961,1960,2002),(1962,
2003,1960),(1958,2003,1962),(1958,1957,2003),(1959,2004,1957),(1955,2004,
1959),(1955,1954,2004),(1956,2005,1954),(1952,2005,1956),(1952,1951,2005),
(1953,2006,1951),(1949,2006,1953),(1949,1948,2006),(1950,2007,1948),(1946,
2007,1950),(1946,1945,2007),(1947,2008,1945),(1943,2008,1947),(1943,1942,
2008),(1944,2009,1942),(1940,2009,1944),(1940,1939,2009),(1941,2010,1939),
(1937,2010,1941),(1937,1936,2010),(1938,2011,1936),(1934,2011,1938),(1934,
1933,2011),(1935,2012,1933),(1865,2012,1935),(1865,1864,2012),(2013,2014,
2015),(2016,2017,2018),(2019,2020,2021),(2022,2023,2024),(2025,2026,2027),
(2028,2029,2030),(2031,2032,2033),(2034,2035,2036),(2037,2038,2039),(2037,
2040,2041),(2042,2043,2044),(2042,2045,2046),(2047,2048,2049),(2050,2051,
2052),(2053,2054,2055),(2056,2057,2058),(2059,2060,2061),(2062,2063,2064),
(2065,2066,2067),(2068,2069,2070),(2071,2072,2073),(2074,2075,2076),(2077,
2078,2079),(2080,2081,2082),(2083,2084,2085),(2086,2087,2088),(2089,2090,
2091),(2092,2093,2094),(2095,2096,2097),(2098,2099,2100),(2101,2102,2103),
(2104,2102,2106),(2103,2102,2104),(2103,2108,2101),(2108,2099,2101),(2100,
2099,2108),(2100,2109,2098),(2109,2096,2098),(2097,2096,2109),(2097,2110,
2095),(2110,2093,2095),(2094,2093,2110),(2094,2111,2092),(2111,2090,2092),
(2091,2090,2111),(2091,2112,2089),(2112,2087,2089),(2088,2087,2112),(2088,
2113,2086),(2113,2084,2086),(2085,2084,2113),(2085,2114,2083),(2114,2081,
2083),(2082,2081,2114),(2082,2115,2080),(2115,2078,2080),(2079,2078,2115),
(2079,2116,2077),(2116,2075,2077),(2076,2075,2116),(2076,2117,2074),(2117,
2072,2074),(2073,2072,2117),(2073,2118,2071),(2118,2069,2071),(2070,2069,
2118),(2070,2119,2068),(2119,2066,2068),(2067,2066,2119),(2067,2120,2065),
(2120,2063,2065),(2064,2063,2120),(2064,2121,2062),(2121,2060,2062),(2061,
2060,2121),(2061,2122,2059),(2122,2057,2059),(2058,2057,2122),(2058,2123,
2056),(2123,2054,2056),(2055,2054,2123),(2055,2124,2053),(2124,2051,2053),
(2052,2051,2124),(2052,2125,2050),(2125,2048,2050),(2049,2048,2125),(2049,
2126,2047),(2126,2045,2047),(2046,2045,2126),(2046,2043,2042),(2044,2040,
2042),(2041,2040,2044),(2041,2038,2037),(2039,2127,2037),(2035,2127,2039),
(2035,2034,2127),(2036,2128,2034),(2032,2128,2036),(2032,2031,2128),(2033,
2129,2031),(2029,2129,2033),(2029,2028,2129),(2030,2130,2028),(2026,2130,
2030),(2026,2025,2130),(2027,2131,2025),(2023,2131,2027),(2023,2022,2131),
(2024,2132,2022),(2020,2132,2024),(2020,2019,2132),(2021,2133,2019),(2017,
2133,2021),(2017,2016,2133),(2018,2134,2016),(2014,2134,2018),(2014,2013,
2134),(2015,2135,2013),(1991,2135,2015),(1991,1990,2135),(2107,2136,2137),
(2138,2139,2140),(2141,2142,2143),(2144,2142,2146),(2143,2142,2144),(2143,
2148,2141),(2148,2139,2141),(2140,2139,2148),(2140,2149,2138),(2149,2136,
2138),(2137,2136,2149),(2137,2105,2107),(2147,2150,2151),(2152,2153,2154),
(2155,2156,2157),(2158,2159,2160),(2161,2162,2163),(2164,2165,2166),(2167,
2168,2169),(2170,2171,2172),(2173,2174,2175),(2176,2177,2178),(2179,2180,
2181),(2182,2183,2184),(2185,2186,2187),(2188,2189,2190),(2191,2192,2193),
(2194,2195,2196),(2197,2198,2199),(2200,2201,2202),(2203,2204,2205),(2206,
2207,2208),(2209,2210,2211),(2212,2213,2214),(2215,2216,2217),(2218,2219,
2220),(2221,2222,2223),(2224,2225,2226),(2227,2228,2229),(2230,2231,2232),
(2233,2234,2235),(2236,2237,2238),(2239,2240,2241),(2242,2243,2244),(2245,
2246,2247),(2248,2249,2250),(2251,2252,2253),(2254,2255,2256),(2257,2258,
2259),(2260,2261,2262),(2263,2264,2265),(2266,2267,2268),(2269,2270,2271),
(2272,2273,2274),(2275,2276,2277),(2278,2279,2280),(2281,2282,2283),(2284,
2285,2286),(2287,2288,2289),(2290,2291,2292),(2293,2294,2295),(2296,2297,
2298),(2299,2300,2301),(2302,2303,2304),(2305,2306,2307),(2308,2309,2310),
(2311,2312,2313),(2314,2315,2316),(2317,2318,2319),(2317,2320,2321),(2322,
2323,2324),(2325,2326,2327),(2328,2329,2330),(2331,2332,2333),(2334,2335,
2336),(2337,2338,2339),(2340,2341,2342),(2343,2344,2345),(2346,2347,2348),
(2348,2349,2346),(2344,2349,2348),(2344,2343,2349),(2345,2350,2343),(2341,
2350,2345),(2341,2340,2350),(2342,2351,2340),(2338,2351,2342),(2338,2337,
2351),(2339,2352,2337),(2335,2352,2339),(2335,2334,2352),(2336,2353,2334),
(2332,2353,2336),(2332,2331,2353),(2333,2354,2331),(2355,2329,2356),(2330,
2329,2355),(2330,2357,2328),(2357,2326,2328),(2327,2326,2357),(2327,2358,
2325),(2358,2323,2325),(2324,2323,2358),(2324,2359,2322),(2359,2320,2322),
(2321,2320,2359),(2321,2318,2317),(2319,2360,2317),(2315,2360,2319),(2315,
2314,2360),(2316,2361,2314),(2312,2361,2316),(2312,2311,2361),(2313,2362,
2311),(2309,2362,2313),(2309,2308,2362),(2310,2363,2308),(2306,2363,2310),
(2306,2305,2363),(2307,2364,2305),(2303,2364,2307),(2303,2302,2364),(2304,
2365,2302),(2300,2365,2304),(2300,2299,2365),(2301,2366,2299),(2297,2366,
2301),(2297,2296,2366),(2298,2367,2296),(2294,2367,2298),(2294,2293,2367),
(2295,2368,2293),(2291,2368,2295),(2291,2290,2368),(2292,2369,2290),(2288,
2369,2292),(2288,2287,2369),(2289,2370,2287),(2285,2370,2289),(2285,2284,
2370),(2286,2371,2284),(2282,2371,2286),(2282,2281,2371),(2283,2372,2281),
(2279,2372,2283),(2279,2278,2372),(2280,2373,2278),(2276,2373,2280),(2276,
2275,2373),(2277,2374,2275),(2273,2374,2277),(2273,2272,2374),(2274,2375,
2272),(2270,2375,2274),(2270,2269,2375),(2271,2376,2269),(2267,2376,2271),
(2267,2266,2376),(2268,2377,2266),(2264,2377,2268),(2264,2263,2377),(2265,
2378,2263),(2261,2378,2265),(2261,2260,2378),(2262,2379,2260),(2258,2379,
2262),(2258,2257,2379),(2259,2380,2257),(2255,2380,2259),(2255,2254,2380),
(2256,2381,2254),(2252,2381,2256),(2252,2251,2381),(2253,2382,2251),(2249,
2382,2253),(2249,2248,2382),(2250,2383,2248),(2246,2383,2250),(2246,2245,
2383),(2247,2384,2245),(2243,2384,2247),(2243,2242,2384),(2244,2385,2242),
(2240,2385,2244),(2240,2239,2385),(2241,2386,2239),(2237,2386,2241),(2237,
2236,2386),(2238,2387,2236),(2234,2387,2238),(2234,2233,2387),(2235,2388,
2233),(2231,2388,2235),(2231,2230,2388),(2232,2389,2230),(2228,2389,2232),
(2228,2227,2389),(2229,2390,2227),(2225,2390,2229),(2225,2224,2390),(2226,
2391,2224),(2222,2391,2226),(2222,2221,2391),(2223,2392,2221),(2219,2392,
2223),(2219,2218,2392),(2220,2393,2218),(2216,2393,2220),(2216,2215,2393),
(2217,2394,2215),(2213,2394,2217),(2213,2212,2394),(2214,2210,2212),(2211,
2210,2214),(2211,2395,2209),(2395,2207,2209),(2208,2207,2395),(2208,2396,
2206),(2396,2204,2206),(2205,2204,2396),(2205,2397,2203),(2397,2201,2203),
(2202,2201,2397),(2202,2398,2200),(2398,2198,2200),(2199,2198,2398),(2199,
2399,2197),(2399,2195,2197),(2196,2195,2399),(2196,2400,2194),(2400,2192,
2194),(2193,2192,2400),(2193,2401,2191),(2401,2189,2191),(2190,2189,2401),
(2190,2402,2188),(2402,2186,2188),(2187,2186,2402),(2187,2403,2185),(2403,
2183,2185),(2184,2183,2403),(2184,2404,2182),(2404,2180,2182),(2181,2180,
2404),(2181,2405,2179),(2405,2177,2179),(2178,2177,2405),(2178,2406,2176),
(2406,2174,2176),(2175,2174,2406),(2175,2407,2173),(2407,2171,2173),(2172,
2171,2407),(2172,2408,2170),(2408,2168,2170),(2169,2168,2408),(2169,2409,
2167),(2409,2165,2167),(2166,2165,2409),(2166,2410,2164),(2410,2162,2164),
(2163,2162,2410),(2163,2411,2161),(2411,2159,2161),(2160,2159,2411),(2160,
2412,2158),(2412,2156,2158),(2157,2156,2412),(2157,2413,2155),(2413,2153,
2155),(2154,2153,2413),(2154,2414,2152),(2414,2150,2152),(2151,2150,2414),
(2151,2145,2147),(2355,2354,2333),(2355,2356,2354),(2415,2416,2417),(2418,
2419,2420),(2421,2422,2423),(2424,2425,2426),(2427,2428,2429),(2430,2431,
2432),(2433,2434,2435),(2436,2437,2438),(2439,2440,2441),(2442,2443,2444),
(2445,2446,2447),(2448,2449,2450),(2451,2452,2453),(2454,2455,2456),(2457,
2458,2459),(2460,2461,2462),(2463,2464,2465),(2466,2467,2468),(2469,2470,
2471),(2472,2473,2474),(2474,2475,2472),(2470,2475,2474),(2470,2469,2475),
(2471,2476,2469),(2467,2476,2471),(2467,2466,2476),(2468,2477,2466),(2464,
2477,2468),(2464,2463,2477),(2465,2478,2463),(2461,2478,2465),(2461,2460,
2478),(2462,2479,2460),(2458,2479,2462),(2458,2457,2479),(2459,2480,2457),
(2455,2480,2459),(2455,2454,2480),(2456,2481,2454),(2452,2481,2456),(2452,
2451,2481),(2453,2482,2451),(2449,2482,2453),(2449,2448,2482),(2450,2483,
2448),(2446,2483,2450),(2446,2445,2483),(2447,2484,2445),(2443,2484,2447),
(2443,2442,2484),(2444,2485,2442),(2440,2485,2444),(2440,2439,2485),(2441,
2486,2439),(2437,2486,2441),(2437,2436,2486),(2438,2487,2436),(2434,2487,
2438),(2434,2433,2487),(2435,2488,2433),(2431,2488,2435),(2431,2430,2488),
(2432,2489,2430),(2428,2489,2432),(2428,2427,2489),(2429,2490,2427),(2425,
2490,2429),(2425,2424,2490),(2426,2491,2424),(2422,2491,2426),(2422,2421,
2491),(2423,2492,2421),(2419,2492,2423),(2419,2418,2492),(2420,2493,2418),
(2416,2493,2420),(2416,2415,2493),(2417,2494,2415),(2347,2494,2417),(2347,
2346,2494),(2495,2496,2497),(2498,2499,2500),(2501,2502,2503),(2504,2505,
2506),(2507,2508,2509),(2510,2511,2512),(2513,2514,2515),(2516,2517,2518),
(2519,2520,2521),(2519,2522,2523),(2524,2525,2526),(2524,2527,2528),(2529,
2530,2531),(2532,2533,2534),(2535,2536,2537),(2538,2539,2540),(2541,2542,
2543),(2544,2545,2546),(2547,2548,2549),(2550,2551,2552),(2553,2554,2555),
(2556,2557,2558),(2559,2560,2561),(2562,2563,2564),(2565,2566,2567),(2568,
2569,2570),(2571,2572,2573),(2574,2575,2576),(2577,2578,2579),(2580,2581,
2582),(2583,2584,2585),(2586,2584,2588),(2585,2584,2586),(2585,2590,2583),
(2590,2581,2583),(2582,2581,2590),(2582,2591,2580),(2591,2578,2580),(2579,
2578,2591),(2579,2592,2577),(2592,2575,2577),(2576,2575,2592),(2576,2593,
2574),(2593,2572,2574),(2573,2572,2593),(2573,2594,2571),(2594,2569,2571),
(2570,2569,2594),(2570,2595,2568),(2595,2566,2568),(2567,2566,2595),(2567,
2596,2565),(2596,2563,2565),(2564,2563,2596),(2564,2597,2562),(2597,2560,
2562),(2561,2560,2597),(2561,2598,2559),(2598,2557,2559),(2558,2557,2598),
(2558,2599,2556),(2599,2554,2556),(2555,2554,2599),(2555,2600,2553),(2600,
2551,2553),(2552,2551,2600),(2552,2601,2550),(2601,2548,2550),(2549,2548,
2601),(2549,2602,2547),(2602,2545,2547),(2546,2545,2602),(2546,2603,2544),
(2603,2542,2544),(2543,2542,2603),(2543,2604,2541),(2604,2539,2541),(2540,
2539,2604),(2540,2605,2538),(2605,2536,2538),(2537,2536,2605),(2537,2606,
2535),(2606,2533,2535),(2534,2533,2606),(2534,2607,2532),(2607,2530,2532),
(2531,2530,2607),(2531,2608,2529),(2608,2527,2529),(2528,2527,2608),(2528,
2525,2524),(2526,2522,2524),(2523,2522,2526),(2523,2520,2519),(2521,2609,
2519),(2517,2609,2521),(2517,2516,2609),(2518,2610,2516),(2514,2610,2518),
(2514,2513,2610),(2515,2611,2513),(2511,2611,2515),(2511,2510,2611),(2512,
2612,2510),(2508,2612,2512),(2508,2507,2612),(2509,2613,2507),(2505,2613,
2509),(2505,2504,2613),(2506,2614,2504),(2502,2614,2506),(2502,2501,2614),
(2503,2615,2501),(2499,2615,2503),(2499,2498,2615),(2500,2616,2498),(2496,
2616,2500),(2496,2495,2616),(2497,2617,2495),(2473,2617,2497),(2473,2472,
2617),(2589,2618,2619),(2620,2621,2622),(2623,2624,2625),(2626,2624,2628),
(2625,2624,2626),(2625,2630,2623),(2630,2621,2623),(2622,2621,2630),(2622,
2631,2620),(2631,2618,2620),(2619,2618,2631),(2619,2587,2589),(2629,2632,
2633),(2634,2635,2636),(2637,2638,2639),(2640,2641,2642),(2643,2644,2645),
(2646,2647,2648),(2649,2650,2651),(2652,2653,2654),(2655,2656,2657),(2658,
2659,2660),(2661,2662,2663),(2664,2665,2666),(2667,2668,2669),(2670,2671,
2672),(2673,2674,2675),(2676,2677,2678),(2679,2680,2681),(2682,2683,2684),
(2685,2686,2687),(2688,2689,2690),(2691,2692,2693),(2694,2695,2696),(2697,
2698,2699),(2700,2701,2702),(2703,2704,2705),(2706,2707,2708),(2709,2710,
2711),(2712,2713,2714),(2715,2716,2717),(2718,2719,2720),(2721,2722,2723),
(2724,2725,2726),(2727,2728,2729),(2730,2731,2732),(2733,2734,2735),(2736,
2737,2738),(2739,2740,2741),(2742,2743,2744),(2745,2746,2747),(2748,2749,
2750),(2751,2752,2753),(2754,2755,2756),(2757,2758,2759),(2760,2761,2762),
(2763,2764,2765),(2766,2767,2768),(2769,2770,2771),(2772,2773,2774),(2775,
2776,2777),(2778,2779,2780),(2781,2782,2783),(2784,2785,2786),(2787,2788,
2789),(2790,2791,2792),(2793,2794,2795),(2796,2797,2798),(2799,2800,2801),
(2799,2802,2803),(2804,2805,2806),(2807,2808,2809),(2810,2811,2812),(2813,
2814,2815),(2816,2817,2818),(2819,2820,2821),(2822,2823,2824),(2825,2826,
2827),(2828,2829,2830),(2830,2831,2828),(2826,2831,2830),(2826,2825,2831),
(2827,2832,2825),(2823,2832,2827),(2823,2822,2832),(2824,2833,2822),(2820,
2833,2824),(2820,2819,2833),(2821,2834,2819),(2817,2834,2821),(2817,2816,
2834),(2818,2835,2816),(2814,2835,2818),(2814,2813,2835),(2815,2836,2813),
(2837,2811,2838),(2812,2811,2837),(2812,2839,2810),(2839,2808,2810),(2809,
2808,2839),(2809,2840,2807),(2840,2805,2807),(2806,2805,2840),(2806,2841,
2804),(2841,2802,2804),(2803,2802,2841),(2803,2800,2799),(2801,2842,2799),
(2797,2842,2801),(2797,2796,2842),(2798,2843,2796),(2794,2843,2798),(2794,
2793,2843),(2795,2844,2793),(2791,2844,2795),(2791,2790,2844),(2792,2845,
2790),(2788,2845,2792),(2788,2787,2845),(2789,2846,2787),(2785,2846,2789),
(2785,2784,2846),(2786,2847,2784),(2782,2847,2786),(2782,2781,2847),(2783,
2848,2781),(2779,2848,2783),(2779,2778,2848),(2780,2849,2778),(2776,2849,
2780),(2776,2775,2849),(2777,2850,2775),(2773,2850,2777),(2773,2772,2850),
(2774,2851,2772),(2770,2851,2774),(2770,2769,2851),(2771,2852,2769),(2767,
2852,2771),(2767,2766,2852),(2768,2853,2766),(2764,2853,2768),(2764,2763,
2853),(2765,2854,2763),(2761,2854,2765),(2761,2760,2854),(2762,2855,2760),
(2758,2855,2762),(2758,2757,2855),(2759,2856,2757),(2755,2856,2759),(2755,
2754,2856),(2756,2857,2754),(2752,2857,2756),(2752,2751,2857),(2753,2858,
2751),(2749,2858,2753),(2749,2748,2858),(2750,2859,2748),(2746,2859,2750),
(2746,2745,2859),(2747,2860,2745),(2743,2860,2747),(2743,2742,2860),(2744,
2861,2742),(2740,2861,2744),(2740,2739,2861),(2741,2862,2739),(2737,2862,
2741),(2737,2736,2862),(2738,2863,2736),(2734,2863,2738),(2734,2733,2863),
(2735,2864,2733),(2731,2864,2735),(2731,2730,2864),(2732,2865,2730),(2728,
2865,2732),(2728,2727,2865),(2729,2866,2727),(2725,2866,2729),(2725,2724,
2866),(2726,2867,2724),(2722,2867,2726),(2722,2721,2867),(2723,2868,2721),
(2719,2868,2723),(2719,2718,2868),(2720,2869,2718),(2716,2869,2720),(2716,
2715,2869),(2717,2870,2715),(2713,2870,2717),(2713,2712,2870),(2714,2871,
2712),(2710,2871,2714),(2710,2709,2871),(2711,2872,2709),(2707,2872,2711),
(2707,2706,2872),(2708,2873,2706),(2704,2873,2708),(2704,2703,2873),(2705,
2874,2703),(2701,2874,2705),(2701,2700,2874),(2702,2875,2700),(2698,2875,
2702),(2698,2697,2875),(2699,2876,2697),(2695,2876,2699),(2695,2694,2876),
(2696,2692,2694),(2693,2692,2696),(2693,2877,2691),(2877,2689,2691),(2690,
2689,2877),(2690,2878,2688),(2878,2686,2688),(2687,2686,2878),(2687,2879,
2685),(2879,2683,2685),(2684,2683,2879),(2684,2880,2682),(2880,2680,2682),
(2681,2680,2880),(2681,2881,2679),(2881,2677,2679),(2678,2677,2881),(2678,
2882,2676),(2882,2674,2676),(2675,2674,2882),(2675,2883,2673),(2883,2671,
2673),(2672,2671,2883),(2672,2884,2670),(2884,2668,2670),(2669,2668,2884),
(2669,2885,2667),(2885,2665,2667),(2666,2665,2885),(2666,2886,2664),(2886,
2662,2664),(2663,2662,2886),(2663,2887,2661),(2887,2659,2661),(2660,2659,
2887),(2660,2888,2658),(2888,2656,2658),(2657,2656,2888),(2657,2889,2655),
(2889,2653,2655),(2654,2653,2889),(2654,2890,2652),(2890,2650,2652),(2651,
2650,2890),(2651,2891,2649),(2891,2647,2649),(2648,2647,2891),(2648,2892,
2646),(2892,2644,2646),(2645,2644,2892),(2645,2893,2643),(2893,2641,2643),
(2642,2641,2893),(2642,2894,2640),(2894,2638,2640),(2639,2638,2894),(2639,
2895,2637),(2895,2635,2637),(2636,2635,2895),(2636,2896,2634),(2896,2632,
2634),(2633,2632,2896),(2633,2627,2629),(2837,2836,2815),(2837,2838,2836),
(2897,2898,2899),(2900,2901,2902),(2903,2904,2905),(2906,2907,2908),(2909,
2910,2911),(2912,2913,2914),(2915,2916,2917),(2918,2919,2920),(2921,2922,
2923),(2924,2925,2926),(2927,2928,2929),(2930,2931,2932),(2933,2934,2935),
(2936,2937,2938),(2939,2940,2941),(2942,2943,2944),(2945,2946,2947),(2948,
2949,2950),(2951,2952,2953),(2954,2955,2956),(2956,2957,2954),(2952,2957,
2956),(2952,2951,2957),(2953,2958,2951),(2949,2958,2953),(2949,2948,2958),
(2950,2959,2948),(2946,2959,2950),(2946,2945,2959),(2947,2960,2945),(2943,
2960,2947),(2943,2942,2960),(2944,2961,2942),(2940,2961,2944),(2940,2939,
2961),(2941,2962,2939),(2937,2962,2941),(2937,2936,2962),(2938,2963,2936),
(2934,2963,2938),(2934,2933,2963),(2935,2964,2933),(2931,2964,2935),(2931,
2930,2964),(2932,2965,2930),(2928,2965,2932),(2928,2927,2965),(2929,2966,
2927),(2925,2966,2929),(2925,2924,2966),(2926,2967,2924),(2922,2967,2926),
(2922,2921,2967),(2923,2968,2921),(2919,2968,2923),(2919,2918,2968),(2920,
2969,2918),(2916,2969,2920),(2916,2915,2969),(2917,2970,2915),(2913,2970,
2917),(2913,2912,2970),(2914,2971,2912),(2910,2971,2914),(2910,2909,2971),
(2911,2972,2909),(2907,2972,2911),(2907,2906,2972),(2908,2973,2906),(2904,
2973,2908),(2904,2903,2973),(2905,2974,2903),(2901,2974,2905),(2901,2900,
2974),(2902,2975,2900),(2898,2975,2902),(2898,2897,2975),(2899,2976,2897),
(2829,2976,2899),(2829,2828,2976),(2977,2978,2979),(2980,2981,2982),(2983,
2984,2985),(2986,2987,2988),(2989,2990,2991),(2992,2993,2994),(2995,2996,
2997),(2998,2999,3000),(3001,3002,3003),(3001,3004,3005),(3006,3007,3008),
(3006,3009,3010),(3011,3012,3013),(3014,3015,3016),(3017,3018,3019),(3020,
3021,3022),(3023,3024,3025),(3026,3027,3028),(3029,3030,3031),(3032,3033,
3034),(3035,3036,3037),(3038,3039,3040),(3041,3042,3043),(3044,3045,3046),
(3047,3048,3049),(3050,3051,3052),(3053,3054,3055),(3056,3057,3058),(3059,
3060,3061),(3062,3063,3064),(3065,3066,3067),(3068,3066,3070),(3067,3066,
3068),(3067,3072,3065),(3072,3063,3065),(3064,3063,3072),(3064,3073,3062),
(3073,3060,3062),(3061,3060,3073),(3061,3074,3059),(3074,3057,3059),(3058,
3057,3074),(3058,3075,3056),(3075,3054,3056),(3055,3054,3075),(3055,3076,
3053),(3076,3051,3053),(3052,3051,3076),(3052,3077,3050),(3077,3048,3050),
(3049,3048,3077),(3049,3078,3047),(3078,3045,3047),(3046,3045,3078),(3046,
3079,3044),(3079,3042,3044),(3043,3042,3079),(3043,3080,3041),(3080,3039,
3041),(3040,3039,3080),(3040,3081,3038),(3081,3036,3038),(3037,3036,3081),
(3037,3082,3035),(3082,3033,3035),(3034,3033,3082),(3034,3083,3032),(3083,
3030,3032),(3031,3030,3083),(3031,3084,3029),(3084,3027,3029),(3028,3027,
3084),(3028,3085,3026),(3085,3024,3026),(3025,3024,3085),(3025,3086,3023),
(3086,3021,3023),(3022,3021,3086),(3022,3087,3020),(3087,3018,3020),(3019,
3018,3087),(3019,3088,3017),(3088,3015,3017),(3016,3015,3088),(3016,3089,
3014),(3089,3012,3014),(3013,3012,3089),(3013,3090,3011),(3090,3009,3011),
(3010,3009,3090),(3010,3007,3006),(3008,3004,3006),(3005,3004,3008),(3005,
3002,3001),(3003,3091,3001),(2999,3091,3003),(2999,2998,3091),(3000,3092,
2998),(2996,3092,3000),(2996,2995,3092),(2997,3093,2995),(2993,3093,2997),
(2993,2992,3093),(2994,3094,2992),(2990,3094,2994),(2990,2989,3094),(2991,
3095,2989),(2987,3095,2991),(2987,2986,3095),(2988,3096,2986),(2984,3096,
2988),(2984,2983,3096),(2985,3097,2983),(2981,3097,2985),(2981,2980,3097),
(2982,3098,2980),(2978,3098,2982),(2978,2977,3098),(2979,3099,2977),(2955,
3099,2979),(2955,2954,3099),(3071,3100,3101),(3102,3103,3104),(3105,3106,
3107),(3108,3106,3110),(3107,3106,3108),(3107,3112,3105),(3112,3103,3105),
(3104,3103,3112),(3104,3113,3102),(3113,3100,3102),(3101,3100,3113),(3101,
3069,3071),(3111,3114,3115),(3116,3117,3118),(3119,3120,3121),(3122,3123,
3124),(3125,3126,3127),(3128,3129,3130),(3131,3132,3133),(3134,3135,3136),
(3137,3138,3139),(3140,3141,3142),(3143,3144,3145),(3146,3147,3148),(3149,
3150,3151),(3152,3153,3154),(3155,3156,3157),(3158,3159,3160),(3161,3162,
3163),(3164,3165,3166),(3167,3168,3169),(3170,3171,3172),(3173,3174,3175),
(3176,3177,3178),(3179,3180,3181),(3182,3183,3184),(3185,3186,3187),(3188,
3189,3190),(3191,3192,3193),(3194,3195,3196),(3197,3198,3199),(3200,3201,
3202),(3203,3204,3205),(3206,3207,3208),(3209,3210,3211),(3212,3213,3214),
(3215,3216,3217),(3218,3219,3220),(3221,3222,3223),(3224,3225,3226),(3227,
3228,3229),(3230,3231,3232),(3233,3234,3235),(3236,3237,3238),(3239,3240,
3241),(3242,3243,3244),(3245,3246,3247),(3248,3249,3250),(3251,3252,3253),
(3254,3255,3256),(3257,3258,3259),(3260,3261,3262),(3263,3264,3265),(3266,
3267,3268),(3269,3270,3271),(3272,3273,3274),(3275,3276,3277),(3278,3279,
3280),(3281,3282,3283),(3281,3284,3285),(3286,3287,3288),(3289,3290,3291),
(3292,3293,3294),(3295,3296,3297),(3298,3299,3300),(3301,3302,3303),(3304,
3305,3306),(3307,3308,3309),(3310,3311,3312),(3312,3313,3310),(3308,3313,
3312),(3308,3307,3313),(3309,3314,3307),(3305,3314,3309),(3305,3304,3314),
(3306,3315,3304),(3302,3315,3306),(3302,3301,3315),(3303,3316,3301),(3299,
3316,3303),(3299,3298,3316),(3300,3317,3298),(3296,3317,3300),(3296,3295,
3317),(3297,3318,3295),(3319,3293,3320),(3294,3293,3319),(3294,3321,3292),
(3321,3290,3292),(3291,3290,3321),(3291,3322,3289),(3322,3287,3289),(3288,
3287,3322),(3288,3323,3286),(3323,3284,3286),(3285,3284,3323),(3285,3282,
3281),(3283,3324,3281),(3279,3324,3283),(3279,3278,3324),(3280,3325,3278),
(3276,3325,3280),(3276,3275,3325),(3277,3326,3275),(3273,3326,3277),(3273,
3272,3326),(3274,3327,3272),(3270,3327,3274),(3270,3269,3327),(3271,3328,
3269),(3267,3328,3271),(3267,3266,3328),(3268,3329,3266),(3264,3329,3268),
(3264,3263,3329),(3265,3330,3263),(3261,3330,3265),(3261,3260,3330),(3262,
3331,3260),(3258,3331,3262),(3258,3257,3331),(3259,3332,3257),(3255,3332,
3259),(3255,3254,3332),(3256,3333,3254),(3252,3333,3256),(3252,3251,3333),
(3253,3334,3251),(3249,3334,3253),(3249,3248,3334),(3250,3335,3248),(3246,
3335,3250),(3246,3245,3335),(3247,3336,3245),(3243,3336,3247),(3243,3242,
3336),(3244,3337,3242),(3240,3337,3244),(3240,3239,3337),(3241,3338,3239),
(3237,3338,3241),(3237,3236,3338),(3238,3339,3236),(3234,3339,3238),(3234,
3233,3339),(3235,3340,3233),(3231,3340,3235),(3231,3230,3340),(3232,3341,
3230),(3228,3341,3232),(3228,3227,3341),(3229,3342,3227),(3225,3342,3229),
(3225,3224,3342),(3226,3343,3224),(3222,3343,3226),(3222,3221,3343),(3223,
3344,3221),(3219,3344,3223),(3219,3218,3344),(3220,3345,3218),(3216,3345,
3220),(3216,3215,3345),(3217,3346,3215),(3213,3346,3217),(3213,3212,3346),
(3214,3347,3212),(3210,3347,3214),(3210,3209,3347),(3211,3348,3209),(3207,
3348,3211),(3207,3206,3348),(3208,3349,3206),(3204,3349,3208),(3204,3203,
3349),(3205,3350,3203),(3201,3350,3205),(3201,3200,3350),(3202,3351,3200),
(3198,3351,3202),(3198,3197,3351),(3199,3352,3197),(3195,3352,3199),(3195,
3194,3352),(3196,3353,3194),(3192,3353,3196),(3192,3191,3353),(3193,3354,
3191),(3189,3354,3193),(3189,3188,3354),(3190,3355,3188),(3186,3355,3190),
(3186,3185,3355),(3187,3356,3185),(3183,3356,3187),(3183,3182,3356),(3184,
3357,3182),(3180,3357,3184),(3180,3179,3357),(3181,3358,3179),(3177,3358,
3181),(3177,3176,3358),(3178,3174,3176),(3175,3174,3178),(3175,3359,3173),
(3359,3171,3173),(3172,3171,3359),(3172,3360,3170),(3360,3168,3170),(3169,
3168,3360),(3169,3361,3167),(3361,3165,3167),(3166,3165,3361),(3166,3362,
3164),(3362,3162,3164),(3163,3162,3362),(3163,3363,3161),(3363,3159,3161),
(3160,3159,3363),(3160,3364,3158),(3364,3156,3158),(3157,3156,3364),(3157,
3365,3155),(3365,3153,3155),(3154,3153,3365),(3154,3366,3152),(3366,3150,
3152),(3151,3150,3366),(3151,3367,3149),(3367,3147,3149),(3148,3147,3367),
(3148,3368,3146),(3368,3144,3146),(3145,3144,3368),(3145,3369,3143),(3369,
3141,3143),(3142,3141,3369),(3142,3370,3140),(3370,3138,3140),(3139,3138,
3370),(3139,3371,3137),(3371,3135,3137),(3136,3135,3371),(3136,3372,3134),
(3372,3132,3134),(3133,3132,3372),(3133,3373,3131),(3373,3129,3131),(3130,
3129,3373),(3130,3374,3128),(3374,3126,3128),(3127,3126,3374),(3127,3375,
3125),(3375,3123,3125),(3124,3123,3375),(3124,3376,3122),(3376,3120,3122),
(3121,3120,3376),(3121,3377,3119),(3377,3117,3119),(3118,3117,3377),(3118,
3378,3116),(3378,3114,3116),(3115,3114,3378),(3115,3109,3111),(3319,3318,
3297),(3319,3320,3318),(3379,3380,3381),(3382,3383,3384),(3385,3386,3387),
(3388,3389,3390),(3391,3392,3393),(3394,3395,3396),(3397,3398,3399),(3400,
3401,3402),(3403,3404,3405),(3406,3407,3408),(3409,3410,3411),(3412,3413,
3414),(3415,3416,3417),(3418,3419,3420),(3421,3422,3423),(3424,3425,3426),
(3427,3428,3429),(3430,3431,3432),(3433,3434,3435),(3436,3437,3438),(3438,
3439,3436),(3434,3439,3438),(3434,3433,3439),(3435,3440,3433),(3431,3440,
3435),(3431,3430,3440),(3432,3441,3430),(3428,3441,3432),(3428,3427,3441),
(3429,3442,3427),(3425,3442,3429),(3425,3424,3442),(3426,3443,3424),(3422,
3443,3426),(3422,3421,3443),(3423,3444,3421),(3419,3444,3423),(3419,3418,
3444),(3420,3445,3418),(3416,3445,3420),(3416,3415,3445),(3417,3446,3415),
(3413,3446,3417),(3413,3412,3446),(3414,3447,3412),(3410,3447,3414),(3410,
3409,3447),(3411,3448,3409),(3407,3448,3411),(3407,3406,3448),(3408,3449,
3406),(3404,3449,3408),(3404,3403,3449),(3405,3450,3403),(3401,3450,3405),
(3401,3400,3450),(3402,3451,3400),(3398,3451,3402),(3398,3397,3451),(3399,
3452,3397),(3395,3452,3399),(3395,3394,3452),(3396,3453,3394),(3392,3453,
3396),(3392,3391,3453),(3393,3454,3391),(3389,3454,3393),(3389,3388,3454),
(3390,3455,3388),(3386,3455,3390),(3386,3385,3455),(3387,3456,3385),(3383,
3456,3387),(3383,3382,3456),(3384,3457,3382),(3380,3457,3384),(3380,3379,
3457),(3381,3458,3379),(3311,3458,3381),(3311,3310,3458),(3459,3460,3461),
(3462,3463,3464),(3465,3466,3467),(3468,3469,3470),(3471,3472,3473),(3474,
3475,3476),(3477,3478,3479),(3480,3481,3482),(3483,3484,3485),(3483,3486,
3487),(3488,3489,3490),(3488,3491,3492),(3493,3494,3495),(3496,3497,3498),
(3499,3500,3501),(3502,3503,3504),(3505,3506,3507),(3508,3509,3510),(3511,
3512,3513),(3514,3515,3516),(3517,3518,3519),(3520,3521,3522),(3523,3524,
3525),(3526,3527,3528),(3529,3530,3531),(3532,3533,3534),(3535,3536,3537),
(3538,3539,3540),(3541,3542,3543),(3544,3545,3546),(3547,3548,3549),(3550,
3548,3552),(3549,3548,3550),(3549,3554,3547),(3554,3545,3547),(3546,3545,
3554),(3546,3555,3544),(3555,3542,3544),(3543,3542,3555),(3543,3556,3541),
(3556,3539,3541),(3540,3539,3556),(3540,3557,3538),(3557,3536,3538),(3537,
3536,3557),(3537,3558,3535),(3558,3533,3535),(3534,3533,3558),(3534,3559,
3532),(3559,3530,3532),(3531,3530,3559),(3531,3560,3529),(3560,3527,3529),
(3528,3527,3560),(3528,3561,3526),(3561,3524,3526),(3525,3524,3561),(3525,
3562,3523),(3562,3521,3523),(3522,3521,3562),(3522,3563,3520),(3563,3518,
3520),(3519,3518,3563),(3519,3564,3517),(3564,3515,3517),(3516,3515,3564),
(3516,3565,3514),(3565,3512,3514),(3513,3512,3565),(3513,3566,3511),(3566,
3509,3511),(3510,3509,3566),(3510,3567,3508),(3567,3506,3508),(3507,3506,
3567),(3507,3568,3505),(3568,3503,3505),(3504,3503,3568),(3504,3569,3502),
(3569,3500,3502),(3501,3500,3569),(3501,3570,3499),(3570,3497,3499),(3498,
3497,3570),(3498,3571,3496),(3571,3494,3496),(3495,3494,3571),(3495,3572,
3493),(3572,3491,3493),(3492,3491,3572),(3492,3489,3488),(3490,3486,3488),
(3487,3486,3490),(3487,3484,3483),(3485,3573,3483),(3481,3573,3485),(3481,
3480,3573),(3482,3574,3480),(3478,3574,3482),(3478,3477,3574),(3479,3575,
3477),(3475,3575,3479),(3475,3474,3575),(3476,3576,3474),(3472,3576,3476),
(3472,3471,3576),(3473,3577,3471),(3469,3577,3473),(3469,3468,3577),(3470,
3578,3468),(3466,3578,3470),(3466,3465,3578),(3467,3579,3465),(3463,3579,
3467),(3463,3462,3579),(3464,3580,3462),(3460,3580,3464),(3460,3459,3580),
(3461,3581,3459),(3437,3581,3461),(3437,3436,3581),(3553,3582,3583),(3584,
3585,3586),(3587,3588,3589),(3590,3588,3592),(3589,3588,3590),(3589,3594,
3587),(3594,3585,3587),(3586,3585,3594),(3586,3595,3584),(3595,3582,3584),
(3583,3582,3595),(3583,3551,3553),(3593,3596,3597),(3598,3599,3600),(3601,
3602,3603),(3604,3605,3606),(3607,3608,3609),(3610,3611,3612),(3613,3614,
3615),(3616,3617,3618),(3619,3620,3621),(3622,3623,3624),(3625,3626,3627),
(3628,3629,3630),(3631,3632,3633),(3634,3635,3636),(3637,3638,3639),(3640,
3641,3642),(3643,3644,3645),(3646,3647,3648),(3649,3650,3651),(3652,3653,
3654),(3655,3656,3657),(3658,3659,3660),(3661,3662,3663),(3664,3665,3666),
(3667,3668,3669),(3670,3671,3672),(3673,3674,3675),(3676,3677,3678),(3679,
3680,3681),(3682,3683,3684),(3685,3686,3687),(3688,3689,3690),(3691,3692,
3693),(3694,3695,3696),(3697,3698,3699),(3700,3701,3702),(3703,3704,3705),
(3706,3707,3708),(3709,3710,3711),(3712,3713,3714),(3715,3716,3717),(3718,
3719,3720),(3721,3722,3723),(3724,3725,3726),(3727,3728,3729),(3730,3731,
3732),(3733,3734,3735),(3736,3737,3738),(3739,3740,3741),(3742,3743,3744),
(3745,3746,3747),(3748,3749,3750),(3751,3752,3753),(3754,3755,3756),(3757,
3758,3759),(3760,3761,3762),(3763,3764,3765),(3763,3766,3767),(3768,3769,
3770),(3771,3772,3773),(3774,3775,3776),(3777,3778,3779),(3780,3781,3782),
(3783,3784,3785),(3786,3787,3788),(3789,3790,3791),(3792,3793,3794),(3794,
3795,3792),(3790,3795,3794),(3790,3789,3795),(3791,3796,3789),(3787,3796,
3791),(3787,3786,3796),(3788,3797,3786),(3784,3797,3788),(3784,3783,3797),
(3785,3798,3783),(3781,3798,3785),(3781,3780,3798),(3782,3799,3780),(3778,
3799,3782),(3778,3777,3799),(3779,3800,3777),(3801,3775,3802),(3776,3775,
3801),(3776,3803,3774),(3803,3772,3774),(3773,3772,3803),(3773,3804,3771),
(3804,3769,3771),(3770,3769,3804),(3770,3805,3768),(3805,3766,3768),(3767,
3766,3805),(3767,3764,3763),(3765,3806,3763),(3761,3806,3765),(3761,3760,
3806),(3762,3807,3760),(3758,3807,3762),(3758,3757,3807),(3759,3808,3757),
(3755,3808,3759),(3755,3754,3808),(3756,3809,3754),(3752,3809,3756),(3752,
3751,3809),(3753,3810,3751),(3749,3810,3753),(3749,3748,3810),(3750,3811,
3748),(3746,3811,3750),(3746,3745,3811),(3747,3812,3745),(3743,3812,3747),
(3743,3742,3812),(3744,3813,3742),(3740,3813,3744),(3740,3739,3813),(3741,
3814,3739),(3737,3814,3741),(3737,3736,3814),(3738,3815,3736),(3734,3815,
3738),(3734,3733,3815),(3735,3816,3733),(3731,3816,3735),(3731,3730,3816),
(3732,3817,3730),(3728,3817,3732),(3728,3727,3817),(3729,3818,3727),(3725,
3818,3729),(3725,3724,3818),(3726,3819,3724),(3722,3819,3726),(3722,3721,
3819),(3723,3820,3721),(3719,3820,3723),(3719,3718,3820),(3720,3821,3718),
(3716,3821,3720),(3716,3715,3821),(3717,3822,3715),(3713,3822,3717),(3713,
3712,3822),(3714,3823,3712),(3710,3823,3714),(3710,3709,3823),(3711,3824,
3709),(3707,3824,3711),(3707,3706,3824),(3708,3825,3706),(3704,3825,3708),
(3704,3703,3825),(3705,3826,3703),(3701,3826,3705),(3701,3700,3826),(3702,
3827,3700),(3698,3827,3702),(3698,3697,3827),(3699,3828,3697),(3695,3828,
3699),(3695,3694,3828),(3696,3829,3694),(3692,3829,3696),(3692,3691,3829),
(3693,3830,3691),(3689,3830,3693),(3689,3688,3830),(3690,3831,3688),(3686,
3831,3690),(3686,3685,3831),(3687,3832,3685),(3683,3832,3687),(3683,3682,
3832),(3684,3833,3682),(3680,3833,3684),(3680,3679,3833),(3681,3834,3679),
(3677,3834,3681),(3677,3676,3834),(3678,3835,3676),(3674,3835,3678),(3674,
3673,3835),(3675,3836,3673),(3671,3836,3675),(3671,3670,3836),(3672,3837,
3670),(3668,3837,3672),(3668,3667,3837),(3669,3838,3667),(3665,3838,3669),
(3665,3664,3838),(3666,3839,3664),(3662,3839,3666),(3662,3661,3839),(3663,
3840,3661),(3659,3840,3663),(3659,3658,3840),(3660,3656,3658),(3657,3656,
3660),(3657,3841,3655),(3841,3653,3655),(3654,3653,3841),(3654,3842,3652),
(3842,3650,3652),(3651,3650,3842),(3651,3843,3649),(3843,3647,3649),(3648,
3647,3843),(3648,3844,3646),(3844,3644,3646),(3645,3644,3844),(3645,3845,
3643),(3845,3641,3643),(3642,3641,3845),(3642,3846,3640),(3846,3638,3640),
(3639,3638,3846),(3639,3847,3637),(3847,3635,3637),(3636,3635,3847),(3636,
3848,3634),(3848,3632,3634),(3633,3632,3848),(3633,3849,3631),(3849,3629,
3631),(3630,3629,3849),(3630,3850,3628),(3850,3626,3628),(3627,3626,3850),
(3627,3851,3625),(3851,3623,3625),(3624,3623,3851),(3624,3852,3622),(3852,
3620,3622),(3621,3620,3852),(3621,3853,3619),(3853,3617,3619),(3618,3617,
3853),(3618,3854,3616),(3854,3614,3616),(3615,3614,3854),(3615,3855,3613),
(3855,3611,3613),(3612,3611,3855),(3612,3856,3610),(3856,3608,3610),(3609,
3608,3856),(3609,3857,3607),(3857,3605,3607),(3606,3605,3857),(3606,3858,
3604),(3858,3602,3604),(3603,3602,3858),(3603,3859,3601),(3859,3599,3601),
(3600,3599,3859),(3600,3860,3598),(3860,3596,3598),(3597,3596,3860),(3597,
3591,3593),(3801,3800,3779),(3801,3802,3800),(3861,3862,3863),(3864,3865,
3866),(3867,3868,3869),(3870,3871,3872),(3873,3874,3875),(3876,3877,3878),
(3879,3880,3881),(3882,3883,3884),(3885,3886,3887),(3888,3889,3890),(3891,
3892,3893),(3894,3895,3896),(3897,3898,3899),(3900,3901,3902),(3903,3904,
3905),(3906,3907,3908),(3909,3910,3911),(3912,3913,3914),(3915,3916,3917),
(3918,3919,3920),(3920,3921,3918),(3916,3921,3920),(3916,3915,3921),(3917,
3922,3915),(3913,3922,3917),(3913,3912,3922),(3914,3923,3912),(3910,3923,
3914),(3910,3909,3923),(3911,3924,3909),(3907,3924,3911),(3907,3906,3924),
(3908,3925,3906),(3904,3925,3908),(3904,3903,3925),(3905,3926,3903),(3901,
3926,3905),(3901,3900,3926),(3902,3927,3900),(3898,3927,3902),(3898,3897,
3927),(3899,3928,3897),(3895,3928,3899),(3895,3894,3928),(3896,3929,3894),
(3892,3929,3896),(3892,3891,3929),(3893,3930,3891),(3889,3930,3893),(3889,
3888,3930),(3890,3931,3888),(3886,3931,3890),(3886,3885,3931),(3887,3932,
3885),(3883,3932,3887),(3883,3882,3932),(3884,3933,3882),(3880,3933,3884),
(3880,3879,3933),(3881,3934,3879),(3877,3934,3881),(3877,3876,3934),(3878,
3935,3876),(3874,3935,3878),(3874,3873,3935),(3875,3936,3873),(3871,3936,
3875),(3871,3870,3936),(3872,3937,3870),(3868,3937,3872),(3868,3867,3937),
(3869,3938,3867),(3865,3938,3869),(3865,3864,3938),(3866,3939,3864),(3862,
3939,3866),(3862,3861,3939),(3863,3940,3861),(3793,3940,3863),(3793,3792,
3940),(3941,3942,3943),(3944,3945,3946),(3947,3948,3949),(3950,3951,3952),
(3953,3954,3955),(3956,3957,3958),(3959,3960,3961),(3962,3963,3964),(3965,
3966,3967),(3965,3968,3969),(3970,3971,3972),(3970,3973,3974),(3975,3976,
3977),(3978,3979,3980),(3981,3982,3983),(3984,3985,3986),(3987,3988,3989),
(3990,3991,3992),(3993,3994,3995),(3996,3997,3998),(3999,4000,4001),(4002,
4003,4004),(4005,4006,4007),(4008,4009,4010),(4011,4012,4013),(4014,4015,
4016),(4017,4018,4019),(4020,4021,4022),(4023,4024,4025),(4026,4027,4028),
(4029,4030,4031),(4032,4030,4034),(4031,4030,4032),(4031,4036,4029),(4036,
4027,4029),(4028,4027,4036),(4028,4037,4026),(4037,4024,4026),(4025,4024,
4037),(4025,4038,4023),(4038,4021,4023),(4022,4021,4038),(4022,4039,4020),
(4039,4018,4020),(4019,4018,4039),(4019,4040,4017),(4040,4015,4017),(4016,
4015,4040),(4016,4041,4014),(4041,4012,4014),(4013,4012,4041),(4013,4042,
4011),(4042,4009,4011),(4010,4009,4042),(4010,4043,4008),(4043,4006,4008),
(4007,4006,4043),(4007,4044,4005),(4044,4003,4005),(4004,4003,4044),(4004,
4045,4002),(4045,4000,4002),(4001,4000,4045),(4001,4046,3999),(4046,3997,
3999),(3998,3997,4046),(3998,4047,3996),(4047,3994,3996),(3995,3994,4047),
(3995,4048,3993),(4048,3991,3993),(3992,3991,4048),(3992,4049,3990),(4049,
3988,3990),(3989,3988,4049),(3989,4050,3987),(4050,3985,3987),(3986,3985,
4050),(3986,4051,3984),(4051,3982,3984),(3983,3982,4051),(3983,4052,3981),
(4052,3979,3981),(3980,3979,4052),(3980,4053,3978),(4053,3976,3978),(3977,
3976,4053),(3977,4054,3975),(4054,3973,3975),(3974,3973,4054),(3974,3971,
3970),(3972,3968,3970),(3969,3968,3972),(3969,3966,3965),(3967,4055,3965),
(3963,4055,3967),(3963,3962,4055),(3964,4056,3962),(3960,4056,3964),(3960,
3959,4056),(3961,4057,3959),(3957,4057,3961),(3957,3956,4057),(3958,4058,
3956),(3954,4058,3958),(3954,3953,4058),(3955,4059,3953),(3951,4059,3955),
(3951,3950,4059),(3952,4060,3950),(3948,4060,3952),(3948,3947,4060),(3949,
4061,3947),(3945,4061,3949),(3945,3944,4061),(3946,4062,3944),(3942,4062,
3946),(3942,3941,4062),(3943,4063,3941),(3919,4063,3943),(3919,3918,4063),
(4035,4064,4065),(4066,4067,4068),(4069,4070,4071),(4072,4070,4074),(4071,
4070,4072),(4071,4076,4069),(4076,4067,4069),(4068,4067,4076),(4068,4077,
4066),(4077,4064,4066),(4065,4064,4077),(4065,4033,4035),(4075,4078,4079),
(4080,4081,4082),(4083,4084,4085),(4086,4087,4088),(4089,4090,4091),(4092,
4093,4094),(4095,4096,4097),(4098,4099,4100),(4101,4102,4103),(4104,4105,
4106),(4107,4108,4109),(4110,4111,4112),(4113,4114,4115),(4116,4117,4118),
(4119,4120,4121),(4122,4123,4124),(4125,4126,4127),(4128,4129,4130),(4131,
4132,4133),(4134,4135,4136),(4137,4138,4139),(4140,4141,4142),(4143,4144,
4145),(4146,4147,4148),(4149,4150,4151),(4152,4153,4154),(4155,4156,4157),
(4158,4159,4160),(4161,4162,4163),(4164,4165,4166),(4167,4168,4169),(4170,
4171,4172),(4173,4174,4175),(4176,4177,4178),(4179,4180,4181),(4182,4183,
4184),(4185,4186,4187),(4188,4189,4190),(4191,4192,4193),(4194,4195,4196),
(4197,4198,4199),(4200,4201,4202),(4203,4204,4205),(4206,4207,4208),(4209,
4210,4211),(4212,4213,4214),(4215,4216,4217),(4218,4219,4220),(4221,4222,
4223),(4224,4225,4226),(4227,4228,4229),(4230,4231,4232),(4233,4234,4235),
(4236,4237,4238),(4239,4240,4241),(4242,4243,4244),(4245,4246,4247),(4245,
4248,4249),(4250,4251,4252),(4253,4254,4255),(4256,4257,4258),(4259,4260,
4261),(4262,4263,4264),(4265,4266,4267),(4268,4269,4270),(4271,4272,4273),
(4274,4275,4276),(4276,4277,4274),(4272,4277,4276),(4272,4271,4277),(4273,
4278,4271),(4269,4278,4273),(4269,4268,4278),(4270,4279,4268),(4266,4279,
4270),(4266,4265,4279),(4267,4280,4265),(4263,4280,4267),(4263,4262,4280),
(4264,4281,4262),(4260,4281,4264),(4260,4259,4281),(4261,4282,4259),(4283,
4257,4284),(4258,4257,4283),(4258,4285,4256),(4285,4254,4256),(4255,4254,
4285),(4255,4286,4253),(4286,4251,4253),(4252,4251,4286),(4252,4287,4250),
(4287,4248,4250),(4249,4248,4287),(4249,4246,4245),(4247,4288,4245),(4243,
4288,4247),(4243,4242,4288),(4244,4289,4242),(4240,4289,4244),(4240,4239,
4289),(4241,4290,4239),(4237,4290,4241),(4237,4236,4290),(4238,4291,4236),
(4234,4291,4238),(4234,4233,4291),(4235,4292,4233),(4231,4292,4235),(4231,
4230,4292),(4232,4293,4230),(4228,4293,4232),(4228,4227,4293),(4229,4294,
4227),(4225,4294,4229),(4225,4224,4294),(4226,4295,4224),(4222,4295,4226),
(4222,4221,4295),(4223,4296,4221),(4219,4296,4223),(4219,4218,4296),(4220,
4297,4218),(4216,4297,4220),(4216,4215,4297),(4217,4298,4215),(4213,4298,
4217),(4213,4212,4298),(4214,4299,4212),(4210,4299,4214),(4210,4209,4299),
(4211,4300,4209),(4207,4300,4211),(4207,4206,4300),(4208,4301,4206),(4204,
4301,4208),(4204,4203,4301),(4205,4302,4203),(4201,4302,4205),(4201,4200,
4302),(4202,4303,4200),(4198,4303,4202),(4198,4197,4303),(4199,4304,4197),
(4195,4304,4199),(4195,4194,4304),(4196,4305,4194),(4192,4305,4196),(4192,
4191,4305),(4193,4306,4191),(4189,4306,4193),(4189,4188,4306),(4190,4307,
4188),(4186,4307,4190),(4186,4185,4307),(4187,4308,4185),(4183,4308,4187),
(4183,4182,4308),(4184,4309,4182),(4180,4309,4184),(4180,4179,4309),(4181,
4310,4179),(4177,4310,4181),(4177,4176,4310),(4178,4311,4176),(4174,4311,
4178),(4174,4173,4311),(4175,4312,4173),(4171,4312,4175),(4171,4170,4312),
(4172,4313,4170),(4168,4313,4172),(4168,4167,4313),(4169,4314,4167),(4165,
4314,4169),(4165,4164,4314),(4166,4315,4164),(4162,4315,4166),(4162,4161,
4315),(4163,4316,4161),(4159,4316,4163),(4159,4158,4316),(4160,4317,4158),
(4156,4317,4160),(4156,4155,4317),(4157,4318,4155),(4153,4318,4157),(4153,
4152,4318),(4154,4319,4152),(4150,4319,4154),(4150,4149,4319),(4151,4320,
4149),(4147,4320,4151),(4147,4146,4320),(4148,4321,4146),(4144,4321,4148),
(4144,4143,4321),(4145,4322,4143),(4141,4322,4145),(4141,4140,4322),(4142,
4138,4140),(4139,4138,4142),(4139,4323,4137),(4323,4135,4137),(4136,4135,
4323),(4136,4324,4134),(4324,4132,4134),(4133,4132,4324),(4133,4325,4131),
(4325,4129,4131),(4130,4129,4325),(4130,4326,4128),(4326,4126,4128),(4127,
4126,4326),(4127,4327,4125),(4327,4123,4125),(4124,4123,4327),(4124,4328,
4122),(4328,4120,4122),(4121,4120,4328),(4121,4329,4119),(4329,4117,4119),
(4118,4117,4329),(4118,4330,4116),(4330,4114,4116),(4115,4114,4330),(4115,
4331,4113),(4331,4111,4113),(4112,4111,4331),(4112,4332,4110),(4332,4108,
4110),(4109,4108,4332),(4109,4333,4107),(4333,4105,4107),(4106,4105,4333),
(4106,4334,4104),(4334,4102,4104),(4103,4102,4334),(4103,4335,4101),(4335,
4099,4101),(4100,4099,4335),(4100,4336,4098),(4336,4096,4098),(4097,4096,
4336),(4097,4337,4095),(4337,4093,4095),(4094,4093,4337),(4094,4338,4092),
(4338,4090,4092),(4091,4090,4338),(4091,4339,4089),(4339,4087,4089),(4088,
4087,4339),(4088,4340,4086),(4340,4084,4086),(4085,4084,4340),(4085,4341,
4083),(4341,4081,4083),(4082,4081,4341),(4082,4342,4080),(4342,4078,4080),
(4079,4078,4342),(4079,4073,4075),(4283,4282,4261),(4283,4284,4282),(4343,
4344,4345),(4346,4347,4348),(4349,4350,4351),(4352,4353,4354),(4355,4356,
4357),(4358,4359,4360),(4361,4362,4363),(4364,4365,4366),(4367,4368,4369),
(4370,4371,4372),(4373,4374,4375),(4376,4377,4378),(4379,4380,4381),(4382,
4383,4384),(4385,4386,4387),(4388,4389,4390),(4391,4392,4393),(4394,4395,
4396),(4397,4398,4399),(4400,4401,4402),(4402,4403,4400),(4398,4403,4402),
(4398,4397,4403),(4399,4404,4397),(4395,4404,4399),(4395,4394,4404),(4396,
4405,4394),(4392,4405,4396),(4392,4391,4405),(4393,4406,4391),(4389,4406,
4393),(4389,4388,4406),(4390,4407,4388),(4386,4407,4390),(4386,4385,4407),
(4387,4408,4385),(4383,4408,4387),(4383,4382,4408),(4384,4409,4382),(4380,
4409,4384),(4380,4379,4409),(4381,4410,4379),(4377,4410,4381),(4377,4376,
4410),(4378,4411,4376),(4374,4411,4378),(4374,4373,4411),(4375,4412,4373),
(4371,4412,4375),(4371,4370,4412),(4372,4413,4370),(4368,4413,4372),(4368,
4367,4413),(4369,4414,4367),(4365,4414,4369),(4365,4364,4414),(4366,4415,
4364),(4362,4415,4366),(4362,4361,4415),(4363,4416,4361),(4359,4416,4363),
(4359,4358,4416),(4360,4417,4358),(4356,4417,4360),(4356,4355,4417),(4357,
4418,4355),(4353,4418,4357),(4353,4352,4418),(4354,4419,4352),(4350,4419,
4354),(4350,4349,4419),(4351,4420,4349),(4347,4420,4351),(4347,4346,4420),
(4348,4421,4346),(4344,4421,4348),(4344,4343,4421),(4345,4422,4343),(4275,
4422,4345),(4275,4274,4422),(4423,4424,4425),(4426,4427,4428),(4429,4430,
4431),(4432,4433,4434),(4435,4436,4437),(4438,4439,4440),(4441,4442,4443),
(4444,4445,4446),(4447,4448,4449),(4447,4450,4451),(4452,4453,4454),(4452,
4455,4456),(4457,4458,4459),(4460,4461,4462),(4463,4464,4465),(4466,4467,
4468),(4469,4470,4471),(4472,4473,4474),(4475,4476,4477),(4478,4479,4480),
(4481,4482,4483),(4484,4485,4486),(4487,4488,4489),(4490,4491,4492),(4493,
4494,4495),(4496,4497,4498),(4499,4500,4501),(4502,4503,4504),(4505,4506,
4507),(4508,4509,4510),(4511,4512,4513),(4514,4512,4516),(4513,4512,4514),
(4513,4518,4511),(4518,4509,4511),(4510,4509,4518),(4510,4519,4508),(4519,
4506,4508),(4507,4506,4519),(4507,4520,4505),(4520,4503,4505),(4504,4503,
4520),(4504,4521,4502),(4521,4500,4502),(4501,4500,4521),(4501,4522,4499),
(4522,4497,4499),(4498,4497,4522),(4498,4523,4496),(4523,4494,4496),(4495,
4494,4523),(4495,4524,4493),(4524,4491,4493),(4492,4491,4524),(4492,4525,
4490),(4525,4488,4490),(4489,4488,4525),(4489,4526,4487),(4526,4485,4487),
(4486,4485,4526),(4486,4527,4484),(4527,4482,4484),(4483,4482,4527),(4483,
4528,4481),(4528,4479,4481),(4480,4479,4528),(4480,4529,4478),(4529,4476,
4478),(4477,4476,4529),(4477,4530,4475),(4530,4473,4475),(4474,4473,4530),
(4474,4531,4472),(4531,4470,4472),(4471,4470,4531),(4471,4532,4469),(4532,
4467,4469),(4468,4467,4532),(4468,4533,4466),(4533,4464,4466),(4465,4464,
4533),(4465,4534,4463),(4534,4461,4463),(4462,4461,4534),(4462,4535,4460),
(4535,4458,4460),(4459,4458,4535),(4459,4536,4457),(4536,4455,4457),(4456,
4455,4536),(4456,4453,4452),(4454,4450,4452),(4451,4450,4454),(4451,4448,
4447),(4449,4537,4447),(4445,4537,4449),(4445,4444,4537),(4446,4538,4444),
(4442,4538,4446),(4442,4441,4538),(4443,4539,4441),(4439,4539,4443),(4439,
4438,4539),(4440,4540,4438),(4436,4540,4440),(4436,4435,4540),(4437,4541,
4435),(4433,4541,4437),(4433,4432,4541),(4434,4542,4432),(4430,4542,4434),
(4430,4429,4542),(4431,4543,4429),(4427,4543,4431),(4427,4426,4543),(4428,
4544,4426),(4424,4544,4428),(4424,4423,4544),(4425,4545,4423),(4401,4545,
4425),(4401,4400,4545),(4517,4546,4547),(4548,4549,4550),(4551,4552,4553),
(4554,4552,4556),(4553,4552,4554),(4553,4558,4551),(4558,4549,4551),(4550,
4549,4558),(4550,4559,4548),(4559,4546,4548),(4547,4546,4559),(4547,4515,
4517),(4557,4560,4561),(4562,4563,4564),(4565,4566,4567),(4568,4569,4570),
(4571,4572,4573),(4574,4575,4576),(4577,4578,4579),(4580,4581,4582),(4583,
4584,4585),(4586,4587,4588),(4589,4590,4591),(4592,4593,4594),(4595,4596,
4597),(4598,4599,4600),(4601,4602,4603),(4604,4605,4606),(4607,4608,4609),
(4610,4611,4612),(4613,4614,4615),(4616,4617,4618),(4619,4620,4621),(4622,
4623,4624),(4625,4626,4627),(4628,4629,4630),(4631,4632,4633),(4634,4635,
4636),(4637,4638,4639),(4640,4641,4642),(4643,4644,4645),(4646,4647,4648),
(4649,4650,4651),(4652,4653,4654),(4655,4656,4657),(4658,4659,4660),(4661,
4662,4663),(4664,4665,4666),(4667,4668,4669),(4670,4671,4672),(4673,4674,
4675),(4676,4677,4678),(4679,4680,4681),(4682,4683,4684),(4685,4686,4687),
(4688,4689,4690),(4691,4692,4693),(4694,4695,4696),(4697,4698,4699),(4700,
4701,4702),(4703,4704,4705),(4706,4707,4708),(4709,4710,4711),(4712,4713,
4714),(4715,4716,4717),(4718,4719,4720),(4721,4722,4723),(4724,4725,4726),
(4727,4728,4729),(4727,4730,4731),(4732,4733,4734),(4735,4736,4737),(4738,
4739,4740),(4741,4742,4743),(4744,4745,4746),(4747,4748,4749),(4750,4751,
4752),(4753,4754,4755),(4754,84,3),(4754,4753,84),(4755,4756,4753),(4751,
4756,4755),(4751,4750,4756),(4752,4757,4750),(4748,4757,4752),(4748,4747,
4757),(4749,4758,4747),(4745,4758,4749),(4745,4744,4758),(4746,4759,4744),
(4742,4759,4746),(4742,4741,4759),(4743,4760,4741),(4761,4739,4762),(4740,
4739,4761),(4740,4763,4738),(4763,4736,4738),(4737,4736,4763),(4737,4764,
4735),(4764,4733,4735),(4734,4733,4764),(4734,4765,4732),(4765,4730,4732),
(4731,4730,4765),(4731,4728,4727),(4729,4766,4727),(4725,4766,4729),(4725,
4724,4766),(4726,4767,4724),(4722,4767,4726),(4722,4721,4767),(4723,4768,
4721),(4719,4768,4723),(4719,4718,4768),(4720,4769,4718),(4716,4769,4720),
(4716,4715,4769),(4717,4770,4715),(4713,4770,4717),(4713,4712,4770),(4714,
4771,4712),(4710,4771,4714),(4710,4709,4771),(4711,4772,4709),(4707,4772,
4711),(4707,4706,4772),(4708,4773,4706),(4704,4773,4708),(4704,4703,4773),
(4705,4774,4703),(4701,4774,4705),(4701,4700,4774),(4702,4775,4700),(4698,
4775,4702),(4698,4697,4775),(4699,4776,4697),(4695,4776,4699),(4695,4694,
4776),(4696,4777,4694),(4692,4777,4696),(4692,4691,4777),(4693,4778,4691),
(4689,4778,4693),(4689,4688,4778),(4690,4779,4688),(4686,4779,4690),(4686,
4685,4779),(4687,4780,4685),(4683,4780,4687),(4683,4682,4780),(4684,4781,
4682),(4680,4781,4684),(4680,4679,4781),(4681,4782,4679),(4677,4782,4681),
(4677,4676,4782),(4678,4783,4676),(4674,4783,4678),(4674,4673,4783),(4675,
4784,4673),(4671,4784,4675),(4671,4670,4784),(4672,4785,4670),(4668,4785,
4672),(4668,4667,4785),(4669,4786,4667),(4665,4786,4669),(4665,4664,4786),
(4666,4787,4664),(4662,4787,4666),(4662,4661,4787),(4663,4788,4661),(4659,
4788,4663),(4659,4658,4788),(4660,4789,4658),(4656,4789,4660),(4656,4655,
4789),(4657,4790,4655),(4653,4790,4657),(4653,4652,4790),(4654,4791,4652),
(4650,4791,4654),(4650,4649,4791),(4651,4792,4649),(4647,4792,4651),(4647,
4646,4792),(4648,4793,4646),(4644,4793,4648),(4644,4643,4793),(4645,4794,
4643),(4641,4794,4645),(4641,4640,4794),(4642,4795,4640),(4638,4795,4642),
(4638,4637,4795),(4639,4796,4637),(4635,4796,4639),(4635,4634,4796),(4636,
4797,4634),(4632,4797,4636),(4632,4631,4797),(4633,4798,4631),(4629,4798,
4633),(4629,4628,4798),(4630,4799,4628),(4626,4799,4630),(4626,4625,4799),
(4627,4800,4625),(4623,4800,4627),(4623,4622,4800),(4624,4620,4622),(4621,
4620,4624),(4621,4801,4619),(4801,4617,4619),(4618,4617,4801),(4618,4802,
4616),(4802,4614,4616),(4615,4614,4802),(4615,4803,4613),(4803,4611,4613),
(4612,4611,4803),(4612,4804,4610),(4804,4608,4610),(4609,4608,4804),(4609,
4805,4607),(4805,4605,4607),(4606,4605,4805),(4606,4806,4604),(4806,4602,
4604),(4603,4602,4806),(4603,4807,4601),(4807,4599,4601),(4600,4599,4807),
(4600,4808,4598),(4808,4596,4598),(4597,4596,4808),(4597,4809,4595),(4809,
4593,4595),(4594,4593,4809),(4594,4810,4592),(4810,4590,4592),(4591,4590,
4810),(4591,4811,4589),(4811,4587,4589),(4588,4587,4811),(4588,4812,4586),
(4812,4584,4586),(4585,4584,4812),(4585,4813,4583),(4813,4581,4583),(4582,
4581,4813),(4582,4814,4580),(4814,4578,4580),(4579,4578,4814),(4579,4815,
4577),(4815,4575,4577),(4576,4575,4815),(4576,4816,4574),(4816,4572,4574),
(4573,4572,4816),(4573,4817,4571),(4817,4569,4571),(4570,4569,4817),(4570,
4818,4568),(4818,4566,4568),(4567,4566,4818),(4567,4819,4565),(4819,4563,
4565),(4564,4563,4819),(4564,4820,4562),(4820,4560,4562),(4561,4560,4820),
(4561,4555,4557),(4761,4760,4743),(4761,4762,4760)),());
#245=COORDINATES_LIST('',4780,((-0.00579024362564087,-0.00496896728873253,
-0.00157260227203369),(-0.00579024362564087,-0.00496896728873253,0.00157260227203369),
(-0.00579024263500938,-2.91548240056727E-5,-0.00157260569746475),(-0.00579024204944127,
-2.91548240056727E-5,0.00157260021296874),(-0.00578992638520151,-2.91548240056727E-5,
0.00157369923418711),(-0.00578990595147226,-0.00496896728873253,-0.00157376989046183),
(-0.00578973886250881,-2.91548240056727E-5,-0.00157194287580522),(-0.00578970635028182,
-0.00496896728873253,0.00157190040352763),(-0.00573617513373281,-0.00496896728873253,
0.00175956169446859),(-0.00573615470000357,-2.91548240056727E-5,-0.00175963235074331),
(-0.0057358384501957,-2.91548240056727E-5,0.00176072588746567),(-0.00573583745956421,
-0.00496896728873253,-0.00176072931289673),(-0.00573583745956421,-0.00496896728873253,
0.00176072931289673),(-0.0057358363576779,-2.91548240056727E-5,-0.00176073270417602),
(-0.00573548459081419,-2.91548240056727E-5,0.00176181533826538),(-0.00573546186223484,
-0.00496896728873253,-0.00176188529009241),(-0.00570421492962541,-0.00496896728873253,
-0.00146021887061177),(-0.00570418241739842,-2.91548240056727E-5,0.00146017639833419),
(-0.00570367923046596,-2.91548240056727E-5,-0.00145951906117066),(-0.00570367765426636,
-0.00496896728873253,-0.00145951700210571),(-0.00570367765426636,-0.00496896728873253,
0.00145951700210571),(-0.00570367603449905,-2.91548240056727E-5,0.00145951505337091),
(-0.0057031589389833,-2.91548240056727E-5,-0.0014588929380731),(-0.00570312552808628,
-0.00496896728873253,0.00145885274157261),(-0.0056756966994717,-0.00496896728873253,
0.00194582473760231),(-0.00567567397089235,-2.91548240056727E-5,-0.00194589468942932),
(-0.00567532220402864,-2.91548240056727E-5,0.00194697732351869),(-0.00567532110214233,
-0.00496896728873253,-0.00194698071479797),(-0.00567532110214233,-0.00496896728873253,
0.00194698071479797),(-0.00567531989015595,-2.91548240056727E-5,-0.00194698406830932),
(-0.0056749329748776,-2.91548240056727E-5,0.00194805464533664),(-0.00567490797526703,
-0.00496896728873253,-0.00194812381812527),(-0.00561527104021206,-0.00496896728873253,
-0.00135315540089871),(-0.00561523762931504,-2.91548240056727E-5,0.00135311520439822),
(-0.0056147205337993,-2.91548240056727E-5,-0.0013524930891004),(-0.00561471891403198,
-0.00496896728873253,-0.0013524911403656),(-0.00561471891403198,-0.00496896728873253,
0.0013524911403656),(-0.00561471731298367,-2.91548240056727E-5,0.00135248936478381),
(-0.00561420619333592,-2.91548240056727E-5,-0.00135192252695782),(-0.00561417316855539,
-0.00496896728873253,0.00135188590207971),(-0.00560917109959259,-0.00496896728873253,
0.00213001477173374),(-0.00560914609998202,-2.91548240056727E-5,-0.00213008394452237),
(-0.00560875918470367,-2.91548240056727E-5,0.00213115452154969),(-0.00560875797271729,
-0.00496896728873253,-0.00213115787506103),(-0.00560875797271729,-0.00496896728873253,
0.00213115787506103),(-0.0056087554872479,-2.91548240056727E-5,-0.0021311586144098),
(-0.00560796202446811,-2.91548240056727E-5,0.00213139464456491),(-0.00560791075675757,
-0.00496896728873253,-0.00213140989509207),(-0.00552733398018728,-0.00496896728873253,
-0.00125558019956671),(-0.00552730095540675,-2.91548240056727E-5,0.00125554357468861),
(-0.005526789835759,-2.91548240056727E-5,-0.00125497673686262),(-0.00552678823471069,
-0.00496896728873253,-0.00125497496128082),(-0.00552678823471069,-0.00496896728873253,
0.00125497496128082),(-0.0055267866632082,-2.91548240056727E-5,0.00125497335335614),
(-0.00552628497578622,-2.91548240056727E-5,-0.00125446003849158),(-0.00552625256044653,
-0.00496896728873253,0.00125442687187234),(-0.00547310149223535,-0.00496896728873253,
0.00217151140007394),(-0.00547305022452482,-2.91548240056727E-5,-0.0021715266506011),
(-0.00547225676174502,-2.91548240056727E-5,0.00217176268075622),(-0.00547225427627564,
-0.00496896728873253,-0.00217176342010498),(-0.00547225427627563,-0.00496896728873253,
0.00217176342010498),(-0.00547225182043021,-2.91548240056727E-5,-0.00217176404459578),
(-0.00547146781482183,-2.91548240056727E-5,0.00217196340742362),(-0.00547141715816394,
-0.00496896728873253,-0.00217197628877863),(-0.00544101590650293,-0.00496896728873253,
-0.00116721471633872),(-0.00544098349116324,-2.91548240056727E-5,0.00116718154971948),
(-0.00544048180374126,-2.91548240056727E-5,-0.00116666823485491),(-0.00544048023223877,
-0.00496896728873253,-0.00116666662693024),(-0.00544048023223877,-0.00496896728873253,
0.00116666662693024),(-0.00544047870089186,-2.91548240056727E-5,0.00116666518091283),
(-0.00543998983275997,-2.91548240056727E-5,-0.00116620355342593),(-0.00543995824570823,
-0.00496896728873253,0.00116617372646368),(-0.00535689958815408,-0.00496896728873253,
-0.00108774325237238),(-0.00535686800110234,-2.91548240056727E-5,0.00108771342541013),
(-0.00535637913297045,-2.91548240056727E-5,-0.00108725179792323),(-0.00535637760162354,
-0.00496896728873253,-0.00108725035190582),(-0.00535637760162354,-0.00496896728873253,
0.00108725035190582),(-0.00535637612059048,-2.91548240056727E-5,0.00108724906148367),
(-0.00535590331468261,-2.91548240056727E-5,-0.00108683710632062),(-0.00535587276545328,
-0.00496896728873253,0.00108681048881745),(-0.00533821466632948,-0.00496896728873253,
0.00220584801770941),(-0.00533816400967157,-2.91548240056727E-5,-0.00220586089906442),
(-0.0053373800040632,-2.91548240056727E-5,0.00220606026189225),(-0.00533737754821777,
-0.00496896728873253,-0.00220606088638306),(-0.00533737754821777,-0.00496896728873253,
0.00220606088638306),(-0.00533737520927064,-2.91548240056727E-5,-0.00220606138178129),
(-0.00533662852234808,-2.91548240056727E-5,0.00220621953301673),(-0.00533658027694831,
-0.00496896728873253,-0.00220622975158271),(-0.00527554307851036,-0.00496896728873253,
-0.00101681933868194),(-0.00527551252928102,-2.91548240056727E-5,0.00101679272117877),
(-0.00527503972337315,-2.91548240056727E-5,-0.00101638076601572),(-0.00527503824234009,
-0.00496896728873253,-0.00101637947559357),(-0.00527503824234009,-0.00496896728873253,
0.00101637947559357),(-0.00527503682128426,-2.91548240056727E-5,0.00101637833389789),
(-0.00527458316254526,-2.91548240056727E-5,-0.00101601385826715),(-0.0052745538504647,
-0.00496896728873253,0.00101599030854105),(-0.00520971822692742,-0.00496896728873253,
0.00223309963417474),(-0.00520966998152765,-2.91548240056727E-5,-0.00223310985274072),
(-0.00520892329460509,-2.91548240056727E-5,0.00223326800397616),(-0.00520892095565796,
-0.00496896728873253,-0.00223326849937439),(-0.00520892095565796,-0.00496896728873253,
0.00223326849937439),(-0.00520891873917448,-2.91548240056727E-5,-0.00223326887650686),
(-0.00520821114762204,-2.91548240056727E-5,0.0022333892725077),(-0.00520816542827663,
-0.00496896728873253,-0.00223339705160898),(-0.0051974772660209,-0.00496896728873253,
-0.000954065927249206),(-0.00519744795394034,-2.91548240056727E-5,0.000954042377523101),
(-0.00519699429520134,-2.91548240056727E-5,-0.000953677901892361),(-0.00519699287414551,
-0.00496896728873253,-0.000953676760196686),(-0.00519699287414551,-0.00496896728873253,
0.000953676760196686),(-0.00519699152217463,-2.91548240056727E-5,0.000953675759833436),
(-0.00519655991815807,-2.91548240056727E-5,-0.000953356403253292),(-0.00519653203109096,
-0.00496896728873253,0.000953335768787342),(-0.00512320254227331,-0.00496896728873253,
-0.000899077110679669),(-0.00512317465520619,-2.91548240056727E-5,0.000899056476213718),
(-0.00512274305118963,-2.91548240056727E-5,-0.000898737119633575),(-0.00512274169921875,
-0.00496896728873253,-0.000898736119270325),(-0.00512274169921875,-0.00496896728873253,
0.000898736119270325),(-0.00512274042485014,-2.91548240056727E-5,0.000898735252346218),
(-0.0051223335946314,-2.91548240056727E-5,-0.000898458494959997),(-0.00512230730826431,
-0.00496896728873253,0.000898440612939656),(-0.00508794567859593,-0.00496896728873253,
0.00225385232278067),(-0.00508789995925052,-2.91548240056727E-5,-0.00225386010188195),
(-0.00508719236769808,-2.91548240056727E-5,0.00225398049788279),(-0.0050871901512146,
-0.00496896728873253,-0.00225398087501526),(-0.0050871901512146,-0.00496896728873253,
0.00225398087501526),(-0.00508718806237809,-2.91548240056727E-5,-0.00225398114476521),
(-0.00508652122092359,-2.91548240056727E-5,0.00225406725990554),(-0.00508647813454886,
-0.00496896728873253,-0.00225407282403053),(-0.00505318688576645,-0.00496896728873253,
-0.000851419554563701),(-0.00505316059939937,-2.91548240056727E-5,0.00085140167254336),
(-0.00505275376918062,-2.91548240056727E-5,-0.00085112491515714),(-0.00505275249481201,
-0.00496896728873253,-0.000851124048233032),(-0.00505275249481201,-0.00496896728873253,
0.000851124048233032),(-0.00505275130593788,-2.91548240056727E-5,0.000851123306393537),
(-0.00505237176902714,-2.91548240056727E-5,-0.000850886481095966),(-0.00505234724615225,
-0.00496896728873253,0.000850871179192568),(-0.00498786395456186,-0.00496896728873253,
-0.000810634579569791),(-0.00498783943168697,-2.91548240056727E-5,0.000810619277666393),
(-0.00498745989477623,-2.91548240056727E-5,-0.000810382452368822),(-0.0049874587059021,
-0.00496896728873253,-0.000810381710529327),(-0.0049874587059021,-0.00496896728873253,
0.000810381710529327),(-0.00498745760973742,-2.91548240056727E-5,0.000810381084997738),
(-0.00498710766944931,-2.91548240056727E-5,-0.000810181389907762),(-0.0049870850588898,
-0.00496896728873253,0.000810168487084427),(-0.00497318182333688,-0.00496896728873253,
0.0022687037796682),(-0.00497313873696215,-2.91548240056727E-5,-0.0022687093437932),
(-0.00497247189550765,-2.91548240056727E-5,0.00226879545893352),(-0.00497246980667114,
-0.00496896728873253,-0.00226879572868347),(-0.00497246980667114,-0.00496896728873253,
0.00226879572868347),(-0.00497246785000507,-2.91548240056727E-5,-0.0022687959021295),
(-0.00497184320272423,-2.91548240056727E-5,0.0022688512731475),(-0.00497180284262568,
-0.00496896728873253,-0.00226885485081415),(-0.00492763023117978,-0.00496896728873253,
-0.000776240306841812),(-0.00492760762062027,-2.91548240056727E-5,0.000776227404018477),
(-0.00492725768033216,-2.91548240056727E-5,-0.000776027708928501),(-0.00492725658416748,
-0.00496896728873253,-0.000776027083396912),(-0.00492725658416748,-0.00496896728873253,
0.000776027083396912),(-0.00492725558718924,-2.91548240056727E-5,0.000776026565007991),
(-0.0049269373112406,-2.91548240056727E-5,-0.000775861074209262),(-0.00492691674659709,
-0.00496896728873253,0.000775850381414863),(-0.00487284168769856,-0.00496896728873253,
-0.000747733507592706),(-0.00487282112305505,-2.91548240056727E-5,0.000747722814798307),
(-0.00487250284710641,-2.91548240056727E-5,-0.000747557323999579),(-0.00487250185012817,
-0.00496896728873253,-0.000747556805610657),(-0.00487250185012817,-0.00496896728873253,
0.000747556805610657),(-0.00487250095788435,-2.91548240056727E-5,0.000747556384805206),
(-0.00487221611741602,-2.91548240056727E-5,-0.000747422046613747),(-0.00487219771312655,
-0.00496896728873253,0.000747413366670982),(-0.00486567531823248,-0.00496896728873253,
0.00227826238246221),(-0.00486563495813392,-2.91548240056727E-5,-0.00227826596012886),
(-0.00486501031085308,-2.91548240056727E-5,0.00227832133114686),(-0.00486500835418701,
-0.00496896728873253,-0.0022783215045929),(-0.00486500835418701,-0.00496896728873253,
0.0022783215045929),(-0.0048650065334595,-2.91548240056727E-5,-0.00227832159296989),
(-0.00486442528328677,-2.91548240056727E-5,0.00227834980649505),(-0.00486438772718915,
-0.00496896728873253,-0.00227835162944489),(-0.00482380333972989,-0.00496896728873253,
-0.000724589318399056),(-0.00482378493544042,-2.91548240056727E-5,0.000724580638456291),
(-0.00482350009497209,-2.91548240056727E-5,-0.000724446300264832),(-0.00482349920272827,
-0.00496896728873253,-0.000724445879459381),(-0.00482349920272827,-0.00496896728873253,
0.000724445879459381),(-0.00482349842259881,-2.91548240056727E-5,0.000724445547491082),
(-0.00482324937358843,-2.91548240056727E-5,-0.000724339569726924),(-0.0048232332818789,
-0.00496896728873253,0.000724332722225723),(-0.00478091987440162,-0.00496896728873253,
-0.000706327108344498),(-0.00478090378269209,-2.91548240056727E-5,0.000706320260843297),
(-0.00478065473368171,-2.91548240056727E-5,-0.000706214283079139),(-0.00478065395355225,
-0.00496896728873253,-0.00070621395111084),(-0.00478065395355225,-0.00496896728873253,
0.00070621395111084),(-0.00478065323572687,-2.91548240056727E-5,0.000706213678445812),
(-0.00478042407671125,-2.91548240056727E-5,-0.000706126632694322),(-0.00478040927014643,
-0.00496896728873253,0.000706121008440096),(-0.00476563336808673,-0.00496896728873253,
0.00228314510517426),(-0.00476559581198911,-2.91548240056727E-5,-0.00228314692812409),
(-0.00476501456181638,-2.91548240056727E-5,0.00228317514164925),(-0.00476501274108887,
-0.00496896728873253,-0.00228317523002625),(-0.00476501274108887,-0.00496896728873253,
0.00228317523002625),(-0.00476501105932135,-2.91548240056727E-5,-0.00228317524466458),
(-0.0047644741708217,-2.91548240056727E-5,0.00228317991781552),(-0.00476443948104809,
-0.00496896728873253,-0.00228318021976006),(-0.00474147517122932,-0.00496896728873253,
-0.000691331942037504),(-0.00474146036466449,-2.91548240056727E-5,0.000691326317783279),
(-0.00474123120564887,-2.91548240056727E-5,-0.000691239272031788),(-0.00474123048782349,
-0.00496896728873253,-0.00069123899936676),(-0.00474123048782349,-0.00496896728873253,
0.000691238999366761),(-0.00474122994301871,-2.91548240056727E-5,0.000691238816337656),
(-0.00474105601920591,-2.91548240056727E-5,-0.000691180386013397),(-0.00474104478153236,
-0.00496896728873253,0.000691176610676952),(-0.00471149513927453,-0.00496896728873253,
-0.000681249303133779),(-0.00471148390160099,-2.91548240056727E-5,0.000681245527797333),
(-0.00471130997778818,-2.91548240056727E-5,-0.000681187097473075),(-0.0047113094329834,
-0.00496896728873253,-0.00068118691444397),(-0.0047113094329834,-0.00496896728873253,
0.00068118691444397),(-0.00471130900875821,-2.91548240056727E-5,0.000681186788850359),
(-0.00471117357884829,-2.91548240056727E-5,-0.000681146694268546),(-0.00471116482836674,
-0.00496896728873253,0.000681144103652493),(-0.00468815529721311,-0.00496896728873253,
-0.000674332037323459),(-0.00468814654673155,-2.91548240056727E-5,0.000674329446707406),
(-0.00468801111682163,-2.91548240056727E-5,-0.000674289352125593),(-0.00468801069259644,
-0.00496896728873253,-0.000674289226531982),(-0.00468801069259644,-0.00496896728873253,
0.000674289226531982),(-0.00468801033169117,-2.91548240056727E-5,0.000674289134342382),
(-0.00468789511606939,-2.91548240056727E-5,-0.000674259703677592),(-0.00468788767168599,
-0.00496896728873253,0.000674257802085177),(-0.00467322216674854,-0.00496896728873253,
0.00228397418774116),(-0.00467318747697493,-2.91548240056727E-5,-0.0022839744896857),
(-0.00467265058847528,-2.91548240056727E-5,0.00228397916283664),(-0.00467264890670777,
-0.00496896728873253,-0.00228397917747498),(-0.00467264890670776,-0.00496896728873253,
0.00228397917747498),(-0.00467264736615762,-2.91548240056727E-5,-0.00228397912977884),
(-0.00467215555998303,-2.91548240056727E-5,0.00228396390323394),(-0.00467212378309666,
-0.00496896728873253,-0.00228396291940695),(-0.0046683125465147,-0.00496896728873253,
-0.000669257534428342),(-0.0046683051021313,-2.91548240056727E-5,0.000669255632835927),
(-0.00466818988650952,-2.91548240056727E-5,-0.000669226202171137),(-0.00466818952560425,
-0.00496896728873253,-0.000669226109981537),(-0.00466818952560425,-0.00496896728873253,
0.000669226109981537),(-0.00466818924553974,-2.91548240056727E-5,0.000669226051862313),
(-0.0046680998375742,-2.91548240056727E-5,-0.000669207497845469),(-0.00466809406069113,
-0.00496896728873253,0.000669206299021795),(-0.00465290365430521,-0.00496896728873253,
-0.000666053973004267),(-0.00465289787742214,-2.91548240056727E-5,0.000666052774180593),
(-0.0046528084694566,-2.91548240056727E-5,-0.000666034220163749),(-0.00465280818939209,
-0.00496896728873253,-0.000666034162044525),(-0.00465280818939209,-0.00496896728873253,
0.000666034162044525),(-0.00465280748573621,-2.91548240056727E-5,0.000666034058477874),
(-0.00465258285019765,-2.91548240056727E-5,-0.00066600099579638),(-0.00465256833590654,
-0.00496896728873253,0.000665998859529843),(-0.00461440277539107,-0.00496896728873253,
-0.000660381512517581),(-0.00461438826109996,-2.91548240056727E-5,0.000660379376251044),
(-0.00461416362556141,-2.91548240056727E-5,-0.00066034631356955),(-0.00461416292190552,
-0.00496896728873253,-0.000660346210002899),(-0.00461416292190552,-0.00496896728873253,
0.000660346210002899),(-0.00461416292190552,-2.91548240056727E-5,0.000660346210002899),
(-0.00461414080758424,-2.91548240056727E-5,0.000660343044684451),(-0.00461062196996968,
-2.91548240056727E-5,-0.000659839378237848),(-0.00461039389421338,-0.00496896728873253,
0.00065980673276843),(-0.00458856595231594,-0.00496896728873253,0.00228137593061441),
(-0.00458853417542957,-2.91548240056727E-5,-0.00228137494678742),(-0.00458804236925497,
-2.91548240056727E-5,0.00228135972024253),(-0.00458804082870483,-0.00496896728873253,
-0.00228135967254639),(-0.00458804082870483,-0.00496896728873253,0.00228135967254639),
(-0.0045880394308394,-2.91548240056727E-5,-0.00228135957390259),(-0.00458759317541365,
-2.91548240056727E-5,0.00228132808279677),(-0.00458756434168057,-0.00496896728873253,
-0.00228132604807385),(-0.00451174557958408,-0.00496896728873253,0.00227597571164599),
(-0.004511716745851,-2.91548240056727E-5,-0.00227597367692308),(-0.00451127049042526,
-2.91548240056727E-5,0.00227594218581726),(-0.00451126909255982,-0.00496896728873253,
-0.00227594208717346),(-0.00451126909255982,-0.00496896728873253,0.00227594208717346),
(-0.00451126783806497,-2.91548240056727E-5,-0.00227594194892541),(-0.00451086735235541,
-2.91548240056727E-5,0.00227589781453489),(-0.0045108414759237,-0.00496896728873253,
-0.0022758949628962),(-0.00444279898504432,-0.00496896728873253,0.00226839653338065),
(-0.00444277310861261,-2.91548240056727E-5,-0.00226839368174197),(-0.00444237262290306,
-2.91548240056727E-5,0.00226834954735144),(-0.0044423713684082,-0.00496896728873253,
-0.0022683494091034),(-0.0044423713684082,-0.00496896728873253,0.0022683494091034),
(-0.00444237025713635,-2.91548240056727E-5,-0.00226834924248598),(-0.00444201549402343,
-2.91548240056727E-5,0.00226829605144024),(-0.00444199257184856,-0.00496896728873253,
-0.00226829261462731),(-0.00438171834657796,-0.00496896728873253,0.00225925546009498),
(-0.00438169542440309,-2.91548240056727E-5,-0.00225925202328206),(-0.00438134066129017,
-2.91548240056727E-5,0.00225919883223631),(-0.00438133955001831,-0.00496896728873253,
-0.0022591986656189),(-0.00438133955001831,-0.00496896728873253,0.0022591986656189),
(-0.00438133858084075,-2.91548240056727E-5,-0.00225919848161086),(-0.00438102917999846,
-2.91548240056727E-5,0.0022591397387731),(-0.00438100918879884,-0.00496896728873253,
-0.00225913594324433),(-0.00432844200977904,-0.00496896728873253,0.00224915553968108),
(-0.00432842201857942,-2.91548240056727E-5,-0.00224915174415232),(-0.00432811261773713,
-2.91548240056727E-5,0.00224909300131455),(-0.00432811164855957,-0.00496896728873253,
-0.00224909281730652),(-0.00432811164855957,-0.00496896728873253,0.00224909281730652),
(-0.00432811082229244,-2.91548240056727E-5,-0.00224909262732074),(-0.00432784704426421,
-2.91548240056727E-5,0.00224903197614108),(-0.00432783000087422,-0.00496896728873253,
-0.00224902805730934),(-0.00428301413441021,-0.00496896728873253,0.00223872342660789),
(-0.00428299709102022,-2.91548240056727E-5,-0.00223871950777616),(-0.00428273331299199,
-2.91548240056727E-5,0.00223865885659651),(-0.00428273248672485,-0.00496896728873253,
-0.00223865866661072),(-0.00428273248672485,-0.00496896728873253,0.00223865866661072),
(-0.00428273174572646,-2.91548240056727E-5,-0.00223865846527718),(-0.00428249518894104,
-2.91548240056727E-5,0.00223859419143545),(-0.00428247990438692,-0.00496896728873253,
-0.00223859003853401),(-0.00424228892495879,-0.00496896728873253,0.00222766991782585),
(-0.00424227364040466,-2.91548240056727E-5,-0.00222766576492442),(-0.00424203708361925,
-2.91548240056727E-5,0.00222760149108268),(-0.00424203634262085,-0.00496896728873253,
-0.00222760128974914),(-0.00424203634262085,-0.00496896728873253,0.00222760128974914),
(-0.00424203579428238,-2.91548240056727E-5,-0.00222760111759678),(-0.00424186074237204,
-2.91548240056727E-5,0.00222754615956779),(-0.00424184943180916,-0.00496896728873253,
-0.00222754260858545),(-0.00421210812586907,-0.00496896728873253,0.00221820524373999),
(-0.00421209681530618,-2.91548240056727E-5,-0.00221820169275764),(-0.00421192176339584,
-2.91548240056727E-5,0.00221814673472866),(-0.00421192121505737,-0.00496896728873253,
-0.0022181465625763),(-0.00421192121505737,-0.00496896728873253,0.0022181465625763),
(-0.00421192079802981,-2.91548240056727E-5,-0.00221814641482983),(-0.00421178766589101,
-2.91548240056727E-5,0.00221809924815749),(-0.00421177906387448,-0.00496896728873253,
-0.00221809620059513),(-0.00418915992385746,-0.00496896728873253,0.00221008258663632),
(-0.00418915132184092,-2.91548240056727E-5,-0.00221007953907395),(-0.00418901818970213,
-2.91548240056727E-5,0.00221003237240161),(-0.00418901777267456,-0.00496896728873253,
-0.00221003222465515),(-0.00418901777267456,-0.00496896728873253,0.00221003222465515),
(-0.00418901742651181,-2.91548240056727E-5,-0.00221003208710169),(-0.00418890691730184,
-2.91548240056727E-5,0.00220998817445023),(-0.00418889977701204,-0.00496896728873253,
-0.00220998533713869),(-0.00417012427083952,-0.00496896728873253,0.0022025245810742),
(-0.00417011713054973,-2.91548240056727E-5,-0.00220252174376266),(-0.00417000662133975,
-2.91548240056727E-5,0.0022024778311112),(-0.004170006275177,-0.00496896728873253,
-0.00220247769355774),(-0.004170006275177,-0.00496896728873253,0.00220247769355774),
(-0.00417000601443059,-2.91548240056727E-5,-0.00220247757596051),(-0.00416992277358298,
-2.91548240056727E-5,0.00220244003414977),(-0.00416991739517357,-0.00496896728873253,
-0.00220243760847495),(-0.00415577478164527,-0.00496896728873253,0.00219605925775125),
(-0.00415576940323587,-2.91548240056727E-5,-0.00219605683207643),(-0.00415568616238826,
-2.91548240056727E-5,0.00219601929026568),(-0.00415568590164184,-0.00496896728873253,
-0.00219601917266846),(-0.00415568590164184,-0.00496896728873253,0.00219601917266846),
(-0.0041556852714902,-2.91548240056727E-5,-0.00219601884285445),(-0.00415548410148892,
-2.91548240056727E-5,0.00219591355282788),(-0.0041554711033677,-0.00496896728873253,
-0.00219590674976321),(-0.00412129233581076,-0.00496896728873253,0.00217801798244504),
(-0.00412127933768954,-2.91548240056727E-5,-0.00217801117938037),(-0.00412107816768827,
-2.91548240056727E-5,0.0021779058893538),(-0.00412107753753662,-0.00496896728873253,
-0.0021779055595398),(-0.00412107753753662,-0.00496896728873253,0.0021779055595398),
(-0.00412107753753662,-2.91548240056727E-5,-0.0021779055595398),(-0.004121057786169,
-2.91548240056727E-5,-0.0021778951218733),(-0.00411791494246722,-2.91548240056727E-5,
0.00217623427716514),(-0.00411771123700174,-0.00496896728873253,-0.00217612662843155),
(-0.00401066504667408,-0.00496896728873253,-0.000573964949017153),(-0.00401043697091778,
-2.91548240056727E-5,0.000573932303547735),(-0.00400691813330321,-2.91548240056727E-5,
-0.000573428637101132),(-0.00400689601898194,-0.00496896728873253,-0.000573425471782684),
(-0.00400689601898194,-0.00496896728873253,0.000573425471782684),(-0.00400689601898194,
-2.91548240056727E-5,0.000573425471782684),(-0.00400689578157784,-2.91548240056727E-5,
-0.000573425432703714),(-0.00400681999254892,-2.91548240056727E-5,0.000573412957109179),
(-0.00400681509562106,-0.00496896728873253,-0.000573412151028307),(-0.00399393854550748,
-0.00496896728873253,0.000571292548487989),(-0.00399393364857962,-2.91548240056727E-5,
-0.000571291742407117),(-0.0039938578595507,-2.91548240056727E-5,0.000571279266812582),
(-0.00399385762214661,-0.00496896728873253,-0.000571279227733612),(-0.00399385762214661,
-0.00496896728873253,0.000571279227733612),(-0.00399385738661355,-2.91548240056727E-5,
-0.000571279178552802),(-0.00399378219489425,-2.91548240056727E-5,0.00057126347804064),
(-0.00399377733656014,-0.00496896728873253,-0.000571262463589385),(-0.00398100226930534,
-0.00496896728873253,0.000568594947795197),(-0.00398099741097122,-2.91548240056727E-5,
-0.000568593933343942),(-0.00398092221925193,-2.91548240056727E-5,0.00056857823283178),
(-0.00398092198371887,-0.00496896728873253,-0.00056857818365097),(-0.00398092198371887,
-0.00496896728873253,0.00056857818365097),(-0.00398092175051267,-2.91548240056727E-5,
-0.000568578124458398),(-0.00398084730161926,-2.91548240056727E-5,0.000568559227785395),
(-0.00398084249128106,-0.00496896728873253,-0.000568558006821808),(-0.00396819363008734,
-0.00496896728873253,0.000565347463549438),(-0.00396818881974915,-2.91548240056727E-5,
-0.000565346242585851),(-0.00396811437085574,-2.91548240056727E-5,0.000565327345912848),
(-0.00396811413764954,-0.00496896728873253,-0.000565327286720276),(-0.00396811413764954,
-0.00496896728873253,0.000565327286720276),(-0.00396811390717825,-2.91548240056727E-5,
-0.000565327217624472),(-0.00396804033138245,-2.91548240056727E-5,0.000565305159437357),
(-0.00396803557745737,-0.00496896728873253,-0.000565303734200054),(-0.0039555350554772,
-0.00496896728873253,0.000561556049926228),(-0.00395553030155213,-2.91548240056727E-5,
-0.000561554624688925),(-0.00395545672575633,-2.91548240056727E-5,0.00056153256650181),
(-0.00395545649528504,-0.00496896728873253,-0.000561532497406006),(-0.00395545649528504,
-0.00496896728873253,0.000561532497406006),(-0.00395545626796542,-2.91548240056727E-5,
-0.000561532418531777),(-0.00395538369831065,-2.91548240056727E-5,0.00056150723867429),
(-0.00395537900939499,-0.00496896728873253,-0.00056150561173768),(-0.003943049430699,
-0.00496896728873253,0.000557227555910636),(-0.00394304474178335,-2.91548240056727E-5,
-0.000557225928974026),(-0.00394297217212857,-2.91548240056727E-5,0.000557200749116539),
(-0.00394297194480896,-0.00496896728873253,-0.00055720067024231),(-0.00394297194480896,
-0.00496896728873253,0.00055720067024231),(-0.00394297172107078,-2.91548240056727E-5,
-0.00055720058173617),(-0.00394290029475811,-2.91548240056727E-5,0.000557172326981396),
(-0.00394289567971678,-0.00496896728873253,-0.00055717050136761),(-0.00393076035475282,
-0.00496896728873253,0.000552370020730932),(-0.00393075573971149,-2.91548240056727E-5,
-0.000552368195117146),(-0.00393068431339882,-2.91548240056727E-5,0.000552339940362372),
(-0.00393068408966064,-0.00496896728873253,-0.000552339851856232),(-0.00393068408966064,
-0.00496896728873253,0.000552339851856232),(-0.00393068386990764,-2.91548240056727E-5,
-0.000552339753875547),(-0.00393061371582289,-2.91548240056727E-5,0.000552308474461245),
(-0.00393060918298354,-0.00496896728873253,-0.000552306453416277),(-0.00391869000944505,
-0.00496896728873253,0.00054699208336122),(-0.0039186854766057,-2.91548240056727E-5,
-0.000546990062316252),(-0.00391861532252095,-2.91548240056727E-5,0.00054695878290195),
(-0.00391861510276794,-0.00496896728873253,-0.000546958684921265),(-0.00391861510276794,
-0.00496896728873253,0.000546958684921265),(-0.00391861488739949,-2.91548240056727E-5,
-0.000546958577649448),(-0.00391854613304263,-2.91548240056727E-5,0.000546924332128592),
(-0.00391854169064338,-0.00496896728873253,-0.000546922119435703),(-0.00390686033076471,
-0.00496896728873253,0.000541103808107938),(-0.00390685588836544,-2.91548240056727E-5,
-0.000541101595415049),(-0.00390678713400858,-2.91548240056727E-5,0.000541067349894193),
(-0.00390678691864013,-0.00496896728873253,-0.000541067242622376),(-0.00390678691864013,
-0.00496896728873253,0.000541067242622376),(-0.0039067867080426,-2.91548240056727E-5,
-0.000541067126250438),(-0.00390671947675599,-2.91548240056727E-5,0.000541029975601272),
(-0.00390671513276629,-0.00496896728873253,-0.000541027575200426),(-0.00389529254240461,
-0.00496896728873253,0.000534715682798995),(-0.0038952881984149,-2.91548240056727E-5,
-0.000534713282398149),(-0.0038952209671283,-2.91548240056727E-5,0.000534676131748983),
(-0.00389522075653076,-0.00496896728873253,-0.000534676015377045),(-0.00389522075653076,
-0.00496896728873253,0.000534676015377045),(-0.00389522055109918,-2.91548240056727E-5,
-0.000534675890120958),(-0.00389515496899693,-2.91548240056727E-5,0.000534635903290475),
(-0.00389515073156535,-0.00496896728873253,-0.000534633319636518),(-0.00388400833749593,
-0.00496896728873253,0.00052783956025011),(-0.00388400410006436,-2.91548240056727E-5,
-0.000527836976596153),(-0.0038839385179621,-2.91548240056727E-5,0.00052779698976567),
(-0.00388393831253052,-0.00496896728873253,-0.000527796864509583),(-0.00388393831253052,
-0.00496896728873253,0.000527796864509583),(-0.0038839381126339,-2.91548240056727E-5,
-0.000527796730595086),(-0.00388387429751487,-2.91548240056727E-5,0.000527753979648485),
(-0.00388387017425271,-0.00496896728873253,-0.000527751217397738),(-0.00387302799049644,
-0.00496896728873253,0.000520487834897947),(-0.00387302386723428,-2.91548240056727E-5,
-0.0005204850726472),(-0.00387296005211525,-2.91548240056727E-5,0.000520442321700599),
(-0.00387295985221863,-0.00496896728873253,-0.000520442187786102),(-0.00387295985221863,
-0.00496896728873253,0.000520442187786102),(-0.00387295965822163,-2.91548240056727E-5,
-0.00052044204546064),(-0.00387289772649883,-2.91548240056727E-5,0.000520396609392465),
(-0.00387289372492785,-0.00496896728873253,-0.000520393673648973),(-0.00386237153004652,
-0.00496896728873253,0.000512674089202742),(-0.00386236752847553,-2.91548240056727E-5,
-0.00051267115345925),(-0.00386230559675275,-2.91548240056727E-5,0.000512625717391075),
(-0.00386230540275574,-0.00496896728873253,-0.000512625575065613),(-0.00386230540275574,
-0.00496896728873253,0.000512625575065613),(-0.00386230521500998,-2.91548240056727E-5,
-0.000512625424584229),(-0.00386224527893884,-2.91548240056727E-5,0.000512577384814294),
(-0.00386224140631214,-0.00496896728873253,-0.000512574280838806),(-0.00385205827249036,
-0.00496896728873253,0.000504412327666443),(-0.00385205439986365,-2.91548240056727E-5,
-0.000504409223690955),(-0.00385199446379251,-2.91548240056727E-5,0.000504361183921021),
(-0.00385199427604675,-0.00496896728873253,-0.000504361033439636),(-0.00385199427604675,
-0.00496896728873253,0.000504361033439636),(-0.00385199409489954,-2.91548240056727E-5,
-0.00050436087508179),(-0.00385193626534958,-2.91548240056727E-5,0.000504310320825427),
(-0.00385193252883073,-0.00496896728873253,-0.000504307054382377),(-0.00384210729279403,
-0.00496896728873253,0.000495717890161461),(-0.00384210355627518,-2.91548240056727E-5,
-0.000495714623718411),(-0.00384204572672522,-2.91548240056727E-5,0.000495664069462048),
(-0.00384204554557801,-0.00496896728873253,-0.000495663911104202),(-0.00384204554557801,
-0.00496896728873253,0.000495663911104202),(-0.00384204537135491,-2.91548240056727E-5,
-0.000495663745154782),(-0.00384198975226633,-2.91548240056727E-5,0.000495610767359656),
(-0.00384198615857119,-0.00496896728873253,-0.000495607344325413),(-0.00383253647974974,
-0.00496896728873253,0.000486606421057354),(-0.00383253288605461,-2.91548240056727E-5,
-0.000486602998023111),(-0.00383247726696602,-2.91548240056727E-5,0.000486550020227985),
(-0.00383247709274292,-0.00496896728873253,-0.000486549854278565),(-0.00383247709274292,
-0.00496896728873253,0.000486549854278565),(-0.00383247692576519,-2.91548240056727E-5,
-0.000486549681041994),(-0.0038324236196923,-2.91548240056727E-5,0.000486494376892183),
(-0.00383242017544717,-0.00496896728873253,-0.000486490803546064),(-0.00382336347781211,
-0.00496896728873253,0.000477094632798083),(-0.00382336003356698,-2.91548240056727E-5,
-0.000477091059451964),(-0.00382330672749409,-2.91548240056727E-5,0.000477035755302153),
(-0.00382330656051636,-0.00496896728873253,-0.000477035582065582),(-0.00382330656051636,
-0.00496896728873253,0.000477035582065582),(-0.00382330640109222,-2.91548240056727E-5,
-0.000477035401857677),(-0.00382325550643173,-2.91548240056727E-5,0.000476977872175166),
(-0.00382325221799429,-0.00496896728873253,-0.000476974155031544),(-0.00381460521913951,
-0.00496896728873253,0.000467199866450923),(-0.00381460193070206,-2.91548240056727E-5,
-0.000467196149307301),(-0.00381455103604157,-2.91548240056727E-5,0.00046713861962479),
(-0.00381455087661743,-0.00496896728873253,-0.000467138439416885),(-0.00381455087661743,
-0.00496896728873253,0.000467138439416885),(-0.00381455072502905,-2.91548240056727E-5,
-0.000467138252565946),(-0.00381450233186247,-2.91548240056727E-5,0.000467078602157092),
(-0.0038144992050531,-0.00496896728873253,-0.000467074747987781),(-0.00380627720981811,
-0.00496896728873253,0.000456940148166622),(-0.00380627408300874,-2.91548240056727E-5,
-0.000456936293997311),(-0.00380622568984216,-2.91548240056727E-5,0.000456876643588457),
(-0.00380622553825378,-0.00496896728873253,-0.000456876456737518),(-0.00380622553825378,
-0.00496896728873253,0.000456876456737518),(-0.00380622539478335,-2.91548240056727E-5,
-0.000456876263584867),(-0.00380617959319217,-2.91548240056727E-5,0.000456814601413636),
(-0.00380617663383128,-0.00496896728873253,-0.000456810617259084),(-0.00379839494705556,
-0.00496896728873253,0.000446334219166697),(-0.00379839198769467,-2.91548240056727E-5,
-0.000446330235012145),(-0.00379834618610349,-2.91548240056727E-5,0.000446268572840913),
(-0.00379834604263305,-0.00496896728873253,-0.000446268379688263),(-0.00379834604263305,
-0.00496896728873253,0.000446268379688263),(-0.00379834590754103,-2.91548240056727E-5,
-0.000446268180586075),(-0.0037983027806774,-2.91548240056727E-5,0.000446204619081106),
(-0.00379829999413767,-0.00496896728873253,-0.000446200512205622),(-0.00379097274336538,
-0.00496896728873253,0.000435401417458991),(-0.00379096995682565,-2.91548240056727E-5,
-0.000435397310583505),(-0.00379092682996203,-2.91548240056727E-5,0.000435333749078536),
(-0.00379092669486999,-0.00496896728873253,-0.000435333549976349),(-0.00379092669486999,
-0.00496896728873253,0.000435333549976349),(-0.00379092656839948,-2.91548240056727E-5,
-0.000435333345287653),(-0.00379088619387208,-2.91548240056727E-5,0.000435268000342258),
(-0.00379088358516801,-0.00496896728873253,-0.000435263778234011),(-0.00378402395610702,
-0.00496896728873253,0.000424161677097792),(-0.00378402134740295,-2.91548240056727E-5,
-0.000424157454989545),(-0.00378398097287555,-2.91548240056727E-5,0.00042409211004415),
(-0.00378398084640503,-0.00496896728873253,-0.000424091905355454),(-0.00378398084640503,
-0.00496896728873253,0.000424091905355454),(-0.0037839807287861,-2.91548240056727E-5,
-0.000424091695453588),(-0.003783943180046,-2.91548240056727E-5,0.000424024686252517),
(-0.00378394075392346,-0.00496896728873253,-0.000424020356612348),(-0.00377756122590442,
-0.00496896728873253,0.000412635498566486),(-0.00377755879978188,-2.91548240056727E-5,
-0.000412631168926316),(-0.00377752125104178,-2.91548240056727E-5,0.000412564159725245),
(-0.00377752113342285,-0.00496896728873253,-0.00041256394982338),(-0.00377752113342285,
-0.00496896728873253,0.00041256394982338),(-0.00377752102488125,-2.91548240056727E-5,
-0.000412563735090364),(-0.00377748637399365,-2.91548240056727E-5,0.000412495183590108),
(-0.00377748413510896,-0.00496896728873253,-0.000412490754297944),(-0.00377159695200347,
-0.00496896728873253,0.000400843859740523),(-0.00377159471311878,-2.91548240056727E-5,
-0.00040083943044836),(-0.00377156006223117,-2.91548240056727E-5,0.000400770878948104),
(-0.00377155995368958,-0.00496896728873253,-0.000400770664215088),(-0.00377155995368958,
-0.00496896728873253,0.000400770664215088),(-0.00377155985441198,-2.91548240056727E-5,
-0.000400770445043796),(-0.00377152816096925,-2.91548240056727E-5,0.000400700476665517),
(-0.00377152611317282,-0.00496896728873253,-0.00040069595582515),(-0.00376614139972086,
-0.00496896728873253,0.000388808333801926),(-0.00376613935192442,-2.91548240056727E-5,
-0.000388803812961559),(-0.0037661076584817,-2.91548240056727E-5,0.00038873384458328),
(-0.0037661075592041,-0.00496896728873253,-0.000388733625411987),(-0.0037661075592041,
-0.00496896728873253,0.000388733625411987),(-0.00376610746937717,-2.91548240056727E-5,
-0.000388733402201805),(-0.00376607879297169,-2.91548240056727E-5,0.000388662144445469),
(-0.00376607694011394,-0.00496896728873253,-0.000388657540295005),(-0.00376120482105549,
-0.00496896728873253,0.000376550853040338),(-0.00376120296819774,-2.91548240056727E-5,
-0.000376546248889874),(-0.00376117429179227,-2.91548240056727E-5,0.000376474991133538),
(-0.00376117420196533,-0.00496896728873253,-0.000376474767923355),(-0.00376117420196533,
-0.00496896728873253,0.000376474767923355),(-0.00376117412174535,-2.91548240056727E-5,
-0.000376474541081263),(-0.00376114851226841,-2.91548240056727E-5,0.000376402123872108),
(-0.00376114685757296,-0.00496896728873253,-0.000376397444806357),(-0.00376005315780639,
-0.00496896728873253,-0.00467568159103394),(-0.00376005315780639,-0.00496896728873253,
0.00467568159103394),(-0.00376005309291499,-2.91548240056727E-5,0.00467567899875507),
(-0.00376005034295277,-2.91548240056727E-5,-0.00467568377998589),(-0.0037600323769422,
-2.91548240056727E-5,-0.00467485143804949),(-0.00376003103842887,-0.00496896728873253,
0.00467479796718256),(-0.00375915172734747,-2.91548240056727E-5,0.00467638258235587),
(-0.00375909366543717,-0.00496896728873253,-0.00467642773380915),(-0.00375679580943448,
-0.00496896728873253,0.000364093766607979),(-0.00375679415473904,-2.91548240056727E-5,
-0.000364089087542228),(-0.0037567685452621,-2.91548240056727E-5,0.000364016670333074),
(-0.00375676846504212,-0.00496896728873253,-0.000364016443490982),(-0.00375676846504212,
-0.00496896728873253,0.000364016443490982),(-0.00375676839458536,-2.91548240056727E-5,
-0.000364016213430475),(-0.00375674590192825,-2.91548240056727E-5,0.000363942768772543),
(-0.00375674444861871,-0.00496896728873253,-0.000363938023320632),(-0.0037565113962635,
-0.00496896728873253,-0.00453419546772345),(-0.00375651005775019,-2.91548240056727E-5,
0.00453414199685652),(-0.00375648934177739,-2.91548240056727E-5,-0.00453331443615095),
(-0.00375648927688599,-0.00496896728873253,0.00453331184387207),(-0.00375648927688598,
-0.00496896728873253,-0.00453331184387207),(-0.00375648911190953,-2.91548240056727E-5,
0.00453330931523435),(-0.00375643644472233,-2.91548240056727E-5,-0.00453250207137125),
(-0.00375643304175728,-0.00496896728873253,0.00453244991322877),(-0.0037529229479267,
-0.00496896728873253,0.000351459781654877),(-0.00375292149461716,-2.91548240056727E-5,
-0.000351455036202966),(-0.00375289900196005,-2.91548240056727E-5,0.000351381591545035),
(-0.00375289893150329,-0.00496896728873253,-0.000351381361484528),(-0.00375289893150329,
-0.00496896728873253,0.000351381361484528),(-0.00375289887093567,-2.91548240056727E-5,
-0.000351381128625611),(-0.00375287953528859,-2.91548240056727E-5,0.000351306790601747),
(-0.00375287828596174,-0.00496896728873253,-0.000351301987427121),(-0.00375,
-0.00496896728873253,-1.69365124541114E-19),(-0.0037499999629961,-2.91548240056727E-5,
-2.24765275379695E-9),(-0.00374998814984704,-2.91548240056727E-5,7.1978970273919E-7),
(-0.0037499873865685,-0.00496896728873253,-7.66151975881203E-7),(-0.00374959316102922,
-0.00496896728873253,0.000338671962958927),(-0.00374959191170237,-2.91548240056727E-5,
-0.000338667159784301),(-0.0037495725760553,-2.91548240056727E-5,0.000338592821760436),
(-0.00374957251548767,-0.00496896728873253,-0.00033859258890152),(-0.00374957251548767,
-0.00496896728873253,0.00033859258890152),(-0.00374957246490901,-2.91548240056727E-5,
-0.000338592353669084),(-0.00374955631814697,-2.91548240056727E-5,0.000338517257921234),
(-0.00374955527486234,-0.00496896728873253,-0.000338512405788075),(-0.00374798033346324,
-0.00496896728873253,0.000122676490414847),(-0.0037479795701847,-2.91548240056727E-5,
-0.000122722852687989),(-0.00374796775703565,-2.91548240056727E-5,0.000123440394737974),
(-0.00374796772003174,-0.00496896728873253,-0.000123442642390728),(-0.00374796772003174,
-0.00496896728873253,0.000123442642390728),(-0.0037479676090591,-2.91548240056727E-5,
-0.000123444887607558),(-0.00374793218208475,-2.91548240056727E-5,0.000124161652011689),
(-0.00374792989305505,-0.00496896728873253,-0.000124207964039093),(-0.0037474848907531,
-0.00496896728873253,-0.00439529924372313),(-0.00374748148778804,-2.91548240056727E-5,
0.00439524708558066),(-0.00374742882060085,-2.91548240056727E-5,-0.00439443984171756),
(-0.00374742865562439,-0.00496896728873253,-0.00439443731307983),(-0.00374742865562439,
-0.00496896728873253,0.00439443731307983),(-0.00374742840401173,-2.91548240056727E-5,
0.00439443493553126),(-0.00374734807903293,-2.91548240056727E-5,-0.00439367592545978),
(-0.00374734288902545,-0.00496896728873253,0.00439362688382904),(-0.0037468119412479,
-0.00496896728873253,0.000325753644073833),(-0.00374681089796327,-2.91548240056727E-5,
-0.000325748791940674),(-0.00374679475120122,-2.91548240056727E-5,0.000325673696192824),
(-0.00374679470062256,-0.00496896728873253,-0.000325673460960388),(-0.00374679470062256,
-0.00496896728873253,0.000325673460960388),(-0.0037467946601414,-2.91548240056727E-5,
-0.00032567322378312),(-0.00374678173691111,-2.91548240056727E-5,0.000325597507165868),
(-0.00374678090190733,-0.00496896728873253,-0.00032559261491671),(-0.00374458524608767,
-0.00496896728873253,0.000312728367539497),(-0.00374458441108388,-2.91548240056727E-5,
-0.000312723475290338),(-0.0037445714878536,-2.91548240056727E-5,0.000312647758673088),
(-0.00374457144737244,-0.00496896728873253,-0.000312647521495819),(-0.00374457144737244,
-0.00496896728873253,0.000312647521495819),(-0.00374457141705389,-2.91548240056727E-5,
-0.000312647282806205),(-0.0037445617381434,-2.91548240056727E-5,0.000312571083386771),
(-0.00374456111276362,-0.00496896728873253,-0.000312566159942498),(-0.00374291666662481,
-0.00496896728873253,0.000299619884512077),(-0.00374291604124502,-2.91548240056727E-5,
-0.000299614961067803),(-0.00374290636233454,-2.91548240056727E-5,0.00029953876164837),
(-0.00374290633201599,-0.00496896728873253,-0.000299538522958755),(-0.00374290633201599,
-0.00496896728873253,0.000299538522958755),(-0.0037429063119165,-2.91548240056727E-5,
-0.000299538283191453),(-0.0037428998953421,-2.91548240056727E-5,0.00029946173972999),
(-0.00374289948075041,-0.00496896728873253,-0.000299456794056259),(-0.00374191085287085,
-0.00496896728873253,0.000245986180507893),(-0.00374190856384115,-2.91548240056727E-5,
-0.000246032492535297),(-0.00374187302589417,-0.00496896728873253,-0.000246751502156258),
(-0.00374187302589417,-0.00496896728873253,0.000246751502156258),(-0.00374187302589417,
-2.91548240056727E-5,-0.000246751502156258),(-0.00374187302589417,-2.91548240056727E-5,
0.000246751502156258),(-0.00374186959902567,-2.91548240056727E-5,-0.000246828478189819),
(-0.00374186937829813,-0.00496896728873253,0.000246833436282274),(-0.00374180930526033,
-0.00496896728873253,0.000286452065911926),(-0.00374180889066863,-2.91548240056727E-5,
-0.000286447120238195),(-0.00374180247409425,-2.91548240056727E-5,0.000286370576776733),
(-0.00374180245399475,-0.00496896728873253,-0.00028637033700943),(-0.00374180245399475,
-0.00496896728873253,0.00028637033700943),(-0.00374180244414904,-2.91548240056727E-5,
-0.000286370096603436),(-0.0037417993009977,-2.91548240056727E-5,0.000286293349245968),
(-0.00374179909791045,-0.00496896728873253,-0.000286288390397982),(-0.00374128897169272,
-0.00496896728873253,-0.000259870819656257),(-0.00374128875096518,-2.91548240056727E-5,
0.000259875777748711),(-0.0037412853347976,-2.91548240056727E-5,-0.000259952513412907),
(-0.00374128532409668,-0.00496896728873253,-0.000259952753782273),(-0.00374128532409668,
-0.00496896728873253,0.000259952753782273),(-0.0037412853236669,-2.91548240056727E-5,
0.000259952994389586),(-0.00374128518646586,-2.91548240056727E-5,-0.000260029806016739),
(-0.00374128517760094,-0.00496896728873253,0.000260034769017358),(-0.00374126507674165,
-0.00496896728873253,0.000273249020338102),(-0.00374126487365441,-2.91548240056727E-5,
-0.000273244061490116),(-0.0037412618671531,-0.00496896728873253,-0.000273085058491568),
(-0.00374126185828817,-2.91548240056727E-5,0.000273090021492188),(-0.00374126173050307,
-2.91548240056727E-5,0.000273167314132647),(-0.00374126172108712,-2.91548240056727E-5,
-0.00027316683311934),(-0.00374126172065735,-0.00496896728873253,-0.000273167073726654),
(-0.00374126172065735,-0.00496896728873253,0.000273167073726654),(-0.00373369568137861,
-0.00496896728873253,-0.00426467113176544),(-0.00373369049137112,-2.91548240056727E-5,
0.0042646220901347),(-0.00373361016639232,-2.91548240056727E-5,-0.00426386308006322),
(-0.00373360991477966,-0.00496896728873253,-0.00426386070251465),(-0.00373360991477966,
-0.00496896728873253,0.00426386070251465),(-0.00373360958851672,-2.91548240056727E-5,
0.00426385847796532),(-0.00373350543213115,-2.91548240056727E-5,-0.00426314831146791),
(-0.00373349870231399,-0.00496896728873253,0.00426310242574856),(-0.00371580254051437,
-0.00496896728873253,-0.00414244519311741),(-0.00371579581069722,-2.91548240056727E-5,
0.00414239930739806),(-0.00371569165431166,-2.91548240056727E-5,-0.00414168914090064),
(-0.00371569132804871,-0.00496896728873253,-0.00414168691635132),(-0.00371569132804871,
-0.00496896728873253,0.00414168691635132),(-0.00371569093911267,-2.91548240056727E-5,
0.00414168484639878),(-0.00371556677493348,-2.91548240056727E-5,-0.00414102403347531),
(-0.00371555875236031,-0.00496896728873253,0.00414098133661976),(-0.00369446326797965,
-0.00496896728873253,-0.00402870927235852),(-0.00369445524540649,-2.91548240056727E-5,
0.00402866657550297),(-0.0036943310812273,-2.91548240056727E-5,-0.00402800576257949),
(-0.00369433069229126,-0.00496896728873253,-0.00402800369262696),(-0.00369433069229126,
-0.00496896728873253,0.00402800369262696),(-0.00369433025260292,-2.91548240056727E-5,
0.00402800177812207),(-0.00369418988622691,-2.91548240056727E-5,-0.00402739059040289),
(-0.00369418081678734,-0.00496896728873253,0.00402735109996191),(-0.00367033258042946,
-0.00496896728873253,-0.0039235103540481),(-0.00367032351098989,-2.91548240056727E-5,
0.00392347086360712),(-0.00367018314461387,-2.91548240056727E-5,-0.00392285967588794),
(-0.00367018270492553,-0.00496896728873253,-0.00392285776138305),(-0.00367018270492553,
-0.00496896728873253,0.00392285776138305),(-0.00367018222634055,-2.91548240056727E-5,
0.00392285600246039),(-0.00367002944257651,-2.91548240056727E-5,-0.00392229448290746),
(-0.00367001957081694,-0.00496896728873253,0.00392225820165692),(-0.00364406162119966,
-0.00496896728873253,-0.00382685607332172),(-0.00364405174944008,-2.91548240056727E-5,
0.00382681979207117),(-0.00364389896567605,-2.91548240056727E-5,-0.00382625827251824),
(-0.00364389848709106,-0.00496896728873253,-0.00382625651359558),(-0.00364389848709106,
-0.00496896728873253,0.00382625651359558),(-0.00364389798132185,-2.91548240056727E-5,
0.003826254909617),(-0.00364373651924488,-2.91548240056727E-5,-0.00382574285450754),
(-0.00364372608675676,-0.00496896728873253,0.00382570976928438),(-0.00361629369244857,
-0.00496896728873253,-0.0037387116460446),(-0.00361628325996044,-2.91548240056727E-5,
0.00373867856082144),(-0.00361612179788348,-2.91548240056727E-5,-0.00373816650571198),
(-0.00361612129211426,-0.00496896728873253,-0.0037381649017334),(-0.00361612129211426,
-0.00496896728873253,0.0037381649017334),(-0.00361612077069088,-2.91548240056727E-5,
0.00373816345132276),(-0.00361595431116958,-2.91548240056727E-5,-0.00373770042133623),
(-0.00361594355578347,-0.00496896728873253,0.0037376705037548),(-0.00360641894404464,
-0.00496896728873253,0.00479515420207342),(-0.00360636088213434,-2.91548240056727E-5,
-0.0047951993535267),(-0.00360546226652904,-2.91548240056727E-5,0.00479589815589668),
(-0.00360545945167542,-0.00496896728873253,-0.00479590034484863),(-0.00360545945167542,
-0.00496896728873253,0.00479590034484863),(-0.0036054565668773,-2.91548240056727E-5,
-0.00479590244077857),(-0.00360453562214744,-2.91548240056727E-5,0.00479657154674334),
(-0.00360447611749387,-0.00496896728873253,-0.00479661477943402),(-0.003587662096072,
-0.00496896728873253,-0.00365900174508553),(-0.00358765134068589,-2.91548240056727E-5,
0.00365897182750411),(-0.00358748488116459,-2.91548240056727E-5,-0.00365850879751757),
(-0.00358748435974121,-0.00496896728873253,-0.00365850734710693),(-0.00358748435974121,
-0.00496896728873253,0.00365850734710693),(-0.00358748383396801,-2.91548240056727E-5,
0.00365850604814142),(-0.00358731598580577,-2.91548240056727E-5,-0.00365809136558778),
(-0.00358730514069593,-0.00496896728873253,0.00365806457186075),(-0.00358206445879904,
-0.00496896728873253,0.00189306256243301),(-0.00358186075333356,-2.91548240056727E-5,
-0.00189295491369942),(-0.00357871790963178,-2.91548240056727E-5,0.00189129406899126),
(-0.00357869815826416,-0.00496896728873253,-0.00189128363132477),(-0.00357869815826416,
-0.00496896728873253,0.00189128363132477),(-0.00357869815826416,-2.91548240056727E-5,
-0.00189128363132477),(-0.00357869794322564,-2.91548240056727E-5,0.0018912835233931),
(-0.00357862929419483,-2.91548240056727E-5,-0.00189124906722012),(-0.00357862485860097,
-0.00496896728873253,0.00189124684091645),(-0.00356696139361156,-0.00496896728873253,
-0.00188539273981017),(-0.00356695695801769,-2.91548240056727E-5,0.0018853905135065),
(-0.00356688830898689,-2.91548240056727E-5,-0.00188535605733353),(-0.00356688809394836,
-0.00496896728873253,-0.00188535594940185),(-0.00356688809394836,-0.00496896728873253,
0.00188535594940185),(-0.0035668878744949,-2.91548240056727E-5,0.00188535585074938),
(-0.00356681781603512,-2.91548240056727E-5,-0.00188532435687182),(-0.00356681328937436,
-0.00496896728873253,0.00188532232196981),(-0.00355878775099718,-0.00496896728873253,
-0.00358761003827719),(-0.00355877690588735,-2.91548240056727E-5,0.00358758324455016),
(-0.00355860905772511,-2.91548240056727E-5,-0.00358716856199652),(-0.0035586085319519,
-0.00496896728873253,-0.00358716726303101),(-0.0035586085319519,-0.00496896728873253,
0.00358716726303101),(-0.00355860801281197,-2.91548240056727E-5,0.00358716611265413),
(-0.00355844228225786,-2.91548240056727E-5,-0.00358679886563146),(-0.00355843157397224,
-0.00496896728873253,0.00358677513683846),(-0.00355491036251163,-0.00496896728873253,
-0.00187997151462381),(-0.00355490583585086,-2.91548240056727E-5,0.00187996947972182),
(-0.00355483577739109,-2.91548240056727E-5,-0.00187993798584425),(-0.00355483555793762,
-0.00496896728873253,-0.00187993788719178),(-0.00355483555793762,-0.00496896728873253,
0.00187993788719178),(-0.00355483533447294,-2.91548240056727E-5,0.00187993779800299),
(-0.00355476399547002,-2.91548240056727E-5,-0.00187990932532028),(-0.00355475938607,
-0.00496896728873253,0.0018799074856256),(-0.00354263889502741,-0.00496896728873253,
-0.0018750699790503),(-0.00354263428562739,-2.91548240056727E-5,0.00187506813935562),
(-0.00354256294662447,-2.91548240056727E-5,-0.00187503966667292),(-0.00354256272315979,
-0.00496896728873253,-0.00187503957748413),(-0.00354256272315979,-0.00496896728873253,
0.00187503957748413),(-0.00354256249608762,-2.91548240056727E-5,0.00187503949791315),
(-0.0035424900054274,-2.91548240056727E-5,-0.00187501409562365),(-0.00354248532161578,
-0.00496896728873253,0.00187501245431513),(-0.00353027396573113,-0.00496896728873253,
-0.00352437989627311),(-0.00353026325744551,-2.91548240056727E-5,0.00352435616748012),
(-0.00353016916408673,-0.00496896728873253,-0.00187069660730749),(-0.00353016448027512,
-2.91548240056727E-5,0.00187069496599897),(-0.0035300975268914,-2.91548240056727E-5,
-0.00352398892045744),(-0.00353009700775146,-0.00496896728873253,-0.00352398777008056),
(-0.00353009700775146,-0.00496896728873253,0.00352398777008056),(-0.00353009650587625,
-2.91548240056727E-5,0.00352398676468484),(-0.0035300919896149,-2.91548240056727E-5,
-0.00187066956370948),(-0.00353009176254273,-0.00496896728873253,-0.00187066948413849),
(-0.00353009176254273,-0.00496896728873253,0.00187066948413849),(-0.00353009153227981,
-2.91548240056727E-5,0.00187066941433725),(-0.00353001802300573,-2.91548240056727E-5,
-0.00187064713094639),(-0.0035300132733788,-0.00496896728873253,0.00187064569115808),
(-0.00352993628692396,-2.91548240056727E-5,-0.00352366580153583),(-0.00352992593475738,
-0.00496896728873253,0.00352364506326525),(-0.00351752405343394,-0.00496896728873253,
-0.00186685974478552),(-0.00351751930380701,-2.91548240056727E-5,0.00186685830499721),
(-0.00351744579453293,-2.91548240056727E-5,-0.00186683602160636),(-0.00351744556427002,
-0.00496896728873253,-0.00186683595180512),(-0.00351744556427002,-0.00496896728873253,
0.00186683595180512),(-0.00351744533124614,-2.91548240056727E-5,0.00186683589190168),
(-0.00351737094055924,-2.91548240056727E-5,-0.00186681676829259),(-0.00351736613398193,
-0.00496896728873253,0.00186681553266608),(-0.0035047271620691,-0.00496896728873253,
-0.00186356643297113),(-0.00350472235549178,-2.91548240056727E-5,0.00186356519734461),
(-0.00350464796480488,-2.91548240056727E-5,-0.00186354607373552),(-0.00350464773178101,
-0.00496896728873253,-0.00186354601383209),(-0.00350464773178101,-0.00496896728873253,
0.00186354601383209),(-0.00350464749639988,-2.91548240056727E-5,0.00186354596392848),
(-0.00350457235318601,-2.91548240056727E-5,-0.0018635300326691),(-0.00350456749798595,
-0.00496896728873253,0.00186352900330866),(-0.0035027047472342,-0.00496896728873253,
-0.00346911344923169),(-0.00350269439506762,-2.91548240056727E-5,0.00346909271096112),
(-0.00350253417611533,-2.91548240056727E-5,-0.0034687717478121),(-0.00350253367424012,
-0.00496896728873253,-0.00346877074241638),(-0.00350253367424012,-0.00496896728873253,
0.00346877074241638),(-0.00350253319974884,-2.91548240056727E-5,0.00346876987753478),
(-0.00350238172285945,-2.91548240056727E-5,-0.00346849377220002),(-0.00350237193554048,
-0.00496896728873253,0.00346847593231043),(-0.0034918006717986,-0.00496896728873253,
-0.00186082228357947),(-0.00349179581659853,-2.91548240056727E-5,0.00186082125421903),
(-0.00349172067338466,-2.91548240056727E-5,-0.00186080532295964),(-0.00349172043800354,
-0.00496896728873253,-0.00186080527305603),(-0.00349172043800354,-0.00496896728873253,
0.00186080527305603),(-0.00349172020071232,-2.91548240056727E-5,0.00186080523325209),
(-0.003491644447716,-2.91548240056727E-5,-0.0018607925262174),(-0.00349163955311629,
-0.00496896728873253,0.00186079170518257),(-0.00347876912493851,-0.00496896728873253,
-0.00185863278097771),(-0.00347876423033881,-2.91548240056727E-5,0.00185863195994288),
(-0.0034786884773425,-2.91548240056727E-5,-0.00185861925290819),(-0.00347868824005127,
-0.00496896728873253,-0.00185861921310425),(-0.00347868824005127,-0.00496896728873253,
0.00185861921310425),(-0.00347868800127538,-2.91548240056727E-5,0.0018586191834651),
(-0.00347861177431179,-2.91548240056727E-5,-0.00185860972144313),(-0.00347860684908782,
-0.00496896728873253,0.00185860911007709),(-0.00347663602382537,-0.00496896728873253,
-0.00342156565742651),(-0.0034766262365064,-2.91548240056727E-5,0.00342154781753691),
(-0.00347647475961701,-2.91548240056727E-5,-0.00342127171220215),(-0.00347647428512573,
-0.00496896728873253,-0.00342127084732055),(-0.00347647428512573,-0.00496896728873253,
0.00342127084732055),(-0.00347647384911435,-2.91548240056727E-5,0.00342127012020079),
(-0.00347633465656955,-2.91548240056727E-5,-0.00342103799403921),(-0.00347632566297429,
-0.00496896728873253,0.0034210229957593),(-0.00346565589390839,-0.00496896728873253,
-0.00185700151328259),(-0.00346565096868443,-2.91548240056727E-5,0.00185700090191655),
(-0.00346557474172084,-2.91548240056727E-5,-0.00185699143989459),(-0.00346557450294495,
-0.00496896728873253,-0.00185699141025543),(-0.00346557450294495,-0.00496896728873253,
0.00185699141025543),(-0.00346557426312284,-2.91548240056727E-5,0.00185699139083967),
(-0.00346549770216477,-2.91548240056727E-5,-0.00185698519253967),(-0.00346549275536054,
-0.00496896728873253,0.00185698479205126),(-0.00345267686044796,-0.00496896728873253,
-0.00338158477897519),(-0.0034526678668527,-2.91548240056727E-5,0.00338156978069528),
(-0.0034525286743079,-2.91548240056727E-5,-0.0033813376545337),(-0.00345252823829651,
-0.00496896728873253,-0.00338133692741394),(-0.00345252823829651,-0.00496896728873253,
0.00338133692741394),(-0.0034525278178351,-2.91548240056727E-5,0.00338133628490306),
(-0.00345248505454547,-0.00496896728873253,-0.00185593170136457),(-0.00345248010774123,
-2.91548240056727E-5,0.00185593130087616),(-0.00345240354678317,-2.91548240056727E-5,
-0.00185592510257617),(-0.00345240330696106,-0.00496896728873253,-0.0018559250831604),
(-0.00345240330696106,-0.00496896728873253,0.0018559250831604),(-0.00345240306652685,
-2.91548240056727E-5,0.00185592507400059),(-0.00345239358947377,-2.91548240056727E-5,
-0.00338113116933217),(-0.00345238491662742,-0.00496896728873253,0.00338111791627736),
(-0.00345232631016123,-2.91548240056727E-5,-0.00185592214981658),(-0.0034523213507312,
-0.00496896728873253,0.00185592196087738),(-0.0034480076795795,-0.00496896728873253,
0.00491029583076496),(-0.00344794817492592,-2.91548240056727E-5,-0.00491033906345563),
(-0.00344702723019607,-2.91548240056727E-5,0.00491100816942041),(-0.00344702434539795,
-0.00496896728873253,-0.00491101026535034),(-0.00344702434539795,-0.00496896728873253,
0.00491101026535035),(-0.00344702139374188,-2.91548240056727E-5,-0.00491101226600955),
(-0.0034460791052405,-2.91548240056727E-5,0.00491165095768888),(-0.00344601822150988,
-0.00496896728873253,-0.00491169222523283),(-0.00343928045018737,-0.00496896728873253,
-0.00185542514224151),(-0.00343927549075735,-2.91548240056727E-5,0.00185542495330232),
(-0.00343919873439173,-2.91548240056727E-5,-0.00185542202911831),(-0.00343919849395752,
-0.00496896728873253,-0.00185542201995849),(-0.00343919849395752,-0.00496896728873253,
0.00185542201995849),(-0.003439198253354,-2.91548240056727E-5,0.00185542202107417),
(-0.00343912144293949,-2.91548240056727E-5,-0.00185542237724256),(-0.00343911648001722,
-0.00496896728873253,0.00185542240025552),(-0.00342957952848673,-0.00496896728873253,
-0.0033462687967506),(-0.00342957085564037,-2.91548240056727E-5,0.00334625554369578),
(-0.00342943662727904,-2.91548240056727E-5,-0.0033460504281249),(-0.00342943620681763,
-0.00496896728873253,-0.00334604978561402),(-0.00342943620681763,-0.00496896728873253,
0.00334604978561402),(-0.00342943587364358,-2.91548240056727E-5,0.00334604931730886),
(-0.00342932951095425,-2.91548240056727E-5,-0.00334589981528309),(-0.00342932263858202,
-0.00496896728873253,0.00334589015556523),(-0.00342606639656969,-0.00496896728873253,
-0.00185548291323629),(-0.00342606143364743,-2.91548240056727E-5,0.00185548293624927),
(-0.00342598462323291,-2.91548240056727E-5,-0.00185548329241765),(-0.0034259843826294,
-0.00496896728873253,-0.00185548329353332),(-0.0034259843826294,-0.00496896728873253,
0.00185548329353332),(-0.00342598414229069,-2.91548240056727E-5,0.00185548330492232),
(-0.00342590741641419,-2.91548240056727E-5,-0.00185548694075016),(-0.00342590245895415,
-0.00496896728873253,0.00185548717567053),(-0.00341286673850984,-0.00496896728873253,
-0.0018561049025384),(-0.00341286178104979,-2.91548240056727E-5,0.00185610513745876),
(-0.0034127850551733,-2.91548240056727E-5,-0.00185610877328661),(-0.0034127848148346,
-0.00496896728873253,-0.0018561087846756),(-0.0034127848148346,-0.00496896728873253,
0.0018561087846756),(-0.0034127845752035,-2.91548240056727E-5,0.00185610880631403),
(-0.00341270807522368,-2.91548240056727E-5,-0.00185611571417905),(-0.00341270313235941,
-0.00496896728873253,0.00185611616051432),(-0.00341125162594434,-0.00496896728873253,
-0.00332048977302364),(-0.00341124475357212,-2.91548240056727E-5,0.00332048011330578),
(-0.00341113839088279,-2.91548240056727E-5,-0.00332033061128001),(-0.00341113805770874,
-0.00496896728873253,-0.00332033014297486),(-0.00341113805770874,-0.00496896728873253,
0.00332033014297486),(-0.00341113778831911,-2.91548240056727E-5,0.0033203297920108),
(-0.00341105178820593,-2.91548240056727E-5,-0.00332021775002949),(-0.00341104623151314,
-0.00496896728873253,0.00332021051070332),(-0.00339970579174338,-0.00496896728873253,
-0.00185728980624441),(-0.0033997008488791,-2.91548240056727E-5,0.00185729025257967),
(-0.00339962434889929,-2.91548240056727E-5,-0.0018572971604447),(-0.00339962410926819,
-0.00496896728873253,-0.00185729718208313),(-0.00339962410926819,-0.00496896728873253,
0.00185729718208313),(-0.00339962387077447,-2.91548240056727E-5,0.00185729721393409),
(-0.00339954773389238,-2.91548240056727E-5,-0.00185730738205642),(-0.00339954281448882,
-0.00496896728873253,0.00185730803904546),(-0.0033964348189782,-0.00496896728873253,
-0.00330117458680034),(-0.00339642926228541,-2.91548240056727E-5,0.00330116734747418),
(-0.00339634326217223,-2.91548240056727E-5,-0.00330105530549286),(-0.00339634299278259,
-0.00496896728873253,-0.00330105495452881),(-0.00339634299278259,-0.00496896728873253,
0.00330105495452881),(-0.00339634275500082,-2.91548240056727E-5,0.00330105466781367),
(-0.00339626684540128,-2.91548240056727E-5,-0.00330096313669652),(-0.00339626194068303,
-0.00496896728873253,0.00330095722263106),(-0.00338660716414888,-0.00496896728873253,
-0.00185903560223567),(-0.00338660224474531,-2.91548240056727E-5,0.00185903625922471),
(-0.00338652610786322,-2.91548240056727E-5,-0.00185904642734703),(-0.00338652586936951,
-0.00496896728873253,-0.001859046459198),(-0.00338652586936951,-0.00496896728873253,
0.001859046459198),(-0.00338652563246031,-2.91548240056727E-5,0.0018590465012029),
(-0.00338645000142047,-2.91548240056727E-5,-0.00185905991087327),(-0.0033864451147007,
-0.00496896728873253,0.00185906077730723),(-0.00338336490563045,-0.00496896728873253,
-0.00328540609295122),(-0.00338336000091219,-2.91548240056727E-5,0.00328540017888576),
(-0.00338328409131266,-2.91548240056727E-5,-0.00328530864776861),(-0.00338328385353088,
-0.00496896728873253,-0.00328530836105347),(-0.00338328385353088,-0.00496896728873253,
0.00328530836105347),(-0.00338328366111406,-2.91548240056727E-5,0.0032853081494184),
(-0.00338322223384765,-2.91548240056727E-5,-0.00328524058690905),(-0.00338321826487092,
-0.00496896728873253,0.00328523622151818),(-0.00337359540692101,-0.00496896728873253,
-0.00186133907926015),(-0.00337359052020123,-2.91548240056727E-5,0.00186133994569411),
(-0.0033735148891614,-2.91548240056727E-5,-0.00186135335536448),(-0.0033735146522522,
-0.00496896728873253,-0.00186135339736939),(-0.0033735146522522,-0.00496896728873253,
0.00186135339736939),(-0.0033735144173486,-2.91548240056727E-5,0.00186135344945225),
(-0.00337343942658035,-2.91548240056727E-5,-0.00186137007641797),(-0.00337343458123019,
-0.00496896728873253,0.00186137115072982),(-0.00337278177709075,-0.00496896728873253,
-0.00327375735643897),(-0.00337277780811401,-2.91548240056727E-5,0.0032737529910481),
(-0.00337271638084762,-2.91548240056727E-5,-0.00327368542853876),(-0.00337271618843079,
-0.00496896728873253,-0.00327368521690369),(-0.00337271618843079,-0.00496896728873253,
0.00327368521690369),(-0.00337271568002649,-2.91548240056727E-5,0.00327368471951287),
(-0.00337255337672693,-2.91548240056727E-5,-0.00327352593216347),(-0.0033725428898852,
-0.00496896728873253,0.0032735156724965),(-0.00336069365554044,-0.00496896728873253,
-0.00186419607091172),(-0.00336068881019029,-2.91548240056727E-5,0.00186419714522357),
(-0.00336061381942203,-2.91548240056727E-5,-0.00186421377218929),(-0.00336061358451844,
-0.00496896728873253,-0.00186421382427215),(-0.00336061358451844,-0.00496896728873253,
0.00186421382427215),(-0.00336061335205456,-2.91548240056727E-5,0.0018642138863353),
(-0.0033605391401448,-2.91548240056727E-5,-0.00186423369941432),(-0.00336053434511873,
-0.00496896728873253,0.0018642349795893),(-0.00334792574742583,-0.00496896728873253,
-0.00186760122017113),(-0.00334792095239976,-2.91548240056727E-5,0.00186760250034612),
(-0.00334784674049,-2.91548240056727E-5,-0.00186762231342513),(-0.00334784650802612,
-0.00496896728873253,-0.00186762237548828),(-0.00334784650802612,-0.00496896728873253,
0.00186762237548828),(-0.00334784627841872,-2.91548240056727E-5,0.00186762244742319),
(-0.00334777297841089,-2.91548240056727E-5,-0.00186764541196876),(-0.0033477682423052,
-0.00496896728873253,0.00186764689576827),(-0.00334496757192205,-0.00496896728873253,
-0.00324653771419173),(-0.00334495708508033,-2.91548240056727E-5,0.00324652745452477),
(-0.00334479478178075,-2.91548240056727E-5,-0.00324636866717536),(-0.00334479427337647,
-0.00496896728873253,-0.00324636816978455),(-0.00334479427337647,-0.00496896728873253,
0.00324636816978455),(-0.00334479427337647,-2.91548240056727E-5,0.00324636816978455),
(-0.00334477824306306,-2.91548240056727E-5,0.00324635261052858),(-0.00334222749465573,
-2.91548240056727E-5,-0.00324387681692595),(-0.00334206216623315,-0.00496896728873253,
0.00324371634674795),(-0.00333531457667979,-0.00496896728873253,-0.0018715485702733),
(-0.0033353098405741,-2.91548240056727E-5,0.0018715500540728),(-0.00333523654056627,
-2.91548240056727E-5,-0.00187157301861837),(-0.00333523631095887,-0.00496896728873253,
-0.00187157309055328),(-0.00333523631095887,-0.00496896728873253,0.00187157309055328),
(-0.00333523608463771,-2.91548240056727E-5,0.00187157317222538),(-0.00333516383373286,
-2.91548240056727E-5,-0.00187159924527556),(-0.00333515916541247,-0.00496896728873253,
0.0018716009299237),(-0.00332288374230238,-0.00496896728873253,-0.0018760307391208),
(-0.00332287907398198,-2.91548240056727E-5,0.00187603242376893),(-0.00332280682307713,
-2.91548240056727E-5,-0.00187605849681912),(-0.00332280659675598,-0.00496896728873253,
-0.00187605857849121),(-0.00332280659675598,-0.00496896728873253,0.00187605857849121),
(-0.00332280637412914,-2.91548240056727E-5,0.00187605866974855),(-0.00332273530259897,
-2.91548240056727E-5,-0.00187608780279793),(-0.00332273071048107,-0.00496896728873253,
0.00187608968516063),(-0.00331065566303882,-0.00496896728873253,-0.00188103938798237),
(-0.00331065107092092,-2.91548240056727E-5,0.00188104127034508),(-0.00331057999939076,
-2.91548240056727E-5,-0.00188107040339446),(-0.00331057977676392,-0.00496896728873253,
-0.0018810704946518),(-0.00331057977676392,-0.00496896728873253,0.0018810704946518),
(-0.00331057955823077,-2.91548240056727E-5,0.00188107059533376),(-0.00331050979357527,
-2.91548240056727E-5,-0.00188110273710517),(-0.00331050528589796,-0.00496896728873253,
0.00188110481386929),(-0.0032986522763579,-0.00496896728873253,-0.00188656569833012),
(-0.00329864776868059,-2.91548240056727E-5,0.00188656777509423),(-0.00329857800402509,
-2.91548240056727E-5,-0.00188659991686565),(-0.00329857778549194,-0.00496896728873253,
-0.00188660001754761),(-0.00329857778549194,-0.00496896728873253,0.00188660001754761),
(-0.00329857757146491,-2.91548240056727E-5,0.00188660012746969),(-0.00329850924534163,
-2.91548240056727E-5,-0.00188663521906369),(-0.00329850483061166,-0.00496896728873253,
0.00188663748642359),(-0.00328689622758536,-0.00496896728873253,-0.00189259954551306),
(-0.0032868918128554,-2.91548240056727E-5,0.00189260181287295),(-0.00328682348673212,
-2.91548240056727E-5,-0.00189263690446695),(-0.00328682327270508,-0.00496896728873253,
-0.00189263701438904),(-0.00328682327270508,-0.00496896728873253,0.00189263701438904),
(-0.00328682306356183,-2.91548240056727E-5,0.00189263713334939),(-0.0032867562965414,
-2.91548240056727E-5,-0.00189267511032306),(-0.00328675198254916,-0.00496896728873253,
0.0018926775641149),(-0.00328592347847181,-0.00496896728873253,0.00502020589183261),
(-0.00328586259474119,-2.91548240056727E-5,-0.00502024715937656),(-0.0032849203062398,
-2.91548240056727E-5,0.00502088585105588),(-0.00328491735458374,-0.00496896728873253,
-0.00502088785171509),(-0.00328491735458374,-0.00496896728873253,0.00502088785171509),
(-0.00328491490922651,-2.91548240056727E-5,-0.00502088698894763),(-0.00328413425187813,
-2.91548240056727E-5,0.00502061155853117),(-0.00328408381156008,-0.00496896728873253,
-0.00502059376224982),(-0.00327540827097562,-0.00496896728873253,-0.0018991298489863),
(-0.00327540395698338,-2.91548240056727E-5,0.00189913230277814),(-0.00327533718996295,
-2.91548240056727E-5,-0.00189917027975181),(-0.0032753369808197,-0.00496896728873253,
-0.00189917039871216),(-0.0032753369808197,-0.00496896728873253,0.00189917039871216),
(-0.0032753367769466,-2.91548240056727E-5,0.0018991705264937),(-0.00327527169237138,
-2.91548240056727E-5,-0.00189921131955359),(-0.00327526748708633,-0.00496896728873253,
0.00189921395530015),(-0.00326420962282272,-0.00496896728873253,-0.00190614469300003),
(-0.00326420541753768,-2.91548240056727E-5,0.00190614732874658),(-0.00326414033296246,
-2.91548240056727E-5,-0.00190618812180647),(-0.00326414012908936,-0.00496896728873253,
-0.00190618824958802),(-0.00326414012908936,-0.00496896728873253,0.00190618824958802),
(-0.00326413993085974,-2.91548240056727E-5,0.00190618838595635),(-0.00326407664791448,
-2.91548240056727E-5,-0.00190623192026551),(-0.00326407255903746,-0.00496896728873253,
0.00190623473313137),(-0.00325332079156373,-0.00496896728873253,-0.00191363120886998),
(-0.00325331670268672,-2.91548240056727E-5,0.00191363402173583),(-0.00325325341974146,
-2.91548240056727E-5,-0.001913677556045),(-0.00325325322151184,-0.00496896728873253,
-0.00191367769241333),(-0.00325325322151184,-0.00496896728873253,0.00191367769241333),
(-0.00325325302928168,-2.91548240056727E-5,0.001913677837121),(-0.00325319166160765,
-2.91548240056727E-5,-0.0019137240336849),(-0.00325318769648134,-0.00496896728873253,
0.001913727018566),(-0.00324276133344114,-0.00496896728873253,-0.00192157581117643),
(-0.00324275736831483,-2.91548240056727E-5,0.00192157879605753),(-0.00324269600064081,
-2.91548240056727E-5,-0.00192162499262143),(-0.00324269580841065,-0.00496896728873253,
-0.0019216251373291),(-0.00324269580841065,-0.00496896728873253,0.0019216251373291),
(-0.00324269562253592,-2.91548240056727E-5,0.00192162529011346),(-0.0032426362837744,
-2.91548240056727E-5,-0.001921674065087),(-0.00324263244974145,-0.00496896728873253,
0.00192167721656592),(-0.00323255079877846,-0.00496896728873253,-0.00192996408077446),
(-0.0032325469647455,-2.91548240056727E-5,0.00192996723225339),(-0.00323248762598398,
-2.91548240056727E-5,-0.00193001600722693),(-0.00323248744010926,-0.00496896728873253,
-0.00193001616001129),(-0.00323248744010926,-0.00496896728873253,0.00193001616001129),
(-0.00323248726092857,-2.91548240056727E-5,0.00193001632059234),(-0.00323243005917736,
-2.91548240056727E-5,-0.00193006758458697),(-0.00323242636322224,-0.00496896728873253,
0.00193007089688807),(-0.00322270779014385,-0.00496896728873253,-0.00193878064558477),
(-0.00322270409418873,-2.91548240056727E-5,0.00193878395788587),(-0.00322264689243751,
-2.91548240056727E-5,-0.00193883522188049),(-0.00322264671325684,-0.00496896728873253,
-0.00193883538246155),(-0.00322264671325684,-0.00496896728873253,0.00193883538246155),
(-0.00322264654110013,-2.91548240056727E-5,0.00193883555054627),(-0.00322259158168528,
-2.91548240056727E-5,-0.00193888921001581),(-0.00322258803061339,-0.00496896728873253,
0.00193889267709482),(-0.00321325043030885,-0.00496896728873253,-0.00194800941679251),
(-0.00321324687923696,-2.91548240056727E-5,0.00194801288387152),(-0.00321319191982211,
-2.91548240056727E-5,-0.00194806654334106),(-0.00321319174766541,-0.00496896728873253,
-0.00194806671142578),(-0.00321319174766541,-0.00496896728873253,0.00194806671142578),
(-0.00321319158283654,-2.91548240056727E-5,0.00194806688670811),(-0.0032131389627689,
-2.91548240056727E-5,-0.00194812284394879),(-0.00321313556284837,-0.00496896728873253,
0.00194812645949282),(-0.00320419541745254,-0.00496896728873253,-0.00195763359032713),
(-0.003204192017532,-2.91548240056727E-5,0.00195763720587116),(-0.00320413939746437,
-2.91548240056727E-5,-0.00195769316311183),(-0.0032041392326355,-0.00496896728873253,
-0.00195769333839417),(-0.0032041392326355,-0.00496896728873253,0.00195769333839417),
(-0.00320413907544271,-2.91548240056727E-5,0.00195769352055721),(-0.00320408889311899,
-2.91548240056727E-5,-0.00195775167440057),(-0.00320408565070749,-0.00496896728873253,
0.00195775543187286),(-0.00319555967781424,-0.00496896728873253,-0.00196763576533174),
(-0.00319555643540274,-2.91548240056727E-5,0.00196763952280402),(-0.00319550625307902,
-2.91548240056727E-5,-0.00196769767664738),(-0.00319550609588623,-0.00496896728873253,
-0.00196769785881043),(-0.00319550609588623,-0.00496896728873253,0.00196769785881043),
(-0.00319550594661169,-2.91548240056727E-5,0.00196769804751558),(-0.00319545829211339,
-2.91548240056727E-5,-0.00196775828986381),(-0.00319545521303131,-0.00496896728873253,
0.00196776218227988),(-0.00318735871748017,-0.00496896728873253,-0.00197799735255594),
(-0.00318735563839809,-2.91548240056727E-5,0.001978001244972),(-0.00318730798389979,
-2.91548240056727E-5,-0.00197806148732024),(-0.00318730783462525,-0.00496896728873253,
-0.00197806167602539),(-0.00318730783462525,-0.00496896728873253,0.00197806167602539),
(-0.00318730769354678,-2.91548240056727E-5,0.00197806187093186),(-0.00318726265556953,
-2.91548240056727E-5,-0.00197812409299425),(-0.00318725974554774,-0.00496896728873253,
0.00197812811332484),(-0.00317960779671911,-0.00496896728873253,-0.00198869963688116),
(-0.00317960488669731,-2.91548240056727E-5,0.00198870365721175),(-0.00317955984872007,
-2.91548240056727E-5,-0.00198876587927413),(-0.0031795597076416,-0.00496896728873253,
-0.00198876607418061),(-0.0031795597076416,-0.00496896728873253,0.00198876607418061),
(-0.00317955957501534,-2.91548240056727E-5,0.00198876627493677),(-0.00317951723532542,
-2.91548240056727E-5,-0.0019888303644579),(-0.00317951449964704,-0.00496896728873253,
0.00198883450544989),(-0.00317232098962602,-0.00496896728873253,-0.00199972331010187),
(-0.00317231825394765,-2.91548240056727E-5,0.00199972745109386),(-0.00317227578163147,
-0.00496896728873253,-0.00199979174137115),(-0.00317227578163147,-0.00496896728873253,
0.00199979174137115),(-0.00317227578163147,-2.91548240056727E-5,-0.00199979174137115),
(-0.00317227578163147,-2.91548240056727E-5,0.00199979174137115),(-0.00317188190862739,
-2.91548240056727E-5,0.00200039432039803),(-0.00317185653892882,-0.00496896728873253,
-0.00200043313303085),(-0.00315145018883665,-0.00496896728873253,0.00497379815593256),
(-0.0031513997485186,-2.91548240056727E-5,-0.00497378035965122),(-0.00315061909117022,
-2.91548240056727E-5,0.00497350492923475),(-0.00315061664581299,-0.00496896728873253,
-0.00497350406646729),(-0.00315061664581299,-0.00496896728873253,0.00497350406646729),
(-0.00315061429191931,-2.91548240056727E-5,-0.00497350312817262),(-0.00314986283344909,
-2.91548240056727E-5,0.00497320358640382),(-0.00314981427974712,-0.00496896728873253,
-0.00497318423222479),(-0.00310514651092165,-0.00496896728873253,0.00210249157152086),
(-0.00310512114122307,-2.91548240056727E-5,-0.00210253038415367),(-0.00310472849814732,
-2.91548240056727E-5,0.00210313108153594),(-0.003104727268219,-0.00496896728873253,
-0.00210313296318054),(-0.003104727268219,-0.00496896728873253,0.00210313296318054),
(-0.00310472597701978,-2.91548240056727E-5,-0.00210313480331731),(-0.00310431377378614,
-2.91548240056727E-5,0.00210372224971123),(-0.00310428714025448,-0.00496896728873253,
-0.00210376020616294),(-0.0030342538429456,-0.00496896728873253,0.00220356730276345),
(-0.00303422720941393,-2.91548240056727E-5,-0.00220360525921516),(-0.0030338150061803,
-2.91548240056727E-5,0.00220419270560909),(-0.00303381371498108,-0.00496896728873253,
-0.00220419454574585),(-0.00303381371498108,-0.00496896728873253,0.00220419454574585),
(-0.00303381236390882,-2.91548240056727E-5,-0.0022041963423887),(-0.00303338104676718,
-2.91548240056727E-5,0.00220476990375911),(-0.0030333531782358,-0.00496896728873253,
-0.00220480696306305),(-0.0030221415441512,-0.00496896728873253,0.00492229210902277),
(-0.00302209299044923,-2.91548240056727E-5,-0.00492227275484374),(-0.00302134153197901,
-2.91548240056727E-5,0.00492197321307494),(-0.00302133917808533,-0.00496896728873253,
-0.00492197227478027),(-0.00302133917808533,-0.00496896728873253,0.00492197227478027),
(-0.00302133699465531,-2.91548240056727E-5,-0.00492197130077536),(-0.00302063995511096,
-2.91548240056727E-5,0.00492166035884653),(-0.00302059491755846,-0.00496896728873253,
-0.00492164026807326),(-0.00296007242944547,-0.00496896728873253,0.00230225499524994),
(-0.0029600445609141,-2.91548240056727E-5,-0.00230229205455388),(-0.00295961324377246,
-2.91548240056727E-5,0.00230286561592429),(-0.0029596118927002,-0.00496896728873253,
-0.00230286741256714),(-0.0029596118927002,-0.00496896728873253,0.00230286741256714),
(-0.00295961048321351,-2.91548240056727E-5,-0.00230286916375388),(-0.00295916051781592,
-2.91548240056727E-5,0.00230342821368791),(-0.00295913144437184,-0.00496896728873253,
-0.00230346433536989),(-0.00290732843587867,-0.00496896728873253,-0.00282175744818918),
(-0.00290716310745608,-2.91548240056727E-5,0.00282159697801118),(-0.00290461235904875,
-2.91548240056727E-5,-0.00281912118440856),(-0.00290459632873535,-0.00496896728873253,
-0.00281910562515259),(-0.00290459632873535,-0.00496896728873253,0.00281910562515259),
(-0.00290459632873535,-2.91548240056727E-5,0.00281910562515259),(-0.00290459615963481,
-2.91548240056727E-5,-0.00281910545399),(-0.00290454217587187,-2.91548240056727E-5,
0.0028190508119392),(-0.00290453868783941,-0.00496896728873253,-0.00281904728137303),
(-0.00290216795323012,-0.00496896728873253,0.00486881125856858),(-0.00290212291567762,
-2.91548240056727E-5,-0.00486879116779532),(-0.00290142587613326,-2.91548240056727E-5,
0.00486848022586648),(-0.00290142369270325,-0.00496896728873253,-0.00486847925186157),
(-0.00290142369270325,-0.00496896728873253,0.00486847925186157),(-0.00290142167784849,
-2.91548240056727E-5,-0.00486847825414533),(-0.0029007784543769,-2.91548240056727E-5,
0.00486815974259893),(-0.00290073689402196,-0.00496896728873253,-0.00486813916273283),
(-0.00289536685071955,-0.00496896728873253,0.00280976360119533),(-0.00289536336268709,
-2.91548240056727E-5,-0.00280976007062916),(-0.00289530937892415,-2.91548240056727E-5,
0.00280970542857836),(-0.00289530920982361,-0.00496896728873253,-0.00280970525741577),
(-0.00289530920982361,-0.00496896728873253,0.00280970525741577),(-0.00289530904818114,
-2.91548240056727E-5,-0.0028097050791858),(-0.0028952574453415,-2.91548240056727E-5,
0.00280964818093994),(-0.00289525411114673,-0.00496896728873253,-0.0028096445045951),
(-0.00288648679270763,-0.00496896728873253,0.00279997749705285),(-0.00288648345851287,
-2.91548240056727E-5,-0.00279997382070801),(-0.00288643185567323,-2.91548240056727E-5,
0.00279991692246215),(-0.00288643169403076,-0.00496896728873253,-0.00279991674423218),
(-0.00288643169403076,-0.00496896728873253,0.00279991674423218),(-0.00288643154015026,
-2.91548240056727E-5,-0.00279991655926476),(-0.00288638241524475,-2.91548240056727E-5,
0.0027998575101499),(-0.0028863792411558,-0.00496896728873253,-0.00279985369483177),
(-0.00288268235834728,-0.00496896728873253,0.0023984468756439),(-0.00288265328490319,
-2.91548240056727E-5,-0.00239848299732589),(-0.00288220191001892,-0.00496896728873253,
-0.00239904379844665),(-0.00288220191001892,-0.00496896728873253,0.00239904379844665),
(-0.00288220191001892,-2.91548240056727E-5,-0.00239904379844665),(-0.00288220191001892,
-2.91548240056727E-5,0.00239904379844665),(-0.00288215389215369,-2.91548240056727E-5,
-0.00239910405989438),(-0.00288215079928173,-0.00496896728873253,0.002399107941386),
(-0.00287803292353231,-0.00496896728873253,0.00278982125481423),(-0.00287802974944336,
-2.91548240056727E-5,-0.0027898174394961),(-0.00287798062453785,-2.91548240056727E-5,
0.00278975839038124),(-0.00287798047065735,-0.00496896728873253,-0.00278975820541382),
(-0.00287798047065735,-0.00496896728873253,0.00278975820541382),(-0.00287798032481664,
-2.91548240056727E-5,-0.00278975801404755),(-0.00287793376654089,-2.91548240056727E-5,
0.0027896969221615),(-0.00287793075828862,-0.00496896728873253,-0.00278969297485456),
(-0.00287401804303395,-0.00496896728873253,-0.00240931438565562),(-0.00287401495016199,
-2.91548240056727E-5,0.00240931826714725),(-0.00287396708223984,-2.91548240056727E-5,
-0.00240937834041944),(-0.00287396693229675,-0.00496896728873253,-0.00240937852859497),
(-0.00287396693229675,-0.00496896728873253,0.00240937852859497),(-0.00287396679052371,
-2.91548240056727E-5,0.0024093787229957),(-0.00287392153080738,-2.91548240056727E-5,
-0.00240944078360433),(-0.00287391860645845,-0.00496896728873253,0.00240944479350296),
(-0.00287002051086116,-0.00496896728873253,0.00277931346816913),(-0.00287001750260889,
-2.91548240056727E-5,-0.00277930952086219),(-0.00286997094433314,-2.91548240056727E-5,
0.00277924842897613),(-0.00286997079849243,-0.00496896728873253,-0.00277924823760987),
(-0.00286997079849243,-0.00496896728873253,0.00277924823760987),(-0.00286997066095633,
-2.91548240056727E-5,-0.0027792480401877),(-0.00286992675384835,-2.91548240056727E-5,
0.00277918501501411),(-0.00286992391689499,-0.00496896728873253,-0.00277918094279241),
(-0.00286622898417876,-0.00496896728873253,-0.00241998888607773),(-0.00286622605982983,
-2.91548240056727E-5,0.00241999289597636),(-0.00286618080011351,-2.91548240056727E-5,
-0.00242005495658499),(-0.00286618065834045,-0.00496896728873253,-0.00242005515098572),
(-0.00286618065834045,-0.00496896728873253,0.00242005515098572),(-0.0028661805249979,
-2.91548240056727E-5,0.0024200553512687),(-0.00286613795663957,-2.91548240056727E-5,
-0.00242011928973009),(-0.00286613520618633,-0.00496896728873253,0.00242012342096172),
(-0.00286246410266677,-0.00496896728873253,0.00276847297070553),(-0.00286246126571341,
-2.91548240056727E-5,-0.00276846889848382),(-0.00286241735860543,-2.91548240056727E-5,
0.00276840587331022),(-0.00286241722106934,-0.00496896728873253,-0.00276840567588806),
(-0.00286241722106934,-0.00496896728873253,0.00276840567588806),(-0.00286241709208095,
-2.91548240056727E-5,-0.00276840547277466),(-0.00286237591374942,-2.91548240056727E-5,
0.00276834063072654),(-0.00286237325310946,-0.00496896728873253,-0.00276833644111181),
(-0.0028589028454189,-0.00496896728873253,-0.00243098656057515),(-0.00285890009496565,
-2.91548240056727E-5,0.00243099069180678),(-0.00285885752660732,-2.91548240056727E-5,
-0.00243105463026817),(-0.00285885739326477,-0.00496896728873253,-0.00243105483055115),
(-0.00285885739326477,-0.00496896728873253,0.00243105483055115),(-0.00285885726859582,
-2.91548240056727E-5,0.0024310550363387),(-0.00285881746920415,-2.91548240056727E-5,
-0.00243112073208223),(-0.0028588148976611,-0.00496896728873253,0.00243112497685647),
(-0.00285537705778836,-0.00496896728873253,0.00275731978218531),(-0.0028553743971484,
-2.91548240056727E-5,-0.00275731559257057),(-0.00285533321881688,-2.91548240056727E-5,
0.00275725075052247),(-0.00285533308982849,-0.00496896728873253,-0.00275725054740906),
(-0.00285533308982849,-0.00496896728873253,0.00275725054740906),(-0.00285533296963526,
-2.91548240056727E-5,-0.00275725033897342),(-0.00285529459907473,-2.91548240056727E-5,
0.00275718379784967),(-0.00285529211985222,-0.00496896728873253,-0.0027571794984532),
(-0.00285205298411379,-0.00496896728873253,-0.00244228667856956),(-0.00285205041257075,
-2.91548240056727E-5,0.00244229092334379),(-0.00285201061317908,-2.91548240056727E-5,
-0.00244235661908733),(-0.00285201048851013,-0.00496896728873253,-0.00244235682487488),
(-0.00285201048851013,-0.00496896728873253,0.00244235682487488),(-0.00285201037274052,
-2.91548240056727E-5,0.00244235703580234),(-0.00285197341438071,-2.91548240056727E-5,
-0.00244242437241501),(-0.00285197102640418,-0.00496896728873253,0.0024424287232101),
(-0.00284877296460518,-0.00496896728873253,0.00274587416670793),(-0.00284877048538266,
-2.91548240056727E-5,-0.00274586986731147),(-0.00284873211482213,-2.91548240056727E-5,
0.00274580332618772),(-0.00284873199462891,-0.00496896728873253,-0.00274580311775208),
(-0.00284873199462891,-0.00496896728873253,0.00274580311775208),(-0.00284873188344355,
-2.91548240056727E-5,-0.00274580290437187),(-0.00284869638856161,-2.91548240056727E-5,
0.0027457347847431),(-0.00284869409514423,-0.00496896728873253,-0.00274573038335528),
(-0.00284569180394859,-0.00496896728873253,-0.00245386920846104),(-0.00284568941597207,
-2.91548240056727E-5,0.00245387355925613),(-0.00284565245761226,-2.91548240056727E-5,
-0.0024539408958688),(-0.00284565234184265,-0.00496896728873253,-0.00245394110679626),
(-0.00284565234184265,-0.00496896728873253,0.00245394110679626),(-0.00284565223518511,
-2.91548240056727E-5,0.00245394132247293),(-0.00284561818576474,-2.91548240056727E-5,
-0.00245401017522651),(-0.00284561598574242,-0.00496896728873253,0.00245401462398344),
(-0.00284266351746564,-0.00496896728873253,0.00273415686373029),(-0.00284266122404825,
-2.91548240056727E-5,-0.00273415246234247),(-0.00284262572916632,-2.91548240056727E-5,
0.0027340843427137),(-0.00284262561798096,-0.00496896728873253,-0.00273408412933349),
(-0.00284262561798096,-0.00496896728873253,0.00273408412933349),(-0.00284262551600751,
-2.91548240056727E-5,-0.00273408391140811),(-0.00284259296194001,-2.91548240056727E-5,
0.00273401434077429),(-0.00284259085853636,-0.00496896728873253,-0.00273400984563324),
(-0.00283983099187294,-0.00496896728873253,-0.00246571270145601),(-0.00283982879185061,
-2.91548240056727E-5,0.00246571715021295),(-0.00283979474243025,-2.91548240056727E-5,
-0.00246578600296652),(-0.0028397946357727,-0.00496896728873253,-0.00246578621864319),
(-0.0028397946357727,-0.00496896728873253,0.00246578621864319),(-0.00283979453842257,
-2.91548240056727E-5,0.00246578643867403),(-0.00283976346030577,-2.91548240056727E-5,
-0.00246585668145441),(-0.00283976145226716,-0.00496896728873253,0.00246586122002462),
(-0.00283705992500247,-0.00496896728873253,0.00272218980036286),(-0.00283705782159881,
-2.91548240056727E-5,-0.00272218530522181),(-0.00283702526753131,-2.91548240056727E-5,
0.00272211573458798),(-0.00283702516555786,-0.00496896728873253,-0.0027221155166626),
(-0.00283702516555786,-0.00496896728873253,0.0027221155166626),(-0.00283702507298299,
-2.91548240056727E-5,-0.0027221152945784),(-0.0028369955193223,-2.91548240056727E-5,
0.00272204439628189),(-0.0028369936097828,-0.00496896728873253,-0.00272203981535707),
(-0.0028344812826419,-0.00496896728873253,-0.00247779546294353),(-0.00283447927460329,
-2.91548240056727E-5,0.00247780000151373),(-0.00283444819648649,-2.91548240056727E-5,
-0.00247787024429411),(-0.00283444809913635,-0.00496896728873253,-0.00247787046432495),
(-0.00283444809913635,-0.00496896728873253,0.00247787046432495),(-0.00283444801126727,
-2.91548240056727E-5,0.00247787068831491),(-0.00283441995988881,-2.91548240056727E-5,
-0.002477942195008),(-0.0028344181474157,-0.00496896728873253,0.00247794681524292),
(-0.00283197244513358,-0.00496896728873253,0.00270999420029845),(-0.00283197053559408,
-2.91548240056727E-5,-0.00270998961937363),(-0.00283194098193339,-2.91548240056727E-5,
0.00270991872107712),(-0.00283194088935852,-0.00496896728873253,-0.00270991849899292),
(-0.00283194088935852,-0.00496896728873253,0.00270991849899292),(-0.00283194080634718,
-2.91548240056727E-5,-0.00270991827315364),(-0.00283191430575635,-2.91548240056727E-5,
0.00270984617608027),(-0.0028319125934837,-0.00496896728873253,-0.00270984151769932),
(-0.00282965222039742,-0.00496896728873253,-0.00249009579683289),(-0.0028296504079243,
-2.91548240056727E-5,0.00249010041706781),(-0.00282962235654584,-2.91548240056727E-5,
-0.00249017192376089),(-0.00282962226867676,-0.00496896728873253,-0.00249017214775086),
(-0.00282962226867676,-0.00496896728873253,0.00249017214775086),(-0.00282962219044936,
-2.91548240056727E-5,0.00249017237528753),(-0.00282959721708638,-2.91548240056727E-5,
-0.00249024501423575),(-0.00282959560349193,-0.00496896728873253,0.00249024970762865),
(-0.00282741014516376,-0.00496896728873253,0.00269759223054591),(-0.00282740843289111,
-2.91548240056727E-5,-0.00269758757216497),(-0.00282738193230028,-2.91548240056727E-5,
0.00269751547509161),(-0.00282738184928894,-0.00496896728873253,-0.00269751524925232),
(-0.00282738184928894,-0.00496896728873253,0.00269751524925232),(-0.0028273817760061,
-2.91548240056727E-5,-0.00269751502007903),(-0.00282735838114815,-2.91548240056727E-5,
0.00269744185865812),(-0.00282735686954503,-0.00496896728873253,-0.00269743713150689),
(-0.00282535263106618,-0.00496896728873253,-0.00250259105927809),(-0.00282535101747173,
-2.91548240056727E-5,0.00250259575267098),(-0.00282532604410875,-2.91548240056727E-5,
-0.00250266839161921),(-0.00282532596588135,-0.00496896728873253,-0.00250266861915588),
(-0.00282532596588135,-0.00496896728873253,0.00250266861915588),(-0.00282532589744757,
-2.91548240056727E-5,0.00250266884982687),(-0.00282530405060551,-2.91548240056727E-5,
-0.00250274248937265),(-0.00282530263902376,-0.00496896728873253,0.00250274724741678),
(-0.00282338208499903,-0.00496896728873253,0.0026850070117884),(-0.00282338057339592,
-2.91548240056727E-5,-0.00268500228463717),(-0.00282335717853796,-2.91548240056727E-5,
0.00268492912321625),(-0.00282335710525512,-0.00496896728873253,-0.00268492889404297),
(-0.00282335710525512,-0.00496896728873253,0.00268492889404297),(-0.00282335704181366,
-2.91548240056727E-5,-0.00268492866194809),(-0.00282333678872117,-2.91548240056727E-5,
0.00268485456783721),(-0.00282333548011577,-0.00496896728873253,-0.00268484978042244),
(-0.00282159086225798,-0.00496896728873253,-0.00251525860051413),(-0.00282158945067623,
-2.91548240056727E-5,0.00251526335855825),(-0.00282156760383417,-2.91548240056727E-5,
-0.00251533699810405),(-0.00282156753540039,-0.00496896728873253,-0.00251533722877502),
(-0.00282156753540039,-0.00496896728873253,0.00251533722877502),(-0.00282156747686876,
-2.91548240056727E-5,0.00251533746215488),(-0.00282154879119434,-2.91548240056727E-5,
-0.00251541196648305),(-0.00282154758386392,-0.00496896728873253,0.00251541678040303),
(-0.00281989448127949,-0.00496896728873253,0.00267226119675041),(-0.00281989317267409,
-2.91548240056727E-5,-0.00267225640933565),(-0.0028198729195816,-2.91548240056727E-5,
0.00267218231522476),(-0.00281987285614013,-0.00496896728873253,-0.00267218208312988),
(-0.00281987285614013,-0.00496896728873253,0.00267218208312988),(-0.00281987280267028,
-2.91548240056727E-5,-0.00267218184853886),(-0.00281985573291935,-2.91548240056727E-5,
0.00267210695755318),(-0.00281985462999798,-0.00496896728873253,-0.00267210211865024),
(-0.00281837288923483,-0.00496896728873253,-0.00252807505995952),(-0.00281837168190441,
-2.91548240056727E-5,0.0025280798738795),(-0.00281835299623,-2.91548240056727E-5,
-0.00252815437820767),(-0.00281835293769836,-0.00496896728873253,-0.00252815461158752),
(-0.00281835293769836,-0.00496896728873253,0.00252815461158752),(-0.00281835288919043,
-2.91548240056727E-5,0.00252815484725516),(-0.00281833740348799,-2.91548240056727E-5,
-0.0025282300819364),(-0.00281833640291616,-0.00496896728873253,0.00252823494304641),
(-0.0028169544806435,-0.00496896728873253,0.00265937814601346),(-0.00281695337772213,
-2.91548240056727E-5,-0.00265937330711052),(-0.0028169363079712,-2.91548240056727E-5,
0.00265929841612485),(-0.00281693625450134,-0.00496896728873253,-0.00265929818153382),
(-0.00281693625450134,-0.00496896728873253,0.00265929818153382),(-0.00281693621109425,
-2.91548240056727E-5,-0.0026592979448764),(-0.00281692235378813,-2.91548240056727E-5,
0.00265922239421698),(-0.00281692145843125,-0.00496896728873253,-0.00265921751269079),
(-0.00281570538327769,-0.00496896728873253,-0.00254101730953233),(-0.00281570438270585,
-2.91548240056727E-5,0.00254102217064234),(-0.00281568889700342,-2.91548240056727E-5,
-0.00254109740532358),(-0.00281568884849549,-0.00496896728873253,-0.00254109764099121),
(-0.00281568884849549,-0.00496896728873253,0.00254109764099121),(-0.00281568881009808,
-2.91548240056727E-5,0.00254109787851686),(-0.002815676552085,-2.91548240056727E-5,
-0.00254117370635011),(-0.00281567576006264,-0.00496896728873253,0.00254117860578523),
(-0.002814567103199,-0.00496896728873253,0.00264638146153711),(-0.00281456620784212,
-2.91548240056727E-5,-0.00264637658001092),(-0.00281455235053599,-2.91548240056727E-5,
0.0026463010293515),(-0.00281455230712891,-0.00496896728873253,-0.00264630079269409),
(-0.00281455230712891,-0.00496896728873253,0.00264630079269409),(-0.00281455227387141,
-2.91548240056727E-5,-0.00264630055439572),(-0.00281454165672747,-2.91548240056727E-5,
0.00264622447987775),(-0.00281454097072596,-0.00496896728873253,-0.00264621956450369),
(-0.00281359312459618,-0.00496896728873253,-0.00255406174875274),(-0.00281359233257381,
-2.91548240056727E-5,0.00255406664818785),(-0.00281358007456074,-2.91548240056727E-5,
-0.00255414247602111),(-0.00281358003616333,-0.00496896728873253,-0.00255414271354675),
(-0.00281358003616333,-0.00496896728873253,0.00255414271354675),(-0.00281358000793722,
-2.91548240056727E-5,0.00255414295249195),(-0.00281357099701568,-2.91548240056727E-5,
-0.00255421923350443),(-0.00281357041479642,-0.00496896728873253,0.00255422416222065),
(-0.00281273711879735,-0.00496896728873253,0.00263329450982188),(-0.00281273643279585,
-2.91548240056727E-5,-0.00263328959444781),(-0.00281272581565191,-2.91548240056727E-5,
0.00263321351992984),(-0.00281272578239441,-0.00496896728873253,-0.00263321328163147),
(-0.00281272578239441,-0.00496896728873253,0.00263321328163147),(-0.00281272575933426,
-2.91548240056727E-5,-0.00263321304213061),(-0.00281271839759707,-2.91548240056727E-5,
0.00263313658372687),(-0.00281271792193593,-0.00496896728873253,-0.00263313164354893),
(-0.00281203945992892,-0.00496896728873253,-0.00256718430030376),(-0.00281203887770966,
-2.91548240056727E-5,0.00256718922901998),(-0.00281202986678813,-2.91548240056727E-5,
-0.00256726551003246),(-0.00281202983856201,-0.00496896728873253,-0.00256726574897766),
(-0.00281202983856201,-0.00496896728873253,0.00256726574897766),(-0.00281202982056363,
-2.91548240056727E-5,0.0025672659889083),(-0.00281202407474993,-2.91548240056727E-5,
-0.00256734258451309),(-0.00281202370349784,-0.00496896728873253,0.00256734753355594),
(-0.0028114671633607,-0.00496896728873253,0.00262014136670497),(-0.00281146668769956,
-2.91548240056727E-5,-0.00262013642652704),(-0.00281145932596237,-2.91548240056727E-5,
0.0026200599681233),(-0.00281145930290222,-0.00496896728873253,-0.00262005972862243),
(-0.00281145930290222,-0.00496896728873253,0.00262005972862243),(-0.00281145929009585,
-2.91548240056727E-5,-0.00262005948835318),(-0.00281145520178171,-2.91548240056727E-5,
0.0026199827846506),(-0.00281145493762502,-0.00496896728873253,-0.00261997782862327),
(-0.00281104749019722,-0.00496896728873253,-0.00258036112084775),(-0.00281104711894514,
-2.91548240056727E-5,0.00258036606989059),(-0.00281104137313144,-2.91548240056727E-5,
-0.00258044266549538),(-0.00281104135513306,-0.00496896728873253,-0.00258044290542603),
(-0.00281104135513306,-0.00496896728873253,0.00258044290542603),(-0.00281104134739714,
-2.91548240056727E-5,0.00258044314591233),(-0.00281103887777823,-2.91548240056727E-5,
-0.00258051991890838),(-0.00281103871820967,-0.00496896728873253,0.00258052487941294),
(-0.00281076033337108,-0.00496896728873253,0.00260694587552406),(-0.00281076006921438,
-2.91548240056727E-5,-0.00260694091949674),(-0.00281075598090024,-2.91548240056727E-5,
0.00260686421579415),(-0.00281075596809387,-0.00496896728873253,-0.0026068639755249),
(-0.00281075596809387,-0.00496896728873253,0.0026068639755249),(-0.0028107559655543,
-2.91548240056727E-5,-0.00260686373493441),(-0.00281075515482083,-2.91548240056727E-5,
0.0026067869286775),(-0.00281075510243721,-0.00496896728873253,-0.00260678196602386),
(-0.00281061913014848,-0.00496896728873253,-0.0025935686054656),(-0.00281061897057993,
-2.91548240056727E-5,0.00259357356597016),(-0.00281061735888177,-0.00496896728873253,
0.00259373258895355),(-0.00281061730649815,-2.91548240056727E-5,-0.00259372762629991),
(-0.00281061650096102,-2.91548240056727E-5,-0.00259365033896621),(-0.00281061649576467,
-2.91548240056727E-5,0.00259365082004301),(-0.0028106164932251,-0.00496896728873253,
-0.00259365057945252),(-0.0028106164932251,-0.00496896728873253,0.00259365057945252),
(-0.00279145327626613,-0.00496896728873253,0.00481402407579256),(-0.00279141171591119,
-2.91548240056727E-5,-0.00481400349592646),(-0.00279076849243959,-2.91548240056727E-5,
0.00481368498438006),(-0.00279076647758484,-0.00496896728873253,-0.00481368398666382),
(-0.00279076647758484,-0.00496896728873253,0.00481368398666382),(-0.00279076462913045,
-2.91548240056727E-5,-0.00481368297711363),(-0.00279017452741114,-2.91548240056727E-5,
0.00481336068768779),(-0.00279013639939189,-0.00496896728873253,-0.00481333986372299),
(-0.00268987816321492,-0.00496896728873253,0.00475858291536026),(-0.00268984003519568,
-2.91548240056727E-5,-0.00475856209139546),(-0.00268924993347637,-2.91548240056727E-5,
0.00475823980196962),(-0.00268924808502198,-0.00496896728873253,-0.00475823879241943),
(-0.00268924808502198,-0.00496896728873253,0.00475823879241943),(-0.00268924640009844,
-2.91548240056727E-5,-0.00475823778263482),(-0.00268870850407188,-2.91548240056727E-5,
0.00475791541837204),(-0.00268867374919932,-0.00496896728873253,-0.00475789458957183),
(-0.00259728525615652,-0.00496896728873253,0.00470312492641938),(-0.00259725050128396,
-2.91548240056727E-5,-0.00470310409761917),(-0.0025967126052574,-2.91548240056727E-5,
0.0047027817333564),(-0.00259671092033387,-0.00496896728873253,-0.00470278072357178),
(-0.00259671092033387,-0.00496896728873253,0.00470278072357178),(-0.0025967093953858,
-2.91548240056727E-5,-0.00470277972487444),(-0.00259622257002511,-2.91548240056727E-5,
0.00470246090012161),(-0.00259619111496217,-0.00496896728873253,-0.00470244030001841),
(-0.00251347952407592,-0.00496896728873253,0.00464827199932852),(-0.00251344806901298,
-2.91548240056727E-5,-0.00464825139922533),(-0.0025129612436523,-2.91548240056727E-5,
0.00464793257447249),(-0.00251295971870422,-0.00496896728873253,-0.00464793157577515),
(-0.00251295971870422,-0.00496896728873253,0.00464793157577515),(-0.00251295834952071,
-2.91548240056727E-5,-0.00464793059910477),(-0.00251252125053278,-2.91548240056727E-5,
0.00464761880625225),(-0.00251249300842116,-0.00496896728873253,-0.00464759866049858),
(-0.0024382299243944,-0.00496896728873253,0.00459462507912545),(-0.00243820168228278,
-2.91548240056727E-5,-0.00459460493337178),(-0.00243776458329484,-2.91548240056727E-5,
0.00459429314051926),(-0.00243776321411133,-0.00496896728873253,-0.00459429216384888),
(-0.00243776321411133,-0.00496896728873253,0.00459429216384888),(-0.00243776199581293,
-2.91548240056727E-5,-0.00459429121974576),(-0.00243737306548076,-2.91548240056727E-5,
0.00459398982368398),(-0.00243734793567228,-0.00496896728873253,-0.00459397034969421),
(-0.00237126870251131,-0.00496896728873253,0.0045427631822577),(-0.00237124357270284,
-2.91548240056727E-5,-0.00454274370826794),(-0.00237085464237066,-2.91548240056727E-5,
0.00454244231220615),(-0.00237085342407227,-0.00496896728873253,-0.00454244136810303),
(-0.00237085342407227,-0.00496896728873253,0.00454244136810303),(-0.00237085235116309,
-2.91548240056727E-5,-0.00454244046665598),(-0.00237050983497628,-2.91548240056727E-5,
0.00454215268814495),(-0.00237048770410742,-0.00496896728873253,-0.00454213409402084),
(-0.00231229423063073,-0.00496896728873253,0.00449324054739762),(-0.00231227209976188,
-2.91548240056727E-5,-0.00449322195327351),(-0.00231192958357507,-2.91548240056727E-5,
0.00449293417476248),(-0.00231192851066589,-0.00496896728873253,-0.00449293327331543),
(-0.00231192851066589,-0.00496896728873253,0.00449293327331543),(-0.0023119275770119,
-2.91548240056727E-5,-0.00449293242410101),(-0.00231162951673729,-2.91548240056727E-5,
0.00449266132036819),(-0.00231161025828147,-0.00496896728873253,-0.00449264380364523),
(-0.00226096984082436,-0.00496896728873253,0.00444658330054179),(-0.00226095058236855,
-2.91548240056727E-5,-0.00444656578381881),(-0.00226065252209393,-2.91548240056727E-5,
0.00444629468008599),(-0.00226065158843994,-0.00496896728873253,-0.00444629383087158),
(-0.00226065158843994,-0.00496896728873253,0.00444629383087158),(-0.00226065078733841,
-2.91548240056727E-5,-0.00444629304287597),(-0.00226039504319394,-2.91548240056727E-5,
0.0044460414826706),(-0.00226037851889424,-0.00496896728873253,-0.00444602522870617),
(-0.00221692760865398,-0.00496896728873253,0.00440328516939563),(-0.00221691108435428,
-2.91548240056727E-5,-0.00440326891543121),(-0.0022166553402098,-2.91548240056727E-5,
0.00440301735522584),(-0.00221665453910827,-0.00496896728873253,-0.00440301656723023),
(-0.00221665453910827,-0.00496896728873253,0.00440301656723023),(-0.00221665386317927,
-2.91548240056727E-5,-0.00440301584870158),(-0.00221643807918729,-2.91548240056727E-5,
0.00440278646517514),(-0.00221642413681781,-0.00496896728873253,-0.00440277164410409),
(-0.00217976245337689,-0.00496896728873253,0.00436379940081779),(-0.00217974851100741,
-2.91548240056727E-5,-0.00436378457974673),(-0.00217953272701543,-2.91548240056727E-5,
0.0043635551962203),(-0.00217953205108642,-0.00496896728873253,-0.00436355447769165),
(-0.00217953205108642,-0.00496896728873253,0.00436355447769165),(-0.00217953149429575,
-2.91548240056727E-5,-0.00436355383831941),(-0.00217935374409808,-2.91548240056727E-5,
0.00436334972473196),(-0.00217934225919178,-0.00496896728873253,-0.00436333653641792),
(-0.00214914251444409,-0.00496896728873253,0.00432865765379814),(-0.00214913102953778,
-2.91548240056727E-5,-0.00432864446548411),(-0.00214895327934012,-2.91548240056727E-5,
0.00432844035189665),(-0.00214895272254944,-0.00496896728873253,-0.00432843971252441),
(-0.00214895272254944,-0.00496896728873253,0.00432843971252441),(-0.00214895224140753,
-2.91548240056727E-5,-0.00432843911409784),(-0.00214879864136653,-2.91548240056727E-5,
0.00432824807202868),(-0.00214878871686517,-0.00496896728873253,-0.0043282357282997),
(-0.00212269208185615,-0.00496896728873253,0.00429577769561997),(-0.00212268215735479,
-2.91548240056727E-5,-0.00429576535189101),(-0.00212252855731379,-2.91548240056727E-5,
0.00429557430982184),(-0.00212252807617188,-0.00496896728873253,-0.00429557371139527),
(-0.00212252807617188,-0.00496896728873253,0.00429557371139527),(-0.00212252773374685,
-2.91548240056727E-5,-0.00429557324981889),(-0.00212241841777026,-2.91548240056727E-5,
0.00429542589589037),(-0.0021224113545784,-0.00496896728873253,-0.00429541637496671),
(-0.00210383857866441,-0.00496896728873253,0.00427038095398227),(-0.00210383151547255,
-2.91548240056727E-5,-0.0042703714330586),(-0.00210372219949595,-2.91548240056727E-5,
0.0042702240791301),(-0.00210372185707092,-0.00496896728873253,-0.00427022361755371),
(-0.00210372185707092,-0.00496896728873253,0.00427022361755371),(-0.00210372160653488,
-2.91548240056727E-5,-0.00427022325289769),(-0.00210364162525163,-2.91548240056727E-5,
0.00427010683988493),(-0.00210363645745122,-0.00496896728873253,-0.00427009931813496),
(-0.00209004764365352,-0.00496896728873253,0.00425032075632794),(-0.00209004247585311,
-2.91548240056727E-5,-0.00425031323457797),(-0.00208996249456986,-2.91548240056727E-5,
0.0042501968215652),(-0.00208996224403381,-0.00496896728873253,-0.00425019645690918),
(-0.00208996224403381,-0.00496896728873253,0.00425019645690918),(-0.00208996204483178,
-2.91548240056727E-5,-0.00425019614215894),(-0.00208989845145182,-2.91548240056727E-5,
0.0042500956610985),(-0.00208989434251681,-0.00496896728873253,-0.00425008916875373),
(-0.00207908983221158,-0.00496896728873253,0.00423301744440545),(-0.00207908572327658,
-2.91548240056727E-5,-0.00423301095206069),(-0.00207902212989661,-2.91548240056727E-5,
0.00423291047100024),(-0.00207902193069458,-0.00496896728873253,-0.00423291015625),
(-0.00207902193069458,-0.00496896728873253,0.00423291015625),(-0.00207902178887377,
-2.91548240056727E-5,-0.00423290990784979),(-0.0020789765139129,-2.91548240056727E-5,
0.00423283060841419),(-0.00207897358857897,-0.00496896728873253,-0.00423282548466974),
(-0.00207128137624952,-0.00496896728873253,0.00421935251673406),(-0.00207127845091559,
-2.91548240056727E-5,-0.00421934739298962),(-0.00207123317595472,-2.91548240056727E-5,
0.00421926809355402),(-0.00207123303413391,-0.00496896728873253,-0.00421926784515381),
(-0.00207123303413391,-0.00496896728873253,0.00421926784515381),(-0.00207123271819419,
-2.91548240056727E-5,-0.00421926720793478),(-0.00207113185740559,-2.91548240056727E-5,
0.00421906378173845),(-0.0020711253405256,-0.00496896728873253,-0.00421905063783855),
(-0.00205398910039237,-0.00496896728873253,0.00418448854291706),(-0.00205398258351238,
-2.91548240056727E-5,-0.00418447539901716),(-0.00205388172272378,-2.91548240056727E-5,
0.00418427197282083),(-0.00205388140678406,-0.00496896728873253,-0.0041842713356018),
(-0.00205388140678406,-0.00496896728873253,0.0041842713356018),(-0.00205388140678406,
-2.91548240056727E-5,-0.0041842713356018),(-0.0020538715626864,-2.91548240056727E-5,
-0.00418425128178674),(-0.00205230516683459,-2.91548240056727E-5,0.00418106031255512),
(-0.00205220363986525,-0.00496896728873253,-0.00418085348780201),(-0.00178523685085741,
-0.00496896728873253,0.00363700449292613),(-0.00178513532388807,-2.91548240056727E-5,
-0.00363679766817303),(-0.00178356892803625,-2.91548240056727E-5,0.00363360669894141),
(-0.0017835590839386,-0.00496896728873253,-0.00363358664512634),(-0.0017835590839386,
-0.00496896728873253,0.00363358664512634),(-0.0017835590839386,-2.91548240056727E-5,
-0.00363358664512634),(-0.00178355897340658,-2.91548240056727E-5,0.00363358643141187),
(-0.00178352368709796,-2.91548240056727E-5,-0.00363351820507117),(-0.00178352140715704,
-0.00496896728873253,0.00363351379678842),(-0.00177752626606836,-0.00496896728873253,
-0.00362192214681509),(-0.00177752398612744,-2.91548240056727E-5,0.00362191773853234),
(-0.00177748869981882,-2.91548240056727E-5,-0.00362184951219165),(-0.00177748858928681,
-0.00496896728873253,-0.00362184929847718),(-0.00177748858928681,-0.00496896728873253,
0.00362184929847718),(-0.00177748846973173,-2.91548240056727E-5,0.00362184908967253),
(-0.00177745030289397,-2.91548240056727E-5,-0.0036217824307499),(-0.00177744783683452,
-0.00496896728873253,0.00362177812374214),(-0.00177096329407064,-0.00496896728873253,
-0.003610452777976),(-0.00177096082801119,-2.91548240056727E-5,0.00361044847096823),
(-0.00177092266117343,-2.91548240056727E-5,-0.0036103818120456),(-0.00177092254161835,
-0.00496896728873253,-0.00361038160324096),(-0.00177092254161835,-0.00496896728873253,
0.00361038160324096),(-0.00177092241325725,-2.91548240056727E-5,0.00361038139973252),
(-0.00177088143518383,-2.91548240056727E-5,-0.00361031643157031),(-0.00177087878748306,
-0.00496896728873253,0.00361031223380702),(-0.00176391661599746,-0.00496896728873253,
-0.00359927414810521),(-0.0017639139682967,-2.91548240056727E-5,0.00359926995034192),
(-0.00176387299022328,-2.91548240056727E-5,-0.00359920498217972),(-0.00176387286186219,
-0.00496896728873253,-0.00359920477867126),(-0.00176387286186218,-0.00496896728873253,
0.00359920477867126),(-0.00176387272492951,-2.91548240056727E-5,0.00359920458083235),
(-0.00176382901045735,-2.91548240056727E-5,-0.00359914142261532),(-0.00176382618595068,
-0.00496896728873253,0.00359913734179732),(-0.00175639910053308,-0.00496896728873253,
-0.00358840676563981),(-0.00175639627602642,-2.91548240056727E-5,0.00358840268482181),
(-0.00175635256155426,-2.91548240056727E-5,-0.00358833952660478),(-0.00175635242462158,
-0.00496896728873253,-0.00358833932876587),(-0.00175635242462158,-0.00496896728873253,
0.00358833932876587),(-0.00175635227936476,-2.91548240056727E-5,0.00358833913695246),
(-0.00175630590748841,-2.91548240056727E-5,-0.00358827790232188),(-0.0017563029112799,
-0.00496896728873253,0.00358827394579185),(-0.00174842433309724,-0.00496896728873253,
-0.00357787018682228),(-0.00174842133688873,-2.91548240056727E-5,0.00357786623029225),
(-0.00174837496501238,-2.91548240056727E-5,-0.00357780499566168),(-0.00174837481975555,
-0.00496896728873253,-0.00357780480384826),(-0.00174837481975555,-0.00496896728873253,
0.00357780480384826),(-0.0017483746664394,-2.91548240056727E-5,0.003577804618412),
(-0.00174832572169688,-2.91548240056727E-5,-0.00357774541962326),(-0.00174832255924874,
-0.00496896728873253,0.00357774159463432),(-0.00174000685130424,-0.00496896728873253,
-0.00356768372503732),(-0.00174000368885609,-2.91548240056727E-5,0.00356767990004837),
(-0.00173995474411357,-2.91548240056727E-5,-0.00356762070125964),(-0.00173995459079743,
-0.00496896728873253,-0.00356762051582337),(-0.00173995459079743,-0.00496896728873253,
0.00356762051582337),(-0.00173995442970629,-2.91548240056727E-5,0.00356762033710284),
(-0.00173990300287203,-2.91548240056727E-5,-0.00356756328225377),(-0.00173989968004943,
-0.00496896728873253,0.00356755959579038),(-0.00173116226491212,-0.00496896728873253,
-0.00355786598137331),(-0.00173115894208952,-2.91548240056727E-5,0.00355786229490993),
(-0.00173110751525527,-2.91548240056727E-5,-0.00355780524006085),(-0.00173110735416413,
-0.00496896728873253,-0.00355780506134033),(-0.00173110735416413,-0.00496896728873253,
0.00355780506134033),(-0.00173110718558886,-2.91548240056727E-5,0.00355780488965681),
(-0.0017310533695161,-2.91548240056727E-5,-0.0035577500813017),(-0.00173104989231854,
-0.00496896728873253,0.00355774653999018),(-0.00172190654574603,-0.00496896728873253,
-0.00354843460472418),(-0.00172190306854847,-2.91548240056727E-5,0.00354843106341266),
(-0.00172184925247572,-2.91548240056727E-5,-0.00354837625505755),(-0.00172184908390045,
-0.00496896728873253,-0.00354837608337402),(-0.00172184908390045,-0.00496896728873253,
0.00354837608337402),(-0.0017218489081471,-2.91548240056727E-5,0.00354837591904873),
(-0.00172179280053962,-2.91548240056727E-5,-0.00354832345974193),(-0.00172178917527999,
-0.00496896728873253,0.00354832007020857),(-0.00171225649713669,-0.00496896728873253,
-0.00353940723806475),(-0.00171225287187706,-2.91548240056727E-5,0.00353940384853139),
(-0.00171219676426958,-2.91548240056727E-5,-0.00353935138922458),(-0.00171219658851624,
-0.00496896728873253,-0.00353935122489929),(-0.00171219658851624,-0.00496896728873253,
0.00353935122489929),(-0.00171219640590605,-2.91548240056727E-5,0.00353935106822309),
(-0.00171213810931817,-2.91548240056727E-5,-0.00353930105081782),(-0.00171213434262278,
-0.00496896728873253,0.00353929781906212),(-0.00170222975687978,-0.00496896728873253,
-0.00353079986579811),(-0.0017022259901844,-2.91548240056727E-5,0.00353079663404242),
(-0.00170216769359651,-2.91548240056727E-5,-0.00353074661663713),(-0.00170216751098633,
-0.00496896728873253,-0.00353074645996094),(-0.00170216751098633,-0.00496896728873253,
0.00353074645996094),(-0.00170216732185792,-2.91548240056727E-5,0.00353074631123337),
(-0.00170210694438744,-2.91548240056727E-5,-0.0035306988313546),(-0.00170210304324077,
-0.00496896728873253,0.00353069576355514),(-0.00169184491570547,-0.00496896728873253,
-0.00352262893584672),(-0.0016918410145588,-2.91548240056727E-5,0.00352262586804726),
(-0.00169178063708831,-2.91548240056727E-5,-0.00352257838816848),(-0.0016917804479599,
-0.00496896728873253,-0.00352257823944092),(-0.0016917804479599,-0.00496896728873253,
0.00352257823944092),(-0.0016917802526497,-2.91548240056727E-5,0.00352257809891812),
(-0.00169171790170148,-2.91548240056727E-5,-0.00352253323833213),(-0.00169171387304324,
-0.00496896728873253,0.00352253033977205),(-0.00168112045179349,-0.00496896728873253,
-0.00351490852970427),(-0.00168111642313525,-2.91548240056727E-5,0.0035149056311442),
(-0.00168105407218703,-2.91548240056727E-5,-0.0035148607705582),(-0.00168105387687683,
-0.00496896728873253,-0.0035148606300354),(-0.00168105387687683,-0.00496896728873253,
0.0035148606300354),(-0.00168105367574516,-2.91548240056727E-5,0.00351486049798217),
(-0.00168098946634634,-2.91548240056727E-5,-0.00351481834122698),(-0.00168098531760873,
-0.00496896728873253,0.0035148156173685),(-0.00167007614574729,-0.00496896728873253,
-0.00350765318794461),(-0.00167007199700968,-2.91548240056727E-5,0.00350765046408613),
(-0.00167000778761085,-2.91548240056727E-5,-0.00350760830733094),(-0.00167000758647919,
-0.00496896728873253,-0.00350760817527771),(-0.00167000758647919,-0.00496896728873253,
0.00350760817527771),(-0.00167000737989287,-2.91548240056727E-5,0.00350760805193281),
(-0.0016699414291494,-2.91548240056727E-5,-0.00350756867523125),(-0.00166993716789895,
-0.00496896728873253,0.00350756613099932),(-0.00165873214171713,-0.00496896728873253,
-0.00350087603246809),(-0.00165872788046669,-2.91548240056727E-5,0.00350087348823616),
(-0.00165866192972322,-2.91548240056727E-5,-0.00350083411153459),(-0.0016586617231369,
-0.00496896728873253,-0.0035008339881897),(-0.0016586617231369,-0.00496896728873253,
0.0035008339881897),(-0.00165866151147362,-2.91548240056727E-5,0.00350083387377453),
(-0.00165859393995611,-2.91548240056727E-5,-0.0035007973478059),(-0.00165858957398321,
-0.00496896728873253,0.00350079498776731),(-0.00164710917842005,-0.00496896728873253,
-0.00349458922854129),(-0.00164710481244714,-2.91548240056727E-5,0.00349458686850269),
(-0.00164703724092965,-2.91548240056727E-5,-0.00349455034253406),(-0.00164703702926636,
-0.00496896728873253,-0.00349455022811889),(-0.00164703702926636,-0.00496896728873253,
0.00349455022811889),(-0.0016470368129103,-2.91548240056727E-5,0.00349455012284617),
(-0.00164696774326819,-2.91548240056727E-5,-0.00349451651551809),(-0.00164696328049753,
-0.00496896728873253,0.00349451434406051),(-0.00163522835368063,-0.00496896728873253,
-0.00348880446163408),(-0.00163522389090997,-2.91548240056727E-5,0.0034888022901765),
(-0.00163515482126786,-2.91548240056727E-5,-0.00348876868284841),(-0.0016351546049118,
-0.00496896728873253,-0.00348876857757568),(-0.0016351546049118,-0.00496896728873253,
0.00348876857757568),(-0.00163515438425801,-2.91548240056727E-5,0.00348876848163642),
(-0.0016350839426054,-2.91548240056727E-5,-0.00348873785392711),(-0.00163507939118554,
-0.00496896728873253,0.00348873587499051),(-0.00162311135989021,-0.00496896728873253,
-0.00348353222956272),(-0.00162310680847034,-2.91548240056727E-5,0.00348353025062612),
(-0.00162303636681774,-2.91548240056727E-5,-0.0034834996229168),(-0.00162303614616394,
-0.00496896728873253,-0.00348349952697754),(-0.00162303614616394,-0.00496896728873253,
0.00348349952697754),(-0.00162303592161397,-2.91548240056727E-5,0.00348349944054972),
(-0.00162296423614376,-2.91548240056727E-5,-0.00348347184927983),(-0.00162295960435758,
-0.00496896728873253,0.00348347006653554),(-0.0016107802485477,-0.00496896728873253,
-0.00347878231192821),(-0.00161077561676152,-2.91548240056727E-5,0.00347878052918391),
(-0.0016107039312913,-2.91548240056727E-5,-0.00347875293791402),(-0.00161070370674133,
-0.00496896728873253,-0.0034787528514862),(-0.00161070370674133,-0.00496896728873253,
0.0034787528514862),(-0.0016107034787076,-2.91548240056727E-5,0.00347875277473046),
(-0.00161063068107735,-2.91548240056727E-5,-0.00347872827117714),(-0.0016106259774316,
-0.00496896728873253,0.00347872668793831),(-0.00159825766571873,-0.00496896728873253,
-0.003474563536137),(-0.00159825296207298,-2.91548240056727E-5,0.00347456195289818),
(-0.00159818016444273,-2.91548240056727E-5,-0.00347453744934486),(-0.001598179936409,
-0.00496896728873253,-0.00347453737258911),(-0.001598179936409,-0.00496896728873253,
0.00347453737258911),(-0.0015981797053039,-2.91548240056727E-5,0.00347453730563132),
(-0.00159810592717119,-2.91548240056727E-5,-0.00347451592998478),(-0.0015981011601726,
-0.00496896728873253,0.00347451454884822),(-0.00158556626116834,-0.00496896728873253,
-0.00347088282816594),(-0.00158556149416975,-2.91548240056727E-5,0.00347088144702937),
(-0.00158548771603704,-2.91548240056727E-5,-0.00347086007138284),(-0.00158548748493195,
-0.00496896728873253,-0.00347086000442505),(-0.00158548748493195,-0.00496896728873253,
0.00347086000442505),(-0.00158548725118093,-2.91548240056727E-5,0.00347085994739545),
(-0.00158541262836094,-2.91548240056727E-5,-0.00347084174123178),(-0.00158540780678489,
-0.00496896728873253,0.00347084056488381),(-0.00157272939547799,-0.00496896728873253,
-0.00346774733909263),(-0.00157272457390194,-2.91548240056727E-5,0.00346774616274466),
(-0.00157264995108196,-2.91548240056727E-5,-0.00346772795658098),(-0.00157264971733093,
-0.00496896728873253,-0.00346772789955139),(-0.00157264971733093,-0.00496896728873253,
0.00346772789955139),(-0.00157264948135725,-2.91548240056727E-5,0.00346772785255851),
(-0.00157257414897224,-2.91548240056727E-5,-0.00346771285052443),(-0.00157256928154932,
-0.00496896728873253,0.00346771188120368),(-0.00155977031519903,-0.00496896728873253,
-0.00346516303678034),(-0.00155976544777612,-2.91548240056727E-5,0.00346516206745958),
(-0.0015596901153911,-2.91548240056727E-5,-0.0034651470654255),(-0.00155968987941742,
-0.00496896728873253,-0.00346514701843262),(-0.00155968987941742,-0.00496896728873253,
0.00346514701843262),(-0.00155968964165301,-2.91548240056727E-5,0.00346514698155461),
(-0.00155961373759695,-2.91548240056727E-5,-0.00346513520859576),(-0.00155960883323688,
-0.00496896728873253,0.00346513444791402),(-0.00154671274002057,-0.00496896728873253,
-0.00346313422312175),(-0.0015467078356605,-2.91548240056727E-5,0.00346313346244001),
(-0.00154663193160444,-2.91548240056727E-5,-0.00346312168948116),(-0.00154663169384003,
-0.00496896728873253,-0.00346312165260315),(-0.00154663169384003,-0.00496896728873253,
0.00346312165260315),(-0.00154663145471684,-2.91548240056727E-5,0.0034631216259138),
(-0.00154655511688372,-2.91548240056727E-5,-0.00346311310558997),(-0.00154655018449617,
-0.00496896728873253,0.0034631125550695),(-0.00153358039259123,-0.00496896728873253,
-0.00346166495271249),(-0.00153357546020368,-2.91548240056727E-5,0.00346166440219202),
(-0.00153349912237056,-2.91548240056727E-5,-0.00346165588186818),(-0.00153349888324738,
-0.00496896728873253,-0.00346165585517883),(-0.00153349888324738,-0.00496896728873253,
0.00346165585517883),(-0.00153349864320386,-2.91548240056727E-5,0.00346165583872156),
(-0.00153342201156647,-2.91548240056727E-5,-0.00346165058489142),(-0.00153341706019547,
-0.00496896728873253,0.00346165024542769),(-0.00152039735096786,-0.00496896728873253,
-0.00346075762009661),(-0.00152039239959686,-2.91548240056727E-5,0.00346075728063287),
(-0.00152031576795946,-2.91548240056727E-5,-0.00346075202680274),(-0.00152031552791596,
-0.00496896728873253,-0.00346075201034546),(-0.00152031552791596,-0.00496896728873253,
0.00346075201034546),(-0.00152031528738841,-2.91548240056727E-5,0.00346075200415499),
(-0.00152023850122661,-2.91548240056727E-5,-0.00346075002790551),(-0.00152023353987137,
-0.00496896728873253,0.00346074990021485),(-0.00150718757695755,-0.00496896728873253,
-0.00346041413558227),(-0.00150718261560232,-2.91548240056727E-5,0.00346041400789161),
(-0.00150710582944051,-2.91548240056727E-5,-0.00346041203164213),(-0.00150710558891296,
-0.00496896728873253,-0.00346041202545166),(-0.00150710558891296,-0.00496896728873253,
0.00346041202545166),(-0.00150710534833984,-2.91548240056727E-5,0.00346041202953233),
(-0.00150702854762641,-2.91548240056727E-5,-0.00346041333224938),(-0.00150702358533095,
-0.00496896728873253,0.00346041341642134),(-0.00149397515009691,-0.00496896728873253,
-0.00346063474794633),(-0.00149397018780145,-2.91548240056727E-5,0.0034606348321183),
(-0.00149389338708802,-2.91548240056727E-5,-0.00346063613483534),(-0.00149389314651489,
-0.00496896728873253,-0.00346063613891601),(-0.00149389314651489,-0.00496896728873253,
0.00346063613891601),(-0.00149389290633464,-2.91548240056727E-5,0.00346063615326783),
(-0.00149381623104237,-2.91548240056727E-5,-0.00346064073495141),(-0.0014938112768507,
-0.00496896728873253,0.00346064103098599),(-0.00148078415066242,-0.00496896728873253,
-0.00346141945866854),(-0.00148077919647075,-2.91548240056727E-5,0.00346141975470313),
(-0.00148070252117848,-2.91548240056727E-5,-0.0034614243363867),(-0.00148070228099823,
-0.00496896728873253,-0.00346142435073853),(-0.00148070228099823,-0.00496896728873253,
0.00346142435073853),(-0.00148070204165147,-2.91548240056727E-5,0.0034614243753311),
(-0.00148062563244609,-2.91548240056727E-5,-0.00346143222628011),(-0.001480620695447,
-0.00496896728873253,0.00346143273355051),(-0.00146763877739999,-0.00496896728873253,
-0.00346276660917715),(-0.00146763384040089,-2.91548240056727E-5,0.00346276711644755),
(-0.00146755743119551,-2.91548240056727E-5,-0.00346277496739656),(-0.00146755719184875,
-0.00496896728873253,-0.00346277499198913),(-0.00146755719184875,-0.00496896728873253,
0.00346277499198913),(-0.00146755695376744,-2.91548240056727E-5,0.00346277502677906),
(-0.00146748094854293,-2.91548240056727E-5,-0.00346278613313482),(-0.0014674760376461,
-0.00496896728873253,0.00346278685074558),(-0.00145456275591774,-0.00496896728873253,
-0.0034646738197256),(-0.00145455784502091,-2.91548240056727E-5,0.00346467453733637),
(-0.0014544818397964,-2.91548240056727E-5,-0.00346468564369214),(-0.00145448160171509,
-0.00496896728873253,-0.00346468567848205),(-0.00145448160171509,-0.00496896728873253,
0.00346468567848205),(-0.00145448136533985,-2.91548240056727E-5,0.00346468572340855),
(-0.00145440590476193,-2.91548240056727E-5,-0.00346470006576889),(-0.00145440102905614,
-0.00496896728873253,0.0034647009924664),(-0.00144158028274195,-0.00496896728873253,
-0.00346713775837284),(-0.00144157540703617,-2.91548240056727E-5,0.00346713868507035),
(-0.00144149994645825,-2.91548240056727E-5,-0.00346715302743069),(-0.00144149971008301,
-0.00496896728873253,-0.00346715307235718),(-0.00144149971008301,-0.00496896728873253,
0.00346715307235718),(-0.00144149947584144,-2.91548240056727E-5,0.00346715312732907),
(-0.00144142469641823,-2.91548240056727E-5,-0.00346717067659075),(-0.00144141986472364,
-0.00496896728873253,0.00346717181049456),(-0.00142871484654193,-0.00496896728873253,
-0.00347015342868697),(-0.00142871001484733,-2.91548240056727E-5,0.00347015456259077),
(-0.00142863523542413,-2.91548240056727E-5,-0.00347017211185244),(-0.00142863500118256,
-0.00496896728873253,-0.00347017216682434),(-0.00142863500118256,-0.00496896728873253,
0.00347017216682434),(-0.00142863476950009,-2.91548240056727E-5,0.00347017223175048),
(-0.00142856080704678,-2.91548240056727E-5,-0.00347019295881023),(-0.00142855602813875,
-0.00496896728873253,0.0034701942980399),(-0.00141598981307829,-0.00496896728873253,
-0.00347371582387782),(-0.00141598503417026,-2.91548240056727E-5,0.0034737171631075),
(-0.00141591107171695,-2.91548240056727E-5,-0.00347373789016725),(-0.00141591084003448,
-0.00496896728873253,-0.00347373795509338),(-0.00141591084003448,-0.00496896728873253,
0.00347373795509338),(-0.00141591061133438,-2.91548240056727E-5,0.00347373802985655),
(-0.00141583760097321,-2.91548240056727E-5,-0.00347376189729591),(-0.00141583288358235,
-0.00496896728873253,0.00347376343943374),(-0.00140342842890239,-0.00496896728873253,
-0.00347781851552231),(-0.00140342371151153,-2.91548240056727E-5,0.00347782005766015),
(-0.00140335070115036,-2.91548240056727E-5,-0.0034778439250995),(-0.00140335047245026,
-0.00496896728873253,-0.00347784399986267),(-0.00140335047245026,-0.00496896728873253,
0.00347784399986267),(-0.00140335024715144,-2.91548240056727E-5,0.00347784408431961),
(-0.00140327832261879,-2.91548240056727E-5,-0.00347787104640488),(-0.00140327367538616,
-0.00496896728873253,0.00347787278849591),(-0.00139105370288685,-0.00496896728873253,
-0.00348245364468585),(-0.00139104905565422,-2.91548240056727E-5,0.00348245538677688),
(-0.00139097690582275,-0.00496896728873253,-0.00348248243331909),(-0.00139097690582275,
-0.00496896728873253,0.00348248243331909),(-0.00139097690582275,-2.91548240056727E-5,
-0.00348248243331909),(-0.00139097690582275,-2.91548240056727E-5,0.00348248243331909),
(-0.00139030406904068,-2.91548240056727E-5,0.00348273841831033),(-0.0013902607310455,
-0.00496896728873253,-0.00348275490652354),(-0.00127630277984927,-0.00496896728873253,
0.00352611092675894),(-0.00127625944185409,-2.91548240056727E-5,-0.00352612741497214),
(-0.00127558870610714,-2.91548240056727E-5,0.00352638260061134),(-0.00127558660507202,
-0.00496896728873253,-0.00352638339996338),(-0.00127558660507202,-0.00496896728873253,
0.00352638339996338),(-0.00127558447886261,-2.91548240056727E-5,-0.00352638412971388),
(-0.00127490570646017,-2.91548240056727E-5,0.0035266170957122),(-0.00127486184919561,
-0.00496896728873253,-0.00352663214825615),(-0.00115953847085749,-0.00496896728873253,
0.00356621305323616),(-0.00115949461359293,-2.91548240056727E-5,-0.00356622810578011),
(-0.00115881584119049,-2.91548240056727E-5,0.00356646107177844),(-0.00115881371498108,
-0.00496896728873253,-0.00356646180152893),(-0.00115881371498108,-0.00496896728873253,
0.00356646180152893),(-0.00115881156590036,-2.91548240056727E-5,-0.00356646246090082),
(-0.00115812549204604,-2.91548240056727E-5,0.00356667295918767),(-0.00115808116301553,
-0.00496896728873253,-0.00356668656003388),(-0.00104151726857169,-0.00496896728873253,
0.00360245020258514),(-0.00104147293954118,-2.91548240056727E-5,-0.00360246380343135),
(-0.00104078686568686,-2.91548240056727E-5,0.0036026743017182),(-0.00104078471660614,
-0.00496896728873253,-0.00360267496109009),(-0.00104078471660614,-0.00496896728873253,
0.00360267496109009),(-0.00104078254698747,-2.91548240056727E-5,-0.00360267554936274),
(-0.00104008991658597,-2.91548240056727E-5,0.00360286334988383),(-0.00104004516391975,
-0.00496896728873253,-0.00360287548416789),(-0.000922367312619859,-0.00496896728873253,
0.00363478277808492),(-0.000922322559953641,-2.91548240056727E-5,-0.00363479491236897),
(-0.000921627759933472,-0.00496896728873253,-0.00363498330116272),(-0.000921627759933472,
-0.00496896728873253,0.00363498330116272),(-0.000921627759933472,-2.91548240056727E-5,
-0.00363498330116272),(-0.000921627759933472,-2.91548240056727E-5,0.00363498330116272),
(-0.000921553492116546,-2.91548240056727E-5,-0.00363500382761843),(-0.000921548708462652,
-0.00496896728873253,0.00363500514974508),(-0.000908970014071528,-0.00496896728873253,
-0.0036384817029008),(-0.000908965230417634,-2.91548240056727E-5,0.00363848302502745),
(-0.000908891194513255,-2.91548240056727E-5,-0.00363850348738618),(-0.000908890962600708,
-0.00496896728873253,-0.00363850355148316),(-0.000908890962600708,-0.00496896728873253,
0.00363850355148316),(-0.000908890733636882,-2.91548240056727E-5,0.00363850362542585),
(-0.000908817639084157,-2.91548240056727E-5,-0.00363852723093592),(-0.000908812916253462,
-0.00496896728873253,0.00363852875614982),(-0.000896394157435045,-0.00496896728873253,
-0.00364253933047433),(-0.00089638943460435,-2.91548240056727E-5,0.00364254085568823),
(-0.000896316340051625,-2.91548240056727E-5,-0.0036425644611983),(-0.000896316111087799,
-0.00496896728873253,-0.00364256453514099),(-0.000896316111087799,-0.00496896728873253,
0.00364256453514099),(-0.000896315885489445,-2.91548240056727E-5,0.00364256461879482),
(-0.000896243865331816,-2.91548240056727E-5,-0.0036425913244943),(-0.000896239211920605,
-0.00496896728873253,0.00364259305001956),(-0.000884002992745533,-0.00496896728873253,
-0.00364713034628172),(-0.000883998339334322,-2.91548240056727E-5,0.00364713207180698),
(-0.000883926319176693,-2.91548240056727E-5,-0.00364715877750646),(-0.000883926093578339,
-0.00496896728873253,-0.00364715886116028),(-0.000883926093578339,-0.00496896728873253,
0.00364715886116028),(-0.00088392587175895,-2.91548240056727E-5,0.00364715895436896),
(-0.000883855058000459,-2.91548240056727E-5,-0.00364718871036655),(-0.00088385048253786,
-0.00496896728873253,0.00364719063297957),(-0.000871819230482465,-0.00496896728873253,
-0.00365224617465288),(-0.000871814655019866,-2.91548240056727E-5,0.0036522480972659),
(-0.000871743841261375,-2.91548240056727E-5,-0.00365227785326348),(-0.000871743619441986,
-0.00496896728873253,-0.00365227794647217),(-0.000871743619441986,-0.00496896728873253,
0.00365227794647217),(-0.000871743401804203,-2.91548240056727E-5,0.00365227804906641),
(-0.000871673922984219,-2.91548240056727E-5,-0.0036523108013132),(-0.000871669433775496,
-0.00496896728873253,0.00365231291752173),(-0.000859864987668443,-0.00496896728873253,
-0.00365787752170251),(-0.00085986049845972,-2.91548240056727E-5,0.00365787963791104),
(-0.000859791019639736,-2.91548240056727E-5,-0.00365791239015784),(-0.000859790802001953,
-0.00496896728873253,-0.00365791249275207),(-0.000859790802001953,-0.00496896728873253,
0.00365791249275207),(-0.000859790588941905,-2.91548240056727E-5,0.00365791260454519),
(-0.000859722571520992,-2.91548240056727E-5,-0.00365794829344882),(-0.000859718176737095,
-0.00496896728873253,0.00365795059940245),(-0.000848162022218441,-0.00496896728873253,
-0.00366401414135072),(-0.000848157627434544,-2.91548240056727E-5,0.00366401644730435),
(-0.000848089610013631,-2.91548240056727E-5,-0.00366405213620799),(-0.000848089396953583,
-0.00496896728873253,-0.0036640522480011),(-0.000848089396953583,-0.00496896728873253,
0.0036640522480011),(-0.000848089188861974,-2.91548240056727E-5,0.00366405236879341),
(-0.000848022757568359,-2.91548240056727E-5,-0.00366409093060388),(-0.000848018465268306,
-0.00496896728873253,0.00366409342218356),(-0.000836731793654271,-0.00496896728873253,
-0.00367064507078214),(-0.000836727501354218,-2.91548240056727E-5,0.00367064756236182),
(-0.000836661070060603,-2.91548240056727E-5,-0.0036706861241723),(-0.000836660861968994,
-0.00496896728873253,-0.0036706862449646),(-0.000836660861968994,-0.00496896728873253,
0.0036706862449646),(-0.000836660659224588,-2.91548240056727E-5,0.00367068637452168),
(-0.00083659593497536,-2.91548240056727E-5,-0.00367072773440207),(-0.00083659175297192,
-0.00496896728873253,0.00367073040677238),(-0.000825595108066288,-0.00496896728873253,
-0.00367775744723153),(-0.000825590926062848,-2.91548240056727E-5,0.00367776011960184),
(-0.00082552620181362,-2.91548240056727E-5,-0.00367780147948223),(-0.000825525999069214,
-0.00496896728873253,-0.00367780160903931),(-0.000825525999069214,-0.00496896728873253,
0.00367780160903931),(-0.000825525802041008,-2.91548240056727E-5,0.0036778017471441),
(-0.000825462902635049,-2.91548240056727E-5,-0.00367784583580094),(-0.000825458838539516,
-0.00496896728873253,0.00367784868448465),(-0.000814772234363164,-0.00496896728873253,
-0.00368533934385092),(-0.000814768170267631,-2.91548240056727E-5,0.00368534219253463),
(-0.000814705270861672,-2.91548240056727E-5,-0.00368538628119148),(-0.000814705073833466,
-0.00496896728873253,-0.00368538641929626),(-0.000814705073833466,-0.00496896728873253,
0.00368538641929626),(-0.00081470488288286,-2.91548240056727E-5,0.00368538656568829),
(-0.00081464392369378,-2.91548240056727E-5,-0.00368543329996944),(-0.000814639984960748,
-0.00496896728873253,0.00368543631959388),(-0.000808027505874634,-0.00496896728873253,
-0.00469121980667114),(-0.000808027505874634,-0.00496896728873253,0.00469121980667114),
(-0.000808027500157349,-2.91548240056727E-5,-0.00469122038137771),(-0.000808027494227347,
-2.91548240056727E-5,0.00469121936440416),(-0.000808025674967613,-2.91548240056727E-5,
0.00469140385105757),(-0.000808025557037319,-0.00496896728873253,-0.00469141570551461),
(-0.000808023775940285,-2.91548240056727E-5,-0.00469107817482185),(-0.000808023535692009,
-0.00496896728873253,0.00469106905219276),(-0.000807715457443273,-0.00496896728873253,
0.00472258718984061),(-0.000807715339512978,-2.91548240056727E-5,-0.00472259904429766),
(-0.000807713514323243,-2.91548240056727E-5,0.00472278251397751),(-0.000807713508605957,
-0.00496896728873253,-0.00472278308868408),(-0.000807713508605957,-0.00496896728873253,
0.00472278308868408),(-0.000807713471104992,-2.91548240056727E-5,-0.00472278385563383),
(-0.000807701499273912,-2.91548240056727E-5,0.00472302869714532),(-0.000807700725742517,
-0.00496896728873253,-0.00472304451699732),(-0.000807391799009529,-0.00496896728873253,
-0.00466708095314781),(-0.000807391558761253,-2.91548240056727E-5,0.00466707183051872),
(-0.000807387840474191,-2.91548240056727E-5,-0.00466693064093641),(-0.000807387828826904,
-0.00496896728873253,-0.00466693019866943),(-0.000807387828826904,-0.00496896728873253,
0.00466693019866943),(-0.00080738780497992,-2.91548240056727E-5,0.00466692982693735),
(-0.000807380192053939,-2.91548240056727E-5,-0.00466681115495779),(-0.000807379700162832,
-0.00496896728873253,0.00466680348725005),(-0.000806086264631328,-0.00496896728873253,
-0.00464664112716035),(-0.00080608577274022,-2.91548240056727E-5,0.00464663345945261),
(-0.000806078159814239,-2.91548240056727E-5,-0.00464651478747306),(-0.000806078135967255,
-0.00496896728873253,-0.00464651441574097),(-0.000806078135967255,-0.00496896728873253,
0.00464651441574097),(-0.000806078104698001,-2.91548240056727E-5,0.00464651413143083),
(-0.000806068122282157,-2.91548240056727E-5,-0.00464642336808521),(-0.000806067477292097,
-0.00496896728873253,0.00464641750362748),(-0.000805666712573828,-0.00496896728873253,
0.00476464307074072),(-0.000805665939042433,-2.91548240056727E-5,-0.00476465889059272),
(-0.000805653967211353,-2.91548240056727E-5,0.00476490373210421),(-0.000805653929710388,
-0.00496896728873253,-0.00476490449905396),(-0.000805653929710388,-0.00496896728873253,
0.00476490449905396),(-0.000805653855064432,-2.91548240056727E-5,-0.00476490534357994),
(-0.000805630025043546,-2.91548240056727E-5,0.00476517495057403),(-0.000805628485323417,
-0.00496896728873253,-0.00476519237058878),(-0.000804371465617145,-0.00496896728873253,
-0.00463099681827194),(-0.000804370820627084,-2.91548240056727E-5,0.00463099095381421),
(-0.00080436083821124,-2.91548240056727E-5,-0.00463090019046859),(-0.000804360806941986,
-0.00496896728873253,-0.00463089990615845),(-0.000804360806941986,-0.00496896728873253,
0.00463089990615845),(-0.000804360687994665,-2.91548240056727E-5,0.00463089920492492),
(-0.000804322715178597,-2.91548240056727E-5,-0.00463067534270138),(-0.000804320261655391,
-0.00496896728873253,0.00463066087837618),(-0.000804283023481178,-0.00496896728873253,
-0.00369337647032312),(-0.000804279084748146,-2.91548240056727E-5,0.00369337948994755),
(-0.000804218125559066,-2.91548240056727E-5,-0.0036934262242287),(-0.00080421793460846,
-0.00496896728873253,-0.00369342637062073),(-0.00080421793460846,-0.00496896728873253,
0.00369342637062073),(-0.000804217750081661,-2.91548240056727E-5,0.00369342652502651),
(-0.000804158841632529,-2.91548240056727E-5,-0.0036934758176222),(-0.000804155035403181,
-0.00496896728873253,0.00369347900254604),(-0.000801579766629708,-0.00496896728873253,
0.00481099857789755),(-0.000801578226909579,-2.91548240056727E-5,-0.00481101599791231),
(-0.000801554396888693,-2.91548240056727E-5,0.00481128560490639),(-0.000801554322242737,
-0.00496896728873253,-0.00481128644943237),(-0.000801554322242737,-0.00496896728873253,
0.00481128644943237),(-0.000801554197749606,-2.91548240056727E-5,-0.0048112874280389),
(-0.000801514454485635,-2.91548240056727E-5,0.00481159983898908),(-0.000801511886569149,
-0.00496896728873253,-0.00481162002467967),(-0.000797868683161199,-0.00496896728873253,
-0.00459262670402128),(-0.000797866229637993,-2.91548240056727E-5,0.00459261223969608),
(-0.000797828256821924,-2.91548240056727E-5,-0.00459238837747254),(-0.000797828137874604,
-0.00496896728873253,-0.00459238767623901),(-0.000797828137874604,-0.00496896728873253,
0.00459238767623901),(-0.000797828137874604,-2.91548240056727E-5,0.00459238767623901),
(-0.000797824314575608,-2.91548240056727E-5,0.00459236566615726),(-0.00079721595006139,
-2.91548240056727E-5,-0.00458886341516854),(-0.000797176518518397,-0.00496896728873253,
0.00458863641448522),(-0.00079475950911414,-0.00496896728873253,0.00486469862079762),
(-0.000794756941197654,-2.91548240056727E-5,-0.00486471880648821),(-0.000794717197933684,
-2.91548240056727E-5,0.00486503121743839),(-0.000794717073440552,-0.00496896728873253,
-0.00486503219604492),(-0.000794717073440552,-0.00496896728873253,0.00486503219604492),
(-0.000794716888506771,-2.91548240056727E-5,-0.0048650333044169),(-0.000794657850132401,
-2.91548240056727E-5,0.00486538714176919),(-0.000794654035508243,-0.00496896728873253,
-0.00486541000412823),(-0.000794146494481158,-0.00496896728873253,-0.00370185381071689),
(-0.00079414268825181,-2.91548240056727E-5,0.00370185699564074),(-0.000794083779802679,
-2.91548240056727E-5,-0.00370190628823643),(-0.000794083595275879,-0.00496896728873253,
-0.00370190644264221),(-0.000794083595275879,-0.00496896728873253,0.00370190644264221),
(-0.00079408341751041,-2.91548240056727E-5,0.0037019066047839),(-0.000794026667552557,
-2.91548240056727E-5,-0.00370195836699851),(-0.00079402300078899,-0.00496896728873253,
0.00370196171149091),(-0.000784623420298489,-0.00496896728873253,0.00492552694274067),
(-0.000784619605674331,-2.91548240056727E-5,-0.00492554980509971),(-0.000784560567299962,
-2.91548240056727E-5,0.004925903642452),(-0.00078456038236618,-0.00496896728873253,
-0.00492590475082398),(-0.00078456038236618,-0.00496896728873253,0.00492590475082398),
(-0.000784560126183387,-2.91548240056727E-5,-0.00492590598664323),(-0.00078447834223078,
-2.91548240056727E-5,0.00492630051034349),(-0.000784473057955176,-0.00496896728873253,
-0.00492632600155415),(-0.000784381187367139,-0.00496896728873253,-0.00371075610772296),
(-0.000784377520603571,-2.91548240056727E-5,0.00371075945221536),(-0.000784320770645718,
-2.91548240056727E-5,-0.00371081121442996),(-0.000784320592880249,-0.00496896728873253,
-0.00371081137657165),(-0.000784320592880249,-0.00496896728873253,0.00371081137657165),
(-0.00078432042219844,-2.91548240056727E-5,0.00371081154616275),(-0.000784265933632653,
-2.91548240056727E-5,-0.0037108656865289),(-0.000784262412983557,-0.00496896728873253,
0.0037108691846799),(-0.00077500480989776,-0.00496896728873253,-0.00372006762867459),
(-0.000775001289248664,-2.91548240056727E-5,0.00372007112682559),(-0.000774946800682877,
-2.91548240056727E-5,-0.00372012526719174),(-0.000774946630001068,-0.00496896728873253,
-0.00372012543678284),(-0.000774946630001068,-0.00496896728873253,0.00372012543678284),
(-0.000774946466717653,-2.91548240056727E-5,0.00372012561350643),(-0.000774894340019449,
-2.91548240056727E-5,-0.00372018203085568),(-0.000774890971976809,-0.00496896728873253,
0.00372018567612853),(-0.000770577970773309,-0.00496896728873253,0.00499335554751812),
(-0.000770572686497705,-2.91548240056727E-5,-0.00499338103872878),(-0.000770490902545098,
-2.91548240056727E-5,0.00499377556242904),(-0.000770490646362305,-0.00496896728873253,
-0.00499377679824829),(-0.000770490646362305,-0.00496896728873253,0.00499377679824829),
(-0.000770490308213304,-2.91548240056727E-5,-0.00499377815818083),(-0.000770382357317873,
-2.91548240056727E-5,0.0049942123038815),(-0.000770375382327487,-0.00496896728873253,
-0.00499424035517349),(-0.00076603465000958,-0.00496896728873253,-0.00372977097937379),
(-0.00076603128196694,-2.91548240056727E-5,0.00372977462464664),(-0.000765979155268737,
-2.91548240056727E-5,-0.00372983104199588),(-0.000765978991985321,-0.00496896728873253,
-0.00372983121871948),(-0.000765978991985321,-0.00496896728873253,0.00372983121871948),
(-0.000765978836396582,-2.91548240056727E-5,0.00372983140224998),(-0.000765929166151534,
-2.91548240056727E-5,-0.00372988999264214),(-0.000765925956826774,-0.00496896728873253,
0.00372989377832099),(-0.000757486986059579,-0.00496896728873253,-0.00373984828138665),
(-0.000757483776734819,-2.91548240056727E-5,0.0037398520670655),(-0.000757434106489771,
-2.91548240056727E-5,-0.00373991065745766),(-0.000757433950901032,-0.00496896728873253,
-0.00373991084098816),(-0.000757433950901032,-0.00496896728873253,0.00373991084098816),
(-0.000757433803289143,-2.91548240056727E-5,0.00373991103099566),(-0.00075738667957875,
-2.91548240056727E-5,-0.00373997168910465),(-0.00075738363479227,-0.00496896728873253,
0.00373997560838411),(-0.000752034533596586,-0.00496896728873253,0.00506800167592392),
(-0.000752027558606201,-2.91548240056727E-5,-0.00506802972721591),(-0.000751919607710769,
-2.91548240056727E-5,0.00506846387291659),(-0.000751919269561768,-0.00496896728873253,
-0.00506846523284912),(-0.000751919269561768,-0.00496896728873253,0.00506846523284912),
(-0.000751918838870449,-2.91548240056727E-5,-0.00506846671273612),(-0.000751781344708355,
-2.91548240056727E-5,0.00506893915277452),(-0.000751772460850053,-0.00496896728873253,
-0.00506896967836407),(-0.000749377320064603,-0.00496896728873253,-0.00375028141638091),
(-0.000749374275278123,-2.91548240056727E-5,0.00375028533566036),(-0.00074932715156773,
-2.91548240056727E-5,-0.00375034599376936),(-0.000749327003955841,-0.00496896728873253,
-0.00375034618377686),(-0.000749327003955841,-0.00496896728873253,0.00375034618377686),
(-0.000749326864592124,-2.91548240056727E-5,0.00375034637991404),(-0.00074928237403321,
-2.91548240056727E-5,-0.00375040899487035),(-0.000749279499381551,-0.00496896728873253,
0.00375041304058684),(-0.000741720556885234,-0.00496896728873253,-0.00376105131678926),
(-0.000741717682233575,-2.91548240056727E-5,0.00376105536250576),(-0.000741673191674661,
-2.91548240056727E-5,-0.00376111797746206),(-0.000741673052310944,-0.00496896728873253,
-0.00376111817359925),(-0.000741673052310944,-0.00496896728873253,0.00376111817359925),
(-0.00074167292144827,-2.91548240056727E-5,0.00376111837550581),(-0.000741631144767717,
-2.91548240056727E-5,-0.00376118283228228),(-0.000741628445466854,-0.00496896728873253,
0.00376118699700361),(-0.000734530590692662,-0.00496896728873253,-0.00377213819830889),
(-0.000734527891391799,-2.91548240056727E-5,0.00377214236303021),(-0.000734486114711246,
-2.91548240056727E-5,-0.00377220681980669),(-0.000734485983848572,-0.00496896728873253,
-0.00377220702171325),(-0.000734485983848572,-0.00496896728873253,0.00377220702171325),
(-0.000734485861725705,-2.91548240056727E-5,0.00377220722902888),(-0.000734446875146317,
-2.91548240056727E-5,-0.00377227341259838),(-0.000734444356121205,-0.00496896728873253,
0.00377227768889233),(-0.000728412213412948,-0.00496896728873253,0.00514923720411274),
(-0.000728403329554646,-2.91548240056727E-5,-0.00514926772970229),(-0.000728265835392552,
-2.91548240056727E-5,0.00514974016974069),(-0.000728265404701233,-0.00496896728873253,
-0.00514974164962769),(-0.000728265404701233,-0.00496896728873253,0.00514974164962769),
(-0.000728264871081411,-2.91548240056727E-5,-0.00514974324455499),(-0.000728094517960596,
-2.91548240056727E-5,0.00515025241012717),(-0.000728083510998818,-0.00496896728873253,
-0.00515028530864975),(-0.000727820539317943,-0.00496896728873253,-0.00378352227219775),
(-0.000727818020292831,-2.91548240056727E-5,0.00378352654849171),(-0.000727779033713443,
-2.91548240056727E-5,-0.0037835927320612),(-0.000727778911590576,-0.00496896728873253,
-0.00378359293937683),(-0.000727778911590576,-0.00496896728873253,0.00378359293937683),
(-0.000727778798432169,-2.91548240056727E-5,0.00378359315171082),(-0.000727742673672679,
-2.91548240056727E-5,-0.00378366093734511),(-0.000727740339557254,-0.00496896728873253,
0.00378366531715267),(-0.000721602745731747,-0.00496896728873253,-0.00379518209114201),
(-0.000721600411616323,-2.91548240056727E-5,0.00379518647094957),(-0.000721564286856832,
-2.91548240056727E-5,-0.00379525425658385),(-0.000721564173698425,-0.00496896728873253,
-0.00379525446891785),(-0.000721564173698425,-0.00496896728873253,0.00379525446891785),
(-0.000721564069709598,-2.91548240056727E-5,0.00379525468589686),(-0.000721530872252324,
-2.91548240056727E-5,-0.00379532395441119),(-0.000721528727277571,-0.00496896728873253,
0.00379532843003152),(-0.000715888481870836,-0.00496896728873253,-0.00380709714522483),
(-0.000715886336896083,-2.91548240056727E-5,0.00380710162084515),(-0.000715853139438809,
-2.91548240056727E-5,-0.00380717088935948),(-0.000715853035449982,-0.00496896728873253,
-0.0038071711063385),(-0.000715853035449982,-0.00496896728873253,0.0038071711063385),
(-0.000715852940818489,-2.91548240056727E-5,0.00380717132755447),(-0.000715822730602275,
-2.91548240056727E-5,-0.00380724194867714),(-0.000715820778640998,-0.00496896728873253,
0.00380724651169303),(-0.000710688065257776,-0.00496896728873253,-0.00381924503493782),
(-0.000710686113296499,-2.91548240056727E-5,0.00381924959795372),(-0.000710655903080285,
-2.91548240056727E-5,-0.00381932021907639),(-0.000710655808448792,-0.00496896728873253,
-0.00381932044029236),(-0.000710655808448792,-0.00496896728873253,0.00381932044029236),
(-0.000710655723349364,-2.91548240056727E-5,0.0038193206653459),(-0.000710628556155444,
-2.91548240056727E-5,-0.00381939251157695),(-0.000710626800811817,-0.00496896728873253,
0.00381939715375031),(-0.000706011096679639,-0.00496896728873253,-0.00383160382281219),
(-0.000706009341336012,-2.91548240056727E-5,0.00383160846498556),(-0.000705982174142092,
-2.91548240056727E-5,-0.0038316803112166),(-0.000705982089042664,-0.00496896728873253,
-0.00383168053627014),(-0.000705982089042664,-0.00496896728873253,0.00383168053627014),
(-0.000705982013631582,-2.91548240056727E-5,0.00383168076475318),(-0.000705957939351249,
-2.91548240056727E-5,-0.0038317537058209),(-0.000705956383848877,-0.00496896728873253,
0.00383175841873452),(-0.000701866165494233,-0.00496896728873253,-0.00384415110046103),
(-0.000701864609991861,-2.91548240056727E-5,0.00384415581337466),(-0.000701840535711528,
-2.91548240056727E-5,-0.00384422875444237),(-0.000701840460300446,-0.00496896728873253,
-0.00384422898292541),(-0.000701840460300446,-0.00496896728873253,0.00384422898292541),
(-0.000701840394712285,-2.91548240056727E-5,0.00384422921442121),(-0.000701819456307484,
-2.91548240056727E-5,-0.00384430311728215),(-0.000701818103422252,-0.00496896728873253,
0.00384430789233975),(-0.000699140529032615,-0.00496896728873253,0.00523679249973038),
(-0.000699129522070838,-2.91548240056727E-5,-0.00523682539825296),(-0.000698959168950022,
-2.91548240056727E-5,0.00523733456382515),(-0.0006989586353302,-0.00496896728873253,
-0.00523733615875244),(-0.0006989586353302,-0.00496896728873253,0.00523733615875244),
(-0.00069895798864422,-2.91548240056727E-5,-0.00523733786305918),(-0.000698751540213635,
-2.91548240056727E-5,0.00523788194699171),(-0.000698738201039257,-0.00496896728873253,
-0.0052379171016811),(-0.000698260670076284,-0.00496896728873253,-0.00385686398266024),
(-0.000698259317191052,-2.91548240056727E-5,0.00385686875771785),(-0.000698238378786251,
-2.91548240056727E-5,-0.00385694266057879),(-0.00069823831319809,-0.00496896728873253,
-0.00385694289207458),(-0.00069823831319809,-0.00496896728873253,0.00385694289207458),
(-0.000698238257554403,-2.91548240056727E-5,0.00385694312616204),(-0.00069822049382947,
-2.91548240056727E-5,-0.00385701785638689),(-0.000698219346068628,-0.00496896728873253,
0.00385702268490266),(-0.000695201290585273,-0.00496896728873253,-0.00386971934428742),
(-0.000695200142824431,-2.91548240056727E-5,0.00386972417280317),(-0.000695182379099498,
-2.91548240056727E-5,-0.00386979890302802),(-0.000695182323455811,-0.00496896728873253,
-0.00386979913711548),(-0.000695182323455811,-0.00496896728873253,0.00386979913711548),
(-0.000695182277857529,-2.91548240056727E-5,0.00386979937336483),(-0.000695167721033924,
-2.91548240056727E-5,-0.00386987479375254),(-0.000695166780479385,-0.00496896728873253,
0.00386987966686153),(-0.000693490645807318,-0.00496896728873253,-0.00399173448852991),
(-0.000693451214264324,-2.91548240056727E-5,0.00399150748784659),(-0.000692842849750108,
-2.91548240056727E-5,-0.00398800523685788),(-0.000692839026451111,-0.00496896728873253,
-0.00398798322677612),(-0.000692839026451111,-0.00496896728873253,0.00398798322677612),
(-0.000692839026451111,-2.91548240056727E-5,0.00398798322677612),(-0.000692838990253575,
-2.91548240056727E-5,-0.00398798298890753),(-0.000692827434529721,-2.91548240056727E-5,
0.00398790705159061),(-0.000692826687884106,-0.00496896728873253,-0.00398790214508146),
(-0.000692693577281999,-0.00496896728873253,-0.00388269358486271),(-0.00069269263672746,
-2.91548240056727E-5,0.0038826984579717),(-0.000692678079903855,-2.91548240056727E-5,
-0.00388277387835942),(-0.000692678034305573,-0.00496896728873253,-0.00388277411460877),
(-0.000692678034305573,-0.00496896728873253,0.00388277411460877),(-0.000692677998835178,
-2.91548240056727E-5,0.00388277435258589),(-0.000692666675244416,-2.91548240056727E-5,
-0.00388285032454954),(-0.000692665943597528,-0.00496896728873253,0.0038828552332973),
(-0.000690863371300923,-0.00496896728873253,0.00397500040084749),(-0.000690862624655307,
-2.91548240056727E-5,-0.00397499549433835),(-0.000690851068931454,-2.91548240056727E-5,
0.00397491955702143),(-0.000690851032733917,-0.00496896728873253,-0.00397491931915283),
(-0.000690851032733917,-0.00496896728873253,0.00397491931915283),(-0.000690851006726129,
-2.91548240056727E-5,-0.00397491907995585),(-0.000690842703983754,-2.91548240056727E-5,
0.00397484271856295),(-0.000690842167521801,-0.00496896728873253,-0.00397483778465314),
(-0.000690742066408423,-0.00496896728873253,-0.003895762864008),(-0.000690741334761536,
-2.91548240056727E-5,0.00389576777275575),(-0.000690730011170773,-2.91548240056727E-5,
-0.00389584374471941),(-0.000690729975700379,-0.00496896728873253,0.00389584398269653),
(-0.000690729975700378,-0.00496896728873253,-0.00389584398269653),(-0.000690729950425158,
-2.91548240056727E-5,0.00389584422197599),(-0.00069072188154821,-2.91548240056727E-5,
-0.00389592060970041),(-0.000690721360196916,-0.00496896728873253,0.00389592554531156),
(-0.000689431532238636,-0.00496896728873253,0.00396186398994402),(-0.000689430995776683,
-2.91548240056727E-5,-0.00396185905603421),(-0.000689422693034308,-2.91548240056727E-5,
0.00396178269464132),(-0.00068942266702652,-0.00496896728873253,-0.00396178245544433),
(-0.00068942266702652,-0.00496896728873253,0.00396178245544433),(-0.000689422651255147,
-2.91548240056727E-5,-0.00396178221534874),(-0.000689417616392345,-2.91548240056727E-5,
0.00396170556708091),(-0.000689417291076659,-0.00496896728873253,-0.00396170061463536),
(-0.000689350458631667,-0.00496896728873253,-0.00390890381374301),(-0.000689349937280372,
-2.91548240056727E-5,0.00390890874935415),(-0.000689341868403425,-2.91548240056727E-5,
-0.00390898513707857),(-0.000689341843128204,-0.00496896728873253,-0.00390898537635803),
(-0.000689341843128204,-0.00496896728873253,0.00390898537635803),(-0.00068934182809157,
-2.91548240056727E-5,0.00390898561649271),(-0.00068933702778713,-2.91548240056727E-5,
-0.00390906227723335),(-0.000689336717626874,-0.00496896728873253,0.0039090672304848),
(-0.000688561868278505,-0.00496896728873253,0.00394867807989894),(-0.000688561542962819,
-2.91548240056727E-5,-0.00394867312745339),(-0.000688556508100017,-2.91548240056727E-5,
0.00394859647918556),(-0.000688556492328644,-0.00496896728873253,-0.00394859623908997),
(-0.000688556492328644,-0.00496896728873253,0.00394859623908997),(-0.000688556486821904,
-2.91548240056727E-5,-0.00394859599854722),(-0.000688554728846824,-2.91548240056727E-5,
0.00394851920753488),(-0.000688554615259445,-0.00496896728873253,-0.00394851424586623),
(-0.000688521146276171,-0.00496896728873253,-0.00392209188435285),(-0.000688520836115916,
-2.91548240056727E-5,0.0039220968376043),(-0.000688516035811475,-2.91548240056727E-5,
-0.00392217349834495),(-0.000688516020774841,-0.00496896728873253,-0.00392217373847961),
(-0.000688516020774841,-0.00496896728873253,0.00392217373847961),(-0.00068851601600501,
-2.91548240056727E-5,0.00392217397903972),(-0.000688514493281227,-2.91548240056727E-5,
-0.00392225077559554),(-0.000688514394894051,-0.00496896728873253,0.00392225573762237),
(-0.000688255935430253,-0.00496896728873253,0.00393546745884568),(-0.000688255821842874,
-2.91548240056727E-5,-0.00393546249717704),(-0.000688255684241844,-0.00496896728873253,
-0.0039353034664792),(-0.000688255585854668,-2.91548240056727E-5,0.00393530842850602),
(-0.000688254063867794,-2.91548240056727E-5,0.00393538570616469),(-0.000688254063130885,
-2.91548240056727E-5,-0.00393538522506185),(-0.000688254058361054,-0.00496896728873253,
-0.00393538546562195),(-0.000688254058361054,-0.00496896728873253,0.00393538546562195),
(-0.000663662628752766,-0.00496896728873253,0.00533035691946758),(-0.000663649289578388,
-2.91548240056727E-5,-0.00533039207415697),(-0.000663442841147802,-2.91548240056727E-5,
0.00533093615808951),(-0.000663442194461823,-0.00496896728873253,-0.00533093786239624),
(-0.000663442194461823,-0.00496896728873253,0.00533093786239624),(-0.000663441424860717,
-2.91548240056727E-5,-0.00533093966970094),(-0.000663195736929615,-2.91548240056727E-5,
0.0053315166347661),(-0.000663179862388228,-0.00496896728873253,-0.00533155391399168),
(-0.000621437502018358,-0.00496896728873253,0.00542958023365236),(-0.000621421627476971,
-2.91548240056727E-5,-0.00542961751287794),(-0.000621175939545869,-2.91548240056727E-5,
0.0054301944779431),(-0.000621175169944763,-0.00496896728873253,-0.0054301962852478),
(-0.000621175169944763,-0.00496896728873253,0.0054301962852478),(-0.000621174267910576,
-2.91548240056727E-5,-0.00543019818849176),(-0.000620886301960737,-2.91548240056727E-5,
0.00543080578126624),(-0.000620867695725712,-0.00496896728873253,-0.00543084503942842),
(-0.000571942303263393,-0.00496896728873253,0.00553407500451689),(-0.000571923697028369,
-2.91548240056727E-5,-0.00553411426267907),(-0.00057163573107853,-2.91548240056727E-5,
0.00553472185545355),(-0.000571634829044342,-0.00496896728873253,-0.00553472375869751),
(-0.000571634829044342,-0.00496896728873253,0.00553472375869751),(-0.000571633785438966,
-2.91548240056727E-5,-0.00553472575016218),(-0.000571300624215725,-2.91548240056727E-5,
0.00553536150657053),(-0.000571279097795591,-0.00496896728873253,-0.00553540258445894),
(-0.000514675031900301,-0.00496896728873253,0.00564341754875029),(-0.000514653505480167,
-2.91548240056727E-5,-0.0056434586266387),(-0.000514320344256926,-2.91548240056727E-5,
0.00564409438304705),(-0.00051431930065155,-0.00496896728873253,-0.00564409637451172),
(-0.00051431930065155,-0.00496896728873253,0.00564409637451172),(-0.000514318106726497,
-2.91548240056727E-5,-0.00564409844589683),(-0.00051393695735695,-2.91548240056727E-5,
0.00564475971615715),(-0.000513912330296865,-0.00496896728873253,-0.00564480244256242),
(-0.000449155082079539,-0.00496896728873253,0.00575715220831649),(-0.000449130455019453,
-2.91548240056727E-5,-0.00575719493472176),(-0.000448749305649907,-2.91548240056727E-5,
0.00575785620498208),(-0.000448748111724853,-0.00496896728873253,-0.00575785827636719),
(-0.000448748111724853,-0.00496896728873253,0.00575785827636719),(-0.000448746758900939,
-2.91548240056727E-5,-0.00575786041904256),(-0.00044831488256108,-2.91548240056727E-5,
0.00575854444804687),(-0.000448286977898445,-0.00496896728873253,-0.00575858864495426),
(-0.000374911221373711,-0.00496896728873253,0.00587480511954159),(-0.000374883316711076,
-2.91548240056727E-5,-0.00587484931644898),(-0.000374451440371217,-2.91548240056727E-5,
0.00587553334545329),(-0.000374450087547302,-0.00496896728873253,-0.00587553548812866),
(-0.000374450087547302,-0.00496896728873253,0.00587553548812866),(-0.000374448616333362,
-2.91548240056727E-5,-0.0058755376234675),(-0.000373978945088392,-2.91548240056727E-5,
0.00587621931035286),(-0.000373948598397845,-0.00496896728873253,-0.00587626335592981),
(-0.000294151490436918,-0.00496896728873253,0.00599208190469032),(-0.000294121143746371,
-2.91548240056727E-5,-0.00599212595026726),(-0.000293651472501401,-2.91548240056727E-5,
0.00599280763715263),(-0.00029365000128746,-0.00496896728873253,-0.00599280977249146),
(-0.00029365000128746,-0.00496896728873253,0.00599280977249146),(-0.000293646437386687,
-2.91548240056727E-5,-0.00599280988886014),(-0.000292508695507858,-2.91548240056727E-5,
0.00599284703846991),(-0.000292435183022071,-0.00496896728873253,-0.00599284943880359),
(-9.91329263710488E-5,-0.00496896728873253,0.00599916115461072),(-9.9059413885262E-5,
-2.91548240056727E-5,-0.00599916355494441),(-9.79216720064329E-5,-2.91548240056727E-5,
0.00599920070455417),(-9.79181081056595E-5,-0.00496896728873253,-0.00599920082092285),
(-9.79181081056595E-5,-0.00496896728873253,0.00599920082092285),(-9.79145423053647E-5,
-2.91548240056727E-5,-0.00599920082092285),(-9.67761940221439E-5,-2.91548240056727E-5,
0.00599920082092285),(-9.67026423549795E-5,-0.00496896728873253,-0.00599920082092285),
(9.67026423549795E-5,-0.00496896728873253,0.00599920082092285),(9.67761940221439E-5,
-2.91548240056727E-5,-0.00599920082092285),(9.79145423053647E-5,-2.91548240056727E-5,
0.00599920082092285),(9.79181081056595E-5,-0.00496896728873253,-0.00599920082092285),
(9.79181081056595E-5,-0.00496896728873253,0.00599920082092285),(9.79216720064329E-5,
-2.91548240056727E-5,-0.00599920070455417),(9.9059413885262E-5,-2.91548240056727E-5,
0.00599916355494441),(9.91329263710488E-5,-0.00496896728873253,-0.00599916115461072),
(0.000292435183022071,-0.00496896728873253,0.00599284943880359),(0.000292508695507858,
-2.91548240056727E-5,-0.00599284703846991),(0.000293646437386687,-2.91548240056727E-5,
0.00599280988886014),(0.00029365000128746,-0.00496896728873253,-0.00599280977249146),
(0.00029365000128746,-0.00496896728873253,0.00599280977249146),(0.000293651472501401,
-2.91548240056727E-5,-0.00599280763715263),(0.000294121143746371,-2.91548240056727E-5,
0.00599212595026726),(0.000294151490436918,-0.00496896728873253,-0.00599208190469032),
(0.000373948598397845,-0.00496896728873253,0.00587626335592981),(0.000373978945088392,
-2.91548240056727E-5,-0.00587621931035286),(0.000374448616333362,-2.91548240056727E-5,
0.0058755376234675),(0.000374450087547302,-0.00496896728873253,-0.00587553548812866),
(0.000374450087547302,-0.00496896728873253,0.00587553548812866),(0.000374451440371217,
-2.91548240056727E-5,-0.00587553334545329),(0.000374883316711076,-2.91548240056727E-5,
0.00587484931644898),(0.000374911221373711,-0.00496896728873253,-0.00587480511954159),
(0.000448286977898445,-0.00496896728873253,0.00575858864495426),(0.00044831488256108,
-2.91548240056727E-5,-0.00575854444804687),(0.000448746758900939,-2.91548240056727E-5,
0.00575786041904256),(0.000448748111724853,-0.00496896728873253,-0.00575785827636719),
(0.000448748111724853,-0.00496896728873253,0.00575785827636719),(0.000448749305649907,
-2.91548240056727E-5,-0.00575785620498208),(0.000449130455019453,-2.91548240056727E-5,
0.00575719493472176),(0.000449155082079539,-0.00496896728873253,-0.00575715220831649),
(0.000513912330296865,-0.00496896728873253,0.00564480244256242),(0.00051393695735695,
-2.91548240056727E-5,-0.00564475971615715),(0.000514318106726497,-2.91548240056727E-5,
0.00564409844589683),(0.00051431930065155,-0.00496896728873253,-0.00564409637451172),
(0.00051431930065155,-0.00496896728873253,0.00564409637451172),(0.000514320344256926,
-2.91548240056727E-5,-0.00564409438304705),(0.000514653505480167,-2.91548240056727E-5,
0.0056434586266387),(0.000514675031900301,-0.00496896728873253,-0.00564341754875029),
(0.000571279097795591,-0.00496896728873253,0.00553540258445894),(0.000571300624215725,
-2.91548240056727E-5,-0.00553536150657053),(0.000571633785438966,-2.91548240056727E-5,
0.00553472575016218),(0.000571634829044342,-0.00496896728873253,-0.00553472375869751),
(0.000571634829044342,-0.00496896728873253,0.00553472375869751),(0.00057163573107853,
-2.91548240056727E-5,-0.00553472185545355),(0.000571923697028369,-2.91548240056727E-5,
0.00553411426267907),(0.000571942303263393,-0.00496896728873253,-0.00553407500451689),
(0.000620867695725712,-0.00496896728873253,0.00543084503942842),(0.000620886301960737,
-2.91548240056727E-5,-0.00543080578126624),(0.000621174267910576,-2.91548240056727E-5,
0.00543019818849176),(0.000621175169944763,-0.00496896728873253,-0.0054301962852478),
(0.000621175169944763,-0.00496896728873253,0.0054301962852478),(0.000621175939545869,
-2.91548240056727E-5,-0.0054301944779431),(0.000621421627476971,-2.91548240056727E-5,
0.00542961751287794),(0.000621437502018358,-0.00496896728873253,-0.00542958023365236),
(0.000663179862388228,-0.00496896728873253,0.00533155391399168),(0.000663195736929615,
-2.91548240056727E-5,-0.0053315166347661),(0.000663441424860717,-2.91548240056727E-5,
0.00533093966970094),(0.000663442194461823,-0.00496896728873253,-0.00533093786239624),
(0.000663442194461823,-0.00496896728873253,0.00533093786239624),(0.000663442841147802,
-2.91548240056727E-5,-0.00533093615808951),(0.000663649289578388,-2.91548240056727E-5,
0.00533039207415697),(0.000663662628752766,-0.00496896728873253,-0.00533035691946758),
(0.000688254058361054,-0.00496896728873253,-0.00393538546562195),(0.000688254058361054,
-0.00496896728873253,0.00393538546562195),(0.000688254063130885,-2.91548240056727E-5,
0.00393538522506185),(0.000688254063867794,-2.91548240056727E-5,-0.00393538570616469),
(0.000688255585854668,-2.91548240056727E-5,-0.00393530842850602),(0.000688255684241844,
-0.00496896728873253,0.0039353034664792),(0.000688255821842874,-2.91548240056727E-5,
0.00393546249717704),(0.000688255935430253,-0.00496896728873253,-0.00393546745884568),
(0.000688514394894051,-0.00496896728873253,-0.00392225573762237),(0.000688514493281227,
-2.91548240056727E-5,0.00392225077559554),(0.00068851601600501,-2.91548240056727E-5,
-0.00392217397903972),(0.000688516020774841,-0.00496896728873253,-0.00392217373847961),
(0.000688516020774841,-0.00496896728873253,0.00392217373847961),(0.000688516035811475,
-2.91548240056727E-5,0.00392217349834495),(0.000688520836115916,-2.91548240056727E-5,
-0.0039220968376043),(0.000688521146276171,-0.00496896728873253,0.00392209188435285),
(0.000688554615259445,-0.00496896728873253,0.00394851424586623),(0.000688554728846824,
-2.91548240056727E-5,-0.00394851920753488),(0.000688556486821904,-2.91548240056727E-5,
0.00394859599854722),(0.000688556492328644,-0.00496896728873253,-0.00394859623908997),
(0.000688556492328644,-0.00496896728873253,0.00394859623908997),(0.000688556508100017,
-2.91548240056727E-5,-0.00394859647918556),(0.000688561542962819,-2.91548240056727E-5,
0.00394867312745339),(0.000688561868278505,-0.00496896728873253,-0.00394867807989894),
(0.000689336717626874,-0.00496896728873253,-0.0039090672304848),(0.00068933702778713,
-2.91548240056727E-5,0.00390906227723335),(0.00068934182809157,-2.91548240056727E-5,
-0.00390898561649271),(0.000689341843128204,-0.00496896728873253,-0.00390898537635803),
(0.000689341843128204,-0.00496896728873253,0.00390898537635803),(0.000689341868403425,
-2.91548240056727E-5,0.00390898513707857),(0.000689349937280372,-2.91548240056727E-5,
-0.00390890874935415),(0.000689350458631667,-0.00496896728873253,0.00390890381374301),
(0.000689417291076659,-0.00496896728873253,0.00396170061463536),(0.000689417616392345,
-2.91548240056727E-5,-0.00396170556708091),(0.000689422651255147,-2.91548240056727E-5,
0.00396178221534874),(0.00068942266702652,-0.00496896728873253,-0.00396178245544433),
(0.00068942266702652,-0.00496896728873253,0.00396178245544433),(0.000689422693034308,
-2.91548240056727E-5,-0.00396178269464132),(0.000689430995776683,-2.91548240056727E-5,
0.00396185905603421),(0.000689431532238636,-0.00496896728873253,-0.00396186398994402),
(0.000690721360196915,-0.00496896728873253,-0.00389592554531157),(0.00069072188154821,
-2.91548240056727E-5,0.00389592060970041),(0.000690729950425158,-2.91548240056727E-5,
-0.003895844221976),(0.000690729975700378,-0.00496896728873253,-0.00389584398269653),
(0.000690729975700378,-0.00496896728873253,0.00389584398269653),(0.000690730011170773,
-2.91548240056727E-5,0.00389584374471941),(0.000690741334761535,-2.91548240056727E-5,
-0.00389576777275576),(0.000690742066408423,-0.00496896728873253,0.003895762864008),
(0.000690842167521801,-0.00496896728873253,0.00397483778465314),(0.000690842703983754,
-2.91548240056727E-5,-0.00397484271856295),(0.000690851006726129,-2.91548240056727E-5,
0.00397491907995585),(0.000690851032733917,-0.00496896728873253,-0.00397491931915283),
(0.000690851032733917,-0.00496896728873253,0.00397491931915283),(0.000690851068931454,
-2.91548240056727E-5,-0.00397491955702143),(0.000690862624655307,-2.91548240056727E-5,
0.00397499549433835),(0.000690863371300923,-0.00496896728873253,-0.00397500040084749),
(0.000692665943597528,-0.00496896728873253,-0.0038828552332973),(0.000692666675244416,
-2.91548240056727E-5,0.00388285032454954),(0.000692677998835178,-2.91548240056727E-5,
-0.00388277435258589),(0.000692678034305573,-0.00496896728873253,-0.00388277411460877),
(0.000692678034305573,-0.00496896728873253,0.00388277411460877),(0.000692678079903855,
-2.91548240056727E-5,0.00388277387835942),(0.00069269263672746,-2.91548240056727E-5,
-0.0038826984579717),(0.000692693577281999,-0.00496896728873253,0.00388269358486271),
(0.000692826687884106,-0.00496896728873253,0.00398790214508146),(0.000692827434529721,
-2.91548240056727E-5,-0.00398790705159061),(0.000692838990253575,-2.91548240056727E-5,
0.00398798298890753),(0.000692839026451111,-0.00496896728873253,-0.00398798322677612),
(0.000692839026451111,-0.00496896728873253,0.00398798322677612),(0.000692839026451111,
-2.91548240056727E-5,-0.00398798322677612),(0.000692842849750108,-2.91548240056727E-5,
0.00398800523685788),(0.000693451214264324,-2.91548240056727E-5,-0.00399150748784659),
(0.000693490645807318,-0.00496896728873253,0.00399173448852991),(0.000695166780479385,
-0.00496896728873253,-0.00386987966686153),(0.000695167721033924,-2.91548240056727E-5,
0.00386987479375254),(0.000695182277857529,-2.91548240056727E-5,-0.00386979937336483),
(0.000695182323455811,-0.00496896728873253,-0.00386979913711548),(0.000695182323455811,
-0.00496896728873253,0.00386979913711548),(0.000695182379099498,-2.91548240056727E-5,
0.00386979890302802),(0.000695200142824431,-2.91548240056727E-5,-0.00386972417280317),
(0.000695201290585273,-0.00496896728873253,0.00386971934428742),(0.000698219346068628,
-0.00496896728873253,-0.00385702268490266),(0.00069822049382947,-2.91548240056727E-5,
0.00385701785638689),(0.000698238257554403,-2.91548240056727E-5,-0.00385694312616204),
(0.000698238313198089,-0.00496896728873253,0.00385694289207458),(0.00069823831319809,
-0.00496896728873253,-0.00385694289207458),(0.000698238378786251,-2.91548240056727E-5,
0.00385694266057879),(0.000698259317191052,-2.91548240056727E-5,-0.00385686875771785),
(0.000698260670076283,-0.00496896728873253,0.00385686398266024),(0.000698738201039257,
-0.00496896728873253,0.0052379171016811),(0.000698751540213635,-2.91548240056727E-5,
-0.00523788194699171),(0.00069895798864422,-2.91548240056727E-5,0.00523733786305918),
(0.0006989586353302,-0.00496896728873253,-0.00523733615875244),(0.0006989586353302,
-0.00496896728873253,0.00523733615875244),(0.000698959168950022,-2.91548240056727E-5,
-0.00523733456382515),(0.000699129522070838,-2.91548240056727E-5,0.00523682539825296),
(0.000699140529032615,-0.00496896728873253,-0.00523679249973038),(0.000701818103422252,
-0.00496896728873253,-0.00384430789233975),(0.000701819456307484,-2.91548240056727E-5,
0.00384430311728215),(0.000701840394712285,-2.91548240056727E-5,-0.00384422921442121),
(0.000701840460300446,-0.00496896728873253,-0.00384422898292541),(0.000701840460300446,
-0.00496896728873253,0.00384422898292541),(0.000701840535711528,-2.91548240056727E-5,
0.00384422875444237),(0.000701864609991861,-2.91548240056727E-5,-0.00384415581337466),
(0.000701866165494233,-0.00496896728873253,0.00384415110046103),(0.000705956383848877,
-0.00496896728873253,-0.00383175841873452),(0.000705957939351249,-2.91548240056727E-5,
0.0038317537058209),(0.000705982013631582,-2.91548240056727E-5,-0.00383168076475318),
(0.000705982089042664,-0.00496896728873253,-0.00383168053627014),(0.000705982089042664,
-0.00496896728873253,0.00383168053627014),(0.000705982174142092,-2.91548240056727E-5,
0.0038316803112166),(0.000706009341336012,-2.91548240056727E-5,-0.00383160846498556),
(0.000706011096679639,-0.00496896728873253,0.00383160382281219),(0.000710626800811817,
-0.00496896728873253,-0.00381939715375031),(0.000710628556155444,-2.91548240056727E-5,
0.00381939251157695),(0.000710655723349364,-2.91548240056727E-5,-0.0038193206653459),
(0.000710655808448792,-0.00496896728873253,-0.00381932044029236),(0.000710655808448792,
-0.00496896728873253,0.00381932044029236),(0.000710655903080285,-2.91548240056727E-5,
0.00381932021907639),(0.000710686113296499,-2.91548240056727E-5,-0.00381924959795372),
(0.000710688065257776,-0.00496896728873253,0.00381924503493782),(0.000715820778640998,
-0.00496896728873253,-0.00380724651169303),(0.000715822730602275,-2.91548240056727E-5,
0.00380724194867714),(0.000715852940818489,-2.91548240056727E-5,-0.00380717132755447),
(0.000715853035449982,-0.00496896728873253,-0.0038071711063385),(0.000715853035449982,
-0.00496896728873253,0.0038071711063385),(0.000715853139438809,-2.91548240056727E-5,
0.00380717088935948),(0.000715886336896083,-2.91548240056727E-5,-0.00380710162084515),
(0.000715888481870836,-0.00496896728873253,0.00380709714522483),(0.000721528727277571,
-0.00496896728873253,-0.00379532843003152),(0.000721530872252324,-2.91548240056727E-5,
0.00379532395441119),(0.000721564069709598,-2.91548240056727E-5,-0.00379525468589686),
(0.000721564173698425,-0.00496896728873253,-0.00379525446891785),(0.000721564173698425,
-0.00496896728873253,0.00379525446891785),(0.000721564286856832,-2.91548240056727E-5,
0.00379525425658385),(0.000721600411616323,-2.91548240056727E-5,-0.00379518647094957),
(0.000721602745731747,-0.00496896728873253,0.00379518209114201),(0.000727740339557254,
-0.00496896728873253,-0.00378366531715267),(0.000727742673672679,-2.91548240056727E-5,
0.00378366093734511),(0.000727778798432169,-2.91548240056727E-5,-0.00378359315171082),
(0.000727778911590576,-0.00496896728873253,-0.00378359293937683),(0.000727778911590576,
-0.00496896728873253,0.00378359293937683),(0.000727779033713443,-2.91548240056727E-5,
0.0037835927320612),(0.000727818020292831,-2.91548240056727E-5,-0.00378352654849171),
(0.000727820539317943,-0.00496896728873253,0.00378352227219775),(0.000728083510998818,
-0.00496896728873253,0.00515028530864975),(0.000728094517960596,-2.91548240056727E-5,
-0.00515025241012717),(0.000728264871081411,-2.91548240056727E-5,0.00514974324455499),
(0.000728265404701233,-0.00496896728873253,-0.00514974164962769),(0.000728265404701233,
-0.00496896728873253,0.00514974164962769),(0.000728265835392552,-2.91548240056727E-5,
-0.00514974016974069),(0.000728403329554646,-2.91548240056727E-5,0.00514926772970229),
(0.000728412213412948,-0.00496896728873253,-0.00514923720411274),(0.000734444356121205,
-0.00496896728873253,-0.00377227768889233),(0.000734446875146317,-2.91548240056727E-5,
0.00377227341259838),(0.000734485861725705,-2.91548240056727E-5,-0.00377220722902888),
(0.000734485983848572,-0.00496896728873253,-0.00377220702171325),(0.000734485983848572,
-0.00496896728873253,0.00377220702171325),(0.000734486114711246,-2.91548240056727E-5,
0.00377220681980669),(0.000734527891391799,-2.91548240056727E-5,-0.00377214236303021),
(0.000734530590692662,-0.00496896728873253,0.00377213819830889),(0.000741628445466854,
-0.00496896728873253,-0.00376118699700361),(0.000741631144767717,-2.91548240056727E-5,
0.00376118283228228),(0.00074167292144827,-2.91548240056727E-5,-0.00376111837550581),
(0.000741673052310944,-0.00496896728873253,-0.00376111817359925),(0.000741673052310944,
-0.00496896728873253,0.00376111817359925),(0.000741673191674661,-2.91548240056727E-5,
0.00376111797746206),(0.000741717682233575,-2.91548240056727E-5,-0.00376105536250576),
(0.000741720556885234,-0.00496896728873253,0.00376105131678926),(0.000749279499381551,
-0.00496896728873253,-0.00375041304058684),(0.00074928237403321,-2.91548240056727E-5,
0.00375040899487035),(0.000749326864592124,-2.91548240056727E-5,-0.00375034637991404),
(0.000749327003955841,-0.00496896728873253,-0.00375034618377686),(0.000749327003955841,
-0.00496896728873253,0.00375034618377686),(0.00074932715156773,-2.91548240056727E-5,
0.00375034599376936),(0.000749374275278123,-2.91548240056727E-5,-0.00375028533566036),
(0.000749377320064603,-0.00496896728873253,0.00375028141638091),(0.000751772460850053,
-0.00496896728873253,0.00506896967836407),(0.000751781344708355,-2.91548240056727E-5,
-0.00506893915277452),(0.000751918838870449,-2.91548240056727E-5,0.00506846671273612),
(0.000751919269561768,-0.00496896728873253,-0.00506846523284912),(0.000751919269561768,
-0.00496896728873253,0.00506846523284912),(0.000751919607710769,-2.91548240056727E-5,
-0.00506846387291659),(0.000752027558606201,-2.91548240056727E-5,0.00506802972721591),
(0.000752034533596586,-0.00496896728873253,-0.00506800167592392),(0.00075738363479227,
-0.00496896728873253,-0.00373997560838411),(0.00075738667957875,-2.91548240056727E-5,
0.00373997168910465),(0.000757433803289143,-2.91548240056727E-5,-0.00373991103099566),
(0.000757433950901032,-0.00496896728873253,-0.00373991084098816),(0.000757433950901032,
-0.00496896728873253,0.00373991084098816),(0.000757434106489771,-2.91548240056727E-5,
0.00373991065745766),(0.000757483776734819,-2.91548240056727E-5,-0.0037398520670655),
(0.000757486986059579,-0.00496896728873253,0.00373984828138665),(0.000765925956826774,
-0.00496896728873253,-0.00372989377832099),(0.000765929166151534,-2.91548240056727E-5,
0.00372988999264214),(0.000765978836396582,-2.91548240056727E-5,-0.00372983140224998),
(0.000765978991985321,-0.00496896728873253,-0.00372983121871948),(0.000765978991985321,
-0.00496896728873253,0.00372983121871948),(0.000765979155268737,-2.91548240056727E-5,
0.00372983104199588),(0.00076603128196694,-2.91548240056727E-5,-0.00372977462464664),
(0.00076603465000958,-0.00496896728873253,0.00372977097937379),(0.000770375382327487,
-0.00496896728873253,0.00499424035517349),(0.000770382357317873,-2.91548240056727E-5,
-0.0049942123038815),(0.000770490308213304,-2.91548240056727E-5,0.00499377815818083),
(0.000770490646362305,-0.00496896728873253,-0.00499377679824829),(0.000770490646362305,
-0.00496896728873253,0.00499377679824829),(0.000770490902545098,-2.91548240056727E-5,
-0.00499377556242904),(0.000770572686497705,-2.91548240056727E-5,0.00499338103872878),
(0.000770577970773309,-0.00496896728873253,-0.00499335554751812),(0.000774890971976809,
-0.00496896728873253,-0.00372018567612853),(0.000774894340019449,-2.91548240056727E-5,
0.00372018203085568),(0.000774946466717653,-2.91548240056727E-5,-0.00372012561350643),
(0.000774946630001068,-0.00496896728873253,-0.00372012543678284),(0.000774946630001068,
-0.00496896728873253,0.00372012543678284),(0.000774946800682877,-2.91548240056727E-5,
0.00372012526719174),(0.000775001289248664,-2.91548240056727E-5,-0.00372007112682559),
(0.00077500480989776,-0.00496896728873253,0.00372006762867459),(0.000784262412983557,
-0.00496896728873253,-0.0037108691846799),(0.000784265933632653,-2.91548240056727E-5,
0.0037108656865289),(0.00078432042219844,-2.91548240056727E-5,-0.00371081154616275),
(0.000784320592880249,-0.00496896728873253,-0.00371081137657165),(0.000784320592880249,
-0.00496896728873253,0.00371081137657165),(0.000784320770645718,-2.91548240056727E-5,
0.00371081121442996),(0.000784377520603571,-2.91548240056727E-5,-0.00371075945221536),
(0.000784381187367139,-0.00496896728873253,0.00371075610772296),(0.000784473057955176,
-0.00496896728873253,0.00492632600155415),(0.00078447834223078,-2.91548240056727E-5,
-0.00492630051034349),(0.000784560126183387,-2.91548240056727E-5,0.00492590598664323),
(0.00078456038236618,-0.00496896728873253,-0.00492590475082398),(0.00078456038236618,
-0.00496896728873253,0.00492590475082398),(0.000784560567299962,-2.91548240056727E-5,
-0.004925903642452),(0.000784619605674331,-2.91548240056727E-5,0.00492554980509971),
(0.000784623420298489,-0.00496896728873253,-0.00492552694274067),(0.00079402300078899,
-0.00496896728873253,-0.00370196171149091),(0.000794026667552557,-2.91548240056727E-5,
0.00370195836699851),(0.00079408341751041,-2.91548240056727E-5,-0.0037019066047839),
(0.000794083595275879,-0.00496896728873253,-0.00370190644264221),(0.000794083595275879,
-0.00496896728873253,0.00370190644264221),(0.000794083779802679,-2.91548240056727E-5,
0.00370190628823643),(0.00079414268825181,-2.91548240056727E-5,-0.00370185699564074),
(0.000794146494481158,-0.00496896728873253,0.00370185381071689),(0.000794654035508243,
-0.00496896728873253,0.00486541000412823),(0.000794657850132401,-2.91548240056727E-5,
-0.00486538714176919),(0.000794716888506771,-2.91548240056727E-5,0.0048650333044169),
(0.000794717073440552,-0.00496896728873253,-0.00486503219604492),(0.000794717073440552,
-0.00496896728873253,0.00486503219604492),(0.000794717197933684,-2.91548240056727E-5,
-0.00486503121743839),(0.000794756941197654,-2.91548240056727E-5,0.00486471880648821),
(0.00079475950911414,-0.00496896728873253,-0.00486469862079762),(0.000797176518518396,
-0.00496896728873253,-0.00458863641448522),(0.00079721595006139,-2.91548240056727E-5,
0.00458886341516854),(0.000797824314575607,-2.91548240056727E-5,-0.00459236566615726),
(0.000797828137874603,-0.00496896728873253,-0.00459238767623901),(0.000797828137874603,
-0.00496896728873253,0.00459238767623901),(0.000797828137874603,-2.91548240056727E-5,
-0.00459238767623901),(0.000797828256821924,-2.91548240056727E-5,0.00459238837747254),
(0.000797866229637992,-2.91548240056727E-5,-0.00459261223969608),(0.000797868683161198,
-0.00496896728873253,0.00459262670402128),(0.000801511886569149,-0.00496896728873253,
0.00481162002467967),(0.000801514454485635,-2.91548240056727E-5,-0.00481159983898908),
(0.000801554197749606,-2.91548240056727E-5,0.0048112874280389),(0.000801554322242737,
-0.00496896728873253,-0.00481128644943237),(0.000801554322242737,-0.00496896728873253,
0.00481128644943237),(0.000801554396888693,-2.91548240056727E-5,-0.00481128560490639),
(0.000801578226909579,-2.91548240056727E-5,0.00481101599791231),(0.000801579766629708,
-0.00496896728873253,-0.00481099857789755),(0.000804155035403181,-0.00496896728873253,
-0.00369347900254604),(0.000804158841632529,-2.91548240056727E-5,0.0036934758176222),
(0.000804217750081661,-2.91548240056727E-5,-0.00369342652502651),(0.00080421793460846,
-0.00496896728873253,-0.00369342637062073),(0.00080421793460846,-0.00496896728873253,
0.00369342637062073),(0.000804218125559066,-2.91548240056727E-5,0.0036934262242287),
(0.000804279084748146,-2.91548240056727E-5,-0.00369337948994755),(0.000804283023481178,
-0.00496896728873253,0.00369337647032312),(0.000804320261655391,-0.00496896728873253,
-0.00463066087837618),(0.000804322715178597,-2.91548240056727E-5,0.00463067534270138),
(0.000804360687994665,-2.91548240056727E-5,-0.00463089920492492),(0.000804360806941986,
-0.00496896728873253,-0.00463089990615845),(0.000804360806941986,-0.00496896728873253,
0.00463089990615845),(0.00080436083821124,-2.91548240056727E-5,0.00463090019046859),
(0.000804370820627084,-2.91548240056727E-5,-0.00463099095381421),(0.000804371465617145,
-0.00496896728873253,0.00463099681827194),(0.000805628485323417,-0.00496896728873253,
0.00476519237058878),(0.000805630025043546,-2.91548240056727E-5,-0.00476517495057403),
(0.000805653855064432,-2.91548240056727E-5,0.00476490534357994),(0.000805653929710388,
-0.00496896728873253,-0.00476490449905396),(0.000805653929710388,-0.00496896728873253,
0.00476490449905396),(0.000805653967211353,-2.91548240056727E-5,-0.00476490373210421),
(0.000805665939042433,-2.91548240056727E-5,0.00476465889059272),(0.000805666712573828,
-0.00496896728873253,-0.00476464307074072),(0.000806067477292097,-0.00496896728873253,
-0.00464641750362748),(0.000806068122282157,-2.91548240056727E-5,0.00464642336808521),
(0.000806078104698001,-2.91548240056727E-5,-0.00464651413143083),(0.000806078135967255,
-0.00496896728873253,-0.00464651441574097),(0.000806078135967255,-0.00496896728873253,
0.00464651441574097),(0.000806078159814239,-2.91548240056727E-5,0.00464651478747306),
(0.00080608577274022,-2.91548240056727E-5,-0.00464663345945261),(0.000806086264631328,
-0.00496896728873253,0.00464664112716035),(0.000807379700162832,-0.00496896728873253,
-0.00466680348725005),(0.000807380192053939,-2.91548240056727E-5,0.00466681115495779),
(0.00080738780497992,-2.91548240056727E-5,-0.00466692982693735),(0.000807387828826904,
-0.00496896728873253,-0.00466693019866943),(0.000807387828826904,-0.00496896728873253,
0.00466693019866943),(0.000807387840474191,-2.91548240056727E-5,0.00466693064093641),
(0.000807391558761253,-2.91548240056727E-5,-0.00466707183051872),(0.000807391799009529,
-0.00496896728873253,0.00466708095314781),(0.000807700725742517,-0.00496896728873253,
0.00472304451699732),(0.000807701499273912,-2.91548240056727E-5,-0.00472302869714532),
(0.000807713471104992,-2.91548240056727E-5,0.00472278385563383),(0.000807713508605957,
-0.00496896728873253,-0.00472278308868408),(0.000807713508605957,-0.00496896728873253,
0.00472278308868408),(0.000807713514323243,-2.91548240056727E-5,-0.00472278251397751),
(0.000807715339512978,-2.91548240056727E-5,0.00472259904429766),(0.000807715457443273,
-0.00496896728873253,-0.00472258718984061),(0.000808023535692009,-0.00496896728873253,
-0.00469106905219276),(0.000808023775940285,-2.91548240056727E-5,0.00469107817482185),
(0.000808025557037319,-0.00496896728873253,0.00469141570551461),(0.000808025674967613,
-2.91548240056727E-5,-0.00469140385105757),(0.000808027494227347,-2.91548240056727E-5,
-0.00469121936440416),(0.000808027500157349,-2.91548240056727E-5,0.00469122038137771),
(0.000808027505874634,-0.00496896728873253,-0.00469121980667114),(0.000808027505874634,
-0.00496896728873253,0.00469121980667114),(0.000814639984960748,-0.00496896728873253,
-0.00368543631959388),(0.00081464392369378,-2.91548240056727E-5,0.00368543329996944),
(0.00081470488288286,-2.91548240056727E-5,-0.00368538656568829),(0.000814705073833466,
-0.00496896728873253,-0.00368538641929626),(0.000814705073833466,-0.00496896728873253,
0.00368538641929626),(0.000814705270861672,-2.91548240056727E-5,0.00368538628119148),
(0.000814768170267631,-2.91548240056727E-5,-0.00368534219253463),(0.000814772234363164,
-0.00496896728873253,0.00368533934385092),(0.000825458838539516,-0.00496896728873253,
-0.00367784868448465),(0.000825462902635049,-2.91548240056727E-5,0.00367784583580094),
(0.000825525802041008,-2.91548240056727E-5,-0.0036778017471441),(0.000825525999069214,
-0.00496896728873253,-0.00367780160903931),(0.000825525999069214,-0.00496896728873253,
0.00367780160903931),(0.00082552620181362,-2.91548240056727E-5,0.00367780147948223),
(0.000825590926062848,-2.91548240056727E-5,-0.00367776011960184),(0.000825595108066288,
-0.00496896728873253,0.00367775744723153),(0.00083659175297192,-0.00496896728873253,
-0.00367073040677238),(0.00083659593497536,-2.91548240056727E-5,0.00367072773440207),
(0.000836660659224588,-2.91548240056727E-5,-0.00367068637452168),(0.000836660861968994,
-0.00496896728873253,-0.0036706862449646),(0.000836660861968994,-0.00496896728873253,
0.0036706862449646),(0.000836661070060603,-2.91548240056727E-5,0.0036706861241723),
(0.000836727501354218,-2.91548240056727E-5,-0.00367064756236182),(0.000836731793654271,
-0.00496896728873253,0.00367064507078214),(0.000848018465268306,-0.00496896728873253,
-0.00366409342218356),(0.000848022757568359,-2.91548240056727E-5,0.00366409093060388),
(0.000848089188861974,-2.91548240056727E-5,-0.00366405236879341),(0.000848089396953583,
-0.00496896728873253,-0.0036640522480011),(0.000848089396953583,-0.00496896728873253,
0.0036640522480011),(0.000848089610013631,-2.91548240056727E-5,0.00366405213620799),
(0.000848157627434544,-2.91548240056727E-5,-0.00366401644730435),(0.000848162022218441,
-0.00496896728873253,0.00366401414135072),(0.000859718176737095,-0.00496896728873253,
-0.00365795059940245),(0.000859722571520992,-2.91548240056727E-5,0.00365794829344882),
(0.000859790588941905,-2.91548240056727E-5,-0.00365791260454519),(0.000859790802001953,
-0.00496896728873253,-0.00365791249275207),(0.000859790802001953,-0.00496896728873253,
0.00365791249275207),(0.000859791019639736,-2.91548240056727E-5,0.00365791239015784),
(0.00085986049845972,-2.91548240056727E-5,-0.00365787963791104),(0.000859864987668443,
-0.00496896728873253,0.00365787752170251),(0.000871669433775496,-0.00496896728873253,
-0.00365231291752173),(0.000871673922984219,-2.91548240056727E-5,0.0036523108013132),
(0.000871743401804203,-2.91548240056727E-5,-0.00365227804906641),(0.000871743619441986,
-0.00496896728873253,-0.00365227794647217),(0.000871743619441986,-0.00496896728873253,
0.00365227794647217),(0.000871743841261375,-2.91548240056727E-5,0.00365227785326348),
(0.000871814655019866,-2.91548240056727E-5,-0.0036522480972659),(0.000871819230482465,
-0.00496896728873253,0.00365224617465288),(0.00088385048253786,-0.00496896728873253,
-0.00364719063297957),(0.000883855058000459,-2.91548240056727E-5,0.00364718871036655),
(0.00088392587175895,-2.91548240056727E-5,-0.00364715895436896),(0.000883926093578339,
-0.00496896728873253,-0.00364715886116028),(0.000883926093578339,-0.00496896728873253,
0.00364715886116028),(0.000883926319176693,-2.91548240056727E-5,0.00364715877750646),
(0.000883998339334322,-2.91548240056727E-5,-0.00364713207180698),(0.000884002992745533,
-0.00496896728873253,0.00364713034628172),(0.000896239211920605,-0.00496896728873253,
-0.00364259305001956),(0.000896243865331816,-2.91548240056727E-5,0.0036425913244943),
(0.000896315885489445,-2.91548240056727E-5,-0.00364256461879482),(0.000896316111087799,
-0.00496896728873253,-0.00364256453514099),(0.000896316111087799,-0.00496896728873253,
0.00364256453514099),(0.000896316340051625,-2.91548240056727E-5,0.0036425644611983),
(0.00089638943460435,-2.91548240056727E-5,-0.00364254085568823),(0.000896394157435045,
-0.00496896728873253,0.00364253933047433),(0.000908812916253462,-0.00496896728873253,
-0.00363852875614982),(0.000908817639084157,-2.91548240056727E-5,0.00363852723093592),
(0.000908890733636882,-2.91548240056727E-5,-0.00363850362542585),(0.000908890962600708,
-0.00496896728873253,-0.00363850355148316),(0.000908890962600708,-0.00496896728873253,
0.00363850355148316),(0.000908891194513255,-2.91548240056727E-5,0.00363850348738618),
(0.000908965230417634,-2.91548240056727E-5,-0.00363848302502745),(0.000908970014071528,
-0.00496896728873253,0.0036384817029008),(0.000921548708462652,-0.00496896728873253,
-0.00363500514974508),(0.000921553492116546,-2.91548240056727E-5,0.00363500382761843),
(0.000921627759933472,-0.00496896728873253,-0.00363498330116272),(0.000921627759933472,
-0.00496896728873253,0.00363498330116272),(0.000921627759933472,-2.91548240056727E-5,
-0.00363498330116272),(0.000921627759933472,-2.91548240056727E-5,0.00363498330116272),
(0.000922322559953641,-2.91548240056727E-5,0.00363479491236897),(0.000922367312619859,
-0.00496896728873253,-0.00363478277808492),(0.00104004516391975,-0.00496896728873253,
0.00360287548416789),(0.00104008991658597,-2.91548240056727E-5,-0.00360286334988383),
(0.00104078254698747,-2.91548240056727E-5,0.00360267554936274),(0.00104078471660614,
-0.00496896728873253,-0.00360267496109009),(0.00104078471660614,-0.00496896728873253,
0.00360267496109009),(0.00104078686568686,-2.91548240056727E-5,-0.0036026743017182),
(0.00104147293954118,-2.91548240056727E-5,0.00360246380343135),(0.00104151726857169,
-0.00496896728873253,-0.00360245020258514),(0.00115808116301553,-0.00496896728873253,
0.00356668656003388),(0.00115812549204604,-2.91548240056727E-5,-0.00356667295918767),
(0.00115881156590036,-2.91548240056727E-5,0.00356646246090082),(0.00115881371498108,
-0.00496896728873253,-0.00356646180152893),(0.00115881371498108,-0.00496896728873253,
0.00356646180152893),(0.00115881584119049,-2.91548240056727E-5,-0.00356646107177844),
(0.00115949461359293,-2.91548240056727E-5,0.00356622810578011),(0.00115953847085749,
-0.00496896728873253,-0.00356621305323616),(0.00127486184919561,-0.00496896728873253,
0.00352663214825615),(0.00127490570646017,-2.91548240056727E-5,-0.0035266170957122),
(0.00127558447886261,-2.91548240056727E-5,0.00352638412971388),(0.00127558660507202,
-0.00496896728873253,-0.00352638339996338),(0.00127558660507202,-0.00496896728873253,
0.00352638339996338),(0.00127558870610714,-2.91548240056727E-5,-0.00352638260061134),
(0.00127625944185409,-2.91548240056727E-5,0.00352612741497214),(0.00127630277984927,
-0.00496896728873253,-0.00352611092675894),(0.0013902607310455,-0.00496896728873253,
0.00348275490652354),(0.00139030406904068,-2.91548240056727E-5,-0.00348273841831033),
(0.00139097690582275,-0.00496896728873253,-0.00348248243331909),(0.00139097690582275,
-0.00496896728873253,0.00348248243331909),(0.00139097690582275,-2.91548240056727E-5,
-0.00348248243331909),(0.00139097690582275,-2.91548240056727E-5,0.00348248243331909),
(0.00139104905565422,-2.91548240056727E-5,-0.00348245538677688),(0.00139105370288685,
-0.00496896728873253,0.00348245364468585),(0.00140327367538616,-0.00496896728873253,
-0.00347787278849591),(0.00140327832261879,-2.91548240056727E-5,0.00347787104640488),
(0.00140335024715144,-2.91548240056727E-5,-0.00347784408431961),(0.00140335047245026,
-0.00496896728873253,-0.00347784399986267),(0.00140335047245026,-0.00496896728873253,
0.00347784399986267),(0.00140335070115036,-2.91548240056727E-5,0.0034778439250995),
(0.00140342371151153,-2.91548240056727E-5,-0.00347782005766015),(0.00140342842890239,
-0.00496896728873253,0.00347781851552231),(0.00141583288358235,-0.00496896728873253,
-0.00347376343943374),(0.00141583760097321,-2.91548240056727E-5,0.00347376189729591),
(0.00141591061133438,-2.91548240056727E-5,-0.00347373802985655),(0.00141591084003448,
-0.00496896728873253,-0.00347373795509338),(0.00141591084003448,-0.00496896728873253,
0.00347373795509338),(0.00141591107171695,-2.91548240056727E-5,0.00347373789016725),
(0.00141598503417026,-2.91548240056727E-5,-0.0034737171631075),(0.00141598981307829,
-0.00496896728873253,0.00347371582387782),(0.00142855602813875,-0.00496896728873253,
-0.0034701942980399),(0.00142856080704678,-2.91548240056727E-5,0.00347019295881023),
(0.00142863476950009,-2.91548240056727E-5,-0.00347017223175048),(0.00142863500118256,
-0.00496896728873253,-0.00347017216682434),(0.00142863500118256,-0.00496896728873253,
0.00347017216682434),(0.00142863523542413,-2.91548240056727E-5,0.00347017211185244),
(0.00142871001484733,-2.91548240056727E-5,-0.00347015456259077),(0.00142871484654193,
-0.00496896728873253,0.00347015342868697),(0.00144141986472364,-0.00496896728873253,
-0.00346717181049456),(0.00144142469641823,-2.91548240056727E-5,0.00346717067659075),
(0.00144149947584144,-2.91548240056727E-5,-0.00346715312732907),(0.00144149971008301,
-0.00496896728873253,-0.00346715307235718),(0.00144149971008301,-0.00496896728873253,
0.00346715307235718),(0.00144149994645825,-2.91548240056727E-5,0.00346715302743069),
(0.00144157540703617,-2.91548240056727E-5,-0.00346713868507035),(0.00144158028274195,
-0.00496896728873253,0.00346713775837284),(0.00145440102905614,-0.00496896728873253,
-0.0034647009924664),(0.00145440590476193,-2.91548240056727E-5,0.00346470006576889),
(0.00145448136533985,-2.91548240056727E-5,-0.00346468572340855),(0.00145448160171509,
-0.00496896728873253,-0.00346468567848205),(0.00145448160171509,-0.00496896728873253,
0.00346468567848205),(0.0014544818397964,-2.91548240056727E-5,0.00346468564369214),
(0.00145455784502091,-2.91548240056727E-5,-0.00346467453733637),(0.00145456275591774,
-0.00496896728873253,0.0034646738197256),(0.0014674760376461,-0.00496896728873253,
-0.00346278685074558),(0.00146748094854293,-2.91548240056727E-5,0.00346278613313482),
(0.00146755695376744,-2.91548240056727E-5,-0.00346277502677906),(0.00146755719184875,
-0.00496896728873253,-0.00346277499198913),(0.00146755719184875,-0.00496896728873253,
0.00346277499198913),(0.00146755719184875,-2.91548240056727E-5,0.00346277499198913),
(0.00146763384040089,-2.91548240056727E-5,-0.00346276711644755),(0.00146763877739999,
-0.00496896728873253,0.00346276660917715),(0.001480620695447,-0.00496896728873253,
-0.00346143273355051),(0.00148062563244609,-2.91548240056727E-5,0.00346143222628011),
(0.00148070204165147,-2.91548240056727E-5,-0.0034614243753311),(0.00148070228099823,
-0.00496896728873253,-0.00346142435073853),(0.00148070228099823,-0.00496896728873253,
0.00346142435073853),(0.00148070252117848,-2.91548240056727E-5,0.0034614243363867),
(0.00148077919647075,-2.91548240056727E-5,-0.00346141975470313),(0.00148078415066242,
-0.00496896728873253,0.00346141945866854),(0.0014938112768507,-0.00496896728873253,
-0.00346064103098599),(0.00149381623104237,-2.91548240056727E-5,0.00346064073495141),
(0.00149389290633464,-2.91548240056727E-5,-0.00346063615326783),(0.00149389314651489,
-0.00496896728873253,-0.00346063613891601),(0.00149389314651489,-0.00496896728873253,
0.00346063613891601),(0.00149389338708802,-2.91548240056727E-5,0.00346063613483534),
(0.00149397018780145,-2.91548240056727E-5,-0.0034606348321183),(0.00149397515009691,
-0.00496896728873253,0.00346063474794633),(0.00150702358533095,-0.00496896728873253,
-0.00346041341642134),(0.00150702854762641,-2.91548240056727E-5,0.00346041333224938),
(0.00150710534833984,-2.91548240056727E-5,-0.00346041202953233),(0.00150710558891296,
-0.00496896728873253,-0.00346041202545166),(0.00150710558891296,-0.00496896728873253,
0.00346041202545166),(0.00150710582944051,-2.91548240056727E-5,0.00346041203164213),
(0.00150718261560232,-2.91548240056727E-5,-0.00346041400789161),(0.00150718757695755,
-0.00496896728873253,0.00346041413558227),(0.00152023353987137,-0.00496896728873253,
-0.00346074990021485),(0.00152023850122661,-2.91548240056727E-5,0.00346075002790551),
(0.00152031528738841,-2.91548240056727E-5,-0.00346075200415499),(0.00152031552791596,
-0.00496896728873253,-0.00346075201034546),(0.00152031552791596,-0.00496896728873253,
0.00346075201034546),(0.00152031576795946,-2.91548240056727E-5,0.00346075202680274),
(0.00152039239959686,-2.91548240056727E-5,-0.00346075728063287),(0.00152039735096786,
-0.00496896728873253,0.00346075762009661),(0.00153341706019547,-0.00496896728873253,
-0.00346165024542769),(0.00153342201156647,-2.91548240056727E-5,0.00346165058489142),
(0.00153349864320386,-2.91548240056727E-5,-0.00346165583872156),(0.00153349888324738,
-0.00496896728873253,-0.00346165585517883),(0.00153349888324738,-0.00496896728873253,
0.00346165585517883),(0.00153349912237056,-2.91548240056727E-5,0.00346165588186818),
(0.00153357546020368,-2.91548240056727E-5,-0.00346166440219202),(0.00153358039259123,
-0.00496896728873253,0.00346166495271249),(0.00154655018449617,-0.00496896728873253,
-0.0034631125550695),(0.00154655511688372,-2.91548240056727E-5,0.00346311310558997),
(0.00154663145471684,-2.91548240056727E-5,-0.0034631216259138),(0.00154663169384003,
-0.00496896728873253,-0.00346312165260315),(0.00154663169384003,-0.00496896728873253,
0.00346312165260315),(0.00154663193160444,-2.91548240056727E-5,0.00346312168948116),
(0.0015467078356605,-2.91548240056727E-5,-0.00346313346244001),(0.00154671274002057,
-0.00496896728873253,0.00346313422312175),(0.00155960883323688,-0.00496896728873253,
-0.00346513444791402),(0.00155961373759695,-2.91548240056727E-5,0.00346513520859576),
(0.00155968964165301,-2.91548240056727E-5,-0.00346514698155461),(0.00155968987941742,
-0.00496896728873253,-0.00346514701843262),(0.00155968987941742,-0.00496896728873253,
0.00346514701843262),(0.0015596901153911,-2.91548240056727E-5,0.0034651470654255),
(0.00155976544777612,-2.91548240056727E-5,-0.00346516206745958),(0.00155977031519903,
-0.00496896728873253,0.00346516303678034),(0.00157256928154932,-0.00496896728873253,
-0.00346771188120368),(0.00157257414897224,-2.91548240056727E-5,0.00346771285052443),
(0.00157264948135725,-2.91548240056727E-5,-0.00346772785255851),(0.00157264971733093,
-0.00496896728873253,-0.00346772789955139),(0.00157264971733093,-0.00496896728873253,
0.00346772789955139),(0.00157264995108196,-2.91548240056727E-5,0.00346772795658098),
(0.00157272457390194,-2.91548240056727E-5,-0.00346774616274466),(0.00157272939547799,
-0.00496896728873253,0.00346774733909263),(0.00158540780678489,-0.00496896728873253,
-0.00347084056488381),(0.00158541262836094,-2.91548240056727E-5,0.00347084174123178),
(0.00158548725118093,-2.91548240056727E-5,-0.00347085994739545),(0.00158548748493195,
-0.00496896728873253,-0.00347086000442505),(0.00158548748493195,-0.00496896728873253,
0.00347086000442505),(0.00158548771603704,-2.91548240056727E-5,0.00347086007138284),
(0.00158556149416975,-2.91548240056727E-5,-0.00347088144702937),(0.00158556626116834,
-0.00496896728873253,0.00347088282816594),(0.0015981011601726,-0.00496896728873253,
-0.00347451454884822),(0.00159810592717119,-2.91548240056727E-5,0.00347451592998478),
(0.0015981797053039,-2.91548240056727E-5,-0.00347453730563132),(0.001598179936409,
-0.00496896728873253,-0.00347453737258911),(0.001598179936409,-0.00496896728873253,
0.00347453737258911),(0.00159818016444273,-2.91548240056727E-5,0.00347453744934486),
(0.00159825296207298,-2.91548240056727E-5,-0.00347456195289818),(0.00159825766571873,
-0.00496896728873253,0.003474563536137),(0.0016106259774316,-0.00496896728873253,
-0.00347872668793831),(0.00161063068107735,-2.91548240056727E-5,0.00347872827117714),
(0.0016107034787076,-2.91548240056727E-5,-0.00347875277473046),(0.00161070370674133,
-0.00496896728873253,-0.0034787528514862),(0.00161070370674133,-0.00496896728873253,
0.0034787528514862),(0.0016107039312913,-2.91548240056727E-5,0.00347875293791402),
(0.00161077561676152,-2.91548240056727E-5,-0.00347878052918391),(0.0016107802485477,
-0.00496896728873253,0.00347878231192821),(0.00162295960435758,-0.00496896728873253,
-0.00348347006653554),(0.00162296423614376,-2.91548240056727E-5,0.00348347184927983),
(0.00162303592161397,-2.91548240056727E-5,-0.00348349944054972),(0.00162303614616394,
-0.00496896728873253,-0.00348349952697754),(0.00162303614616394,-0.00496896728873253,
0.00348349952697754),(0.00162303636681774,-2.91548240056727E-5,0.0034834996229168),
(0.00162310680847034,-2.91548240056727E-5,-0.00348353025062612),(0.00162311135989021,
-0.00496896728873253,0.00348353222956272),(0.00163507939118554,-0.00496896728873253,
-0.00348873587499051),(0.0016350839426054,-2.91548240056727E-5,0.00348873785392711),
(0.00163515438425801,-2.91548240056727E-5,-0.00348876848163642),(0.0016351546049118,
-0.00496896728873253,-0.00348876857757568),(0.0016351546049118,-0.00496896728873253,
0.00348876857757568),(0.00163515482126786,-2.91548240056727E-5,0.00348876868284841),
(0.00163522389090997,-2.91548240056727E-5,-0.0034888022901765),(0.00163522835368063,
-0.00496896728873253,0.00348880446163408),(0.00164696328049753,-0.00496896728873253,
-0.00349451434406051),(0.00164696774326819,-2.91548240056727E-5,0.00349451651551809),
(0.0016470368129103,-2.91548240056727E-5,-0.00349455012284617),(0.00164703702926636,
-0.00496896728873253,-0.00349455022811889),(0.00164703702926636,-0.00496896728873253,
0.00349455022811889),(0.00164703724092965,-2.91548240056727E-5,0.00349455034253406),
(0.00164710481244714,-2.91548240056727E-5,-0.00349458686850269),(0.00164710917842005,
-0.00496896728873253,0.00349458922854129),(0.00165858957398321,-0.00496896728873253,
-0.00350079498776731),(0.00165859393995611,-2.91548240056727E-5,0.0035007973478059),
(0.00165866151147362,-2.91548240056727E-5,-0.00350083387377453),(0.0016586617231369,
-0.00496896728873253,-0.0035008339881897),(0.0016586617231369,-0.00496896728873253,
0.0035008339881897),(0.00165866192972322,-2.91548240056727E-5,0.00350083411153459),
(0.00165872788046669,-2.91548240056727E-5,-0.00350087348823616),(0.00165873214171713,
-0.00496896728873253,0.00350087603246809),(0.00166993716789895,-0.00496896728873253,
-0.00350756613099932),(0.0016699414291494,-2.91548240056727E-5,0.00350756867523125),
(0.00167000737989287,-2.91548240056727E-5,-0.00350760805193281),(0.00167000758647919,
-0.00496896728873253,-0.00350760817527771),(0.00167000758647919,-0.00496896728873253,
0.00350760817527771),(0.00167000778761085,-2.91548240056727E-5,0.00350760830733094),
(0.00167007199700968,-2.91548240056727E-5,-0.00350765046408613),(0.00167007614574729,
-0.00496896728873253,0.00350765318794461),(0.00168098531760873,-0.00496896728873253,
-0.0035148156173685),(0.00168098946634634,-2.91548240056727E-5,0.00351481834122698),
(0.00168105367574516,-2.91548240056727E-5,-0.00351486049798217),(0.00168105387687683,
-0.00496896728873253,-0.0035148606300354),(0.00168105387687683,-0.00496896728873253,
0.0035148606300354),(0.00168105407218703,-2.91548240056727E-5,0.0035148607705582),
(0.00168111642313525,-2.91548240056727E-5,-0.0035149056311442),(0.00168112045179349,
-0.00496896728873253,0.00351490852970427),(0.00169171387304324,-0.00496896728873253,
-0.00352253033977205),(0.00169171790170148,-2.91548240056727E-5,0.00352253323833213),
(0.0016917802526497,-2.91548240056727E-5,-0.00352257809891812),(0.0016917804479599,
-0.00496896728873253,-0.00352257823944092),(0.0016917804479599,-0.00496896728873253,
0.00352257823944092),(0.00169178063708831,-2.91548240056727E-5,0.00352257838816848),
(0.0016918410145588,-2.91548240056727E-5,-0.00352262586804726),(0.00169184491570547,
-0.00496896728873253,0.00352262893584672),(0.00170210304324077,-0.00496896728873253,
-0.00353069576355514),(0.00170210694438744,-2.91548240056727E-5,0.0035306988313546),
(0.00170216732185792,-2.91548240056727E-5,-0.00353074631123337),(0.00170216751098633,
-0.00496896728873253,-0.00353074645996094),(0.00170216751098633,-0.00496896728873253,
0.00353074645996094),(0.00170216769359651,-2.91548240056727E-5,0.00353074661663713),
(0.0017022259901844,-2.91548240056727E-5,-0.00353079663404242),(0.00170222975687978,
-0.00496896728873253,0.00353079986579811),(0.00171213434262278,-0.00496896728873253,
-0.00353929781906212),(0.00171213810931817,-2.91548240056727E-5,0.00353930105081782),
(0.00171219640590605,-2.91548240056727E-5,-0.00353935106822309),(0.00171219658851624,
-0.00496896728873253,-0.00353935122489929),(0.00171219658851624,-0.00496896728873253,
0.00353935122489929),(0.00171219676426958,-2.91548240056727E-5,0.00353935138922458),
(0.00171225287187706,-2.91548240056727E-5,-0.00353940384853139),(0.00171225649713669,
-0.00496896728873253,0.00353940723806475),(0.00172178917527999,-0.00496896728873253,
-0.00354832007020857),(0.00172179280053962,-2.91548240056727E-5,0.00354832345974193),
(0.0017218489081471,-2.91548240056727E-5,-0.00354837591904873),(0.00172184908390045,
-0.00496896728873253,-0.00354837608337402),(0.00172184908390045,-0.00496896728873253,
0.00354837608337402),(0.00172184925247572,-2.91548240056727E-5,0.00354837625505755),
(0.00172190306854847,-2.91548240056727E-5,-0.00354843106341266),(0.00172190654574603,
-0.00496896728873253,0.00354843460472418),(0.00173104989231854,-0.00496896728873253,
-0.00355774653999018),(0.0017310533695161,-2.91548240056727E-5,0.0035577500813017),
(0.00173110718558886,-2.91548240056727E-5,-0.0035578048896568),(0.00173110735416413,
-0.00496896728873253,-0.00355780506134033),(0.00173110735416413,-0.00496896728873253,
0.00355780506134033),(0.00173110751525527,-2.91548240056727E-5,0.00355780524006085),
(0.00173115894208952,-2.91548240056727E-5,-0.00355786229490993),(0.00173116226491212,
-0.00496896728873253,0.00355786598137331),(0.00173989968004943,-0.00496896728873253,
-0.00356755959579038),(0.00173990300287203,-2.91548240056727E-5,0.00356756328225377),
(0.00173995442970629,-2.91548240056727E-5,-0.00356762033710284),(0.00173995459079743,
-0.00496896728873253,-0.00356762051582337),(0.00173995459079743,-0.00496896728873253,
0.00356762051582337),(0.00173995474411357,-2.91548240056727E-5,0.00356762070125964),
(0.00174000368885609,-2.91548240056727E-5,-0.00356767990004837),(0.00174000685130424,
-0.00496896728873253,0.00356768372503732),(0.00174832255924874,-0.00496896728873253,
-0.00357774159463432),(0.00174832572169688,-2.91548240056727E-5,0.00357774541962326),
(0.0017483746664394,-2.91548240056727E-5,-0.003577804618412),(0.00174837481975555,
-0.00496896728873253,-0.00357780480384826),(0.00174837481975555,-0.00496896728873253,
0.00357780480384826),(0.00174837496501238,-2.91548240056727E-5,0.00357780499566168),
(0.00174842133688873,-2.91548240056727E-5,-0.00357786623029225),(0.00174842433309724,
-0.00496896728873253,0.00357787018682228),(0.0017563029112799,-0.00496896728873253,
-0.00358827394579185),(0.00175630590748841,-2.91548240056727E-5,0.00358827790232188),
(0.00175635227936476,-2.91548240056727E-5,-0.00358833913695246),(0.00175635242462158,
-0.00496896728873253,-0.00358833932876587),(0.00175635242462158,-0.00496896728873253,
0.00358833932876587),(0.00175635256155426,-2.91548240056727E-5,0.00358833952660478),
(0.00175639627602642,-2.91548240056727E-5,-0.00358840268482181),(0.00175639910053308,
-0.00496896728873253,0.00358840676563981),(0.00176382618595068,-0.00496896728873253,
-0.00359913734179732),(0.00176382901045734,-2.91548240056727E-5,0.00359914142261532),
(0.00176387272492951,-2.91548240056727E-5,-0.00359920458083235),(0.00176387286186219,
-0.00496896728873253,-0.00359920477867126),(0.00176387286186219,-0.00496896728873253,
0.00359920477867126),(0.00176387299022327,-2.91548240056727E-5,0.00359920498217972),
(0.0017639139682967,-2.91548240056727E-5,-0.00359926995034192),(0.00176391661599746,
-0.00496896728873253,0.00359927414810521),(0.00177087878748306,-0.00496896728873253,
-0.00361031223380702),(0.00177088143518383,-2.91548240056727E-5,0.00361031643157031),
(0.00177092241325725,-2.91548240056727E-5,-0.00361038139973252),(0.00177092254161835,
-0.00496896728873253,-0.00361038160324096),(0.00177092254161835,-0.00496896728873253,
0.00361038160324096),(0.00177092266117343,-2.91548240056727E-5,0.0036103818120456),
(0.00177096082801119,-2.91548240056727E-5,-0.00361044847096823),(0.00177096329407064,
-0.00496896728873253,0.003610452777976),(0.00177744783683452,-0.00496896728873253,
-0.00362177812374214),(0.00177745030289397,-2.91548240056727E-5,0.0036217824307499),
(0.00177748846973173,-2.91548240056727E-5,-0.00362184908967253),(0.00177748858928681,
-0.00496896728873253,-0.00362184929847718),(0.00177748858928681,-0.00496896728873253,
0.00362184929847718),(0.00177748869981882,-2.91548240056727E-5,0.00362184951219165),
(0.00177752398612744,-2.91548240056727E-5,-0.00362191773853234),(0.00177752626606836,
-0.00496896728873253,0.00362192214681509),(0.00178352140715704,-0.00496896728873253,
-0.00363351379678842),(0.00178352368709796,-2.91548240056727E-5,0.00363351820507117),
(0.00178355897340658,-2.91548240056727E-5,-0.00363358643141187),(0.0017835590839386,
-0.00496896728873253,-0.00363358664512634),(0.0017835590839386,-0.00496896728873253,
0.00363358664512634),(0.0017835590839386,-2.91548240056727E-5,0.00363358664512634),
(0.00178356892803625,-2.91548240056727E-5,-0.00363360669894141),(0.00178513532388807,
-2.91548240056727E-5,0.00363679766817303),(0.00178523685085741,-0.00496896728873253,
-0.00363700449292613),(0.00205220363986525,-0.00496896728873253,0.00418085348780201),
(0.00205230516683459,-2.91548240056727E-5,-0.00418106031255512),(0.0020538715626864,
-2.91548240056727E-5,0.00418425128178674),(0.00205388140678406,-0.00496896728873253,
-0.0041842713356018),(0.00205388140678406,-0.00496896728873253,0.0041842713356018),
(0.00205388140678406,-2.91548240056727E-5,0.0041842713356018),(0.00205388172272378,
-2.91548240056727E-5,-0.00418427197282083),(0.00205398258351238,-2.91548240056727E-5,
0.00418447539901716),(0.00205398910039237,-0.00496896728873253,-0.00418448854291706),
(0.0020711253405256,-0.00496896728873253,0.00421905063783855),(0.00207113185740559,
-2.91548240056727E-5,-0.00421906378173845),(0.00207123271819419,-2.91548240056727E-5,
0.00421926720793478),(0.00207123303413391,-0.00496896728873253,-0.00421926784515381),
(0.00207123303413391,-0.00496896728873253,0.00421926784515381),(0.00207123317595472,
-2.91548240056727E-5,-0.00421926809355402),(0.00207127845091559,-2.91548240056727E-5,
0.00421934739298962),(0.00207128137624952,-0.00496896728873253,-0.00421935251673406),
(0.00207897358857897,-0.00496896728873253,0.00423282548466974),(0.0020789765139129,
-2.91548240056727E-5,-0.00423283060841419),(0.00207902178887377,-2.91548240056727E-5,
0.00423290990784979),(0.00207902193069458,-0.00496896728873253,-0.00423291015625),
(0.00207902193069458,-0.00496896728873253,0.00423291015625),(0.00207902212989661,
-2.91548240056727E-5,-0.00423291047100024),(0.00207908572327658,-2.91548240056727E-5,
0.00423301095206069),(0.00207908983221158,-0.00496896728873253,-0.00423301744440545),
(0.00208989434251681,-0.00496896728873253,0.00425008916875373),(0.00208989845145182,
-2.91548240056727E-5,-0.0042500956610985),(0.00208996204483178,-2.91548240056727E-5,
0.00425019614215894),(0.00208996224403381,-0.00496896728873253,-0.00425019645690918),
(0.00208996224403381,-0.00496896728873253,0.00425019645690918),(0.00208996249456986,
-2.91548240056727E-5,-0.0042501968215652),(0.00209004247585311,-2.91548240056727E-5,
0.00425031323457797),(0.00209004764365352,-0.00496896728873253,-0.00425032075632794),
(0.00210363645745122,-0.00496896728873253,0.00427009931813496),(0.00210364162525163,
-2.91548240056727E-5,-0.00427010683988493),(0.00210372160653488,-2.91548240056727E-5,
0.00427022325289769),(0.00210372185707092,-0.00496896728873253,-0.00427022361755371),
(0.00210372185707092,-0.00496896728873253,0.00427022361755371),(0.00210372219949595,
-2.91548240056727E-5,-0.0042702240791301),(0.00210383151547255,-2.91548240056727E-5,
0.0042703714330586),(0.00210383857866441,-0.00496896728873253,-0.00427038095398227),
(0.0021224113545784,-0.00496896728873253,0.00429541637496671),(0.00212241841777026,
-2.91548240056727E-5,-0.00429542589589037),(0.00212252773374685,-2.91548240056727E-5,
0.00429557324981889),(0.00212252807617188,-0.00496896728873253,-0.00429557371139527),
(0.00212252807617188,-0.00496896728873253,0.00429557371139527),(0.00212252855731379,
-2.91548240056727E-5,-0.00429557430982184),(0.00212268215735479,-2.91548240056727E-5,
0.00429576535189101),(0.00212269208185615,-0.00496896728873253,-0.00429577769561997),
(0.00214878871686517,-0.00496896728873253,0.0043282357282997),(0.00214879864136653,
-2.91548240056727E-5,-0.00432824807202868),(0.00214895224140753,-2.91548240056727E-5,
0.00432843911409784),(0.00214895272254944,-0.00496896728873253,-0.00432843971252441),
(0.00214895272254944,-0.00496896728873253,0.00432843971252441),(0.00214895327934012,
-2.91548240056727E-5,-0.00432844035189665),(0.00214913102953778,-2.91548240056727E-5,
0.00432864446548411),(0.00214914251444409,-0.00496896728873253,-0.00432865765379814),
(0.00217934225919178,-0.00496896728873253,0.00436333653641792),(0.00217935374409808,
-2.91548240056727E-5,-0.00436334972473196),(0.00217953149429575,-2.91548240056727E-5,
0.00436355383831941),(0.00217953205108642,-0.00496896728873253,-0.00436355447769165),
(0.00217953205108642,-0.00496896728873253,0.00436355447769165),(0.00217953272701543,
-2.91548240056727E-5,-0.0043635551962203),(0.00217974851100741,-2.91548240056727E-5,
0.00436378457974673),(0.00217976245337689,-0.00496896728873253,-0.00436379940081779),
(0.00221642413681781,-0.00496896728873253,0.00440277164410409),(0.00221643807918729,
-2.91548240056727E-5,-0.00440278646517514),(0.00221665386317927,-2.91548240056727E-5,
0.00440301584870158),(0.00221665453910827,-0.00496896728873253,-0.00440301656723023),
(0.00221665453910827,-0.00496896728873253,0.00440301656723023),(0.0022166553402098,
-2.91548240056727E-5,-0.00440301735522584),(0.00221691108435428,-2.91548240056727E-5,
0.00440326891543121),(0.00221692760865398,-0.00496896728873253,-0.00440328516939563),
(0.00226037851889424,-0.00496896728873253,0.00444602522870617),(0.00226039504319394,
-2.91548240056727E-5,-0.0044460414826706),(0.00226065078733841,-2.91548240056727E-5,
0.00444629304287597),(0.00226065158843994,-0.00496896728873253,-0.00444629383087158),
(0.00226065158843994,-0.00496896728873253,0.00444629383087158),(0.00226065252209393,
-2.91548240056727E-5,-0.00444629468008599),(0.00226095058236855,-2.91548240056727E-5,
0.00444656578381882),(0.00226096984082436,-0.00496896728873253,-0.00444658330054179),
(0.00231161025828147,-0.00496896728873253,0.00449264380364523),(0.00231162951673729,
-2.91548240056727E-5,-0.00449266132036819),(0.0023119275770119,-2.91548240056727E-5,
0.00449293242410101),(0.00231192851066589,-0.00496896728873253,-0.00449293327331543),
(0.00231192851066589,-0.00496896728873253,0.00449293327331543),(0.00231192958357507,
-2.91548240056727E-5,-0.00449293417476248),(0.00231227209976188,-2.91548240056727E-5,
0.00449322195327351),(0.00231229423063073,-0.00496896728873253,-0.00449324054739762),
(0.00237048770410742,-0.00496896728873253,0.00454213409402084),(0.00237050983497628,
-2.91548240056727E-5,-0.00454215268814495),(0.00237085235116309,-2.91548240056727E-5,
0.00454244046665598),(0.00237085342407227,-0.00496896728873253,-0.00454244136810303),
(0.00237085342407227,-0.00496896728873253,0.00454244136810303),(0.00237085464237066,
-2.91548240056727E-5,-0.00454244231220615),(0.00237124357270284,-2.91548240056727E-5,
0.00454274370826794),(0.00237126870251131,-0.00496896728873253,-0.0045427631822577),
(0.00243734793567228,-0.00496896728873253,0.00459397034969421),(0.00243737306548076,
-2.91548240056727E-5,-0.00459398982368398),(0.00243776199581293,-2.91548240056727E-5,
0.00459429121974576),(0.00243776321411133,-0.00496896728873253,-0.00459429216384888),
(0.00243776321411133,-0.00496896728873253,0.00459429216384888),(0.00243776458329484,
-2.91548240056727E-5,-0.00459429314051926),(0.00243820168228278,-2.91548240056727E-5,
0.00459460493337178),(0.0024382299243944,-0.00496896728873253,-0.00459462507912545),
(0.00251249300842116,-0.00496896728873253,0.00464759866049858),(0.00251252125053278,
-2.91548240056727E-5,-0.00464761880625225),(0.00251295834952071,-2.91548240056727E-5,
0.00464793059910477),(0.00251295971870422,-0.00496896728873253,-0.00464793157577515),
(0.00251295971870422,-0.00496896728873253,0.00464793157577515),(0.0025129612436523,
-2.91548240056727E-5,-0.00464793257447249),(0.00251344806901298,-2.91548240056727E-5,
0.00464825139922533),(0.00251347952407592,-0.00496896728873253,-0.00464827199932852),
(0.00259619111496217,-0.00496896728873253,0.00470244030001841),(0.00259622257002511,
-2.91548240056727E-5,-0.00470246090012161),(0.0025967093953858,-2.91548240056727E-5,
0.00470277972487444),(0.00259671092033387,-0.00496896728873253,-0.00470278072357178),
(0.00259671092033387,-0.00496896728873253,0.00470278072357178),(0.0025967126052574,
-2.91548240056727E-5,-0.0047027817333564),(0.00259725050128396,-2.91548240056727E-5,
0.00470310409761917),(0.00259728525615652,-0.00496896728873253,-0.00470312492641938),
(0.00268867374919932,-0.00496896728873253,0.00475789458957183),(0.00268870850407188,
-2.91548240056727E-5,-0.00475791541837204),(0.00268924640009844,-2.91548240056727E-5,
0.00475823778263482),(0.00268924808502198,-0.00496896728873253,-0.00475823879241943),
(0.00268924808502198,-0.00496896728873253,0.00475823879241943),(0.00268924993347637,
-2.91548240056727E-5,-0.00475823980196962),(0.00268984003519568,-2.91548240056727E-5,
0.00475856209139546),(0.00268987816321492,-0.00496896728873253,-0.00475858291536026),
(0.00279013639939189,-0.00496896728873253,0.00481333986372299),(0.00279017452741114,
-2.91548240056727E-5,-0.00481336068768779),(0.00279076462913045,-2.91548240056727E-5,
0.00481368297711363),(0.00279076647758484,-0.00496896728873253,-0.00481368398666382),
(0.00279076647758484,-0.00496896728873253,0.00481368398666382),(0.00279076849243959,
-2.91548240056727E-5,-0.00481368498438006),(0.00279141171591119,-2.91548240056727E-5,
0.00481400349592646),(0.00279145327626613,-0.00496896728873253,-0.00481402407579256),
(0.0028106164932251,-0.00496896728873253,-0.00259365057945252),(0.0028106164932251,
-0.00496896728873253,0.00259365057945252),(0.00281061649576467,-2.91548240056727E-5,
-0.00259365082004301),(0.00281061650096102,-2.91548240056727E-5,0.00259365033896621),
(0.00281061730649815,-2.91548240056727E-5,0.00259372762629991),(0.00281061735888177,
-0.00496896728873253,-0.00259373258895355),(0.00281061897057993,-2.91548240056727E-5,
-0.00259357356597016),(0.00281061913014848,-0.00496896728873253,0.0025935686054656),
(0.00281075510243721,-0.00496896728873253,0.00260678196602386),(0.00281075515482083,
-2.91548240056727E-5,-0.0026067869286775),(0.0028107559655543,-2.91548240056727E-5,
0.00260686373493441),(0.00281075596809387,-0.00496896728873253,-0.0026068639755249),
(0.00281075596809387,-0.00496896728873253,0.0026068639755249),(0.00281075598090024,
-2.91548240056727E-5,-0.00260686421579415),(0.00281076006921438,-2.91548240056727E-5,
0.00260694091949674),(0.00281076033337108,-0.00496896728873253,-0.00260694587552406),
(0.00281103871820967,-0.00496896728873253,-0.00258052487941294),(0.00281103887777823,
-2.91548240056727E-5,0.00258051991890838),(0.00281104134739714,-2.91548240056727E-5,
-0.00258044314591233),(0.00281104135513306,-0.00496896728873253,-0.00258044290542603),
(0.00281104135513306,-0.00496896728873253,0.00258044290542603),(0.00281104137313144,
-2.91548240056727E-5,0.00258044266549538),(0.00281104711894514,-2.91548240056727E-5,
-0.00258036606989059),(0.00281104749019722,-0.00496896728873253,0.00258036112084775),
(0.00281145493762502,-0.00496896728873253,0.00261997782862327),(0.00281145520178171,
-2.91548240056727E-5,-0.0026199827846506),(0.00281145929009585,-2.91548240056727E-5,
0.00262005948835318),(0.00281145930290222,-0.00496896728873253,-0.00262005972862243),
(0.00281145930290222,-0.00496896728873253,0.00262005972862243),(0.00281145932596237,
-2.91548240056727E-5,-0.0026200599681233),(0.00281146668769956,-2.91548240056727E-5,
0.00262013642652704),(0.0028114671633607,-0.00496896728873253,-0.00262014136670497),
(0.00281202370349784,-0.00496896728873253,-0.00256734753355594),(0.00281202407474993,
-2.91548240056727E-5,0.00256734258451309),(0.00281202982056363,-2.91548240056727E-5,
-0.0025672659889083),(0.00281202983856201,-0.00496896728873253,-0.00256726574897766),
(0.00281202983856201,-0.00496896728873253,0.00256726574897766),(0.00281202986678813,
-2.91548240056727E-5,0.00256726551003246),(0.00281203887770966,-2.91548240056727E-5,
-0.00256718922901998),(0.00281203945992892,-0.00496896728873253,0.00256718430030376),
(0.00281271792193593,-0.00496896728873253,0.00263313164354893),(0.00281271839759707,
-2.91548240056727E-5,-0.00263313658372687),(0.00281272575933426,-2.91548240056727E-5,
0.00263321304213061),(0.00281272578239441,-0.00496896728873253,-0.00263321328163147),
(0.00281272578239441,-0.00496896728873253,0.00263321328163147),(0.00281272581565191,
-2.91548240056727E-5,-0.00263321351992984),(0.00281273643279585,-2.91548240056727E-5,
0.00263328959444781),(0.00281273711879735,-0.00496896728873253,-0.00263329450982188),
(0.00281357041479642,-0.00496896728873253,-0.00255422416222065),(0.00281357099701568,
-2.91548240056727E-5,0.00255421923350443),(0.00281358000793722,-2.91548240056727E-5,
-0.00255414295249195),(0.00281358003616333,-0.00496896728873253,-0.00255414271354675),
(0.00281358003616333,-0.00496896728873253,0.00255414271354675),(0.00281358007456074,
-2.91548240056727E-5,0.00255414247602111),(0.00281359233257381,-2.91548240056727E-5,
-0.00255406664818785),(0.00281359312459618,-0.00496896728873253,0.00255406174875274),
(0.00281454097072596,-0.00496896728873253,0.00264621956450369),(0.00281454165672747,
-2.91548240056727E-5,-0.00264622447987775),(0.00281455227387141,-2.91548240056727E-5,
0.00264630055439572),(0.00281455230712891,-0.00496896728873253,-0.00264630079269409),
(0.00281455230712891,-0.00496896728873253,0.00264630079269409),(0.00281455235053599,
-2.91548240056727E-5,-0.0026463010293515),(0.00281456620784212,-2.91548240056727E-5,
0.00264637658001092),(0.002814567103199,-0.00496896728873253,-0.00264638146153711),
(0.00281567576006264,-0.00496896728873253,-0.00254117860578523),(0.002815676552085,
-2.91548240056727E-5,0.00254117370635011),(0.00281568881009808,-2.91548240056727E-5,
-0.00254109787851686),(0.00281568884849549,-0.00496896728873253,-0.00254109764099121),
(0.00281568884849549,-0.00496896728873253,0.00254109764099121),(0.00281568889700342,
-2.91548240056727E-5,0.00254109740532358),(0.00281570438270585,-2.91548240056727E-5,
-0.00254102217064234),(0.00281570538327769,-0.00496896728873253,0.00254101730953233),
(0.00281692145843125,-0.00496896728873253,0.00265921751269079),(0.00281692235378813,
-2.91548240056727E-5,-0.00265922239421698),(0.00281693621109425,-2.91548240056727E-5,
0.0026592979448764),(0.00281693625450134,-0.00496896728873253,-0.00265929818153382),
(0.00281693625450134,-0.00496896728873253,0.00265929818153382),(0.0028169363079712,
-2.91548240056727E-5,-0.00265929841612485),(0.00281695337772213,-2.91548240056727E-5,
0.00265937330711052),(0.0028169544806435,-0.00496896728873253,-0.00265937814601346),
(0.00281833640291616,-0.00496896728873253,-0.00252823494304641),(0.00281833740348799,
-2.91548240056727E-5,0.0025282300819364),(0.00281835288919043,-2.91548240056727E-5,
-0.00252815484725516),(0.00281835293769836,-0.00496896728873253,-0.00252815461158752),
(0.00281835293769836,-0.00496896728873253,0.00252815461158752),(0.00281835299623,
-2.91548240056727E-5,0.00252815437820767),(0.00281837168190441,-2.91548240056727E-5,
-0.0025280798738795),(0.00281837288923483,-0.00496896728873253,0.00252807505995952),
(0.00281985462999798,-0.00496896728873253,0.00267210211865024),(0.00281985573291935,
-2.91548240056727E-5,-0.00267210695755318),(0.00281987280267028,-2.91548240056727E-5,
0.00267218184853886),(0.00281987285614013,-0.00496896728873253,-0.00267218208312988),
(0.00281987285614013,-0.00496896728873253,0.00267218208312988),(0.0028198729195816,
-2.91548240056727E-5,-0.00267218231522476),(0.00281989317267409,-2.91548240056727E-5,
0.00267225640933565),(0.00281989448127949,-0.00496896728873253,-0.00267226119675041),
(0.00282154758386392,-0.00496896728873253,-0.00251541678040303),(0.00282154879119434,
-2.91548240056727E-5,0.00251541196648305),(0.00282156747686876,-2.91548240056727E-5,
-0.00251533746215488),(0.00282156753540039,-0.00496896728873253,-0.00251533722877502),
(0.00282156753540039,-0.00496896728873253,0.00251533722877502),(0.00282156760383417,
-2.91548240056727E-5,0.00251533699810405),(0.00282158945067623,-2.91548240056727E-5,
-0.00251526335855825),(0.00282159086225798,-0.00496896728873253,0.00251525860051413),
(0.00282333548011577,-0.00496896728873253,0.00268484978042244),(0.00282333678872117,
-2.91548240056727E-5,-0.00268485456783721),(0.00282335704181366,-2.91548240056727E-5,
0.00268492866194809),(0.00282335710525512,-0.00496896728873253,-0.00268492889404297),
(0.00282335710525512,-0.00496896728873253,0.00268492889404297),(0.00282335717853796,
-2.91548240056727E-5,-0.00268492912321625),(0.00282338057339592,-2.91548240056727E-5,
0.00268500228463717),(0.00282338208499903,-0.00496896728873253,-0.0026850070117884),
(0.00282530263902376,-0.00496896728873253,-0.00250274724741678),(0.00282530405060551,
-2.91548240056727E-5,0.00250274248937265),(0.00282532589744757,-2.91548240056727E-5,
-0.00250266884982687),(0.00282532596588135,-0.00496896728873253,-0.00250266861915588),
(0.00282532596588135,-0.00496896728873253,0.00250266861915588),(0.00282532604410875,
-2.91548240056727E-5,0.00250266839161921),(0.00282535101747173,-2.91548240056727E-5,
-0.00250259575267098),(0.00282535263106618,-0.00496896728873253,0.00250259105927809),
(0.00282735686954503,-0.00496896728873253,0.00269743713150689),(0.00282735838114815,
-2.91548240056727E-5,-0.00269744185865812),(0.0028273817760061,-2.91548240056727E-5,
0.00269751502007903),(0.00282738184928894,-0.00496896728873253,-0.00269751524925232),
(0.00282738184928894,-0.00496896728873253,0.00269751524925232),(0.00282738193230028,
-2.91548240056727E-5,-0.00269751547509161),(0.00282740843289111,-2.91548240056727E-5,
0.00269758757216497),(0.00282741014516376,-0.00496896728873253,-0.00269759223054591),
(0.00282959560349193,-0.00496896728873253,-0.00249024970762865),(0.00282959721708638,
-2.91548240056727E-5,0.00249024501423575),(0.00282962219044936,-2.91548240056727E-5,
-0.00249017237528753),(0.00282962226867676,-0.00496896728873253,-0.00249017214775086),
(0.00282962226867676,-0.00496896728873253,0.00249017214775086),(0.00282962235654584,
-2.91548240056727E-5,0.00249017192376089),(0.0028296504079243,-2.91548240056727E-5,
-0.00249010041706781),(0.00282965222039742,-0.00496896728873253,0.00249009579683289),
(0.0028319125934837,-0.00496896728873253,0.00270984151769932),(0.00283191430575635,
-2.91548240056727E-5,-0.00270984617608027),(0.00283194080634718,-2.91548240056727E-5,
0.00270991827315364),(0.00283194088935852,-0.00496896728873253,-0.00270991849899292),
(0.00283194088935852,-0.00496896728873253,0.00270991849899292),(0.00283194098193339,
-2.91548240056727E-5,-0.00270991872107712),(0.00283197053559408,-2.91548240056727E-5,
0.00270998961937363),(0.00283197244513358,-0.00496896728873253,-0.00270999420029845),
(0.0028344181474157,-0.00496896728873253,-0.00247794681524292),(0.00283441995988881,
-2.91548240056727E-5,0.002477942195008),(0.00283444801126727,-2.91548240056727E-5,
-0.00247787068831491),(0.00283444809913635,-0.00496896728873253,-0.00247787046432495),
(0.00283444809913635,-0.00496896728873253,0.00247787046432495),(0.00283444819648649,
-2.91548240056727E-5,0.00247787024429411),(0.00283447927460329,-2.91548240056727E-5,
-0.00247780000151373),(0.0028344812826419,-0.00496896728873253,0.00247779546294353),
(0.0028369936097828,-0.00496896728873253,0.00272203981535707),(0.0028369955193223,
-2.91548240056727E-5,-0.00272204439628189),(0.00283702507298299,-2.91548240056727E-5,
0.0027221152945784),(0.00283702516555786,-0.00496896728873253,-0.0027221155166626),
(0.00283702516555786,-0.00496896728873253,0.0027221155166626),(0.00283702526753131,
-2.91548240056727E-5,-0.00272211573458798),(0.00283705782159881,-2.91548240056727E-5,
0.00272218530522181),(0.00283705992500247,-0.00496896728873253,-0.00272218980036286),
(0.00283976145226716,-0.00496896728873253,-0.00246586122002462),(0.00283976346030577,
-2.91548240056727E-5,0.00246585668145441),(0.00283979453842257,-2.91548240056727E-5,
-0.00246578643867403),(0.0028397946357727,-0.00496896728873253,-0.00246578621864319),
(0.0028397946357727,-0.00496896728873253,0.00246578621864319),(0.00283979474243025,
-2.91548240056727E-5,0.00246578600296652),(0.00283982879185061,-2.91548240056727E-5,
-0.00246571715021295),(0.00283983099187294,-0.00496896728873253,0.00246571270145601),
(0.00284259085853636,-0.00496896728873253,0.00273400984563324),(0.00284259296194001,
-2.91548240056727E-5,-0.00273401434077429),(0.00284262551600751,-2.91548240056727E-5,
0.00273408391140811),(0.00284262561798096,-0.00496896728873253,-0.00273408412933349),
(0.00284262561798096,-0.00496896728873253,0.00273408412933349),(0.00284262572916632,
-2.91548240056727E-5,-0.0027340843427137),(0.00284266122404825,-2.91548240056727E-5,
0.00273415246234247),(0.00284266351746564,-0.00496896728873253,-0.00273415686373029),
(0.00284561598574242,-0.00496896728873253,-0.00245401462398344),(0.00284561818576474,
-2.91548240056727E-5,0.00245401017522651),(0.00284565223518511,-2.91548240056727E-5,
-0.00245394132247293),(0.00284565234184265,-0.00496896728873253,-0.00245394110679626),
(0.00284565234184265,-0.00496896728873253,0.00245394110679626),(0.00284565245761226,
-2.91548240056727E-5,0.0024539408958688),(0.00284568941597207,-2.91548240056727E-5,
-0.00245387355925613),(0.00284569180394859,-0.00496896728873253,0.00245386920846104),
(0.00284869409514423,-0.00496896728873253,0.00274573038335528),(0.00284869638856161,
-2.91548240056727E-5,-0.0027457347847431),(0.00284873188344355,-2.91548240056727E-5,
0.00274580290437187),(0.00284873199462891,-0.00496896728873253,-0.00274580311775208),
(0.00284873199462891,-0.00496896728873253,0.00274580311775208),(0.00284873211482213,
-2.91548240056727E-5,-0.00274580332618772),(0.00284877048538266,-2.91548240056727E-5,
0.00274586986731147),(0.00284877296460518,-0.00496896728873253,-0.00274587416670793),
(0.00285197102640418,-0.00496896728873253,-0.0024424287232101),(0.00285197341438071,
-2.91548240056727E-5,0.00244242437241501),(0.00285201037274052,-2.91548240056727E-5,
-0.00244235703580234),(0.00285201048851013,-0.00496896728873253,-0.00244235682487488),
(0.00285201048851013,-0.00496896728873253,0.00244235682487488),(0.00285201061317908,
-2.91548240056727E-5,0.00244235661908733),(0.00285205041257075,-2.91548240056727E-5,
-0.00244229092334379),(0.00285205298411379,-0.00496896728873253,0.00244228667856956),
(0.00285529211985222,-0.00496896728873253,0.0027571794984532),(0.00285529459907473,
-2.91548240056727E-5,-0.00275718379784967),(0.00285533296963526,-2.91548240056727E-5,
0.00275725033897342),(0.00285533308982849,-0.00496896728873253,-0.00275725054740906),
(0.00285533308982849,-0.00496896728873253,0.00275725054740906),(0.00285533321881688,
-2.91548240056727E-5,-0.00275725075052247),(0.0028553743971484,-2.91548240056727E-5,
0.00275731559257057),(0.00285537705778836,-0.00496896728873253,-0.00275731978218531),
(0.0028588148976611,-0.00496896728873253,-0.00243112497685647),(0.00285881746920415,
-2.91548240056727E-5,0.00243112073208223),(0.00285885726859582,-2.91548240056727E-5,
-0.0024310550363387),(0.00285885739326477,-0.00496896728873253,-0.00243105483055115),
(0.00285885739326477,-0.00496896728873253,0.00243105483055115),(0.00285885752660732,
-2.91548240056727E-5,0.00243105463026817),(0.00285890009496565,-2.91548240056727E-5,
-0.00243099069180678),(0.0028589028454189,-0.00496896728873253,0.00243098656057515),
(0.00286237325310946,-0.00496896728873253,0.00276833644111181),(0.00286237591374942,
-2.91548240056727E-5,-0.00276834063072654),(0.00286241709208095,-2.91548240056727E-5,
0.00276840547277466),(0.00286241722106934,-0.00496896728873253,-0.00276840567588806),
(0.00286241722106934,-0.00496896728873253,0.00276840567588806),(0.00286241735860543,
-2.91548240056727E-5,-0.00276840587331022),(0.00286246126571341,-2.91548240056727E-5,
0.00276846889848382),(0.00286246410266677,-0.00496896728873253,-0.00276847297070553),
(0.00286613520618633,-0.00496896728873253,-0.00242012342096172),(0.00286613795663957,
-2.91548240056727E-5,0.00242011928973009),(0.0028661805249979,-2.91548240056727E-5,
-0.0024200553512687),(0.00286618065834045,-0.00496896728873253,-0.00242005515098572),
(0.00286618065834045,-0.00496896728873253,0.00242005515098572),(0.00286618080011351,
-2.91548240056727E-5,0.00242005495658499),(0.00286622605982983,-2.91548240056727E-5,
-0.00241999289597636),(0.00286622898417876,-0.00496896728873253,0.00241998888607773),
(0.00286992391689499,-0.00496896728873253,0.00277918094279241),(0.00286992675384835,
-2.91548240056727E-5,-0.00277918501501411),(0.00286997066095633,-2.91548240056727E-5,
0.0027792480401877),(0.00286997079849243,-0.00496896728873253,-0.00277924823760987),
(0.00286997079849243,-0.00496896728873253,0.00277924823760987),(0.00286997094433314,
-2.91548240056727E-5,-0.00277924842897613),(0.00287001750260889,-2.91548240056727E-5,
0.00277930952086219),(0.00287002051086116,-0.00496896728873253,-0.00277931346816913),
(0.00287391860645845,-0.00496896728873253,-0.00240944479350296),(0.00287392153080738,
-2.91548240056727E-5,0.00240944078360433),(0.00287396679052371,-2.91548240056727E-5,
-0.0024093787229957),(0.00287396693229675,-0.00496896728873253,-0.00240937852859497),
(0.00287396693229675,-0.00496896728873253,0.00240937852859497),(0.00287396708223984,
-2.91548240056727E-5,0.00240937834041944),(0.00287401495016199,-2.91548240056727E-5,
-0.00240931826714725),(0.00287401804303395,-0.00496896728873253,0.00240931438565562),
(0.00287793075828862,-0.00496896728873253,0.00278969297485456),(0.00287793376654089,
-2.91548240056727E-5,-0.0027896969221615),(0.00287798032481664,-2.91548240056727E-5,
0.00278975801404755),(0.00287798047065735,-0.00496896728873253,-0.00278975820541382),
(0.00287798047065735,-0.00496896728873253,0.00278975820541382),(0.00287798062453785,
-2.91548240056727E-5,-0.00278975839038124),(0.00287802974944336,-2.91548240056727E-5,
0.0027898174394961),(0.00287803292353231,-0.00496896728873253,-0.00278982125481423),
(0.00288215079928173,-0.00496896728873253,-0.002399107941386),(0.00288215389215369,
-2.91548240056727E-5,0.00239910405989438),(0.00288220191001892,-0.00496896728873253,
-0.00239904379844665),(0.00288220191001892,-0.00496896728873253,0.00239904379844665),
(0.00288220191001892,-2.91548240056727E-5,-0.00239904379844665),(0.00288220191001892,
-2.91548240056727E-5,0.00239904379844665),(0.00288265328490319,-2.91548240056727E-5,
0.00239848299732589),(0.00288268235834728,-0.00496896728873253,-0.0023984468756439),
(0.0028863792411558,-0.00496896728873253,0.00279985369483177),(0.00288638241524475,
-2.91548240056727E-5,-0.0027998575101499),(0.00288643154015026,-2.91548240056727E-5,
0.00279991655926476),(0.00288643169403076,-0.00496896728873253,-0.00279991674423218),
(0.00288643169403076,-0.00496896728873253,0.00279991674423218),(0.00288643185567323,
-2.91548240056727E-5,-0.00279991692246215),(0.00288648345851287,-2.91548240056727E-5,
0.00279997382070801),(0.00288648679270763,-0.00496896728873253,-0.00279997749705285),
(0.00289525411114673,-0.00496896728873253,0.0028096445045951),(0.0028952574453415,
-2.91548240056727E-5,-0.00280964818093994),(0.00289530904818114,-2.91548240056727E-5,
0.0028097050791858),(0.00289530920982361,-0.00496896728873253,-0.00280970525741577),
(0.00289530920982361,-0.00496896728873253,0.00280970525741577),(0.00289530937892415,
-2.91548240056727E-5,-0.00280970542857836),(0.00289536336268709,-2.91548240056727E-5,
0.00280976007062916),(0.00289536685071955,-0.00496896728873253,-0.00280976360119533),
(0.00290073689402196,-0.00496896728873253,0.00486813916273283),(0.0029007784543769,
-2.91548240056727E-5,-0.00486815974259893),(0.00290142167784849,-2.91548240056727E-5,
0.00486847825414533),(0.00290142369270325,-0.00496896728873253,-0.00486847925186157),
(0.00290142369270325,-0.00496896728873253,0.00486847925186157),(0.00290142587613326,
-2.91548240056727E-5,-0.00486848022586648),(0.00290212291567762,-2.91548240056727E-5,
0.00486879116779532),(0.00290216795323012,-0.00496896728873253,-0.00486881125856858),
(0.00290453868783941,-0.00496896728873253,0.00281904728137303),(0.00290454217587188,
-2.91548240056727E-5,-0.00281905081193919),(0.00290459615963481,-2.91548240056727E-5,
0.00281910545399),(0.00290459632873535,-0.00496896728873253,-0.00281910562515259),
(0.00290459632873535,-0.00496896728873253,0.00281910562515259),(0.00290459632873536,
-2.91548240056727E-5,-0.00281910562515258),(0.00290461235904875,-2.91548240056727E-5,
0.00281912118440856),(0.00290716310745609,-2.91548240056727E-5,-0.00282159697801118),
(0.00290732843587867,-0.00496896728873253,0.00282175744818918),(0.00295913144437184,
-0.00496896728873253,0.00230346433536989),(0.00295916051781592,-2.91548240056727E-5,
-0.00230342821368791),(0.00295961048321351,-2.91548240056727E-5,0.00230286916375388),
(0.0029596118927002,-0.00496896728873253,-0.00230286741256714),(0.0029596118927002,
-0.00496896728873253,0.00230286741256714),(0.00295961324377246,-2.91548240056727E-5,
-0.00230286561592429),(0.0029600445609141,-2.91548240056727E-5,0.00230229205455388),
(0.00296007242944547,-0.00496896728873253,-0.00230225499524994),(0.00302059491755846,
-0.00496896728873253,0.00492164026807326),(0.00302063995511096,-2.91548240056727E-5,
-0.00492166035884653),(0.00302133699465531,-2.91548240056727E-5,0.00492197130077536),
(0.00302133917808533,-0.00496896728873253,-0.00492197227478027),(0.00302133917808533,
-0.00496896728873253,0.00492197227478027),(0.00302134153197901,-2.91548240056727E-5,
-0.00492197321307494),(0.00302209299044923,-2.91548240056727E-5,0.00492227275484374),
(0.0030221415441512,-0.00496896728873253,-0.00492229210902277),(0.0030333531782358,
-0.00496896728873253,0.00220480696306305),(0.00303338104676718,-2.91548240056727E-5,
-0.00220476990375911),(0.00303381236390882,-2.91548240056727E-5,0.0022041963423887),
(0.00303381371498108,-0.00496896728873253,-0.00220419454574585),(0.00303381371498108,
-0.00496896728873253,0.00220419454574585),(0.0030338150061803,-2.91548240056727E-5,
-0.00220419270560909),(0.00303422720941393,-2.91548240056727E-5,0.00220360525921516),
(0.0030342538429456,-0.00496896728873253,-0.00220356730276345),(0.00310428714025448,
-0.00496896728873253,0.00210376020616294),(0.00310431377378614,-2.91548240056727E-5,
-0.00210372224971123),(0.00310472597701978,-2.91548240056727E-5,0.00210313480331731),
(0.003104727268219,-0.00496896728873253,-0.00210313296318054),(0.003104727268219,
-0.00496896728873253,0.00210313296318054),(0.00310472849814732,-2.91548240056727E-5,
-0.00210313108153594),(0.00310512114122307,-2.91548240056727E-5,0.00210253038415367),
(0.00310514651092165,-0.00496896728873253,-0.00210249157152086),(0.00314981427974712,
-0.00496896728873253,0.00497318423222479),(0.00314986283344909,-2.91548240056727E-5,
-0.00497320358640382),(0.00315061429191931,-2.91548240056727E-5,0.00497350312817262),
(0.00315061664581299,-0.00496896728873253,-0.00497350406646729),(0.00315061664581299,
-0.00496896728873253,0.00497350406646729),(0.00315061909117022,-2.91548240056727E-5,
-0.00497350492923475),(0.0031513997485186,-2.91548240056727E-5,0.00497378035965122),
(0.00315145018883665,-0.00496896728873253,-0.00497379815593256),(0.00317185653892882,
-0.00496896728873253,0.00200043313303085),(0.00317188190862739,-2.91548240056727E-5,
-0.00200039432039803),(0.00317227578163147,-0.00496896728873253,-0.00199979174137115),
(0.00317227578163147,-0.00496896728873253,0.00199979174137115),(0.00317227578163147,
-2.91548240056727E-5,-0.00199979174137115),(0.00317227578163147,-2.91548240056727E-5,
0.00199979174137115),(0.00317231825394765,-2.91548240056727E-5,-0.00199972745109386),
(0.00317232098962602,-0.00496896728873253,0.00199972331010187),(0.00317951449964704,
-0.00496896728873253,-0.00198883450544989),(0.00317951723532542,-2.91548240056727E-5,
0.0019888303644579),(0.00317955957501534,-2.91548240056727E-5,-0.00198876627493677),
(0.0031795597076416,-0.00496896728873253,-0.00198876607418061),(0.0031795597076416,
-0.00496896728873253,0.00198876607418061),(0.00317955984872007,-2.91548240056727E-5,
0.00198876587927413),(0.00317960488669731,-2.91548240056727E-5,-0.00198870365721175),
(0.00317960779671911,-0.00496896728873253,0.00198869963688116),(0.00318725974554774,
-0.00496896728873253,-0.00197812811332484),(0.00318726265556953,-2.91548240056727E-5,
0.00197812409299425),(0.00318730769354678,-2.91548240056727E-5,-0.00197806187093186),
(0.00318730783462525,-0.00496896728873253,-0.00197806167602539),(0.00318730783462525,
-0.00496896728873253,0.00197806167602539),(0.00318730798389979,-2.91548240056727E-5,
0.00197806148732024),(0.00318735563839809,-2.91548240056727E-5,-0.001978001244972),
(0.00318735871748017,-0.00496896728873253,0.00197799735255594),(0.00319545521303131,
-0.00496896728873253,-0.00196776218227988),(0.00319545829211339,-2.91548240056727E-5,
0.00196775828986381),(0.00319550594661169,-2.91548240056727E-5,-0.00196769804751558),
(0.00319550609588623,-0.00496896728873253,-0.00196769785881043),(0.00319550609588623,
-0.00496896728873253,0.00196769785881043),(0.00319550625307902,-2.91548240056727E-5,
0.00196769767664738),(0.00319555643540274,-2.91548240056727E-5,-0.00196763952280402),
(0.00319555967781424,-0.00496896728873253,0.00196763576533174),(0.00320408565070749,
-0.00496896728873253,-0.00195775543187286),(0.00320408889311899,-2.91548240056727E-5,
0.00195775167440057),(0.00320413907544271,-2.91548240056727E-5,-0.00195769352055721),
(0.0032041392326355,-0.00496896728873253,-0.00195769333839417),(0.0032041392326355,
-0.00496896728873253,0.00195769333839417),(0.00320413939746437,-2.91548240056727E-5,
0.00195769316311183),(0.003204192017532,-2.91548240056727E-5,-0.00195763720587116),
(0.00320419541745254,-0.00496896728873253,0.00195763359032713),(0.00321313556284837,
-0.00496896728873253,-0.00194812645949282),(0.0032131389627689,-2.91548240056727E-5,
0.00194812284394879),(0.00321319158283654,-2.91548240056727E-5,-0.00194806688670811),
(0.00321319174766541,-0.00496896728873253,-0.00194806671142578),(0.00321319174766541,
-0.00496896728873253,0.00194806671142578),(0.00321319191982211,-2.91548240056727E-5,
0.00194806654334106),(0.00321324687923696,-2.91548240056727E-5,-0.00194801288387152),
(0.00321325043030885,-0.00496896728873253,0.00194800941679251),(0.00322258803061339,
-0.00496896728873253,-0.00193889267709482),(0.00322259158168528,-2.91548240056727E-5,
0.00193888921001581),(0.00322264654110013,-2.91548240056727E-5,-0.00193883555054627),
(0.00322264671325684,-0.00496896728873253,-0.00193883538246155),(0.00322264671325684,
-0.00496896728873253,0.00193883538246155),(0.00322264689243751,-2.91548240056727E-5,
0.00193883522188049),(0.00322270409418873,-2.91548240056727E-5,-0.00193878395788587),
(0.00322270779014385,-0.00496896728873253,0.00193878064558477),(0.00323242636322224,
-0.00496896728873253,-0.00193007089688807),(0.00323243005917736,-2.91548240056727E-5,
0.00193006758458697),(0.00323248726092857,-2.91548240056727E-5,-0.00193001632059234),
(0.00323248744010926,-0.00496896728873253,-0.00193001616001129),(0.00323248744010926,
-0.00496896728873253,0.00193001616001129),(0.00323248762598398,-2.91548240056727E-5,
0.00193001600722693),(0.0032325469647455,-2.91548240056727E-5,-0.00192996723225339),
(0.00323255079877846,-0.00496896728873253,0.00192996408077446),(0.00324263244974145,
-0.00496896728873253,-0.00192167721656592),(0.0032426362837744,-2.91548240056727E-5,
0.001921674065087),(0.00324269562253592,-2.91548240056727E-5,-0.00192162529011346),
(0.00324269580841065,-0.00496896728873253,-0.0019216251373291),(0.00324269580841065,
-0.00496896728873253,0.0019216251373291),(0.00324269600064081,-2.91548240056727E-5,
0.00192162499262143),(0.00324275736831483,-2.91548240056727E-5,-0.00192157879605753),
(0.00324276133344114,-0.00496896728873253,0.00192157581117643),(0.00325318769648134,
-0.00496896728873253,-0.001913727018566),(0.00325319166160765,-2.91548240056727E-5,
0.0019137240336849),(0.00325325302928168,-2.91548240056727E-5,-0.001913677837121),
(0.00325325322151184,-0.00496896728873253,-0.00191367769241333),(0.00325325322151184,
-0.00496896728873253,0.00191367769241333),(0.00325325341974146,-2.91548240056727E-5,
0.001913677556045),(0.00325331670268672,-2.91548240056727E-5,-0.00191363402173583),
(0.00325332079156373,-0.00496896728873253,0.00191363120886998),(0.00326407255903746,
-0.00496896728873253,-0.00190623473313137),(0.00326407664791448,-2.91548240056727E-5,
0.00190623192026551),(0.00326413993085974,-2.91548240056727E-5,-0.00190618838595635),
(0.00326414012908936,-0.00496896728873253,-0.00190618824958802),(0.00326414012908936,
-0.00496896728873253,0.00190618824958802),(0.00326414033296246,-2.91548240056727E-5,
0.00190618812180647),(0.00326420541753768,-2.91548240056727E-5,-0.00190614732874658),
(0.00326420962282272,-0.00496896728873253,0.00190614469300003),(0.00327526748708633,
-0.00496896728873253,-0.00189921395530015),(0.00327527169237138,-2.91548240056727E-5,
0.00189921131955359),(0.0032753367769466,-2.91548240056727E-5,-0.0018991705264937),
(0.0032753369808197,-0.00496896728873253,-0.00189917039871216),(0.0032753369808197,
-0.00496896728873253,0.00189917039871216),(0.00327533718996295,-2.91548240056727E-5,
0.00189917027975181),(0.00327540395698338,-2.91548240056727E-5,-0.00189913230277814),
(0.00327540827097562,-0.00496896728873253,0.0018991298489863),(0.00328408381156008,
-0.00496896728873253,0.00502059376224982),(0.00328413425187813,-2.91548240056727E-5,
-0.00502061155853117),(0.00328491490922651,-2.91548240056727E-5,0.00502088698894763),
(0.00328491735458374,-0.00496896728873253,-0.00502088785171509),(0.00328491735458374,
-0.00496896728873253,0.00502088785171509),(0.0032849203062398,-2.91548240056727E-5,
-0.00502088585105588),(0.00328586259474119,-2.91548240056727E-5,0.00502024715937656),
(0.00328592347847181,-0.00496896728873253,-0.00502020589183261),(0.00328675198254916,
-0.00496896728873253,-0.0018926775641149),(0.0032867562965414,-2.91548240056727E-5,
0.00189267511032306),(0.00328682306356183,-2.91548240056727E-5,-0.00189263713334939),
(0.00328682327270508,-0.00496896728873253,-0.00189263701438904),(0.00328682327270508,
-0.00496896728873253,0.00189263701438904),(0.00328682348673212,-2.91548240056727E-5,
0.00189263690446695),(0.0032868918128554,-2.91548240056727E-5,-0.00189260181287295),
(0.00328689622758536,-0.00496896728873253,0.00189259954551306),(0.00329850483061166,
-0.00496896728873253,-0.00188663748642359),(0.00329850924534163,-2.91548240056727E-5,
0.00188663521906369),(0.00329857757146491,-2.91548240056727E-5,-0.00188660012746969),
(0.00329857778549194,-0.00496896728873253,-0.00188660001754761),(0.00329857778549194,
-0.00496896728873253,0.00188660001754761),(0.00329857800402509,-2.91548240056727E-5,
0.00188659991686565),(0.00329864776868059,-2.91548240056727E-5,-0.00188656777509423),
(0.0032986522763579,-0.00496896728873253,0.00188656569833012),(0.00331050528589796,
-0.00496896728873253,-0.00188110481386929),(0.00331050979357527,-2.91548240056727E-5,
0.00188110273710517),(0.00331057955823077,-2.91548240056727E-5,-0.00188107059533376),
(0.00331057977676392,-0.00496896728873253,-0.0018810704946518),(0.00331057977676392,
-0.00496896728873253,0.0018810704946518),(0.00331057999939076,-2.91548240056727E-5,
0.00188107040339446),(0.00331065107092092,-2.91548240056727E-5,-0.00188104127034508),
(0.00331065566303882,-0.00496896728873253,0.00188103938798237),(0.00332273071048107,
-0.00496896728873253,-0.00187608968516063),(0.00332273530259897,-2.91548240056727E-5,
0.00187608780279793),(0.00332280637412914,-2.91548240056727E-5,-0.00187605866974855),
(0.00332280659675598,-0.00496896728873253,-0.00187605857849121),(0.00332280659675598,
-0.00496896728873253,0.00187605857849121),(0.00332280682307713,-2.91548240056727E-5,
0.00187605849681912),(0.00332287907398198,-2.91548240056727E-5,-0.00187603242376893),
(0.00332288374230238,-0.00496896728873253,0.0018760307391208),(0.00333515916541247,
-0.00496896728873253,-0.0018716009299237),(0.00333516383373286,-2.91548240056727E-5,
0.00187159924527556),(0.00333523608463771,-2.91548240056727E-5,-0.00187157317222538),
(0.00333523631095887,-0.00496896728873253,-0.00187157309055328),(0.00333523631095887,
-0.00496896728873253,0.00187157309055328),(0.00333523654056627,-2.91548240056727E-5,
0.00187157301861837),(0.0033353098405741,-2.91548240056727E-5,-0.0018715500540728),
(0.00333531457667979,-0.00496896728873253,0.0018715485702733),(0.00334206216623315,
-0.00496896728873253,-0.00324371634674795),(0.00334222749465573,-2.91548240056727E-5,
0.00324387681692595),(0.00334477824306306,-2.91548240056727E-5,-0.00324635261052858),
(0.00334479427337647,-0.00496896728873253,-0.00324636816978455),(0.00334479427337647,
-0.00496896728873253,0.00324636816978455),(0.00334479427337647,-2.91548240056727E-5,
-0.00324636816978455),(0.00334479478178075,-2.91548240056727E-5,0.00324636866717536),
(0.00334495708508033,-2.91548240056727E-5,-0.00324652745452477),(0.00334496757192205,
-0.00496896728873253,0.00324653771419173),(0.0033477682423052,-0.00496896728873253,
-0.00186764689576827),(0.00334777297841089,-2.91548240056727E-5,0.00186764541196876),
(0.00334784627841872,-2.91548240056727E-5,-0.00186762244742319),(0.00334784650802612,
-0.00496896728873253,-0.00186762237548828),(0.00334784650802612,-0.00496896728873253,
0.00186762237548828),(0.00334784674049,-2.91548240056727E-5,0.00186762231342513),
(0.00334792095239976,-2.91548240056727E-5,-0.00186760250034612),(0.00334792574742583,
-0.00496896728873253,0.00186760122017113),(0.00336053434511873,-0.00496896728873253,
-0.0018642349795893),(0.0033605391401448,-2.91548240056727E-5,0.00186423369941432),
(0.00336061335205456,-2.91548240056727E-5,-0.0018642138863353),(0.00336061358451844,
-0.00496896728873253,-0.00186421382427215),(0.00336061358451844,-0.00496896728873253,
0.00186421382427215),(0.00336061381942203,-2.91548240056727E-5,0.00186421377218929),
(0.00336068881019029,-2.91548240056727E-5,-0.00186419714522357),(0.00336069365554044,
-0.00496896728873253,0.00186419607091172),(0.0033725428898852,-0.00496896728873253,
-0.0032735156724965),(0.00337255337672693,-2.91548240056727E-5,0.00327352593216347),
(0.00337271568002649,-2.91548240056727E-5,-0.00327368471951287),(0.00337271618843079,
-0.00496896728873253,-0.00327368521690369),(0.00337271618843079,-0.00496896728873253,
0.00327368521690369),(0.00337271638084762,-2.91548240056727E-5,0.00327368542853876),
(0.00337277780811401,-2.91548240056727E-5,-0.0032737529910481),(0.00337278177709075,
-0.00496896728873253,0.00327375735643897),(0.00337343458123019,-0.00496896728873253,
-0.00186137115072982),(0.00337343942658035,-2.91548240056727E-5,0.00186137007641797),
(0.0033735144173486,-2.91548240056727E-5,-0.00186135344945225),(0.0033735146522522,
-0.00496896728873253,-0.00186135339736939),(0.0033735146522522,-0.00496896728873253,
0.00186135339736939),(0.0033735148891614,-2.91548240056727E-5,0.00186135335536448),
(0.00337359052020123,-2.91548240056727E-5,-0.00186133994569411),(0.00337359540692101,
-0.00496896728873253,0.00186133907926015),(0.00338321826487092,-0.00496896728873253,
-0.00328523622151818),(0.00338322223384765,-2.91548240056727E-5,0.00328524058690905),
(0.00338328366111406,-2.91548240056727E-5,-0.0032853081494184),(0.00338328385353088,
-0.00496896728873253,-0.00328530836105347),(0.00338328385353088,-0.00496896728873253,
0.00328530836105347),(0.00338328409131266,-2.91548240056727E-5,0.00328530864776861),
(0.00338336000091219,-2.91548240056727E-5,-0.00328540017888576),(0.00338336490563045,
-0.00496896728873253,0.00328540609295122),(0.0033864451147007,-0.00496896728873253,
-0.00185906077730723),(0.00338645000142047,-2.91548240056727E-5,0.00185905991087327),
(0.00338652563246031,-2.91548240056727E-5,-0.0018590465012029),(0.00338652586936951,
-0.00496896728873253,-0.001859046459198),(0.00338652586936951,-0.00496896728873253,
0.001859046459198),(0.00338652610786322,-2.91548240056727E-5,0.00185904642734703),
(0.00338660224474531,-2.91548240056727E-5,-0.00185903625922471),(0.00338660716414888,
-0.00496896728873253,0.00185903560223567),(0.00339626194068303,-0.00496896728873253,
-0.00330095722263106),(0.00339626684540128,-2.91548240056727E-5,0.00330096313669652),
(0.00339634275500082,-2.91548240056727E-5,-0.00330105466781367),(0.00339634299278259,
-0.00496896728873253,-0.00330105495452881),(0.00339634299278259,-0.00496896728873253,
0.00330105495452881),(0.00339634326217223,-2.91548240056727E-5,0.00330105530549286),
(0.00339642926228541,-2.91548240056727E-5,-0.00330116734747418),(0.0033964348189782,
-0.00496896728873253,0.00330117458680034),(0.00339954281448882,-0.00496896728873253,
-0.00185730803904546),(0.00339954773389238,-2.91548240056727E-5,0.00185730738205642),
(0.00339962387077447,-2.91548240056727E-5,-0.00185729721393409),(0.00339962410926819,
-0.00496896728873253,-0.00185729718208313),(0.00339962410926819,-0.00496896728873253,
0.00185729718208313),(0.00339962434889929,-2.91548240056727E-5,0.0018572971604447),
(0.0033997008488791,-2.91548240056727E-5,-0.00185729025257967),(0.00339970579174338,
-0.00496896728873253,0.00185728980624441),(0.00341104623151314,-0.00496896728873253,
-0.00332021051070332),(0.00341105178820593,-2.91548240056727E-5,0.00332021775002949),
(0.00341113778831911,-2.91548240056727E-5,-0.0033203297920108),(0.00341113805770874,
-0.00496896728873253,-0.00332033014297486),(0.00341113805770874,-0.00496896728873253,
0.00332033014297486),(0.00341113839088279,-2.91548240056727E-5,0.00332033061128001),
(0.00341124475357212,-2.91548240056727E-5,-0.00332048011330578),(0.00341125162594434,
-0.00496896728873253,0.00332048977302364),(0.00341270313235941,-0.00496896728873253,
-0.00185611616051432),(0.00341270807522368,-2.91548240056727E-5,0.00185611571417905),
(0.0034127845752035,-2.91548240056727E-5,-0.00185610880631403),(0.0034127848148346,
-0.00496896728873253,-0.0018561087846756),(0.0034127848148346,-0.00496896728873253,
0.0018561087846756),(0.0034127850551733,-2.91548240056727E-5,0.00185610877328661),
(0.00341286178104979,-2.91548240056727E-5,-0.00185610513745876),(0.00341286673850984,
-0.00496896728873253,0.0018561049025384),(0.00342590245895415,-0.00496896728873253,
-0.00185548717567053),(0.00342590741641419,-2.91548240056727E-5,0.00185548694075016),
(0.00342598414229069,-2.91548240056727E-5,-0.00185548330492232),(0.0034259843826294,
-0.00496896728873253,-0.00185548329353332),(0.0034259843826294,-0.00496896728873253,
0.00185548329353332),(0.00342598462323291,-2.91548240056727E-5,0.00185548329241765),
(0.00342606143364743,-2.91548240056727E-5,-0.00185548293624927),(0.00342606639656969,
-0.00496896728873253,0.00185548291323629),(0.00342932263858202,-0.00496896728873253,
-0.00334589015556523),(0.00342932951095425,-2.91548240056727E-5,0.00334589981528309),
(0.00342943587364358,-2.91548240056727E-5,-0.00334604931730886),(0.00342943620681763,
-0.00496896728873253,-0.00334604978561402),(0.00342943620681763,-0.00496896728873253,
0.00334604978561402),(0.00342943662727904,-2.91548240056727E-5,0.0033460504281249),
(0.00342957085564037,-2.91548240056727E-5,-0.00334625554369578),(0.00342957952848673,
-0.00496896728873253,0.0033462687967506),(0.00343911648001722,-0.00496896728873253,
-0.00185542240025552),(0.00343912144293949,-2.91548240056727E-5,0.00185542237724256),
(0.003439198253354,-2.91548240056727E-5,-0.00185542202107417),(0.00343919849395752,
-0.00496896728873253,-0.00185542201995849),(0.00343919849395752,-0.00496896728873253,
0.00185542201995849),(0.00343919873439173,-2.91548240056727E-5,0.00185542202911831),
(0.00343927549075735,-2.91548240056727E-5,-0.00185542495330232),(0.00343928045018737,
-0.00496896728873253,0.00185542514224151),(0.00344601822150988,-0.00496896728873253,
0.00491169222523284),(0.0034460791052405,-2.91548240056727E-5,-0.00491165095768887),
(0.00344702139374188,-2.91548240056727E-5,0.00491101226600956),(0.00344702434539795,
-0.00496896728873253,-0.00491101026535034),(0.00344702434539795,-0.00496896728873253,
0.00491101026535035),(0.00344702723019607,-2.91548240056727E-5,-0.0049110081694204),
(0.00344794817492592,-2.91548240056727E-5,0.00491033906345564),(0.0034480076795795,
-0.00496896728873253,-0.00491029583076495),(0.0034523213507312,-0.00496896728873253,
-0.00185592196087738),(0.00345232631016123,-2.91548240056727E-5,0.00185592214981658),
(0.00345238491662742,-0.00496896728873253,-0.00338111791627736),(0.00345239358947377,
-2.91548240056727E-5,0.00338113116933217),(0.00345240306652685,-2.91548240056727E-5,
-0.00185592507400059),(0.00345240330696106,-0.00496896728873253,-0.0018559250831604),
(0.00345240330696106,-0.00496896728873253,0.0018559250831604),(0.00345240354678317,
-2.91548240056727E-5,0.00185592510257617),(0.00345248010774123,-2.91548240056727E-5,
-0.00185593130087616),(0.00345248505454547,-0.00496896728873253,0.00185593170136457),
(0.0034525278178351,-2.91548240056727E-5,-0.00338133628490306),(0.00345252823829651,
-0.00496896728873253,-0.00338133692741394),(0.00345252823829651,-0.00496896728873253,
0.00338133692741394),(0.0034525286743079,-2.91548240056727E-5,0.0033813376545337),
(0.0034526678668527,-2.91548240056727E-5,-0.00338156978069528),(0.00345267686044796,
-0.00496896728873253,0.00338158477897519),(0.00346549275536054,-0.00496896728873253,
-0.00185698479205126),(0.00346549770216477,-2.91548240056727E-5,0.00185698519253967),
(0.00346557426312284,-2.91548240056727E-5,-0.00185699139083967),(0.00346557450294495,
-0.00496896728873253,-0.00185699141025543),(0.00346557450294495,-0.00496896728873253,
0.00185699141025543),(0.00346557474172084,-2.91548240056727E-5,0.00185699143989459),
(0.00346565096868443,-2.91548240056727E-5,-0.00185700090191655),(0.00346565589390839,
-0.00496896728873253,0.00185700151328259),(0.00347632566297429,-0.00496896728873253,
-0.0034210229957593),(0.00347633465656955,-2.91548240056727E-5,0.00342103799403921),
(0.00347647384911435,-2.91548240056727E-5,-0.00342127012020079),(0.00347647428512573,
-0.00496896728873253,-0.00342127084732055),(0.00347647428512573,-0.00496896728873253,
0.00342127084732055),(0.00347647475961701,-2.91548240056727E-5,0.00342127171220215),
(0.0034766262365064,-2.91548240056727E-5,-0.00342154781753691),(0.00347663602382537,
-0.00496896728873253,0.00342156565742651),(0.00347860684908782,-0.00496896728873253,
-0.00185860911007709),(0.00347861177431179,-2.91548240056727E-5,0.00185860972144313),
(0.00347868800127538,-2.91548240056727E-5,-0.0018586191834651),(0.00347868824005127,
-0.00496896728873253,-0.00185861921310425),(0.00347868824005127,-0.00496896728873253,
0.00185861921310425),(0.0034786884773425,-2.91548240056727E-5,0.00185861925290819),
(0.00347876423033881,-2.91548240056727E-5,-0.00185863195994288),(0.00347876912493851,
-0.00496896728873253,0.00185863278097771),(0.00349163955311629,-0.00496896728873253,
-0.00186079170518257),(0.003491644447716,-2.91548240056727E-5,0.0018607925262174),
(0.00349172020071232,-2.91548240056727E-5,-0.00186080523325209),(0.00349172043800354,
-0.00496896728873253,-0.00186080527305603),(0.00349172043800354,-0.00496896728873253,
0.00186080527305603),(0.00349172067338466,-2.91548240056727E-5,0.00186080532295964),
(0.00349179581659853,-2.91548240056727E-5,-0.00186082125421903),(0.0034918006717986,
-0.00496896728873253,0.00186082228357947),(0.00350237193554048,-0.00496896728873253,
-0.00346847593231043),(0.00350238172285945,-2.91548240056727E-5,0.00346849377220002),
(0.00350253319974884,-2.91548240056727E-5,-0.00346876987753478),(0.00350253367424012,
-0.00496896728873253,-0.00346877074241638),(0.00350253367424012,-0.00496896728873253,
0.00346877074241638),(0.00350253417611533,-2.91548240056727E-5,0.0034687717478121),
(0.00350269439506762,-2.91548240056727E-5,-0.00346909271096112),(0.0035027047472342,
-0.00496896728873253,0.00346911344923169),(0.00350456749798595,-0.00496896728873253,
-0.00186352900330866),(0.00350457235318601,-2.91548240056727E-5,0.0018635300326691),
(0.00350464749639988,-2.91548240056727E-5,-0.00186354596392848),(0.00350464773178101,
-0.00496896728873253,-0.00186354601383209),(0.00350464773178101,-0.00496896728873253,
0.00186354601383209),(0.00350464796480488,-2.91548240056727E-5,0.00186354607373552),
(0.00350472235549178,-2.91548240056727E-5,-0.00186356519734461),(0.0035047271620691,
-0.00496896728873253,0.00186356643297113),(0.00351736613398193,-0.00496896728873253,
-0.00186681553266608),(0.00351737094055924,-2.91548240056727E-5,0.00186681676829259),
(0.00351744533124614,-2.91548240056727E-5,-0.00186683589190168),(0.00351744556427002,
-0.00496896728873253,-0.00186683595180512),(0.00351744556427002,-0.00496896728873253,
0.00186683595180512),(0.00351744579453293,-2.91548240056727E-5,0.00186683602160636),
(0.00351751930380701,-2.91548240056727E-5,-0.00186685830499721),(0.00351752405343394,
-0.00496896728873253,0.00186685974478552),(0.00352992593475738,-0.00496896728873253,
-0.00352364506326525),(0.00352993628692396,-2.91548240056727E-5,0.00352366580153583),
(0.0035300132733788,-0.00496896728873253,-0.00187064569115808),(0.00353001802300573,
-2.91548240056727E-5,0.00187064713094639),(0.00353009153227981,-2.91548240056727E-5,
-0.00187066941433725),(0.00353009176254273,-0.00496896728873253,-0.00187066948413849),
(0.00353009176254273,-0.00496896728873253,0.00187066948413849),(0.0035300919896149,
-2.91548240056727E-5,0.00187066956370948),(0.00353009650587625,-2.91548240056727E-5,
-0.00352398676468484),(0.00353009700775146,-0.00496896728873253,-0.00352398777008056),
(0.00353009700775146,-0.00496896728873253,0.00352398777008056),(0.0035300975268914,
-2.91548240056727E-5,0.00352398892045744),(0.00353016448027512,-2.91548240056727E-5,
-0.00187069496599897),(0.00353016916408673,-0.00496896728873253,0.00187069660730749),
(0.00353026325744551,-2.91548240056727E-5,-0.00352435616748012),(0.00353027396573113,
-0.00496896728873253,0.00352437989627311),(0.00354248532161578,-0.00496896728873253,
-0.00187501245431513),(0.0035424900054274,-2.91548240056727E-5,0.00187501409562365),
(0.00354256249608762,-2.91548240056727E-5,-0.00187503949791315),(0.00354256272315979,
-0.00496896728873253,-0.00187503957748413),(0.00354256272315979,-0.00496896728873253,
0.00187503957748413),(0.00354256294662447,-2.91548240056727E-5,0.00187503966667292),
(0.00354263428562739,-2.91548240056727E-5,-0.00187506813935562),(0.00354263889502741,
-0.00496896728873253,0.0018750699790503),(0.00355475938607,-0.00496896728873253,
-0.0018799074856256),(0.00355476399547002,-2.91548240056727E-5,0.00187990932532028),
(0.00355483533447294,-2.91548240056727E-5,-0.00187993779800299),(0.00355483555793762,
-0.00496896728873253,-0.00187993788719178),(0.00355483555793762,-0.00496896728873253,
0.00187993788719178),(0.00355483577739109,-2.91548240056727E-5,0.00187993798584425),
(0.00355490583585086,-2.91548240056727E-5,-0.00187996947972182),(0.00355491036251163,
-0.00496896728873253,0.00187997151462381),(0.00355843157397224,-0.00496896728873253,
-0.00358677513683846),(0.00355844228225786,-2.91548240056727E-5,0.00358679886563146),
(0.00355860801281197,-2.91548240056727E-5,-0.00358716611265413),(0.0035586085319519,
-0.00496896728873253,-0.00358716726303101),(0.0035586085319519,-0.00496896728873253,
0.00358716726303101),(0.00355860905772511,-2.91548240056727E-5,0.00358716856199652),
(0.00355877690588735,-2.91548240056727E-5,-0.00358758324455016),(0.00355878775099718,
-0.00496896728873253,0.00358761003827719),(0.00356681328937436,-0.00496896728873253,
-0.00188532232196981),(0.00356681781603512,-2.91548240056727E-5,0.00188532435687182),
(0.0035668878744949,-2.91548240056727E-5,-0.00188535585074938),(0.00356688809394836,
-0.00496896728873253,-0.00188535594940185),(0.00356688809394836,-0.00496896728873253,
0.00188535594940185),(0.00356688830898689,-2.91548240056727E-5,0.00188535605733353),
(0.00356695695801769,-2.91548240056727E-5,-0.0018853905135065),(0.00356696139361156,
-0.00496896728873253,0.00188539273981017),(0.00357862485860097,-0.00496896728873253,
-0.00189124684091645),(0.00357862929419483,-2.91548240056727E-5,0.00189124906722012),
(0.00357869794322564,-2.91548240056727E-5,-0.0018912835233931),(0.00357869815826416,
-0.00496896728873253,-0.00189128363132477),(0.00357869815826416,-0.00496896728873253,
0.00189128363132477),(0.00357869815826416,-2.91548240056727E-5,0.00189128363132477),
(0.00357871790963178,-2.91548240056727E-5,-0.00189129406899126),(0.00358186075333356,
-2.91548240056727E-5,0.00189295491369942),(0.00358206445879904,-0.00496896728873253,
-0.00189306256243301),(0.00358730514069593,-0.00496896728873253,-0.00365806457186075),
(0.00358731598580577,-2.91548240056727E-5,0.00365809136558778),(0.00358748383396801,
-2.91548240056727E-5,-0.00365850604814142),(0.00358748435974121,-0.00496896728873253,
-0.00365850734710693),(0.00358748435974121,-0.00496896728873253,0.00365850734710693),
(0.00358748488116459,-2.91548240056727E-5,0.00365850879751757),(0.00358765134068589,
-2.91548240056727E-5,-0.00365897182750411),(0.003587662096072,-0.00496896728873253,
0.00365900174508553),(0.00360447611749387,-0.00496896728873253,0.00479661477943402),
(0.00360453562214744,-2.91548240056727E-5,-0.00479657154674334),(0.0036054565668773,
-2.91548240056727E-5,0.00479590244077857),(0.00360545945167542,-0.00496896728873253,
-0.00479590034484863),(0.00360545945167542,-0.00496896728873253,0.00479590034484863),
(0.00360546226652904,-2.91548240056727E-5,-0.00479589815589668),(0.00360636088213434,
-2.91548240056727E-5,0.0047951993535267),(0.00360641894404464,-0.00496896728873253,
-0.00479515420207342),(0.00361594355578347,-0.00496896728873253,-0.0037376705037548),
(0.00361595431116958,-2.91548240056727E-5,0.00373770042133623),(0.00361612077069088,
-2.91548240056727E-5,-0.00373816345132276),(0.00361612129211426,-0.00496896728873253,
-0.0037381649017334),(0.00361612129211426,-0.00496896728873253,0.0037381649017334),
(0.00361612179788348,-2.91548240056727E-5,0.00373816650571198),(0.00361628325996044,
-2.91548240056727E-5,-0.00373867856082144),(0.00361629369244857,-0.00496896728873253,
0.0037387116460446),(0.00364372608675676,-0.00496896728873253,-0.00382570976928438),
(0.00364373651924488,-2.91548240056727E-5,0.00382574285450754),(0.00364389798132185,
-2.91548240056727E-5,-0.003826254909617),(0.00364389848709106,-0.00496896728873253,
-0.00382625651359558),(0.00364389848709106,-0.00496896728873253,0.00382625651359558),
(0.00364389896567605,-2.91548240056727E-5,0.00382625827251824),(0.00364405174944008,
-2.91548240056727E-5,-0.00382681979207117),(0.00364406162119966,-0.00496896728873253,
0.00382685607332172),(0.00367001957081694,-0.00496896728873253,-0.00392225820165692),
(0.00367002944257651,-2.91548240056727E-5,0.00392229448290746),(0.00367018222634055,
-2.91548240056727E-5,-0.00392285600246039),(0.00367018270492553,-0.00496896728873253,
-0.00392285776138305),(0.00367018270492553,-0.00496896728873253,0.00392285776138305),
(0.00367018314461387,-2.91548240056727E-5,0.00392285967588794),(0.00367032351098989,
-2.91548240056727E-5,-0.00392347086360712),(0.00367033258042946,-0.00496896728873253,
0.0039235103540481),(0.00369418081678734,-0.00496896728873253,-0.00402735109996191),
(0.00369418988622691,-2.91548240056727E-5,0.00402739059040289),(0.00369433025260292,
-2.91548240056727E-5,-0.00402800177812207),(0.00369433069229126,-0.00496896728873253,
-0.00402800369262696),(0.00369433069229126,-0.00496896728873253,0.00402800369262696),
(0.0036943310812273,-2.91548240056727E-5,0.00402800576257949),(0.00369445524540649,
-2.91548240056727E-5,-0.00402866657550297),(0.00369446326797965,-0.00496896728873253,
0.00402870927235852),(0.00371555875236031,-0.00496896728873253,-0.00414098133661976),
(0.00371556677493348,-2.91548240056727E-5,0.00414102403347531),(0.00371569093911267,
-2.91548240056727E-5,-0.00414168484639878),(0.00371569132804871,-0.00496896728873253,
-0.00414168691635132),(0.00371569132804871,-0.00496896728873253,0.00414168691635132),
(0.00371569165431166,-2.91548240056727E-5,0.00414168914090064),(0.00371579581069722,
-2.91548240056727E-5,-0.00414239930739806),(0.00371580254051437,-0.00496896728873253,
0.00414244519311741),(0.00373349870231399,-0.00496896728873253,-0.00426310242574856),
(0.00373350543213115,-2.91548240056727E-5,0.00426314831146791),(0.00373360958851672,
-2.91548240056727E-5,-0.00426385847796532),(0.00373360991477966,-0.00496896728873253,
-0.00426386070251465),(0.00373360991477966,-0.00496896728873253,0.00426386070251465),
(0.00373361016639232,-2.91548240056727E-5,0.00426386308006322),(0.00373369049137112,
-2.91548240056727E-5,-0.0042646220901347),(0.00373369568137861,-0.00496896728873253,
0.00426467113176544),(0.00374126172065735,-0.00496896728873253,-0.000273167073726654),
(0.00374126172065735,-0.00496896728873253,0.000273167073726654),(0.00374126172108712,
-2.91548240056727E-5,0.00027316683311934),(0.00374126173050307,-2.91548240056727E-5,
-0.000273167314132647),(0.00374126185828817,-2.91548240056727E-5,-0.000273090021492188),
(0.0037412618671531,-0.00496896728873253,0.000273085058491568),(0.00374126487365441,
-2.91548240056727E-5,0.000273244061490116),(0.00374126507674165,-0.00496896728873253,
-0.000273249020338102),(0.00374128517760094,-0.00496896728873253,-0.000260034769017358),
(0.00374128518646586,-2.91548240056727E-5,0.000260029806016739),(0.0037412853236669,
-2.91548240056727E-5,-0.000259952994389586),(0.00374128532409668,-0.00496896728873253,
-0.000259952753782273),(0.00374128532409668,-0.00496896728873253,0.000259952753782273),
(0.0037412853347976,-2.91548240056727E-5,0.000259952513412907),(0.00374128875096518,
-2.91548240056727E-5,-0.000259875777748711),(0.00374128897169272,-0.00496896728873253,
0.000259870819656257),(0.00374179909791045,-0.00496896728873253,0.000286288390397982),
(0.0037417993009977,-2.91548240056727E-5,-0.000286293349245968),(0.00374180244414904,
-2.91548240056727E-5,0.000286370096603436),(0.00374180245399475,-0.00496896728873253,
-0.00028637033700943),(0.00374180245399475,-0.00496896728873253,0.00028637033700943),
(0.00374180247409425,-2.91548240056727E-5,-0.000286370576776733),(0.00374180889066863,
-2.91548240056727E-5,0.000286447120238195),(0.00374180930526033,-0.00496896728873253,
-0.000286452065911926),(0.00374186937829813,-0.00496896728873253,-0.000246833436282274),
(0.00374186959902567,-2.91548240056727E-5,0.000246828478189819),(0.00374187302589417,
-0.00496896728873253,-0.000246751502156258),(0.00374187302589417,-0.00496896728873253,
0.000246751502156258),(0.00374187302589417,-2.91548240056727E-5,-0.000246751502156258),
(0.00374187302589417,-2.91548240056727E-5,0.000246751502156258),(0.00374190856384115,
-2.91548240056727E-5,0.000246032492535297),(0.00374191085287085,-0.00496896728873253,
-0.000245986180507893),(0.00374289948075041,-0.00496896728873253,0.000299456794056259),
(0.0037428998953421,-2.91548240056727E-5,-0.00029946173972999),(0.0037429063119165,
-2.91548240056727E-5,0.000299538283191453),(0.00374290633201599,-0.00496896728873253,
-0.000299538522958755),(0.00374290633201599,-0.00496896728873253,0.000299538522958755),
(0.00374290636233454,-2.91548240056727E-5,-0.00029953876164837),(0.00374291604124502,
-2.91548240056727E-5,0.000299614961067803),(0.00374291666662481,-0.00496896728873253,
-0.000299619884512077),(0.00374456111276362,-0.00496896728873253,0.000312566159942498),
(0.0037445617381434,-2.91548240056727E-5,-0.000312571083386771),(0.00374457141705389,
-2.91548240056727E-5,0.000312647282806205),(0.00374457144737244,-0.00496896728873253,
-0.000312647521495819),(0.00374457144737244,-0.00496896728873253,0.000312647521495819),
(0.0037445714878536,-2.91548240056727E-5,-0.000312647758673088),(0.00374458441108388,
-2.91548240056727E-5,0.000312723475290338),(0.00374458524608767,-0.00496896728873253,
-0.000312728367539497),(0.00374678090190733,-0.00496896728873253,0.00032559261491671),
(0.00374678173691111,-2.91548240056727E-5,-0.000325597507165868),(0.0037467946601414,
-2.91548240056727E-5,0.00032567322378312),(0.00374679470062256,-0.00496896728873253,
-0.000325673460960388),(0.00374679470062256,-0.00496896728873253,0.000325673460960388),
(0.00374679475120122,-2.91548240056727E-5,-0.000325673696192824),(0.00374681089796327,
-2.91548240056727E-5,0.000325748791940674),(0.0037468119412479,-0.00496896728873253,
-0.000325753644073833),(0.00374734288902545,-0.00496896728873253,-0.00439362688382904),
(0.00374734807903293,-2.91548240056727E-5,0.00439367592545978),(0.00374742840401173,
-2.91548240056727E-5,-0.00439443493553126),(0.00374742865562439,-0.00496896728873253,
-0.00439443731307983),(0.00374742865562439,-0.00496896728873253,0.00439443731307983),
(0.00374742882060085,-2.91548240056727E-5,0.00439443984171756),(0.00374748148778804,
-2.91548240056727E-5,-0.00439524708558066),(0.0037474848907531,-0.00496896728873253,
0.00439529924372313),(0.00374792989305505,-0.00496896728873253,0.000124207964039093),
(0.00374793218208475,-2.91548240056727E-5,-0.000124161652011689),(0.0037479676090591,
-2.91548240056727E-5,0.000123444887607558),(0.00374796772003174,-0.00496896728873253,
-0.000123442642390728),(0.00374796772003174,-0.00496896728873253,0.000123442642390728),
(0.00374796775703565,-2.91548240056727E-5,-0.000123440394737974),(0.0037479795701847,
-2.91548240056727E-5,0.000122722852687989),(0.00374798033346324,-0.00496896728873253,
-0.000122676490414847),(0.00374955527486234,-0.00496896728873253,0.000338512405788075),
(0.00374955631814697,-2.91548240056727E-5,-0.000338517257921234),(0.00374957246490901,
-2.91548240056727E-5,0.000338592353669084),(0.00374957251548767,-0.00496896728873253,
-0.00033859258890152),(0.00374957251548767,-0.00496896728873253,0.00033859258890152),
(0.0037495725760553,-2.91548240056727E-5,-0.000338592821760436),(0.00374959191170237,
-2.91548240056727E-5,0.000338667159784301),(0.00374959316102922,-0.00496896728873253,
-0.000338671962958927),(0.0037499873865685,-0.00496896728873253,7.66151975880829E-7),
(0.00374998814984704,-2.91548240056727E-5,-7.19789702739568E-7),(0.0037499999629961,
-2.91548240056727E-5,2.24765275342354E-9),(0.00375,-0.00496896728873253,
-2.0405959406065E-19),(0.00375287828596174,-0.00496896728873253,0.000351301987427121),
(0.00375287953528859,-2.91548240056727E-5,-0.000351306790601747),(0.00375289887093567,
-2.91548240056727E-5,0.000351381128625611),(0.00375289893150329,-0.00496896728873253,
-0.000351381361484528),(0.00375289893150329,-0.00496896728873253,0.000351381361484528),
(0.00375289900196005,-2.91548240056727E-5,-0.000351381591545035),(0.00375292149461716,
-2.91548240056727E-5,0.000351455036202966),(0.0037529229479267,-0.00496896728873253,
-0.000351459781654877),(0.00375643304175728,-0.00496896728873253,-0.00453244991322877),
(0.00375643644472234,-2.91548240056727E-5,0.00453250207137125),(0.00375648911190953,
-2.91548240056727E-5,-0.00453330931523435),(0.00375648927688598,-0.00496896728873253,
-0.00453331184387207),(0.00375648927688599,-0.00496896728873253,0.00453331184387207),
(0.0037564893417774,-2.91548240056727E-5,0.00453331443615095),(0.00375651005775019,
-2.91548240056727E-5,-0.00453414199685652),(0.00375651139626351,-0.00496896728873253,
0.00453419546772345),(0.00375674444861871,-0.00496896728873253,0.000363938023320632),
(0.00375674590192825,-2.91548240056727E-5,-0.000363942768772543),(0.00375676839458536,
-2.91548240056727E-5,0.000364016213430475),(0.00375676846504212,-0.00496896728873253,
-0.000364016443490982),(0.00375676846504212,-0.00496896728873253,0.000364016443490982),
(0.0037567685452621,-2.91548240056727E-5,-0.000364016670333074),(0.00375679415473904,
-2.91548240056727E-5,0.000364089087542228),(0.00375679580943448,-0.00496896728873253,
-0.000364093766607979),(0.00375909366543717,-0.00496896728873253,0.00467642773380915),
(0.00375915172734747,-2.91548240056727E-5,-0.00467638258235587),(0.00376003103842887,
-0.00496896728873253,-0.00467479796718256),(0.0037600323769422,-2.91548240056727E-5,
0.00467485143804949),(0.00376005034295277,-2.91548240056727E-5,0.00467568377998589),
(0.00376005309291499,-2.91548240056727E-5,-0.00467567899875507),(0.00376005315780639,
-0.00496896728873253,-0.00467568159103394),(0.00376005315780639,-0.00496896728873253,
0.00467568159103394),(0.00376114685757296,-0.00496896728873253,0.000376397444806357),
(0.00376114851226841,-2.91548240056727E-5,-0.000376402123872108),(0.00376117412174535,
-2.91548240056727E-5,0.000376474541081263),(0.00376117420196533,-0.00496896728873253,
-0.000376474767923355),(0.00376117420196533,-0.00496896728873253,0.000376474767923355),
(0.00376117429179227,-2.91548240056727E-5,-0.000376474991133538),(0.00376120296819774,
-2.91548240056727E-5,0.000376546248889874),(0.00376120482105549,-0.00496896728873253,
-0.000376550853040338),(0.00376607694011394,-0.00496896728873253,0.000388657540295005),
(0.00376607879297169,-2.91548240056727E-5,-0.000388662144445469),(0.00376610746937717,
-2.91548240056727E-5,0.000388733402201805),(0.0037661075592041,-0.00496896728873253,
-0.000388733625411987),(0.0037661075592041,-0.00496896728873253,0.000388733625411987),
(0.0037661076584817,-2.91548240056727E-5,-0.00038873384458328),(0.00376613935192442,
-2.91548240056727E-5,0.000388803812961559),(0.00376614139972086,-0.00496896728873253,
-0.000388808333801926),(0.00377152611317282,-0.00496896728873253,0.00040069595582515),
(0.00377152816096925,-2.91548240056727E-5,-0.000400700476665517),(0.00377155985441198,
-2.91548240056727E-5,0.000400770445043796),(0.00377155995368958,-0.00496896728873253,
-0.000400770664215088),(0.00377155995368958,-0.00496896728873253,0.000400770664215088),
(0.00377156006223117,-2.91548240056727E-5,-0.000400770878948104),(0.00377159471311878,
-2.91548240056727E-5,0.00040083943044836),(0.00377159695200347,-0.00496896728873253,
-0.000400843859740523),(0.00377748413510896,-0.00496896728873253,0.000412490754297944),
(0.00377748637399365,-2.91548240056727E-5,-0.000412495183590108),(0.00377752102488125,
-2.91548240056727E-5,0.000412563735090364),(0.00377752113342285,-0.00496896728873253,
-0.00041256394982338),(0.00377752113342285,-0.00496896728873253,0.00041256394982338),
(0.00377752125104178,-2.91548240056727E-5,-0.000412564159725245),(0.00377755879978188,
-2.91548240056727E-5,0.000412631168926316),(0.00377756122590442,-0.00496896728873253,
-0.000412635498566486),(0.00378394075392346,-0.00496896728873253,0.000424020356612348),
(0.003783943180046,-2.91548240056727E-5,-0.000424024686252517),(0.0037839807287861,
-2.91548240056727E-5,0.000424091695453588),(0.00378398084640503,-0.00496896728873253,
-0.000424091905355454),(0.00378398084640503,-0.00496896728873253,0.000424091905355454),
(0.00378398097287555,-2.91548240056727E-5,-0.00042409211004415),(0.00378402134740295,
-2.91548240056727E-5,0.000424157454989545),(0.00378402395610702,-0.00496896728873253,
-0.000424161677097792),(0.00379088358516801,-0.00496896728873253,0.000435263778234011),
(0.00379088619387208,-2.91548240056727E-5,-0.000435268000342258),(0.00379092656839948,
-2.91548240056727E-5,0.000435333345287653),(0.00379092669486999,-0.00496896728873253,
-0.000435333549976349),(0.00379092669486999,-0.00496896728873253,0.000435333549976349),
(0.00379092682996203,-2.91548240056727E-5,-0.000435333749078536),(0.00379096995682565,
-2.91548240056727E-5,0.000435397310583505),(0.00379097274336538,-0.00496896728873253,
-0.000435401417458991),(0.00379829999413767,-0.00496896728873253,0.000446200512205622),
(0.0037983027806774,-2.91548240056727E-5,-0.000446204619081106),(0.00379834590754103,
-2.91548240056727E-5,0.000446268180586075),(0.00379834604263305,-0.00496896728873253,
-0.000446268379688263),(0.00379834604263305,-0.00496896728873253,0.000446268379688263),
(0.00379834618610349,-2.91548240056727E-5,-0.000446268572840913),(0.00379839198769467,
-2.91548240056727E-5,0.000446330235012145),(0.00379839494705556,-0.00496896728873253,
-0.000446334219166697),(0.00380617663383128,-0.00496896728873253,0.000456810617259084),
(0.00380617959319217,-2.91548240056727E-5,-0.000456814601413636),(0.00380622539478335,
-2.91548240056727E-5,0.000456876263584867),(0.00380622553825378,-0.00496896728873253,
-0.000456876456737518),(0.00380622553825378,-0.00496896728873253,0.000456876456737518),
(0.00380622568984216,-2.91548240056727E-5,-0.000456876643588457),(0.00380627408300874,
-2.91548240056727E-5,0.000456936293997311),(0.00380627720981811,-0.00496896728873253,
-0.000456940148166622),(0.0038144992050531,-0.00496896728873253,0.000467074747987781),
(0.00381450233186247,-2.91548240056727E-5,-0.000467078602157092),(0.00381455072502905,
-2.91548240056727E-5,0.000467138252565946),(0.00381455087661743,-0.00496896728873253,
-0.000467138439416885),(0.00381455087661743,-0.00496896728873253,0.000467138439416885),
(0.00381455103604157,-2.91548240056727E-5,-0.00046713861962479),(0.00381460193070206,
-2.91548240056727E-5,0.000467196149307301),(0.00381460521913951,-0.00496896728873253,
-0.000467199866450923),(0.00382325221799429,-0.00496896728873253,0.000476974155031544),
(0.00382325550643173,-2.91548240056727E-5,-0.000476977872175166),(0.00382330640109222,
-2.91548240056727E-5,0.000477035401857677),(0.00382330656051636,-0.00496896728873253,
-0.000477035582065582),(0.00382330656051636,-0.00496896728873253,0.000477035582065582),
(0.00382330672749409,-2.91548240056727E-5,-0.000477035755302153),(0.00382336003356698,
-2.91548240056727E-5,0.000477091059451964),(0.00382336347781211,-0.00496896728873253,
-0.000477094632798083),(0.00383242017544717,-0.00496896728873253,0.000486490803546064),
(0.0038324236196923,-2.91548240056727E-5,-0.000486494376892183),(0.00383247692576519,
-2.91548240056727E-5,0.000486549681041994),(0.00383247709274292,-0.00496896728873253,
-0.000486549854278565),(0.00383247709274292,-0.00496896728873253,0.000486549854278565),
(0.00383247726696602,-2.91548240056727E-5,-0.000486550020227985),(0.00383253288605461,
-2.91548240056727E-5,0.000486602998023111),(0.00383253647974974,-0.00496896728873253,
-0.000486606421057354),(0.00384198615857119,-0.00496896728873253,0.000495607344325413),
(0.00384198975226633,-2.91548240056727E-5,-0.000495610767359656),(0.00384204537135491,
-2.91548240056727E-5,0.000495663745154782),(0.00384204554557801,-0.00496896728873253,
-0.000495663911104202),(0.00384204554557801,-0.00496896728873253,0.000495663911104202),
(0.00384204572672522,-2.91548240056727E-5,-0.000495664069462048),(0.00384210355627518,
-2.91548240056727E-5,0.000495714623718411),(0.00384210729279403,-0.00496896728873253,
-0.000495717890161461),(0.00385193252883073,-0.00496896728873253,0.000504307054382377),
(0.00385193626534958,-2.91548240056727E-5,-0.000504310320825427),(0.00385199409489954,
-2.91548240056727E-5,0.00050436087508179),(0.00385199427604675,-0.00496896728873253,
-0.000504361033439636),(0.00385199427604675,-0.00496896728873253,0.000504361033439636),
(0.00385199446379251,-2.91548240056727E-5,-0.000504361183921021),(0.00385205439986365,
-2.91548240056727E-5,0.000504409223690955),(0.00385205827249036,-0.00496896728873253,
-0.000504412327666443),(0.00386224140631214,-0.00496896728873253,0.000512574280838806),
(0.00386224527893884,-2.91548240056727E-5,-0.000512577384814294),(0.00386230521500998,
-2.91548240056727E-5,0.000512625424584229),(0.00386230540275574,-0.00496896728873253,
-0.000512625575065613),(0.00386230540275574,-0.00496896728873253,0.000512625575065613),
(0.00386230559675275,-2.91548240056727E-5,-0.000512625717391075),(0.00386236752847553,
-2.91548240056727E-5,0.00051267115345925),(0.00386237153004652,-0.00496896728873253,
-0.000512674089202742),(0.00387289372492785,-0.00496896728873253,0.000520393673648973),
(0.00387289772649883,-2.91548240056727E-5,-0.000520396609392465),(0.00387295965822163,
-2.91548240056727E-5,0.00052044204546064),(0.00387295985221863,-0.00496896728873253,
-0.000520442187786102),(0.00387295985221863,-0.00496896728873253,0.000520442187786102),
(0.00387296005211525,-2.91548240056727E-5,-0.000520442321700599),(0.00387302386723428,
-2.91548240056727E-5,0.0005204850726472),(0.00387302799049644,-0.00496896728873253,
-0.000520487834897947),(0.00388387017425271,-0.00496896728873253,0.000527751217397738),
(0.00388387429751487,-2.91548240056727E-5,-0.000527753979648485),(0.0038839381126339,
-2.91548240056727E-5,0.000527796730595086),(0.00388393831253052,-0.00496896728873253,
-0.000527796864509583),(0.00388393831253052,-0.00496896728873253,0.000527796864509583),
(0.0038839385179621,-2.91548240056727E-5,-0.00052779698976567),(0.00388400410006436,
-2.91548240056727E-5,0.000527836976596153),(0.00388400833749593,-0.00496896728873253,
-0.00052783956025011),(0.00389515073156535,-0.00496896728873253,0.000534633319636518),
(0.00389515496899693,-2.91548240056727E-5,-0.000534635903290475),(0.00389522055109918,
-2.91548240056727E-5,0.000534675890120958),(0.00389522075653076,-0.00496896728873253,
-0.000534676015377045),(0.00389522075653076,-0.00496896728873253,0.000534676015377045),
(0.0038952209671283,-2.91548240056727E-5,-0.000534676131748983),(0.0038952881984149,
-2.91548240056727E-5,0.000534713282398149),(0.00389529254240461,-0.00496896728873253,
-0.000534715682798995),(0.00390671513276629,-0.00496896728873253,0.000541027575200426),
(0.00390671947675599,-2.91548240056727E-5,-0.000541029975601272),(0.0039067867080426,
-2.91548240056727E-5,0.000541067126250438),(0.00390678691864013,-0.00496896728873253,
-0.000541067242622376),(0.00390678691864013,-0.00496896728873253,0.000541067242622376),
(0.00390678713400858,-2.91548240056727E-5,-0.000541067349894193),(0.00390685588836544,
-2.91548240056727E-5,0.000541101595415049),(0.00390686033076471,-0.00496896728873253,
-0.000541103808107938),(0.00391854169064338,-0.00496896728873253,0.000546922119435703),
(0.00391854613304263,-2.91548240056727E-5,-0.000546924332128592),(0.00391861488739949,
-2.91548240056727E-5,0.000546958577649448),(0.00391861510276794,-0.00496896728873253,
-0.000546958684921265),(0.00391861510276794,-0.00496896728873253,0.000546958684921265),
(0.00391861532252095,-2.91548240056727E-5,-0.00054695878290195),(0.0039186854766057,
-2.91548240056727E-5,0.000546990062316252),(0.00391869000944505,-0.00496896728873253,
-0.00054699208336122),(0.00393060918298354,-0.00496896728873253,0.000552306453416277),
(0.00393061371582289,-2.91548240056727E-5,-0.000552308474461245),(0.00393068386990764,
-2.91548240056727E-5,0.000552339753875547),(0.00393068408966064,-0.00496896728873253,
-0.000552339851856232),(0.00393068408966064,-0.00496896728873253,0.000552339851856232),
(0.00393068431339882,-2.91548240056727E-5,-0.000552339940362372),(0.00393075573971149,
-2.91548240056727E-5,0.000552368195117146),(0.00393076035475282,-0.00496896728873253,
-0.000552370020730932),(0.00394289567971678,-0.00496896728873253,0.00055717050136761),
(0.00394290029475811,-2.91548240056727E-5,-0.000557172326981396),(0.00394297172107078,
-2.91548240056727E-5,0.00055720058173617),(0.00394297194480896,-0.00496896728873253,
-0.00055720067024231),(0.00394297194480896,-0.00496896728873253,0.00055720067024231),
(0.00394297217212857,-2.91548240056727E-5,-0.000557200749116539),(0.00394304474178335,
-2.91548240056727E-5,0.000557225928974026),(0.003943049430699,-0.00496896728873253,
-0.000557227555910636),(0.00395537900939499,-0.00496896728873253,0.00056150561173768),
(0.00395538369831065,-2.91548240056727E-5,-0.00056150723867429),(0.00395545626796542,
-2.91548240056727E-5,0.000561532418531777),(0.00395545649528504,-0.00496896728873253,
-0.000561532497406006),(0.00395545649528504,-0.00496896728873253,0.000561532497406006),
(0.00395545672575633,-2.91548240056727E-5,-0.00056153256650181),(0.00395553030155213,
-2.91548240056727E-5,0.000561554624688925),(0.0039555350554772,-0.00496896728873253,
-0.000561556049926228),(0.00396803557745737,-0.00496896728873253,0.000565303734200054),
(0.00396804033138245,-2.91548240056727E-5,-0.000565305159437357),(0.00396811390717825,
-2.91548240056727E-5,0.000565327217624472),(0.00396811413764954,-0.00496896728873253,
-0.000565327286720276),(0.00396811413764954,-0.00496896728873253,0.000565327286720276),
(0.00396811437085574,-2.91548240056727E-5,-0.000565327345912848),(0.00396818881974915,
-2.91548240056727E-5,0.000565346242585851),(0.00396819363008734,-0.00496896728873253,
-0.000565347463549438),(0.00398084249128106,-0.00496896728873253,0.000568558006821808),
(0.00398084730161926,-2.91548240056727E-5,-0.000568559227785395),(0.00398092175051267,
-2.91548240056727E-5,0.000568578124458398),(0.00398092198371887,-0.00496896728873253,
-0.00056857818365097),(0.00398092198371887,-0.00496896728873253,0.00056857818365097),
(0.00398092221925193,-2.91548240056727E-5,-0.00056857823283178),(0.00398099741097122,
-2.91548240056727E-5,0.000568593933343942),(0.00398100226930534,-0.00496896728873253,
-0.000568594947795197),(0.00399377733656013,-0.00496896728873253,0.000571262463589385),
(0.00399378219489426,-2.91548240056727E-5,-0.00057126347804064),(0.00399385738661354,
-2.91548240056727E-5,0.000571279178552802),(0.00399385762214661,-0.00496896728873253,
0.000571279227733612),(0.00399385762214661,-0.00496896728873253,-0.000571279227733612),
(0.0039938578595507,-2.91548240056727E-5,-0.000571279266812582),(0.00399393364857962,
-2.91548240056727E-5,0.000571291742407117),(0.00399393854550749,-0.00496896728873253,
-0.000571292548487989),(0.00400681509562106,-0.00496896728873253,0.000573412151028307),
(0.00400681999254892,-2.91548240056727E-5,-0.000573412957109179),(0.00400689578157784,
-2.91548240056727E-5,0.000573425432703714),(0.00400689601898194,-0.00496896728873253,
-0.000573425471782684),(0.00400689601898194,-0.00496896728873253,0.000573425471782684),
(0.00400689601898194,-2.91548240056727E-5,-0.000573425471782684),(0.00400691813330321,
-2.91548240056727E-5,0.000573428637101132),(0.00401043697091778,-2.91548240056727E-5,
-0.000573932303547735),(0.00401066504667408,-0.00496896728873253,0.000573964949017153),
(0.00411771123700174,-0.00496896728873253,0.00217612662843155),(0.00411791494246722,
-2.91548240056727E-5,-0.00217623427716514),(0.004121057786169,-2.91548240056727E-5,
0.0021778951218733),(0.00412107753753662,-0.00496896728873253,-0.0021779055595398),
(0.00412107753753662,-0.00496896728873253,0.0021779055595398),(0.00412107753753662,
-2.91548240056727E-5,0.0021779055595398),(0.00412107816768827,-2.91548240056727E-5,
-0.0021779058893538),(0.00412127933768954,-2.91548240056727E-5,0.00217801117938037),
(0.00412129233581076,-0.00496896728873253,-0.00217801798244504),(0.0041554711033677,
-0.00496896728873253,0.00219590674976321),(0.00415548410148892,-2.91548240056727E-5,
-0.00219591355282788),(0.0041556852714902,-2.91548240056727E-5,0.00219601884285445),
(0.00415568590164184,-0.00496896728873253,-0.00219601917266846),(0.00415568590164184,
-0.00496896728873253,0.00219601917266846),(0.00415568616238826,-2.91548240056727E-5,
-0.00219601929026568),(0.00415576940323587,-2.91548240056727E-5,0.00219605683207643),
(0.00415577478164527,-0.00496896728873253,-0.00219605925775125),(0.00416991739517357,
-0.00496896728873253,0.00220243760847495),(0.00416992277358298,-2.91548240056727E-5,
-0.00220244003414977),(0.00417000601443059,-2.91548240056727E-5,0.00220247757596051),
(0.004170006275177,-0.00496896728873253,-0.00220247769355774),(0.004170006275177,
-0.00496896728873253,0.00220247769355774),(0.00417000662133975,-2.91548240056727E-5,
-0.0022024778311112),(0.00417011713054973,-2.91548240056727E-5,0.00220252174376266),
(0.00417012427083952,-0.00496896728873253,-0.0022025245810742),(0.00418889977701204,
-0.00496896728873253,0.00220998533713869),(0.00418890691730184,-2.91548240056727E-5,
-0.00220998817445023),(0.00418901742651181,-2.91548240056727E-5,0.00221003208710169),
(0.00418901777267456,-0.00496896728873253,-0.00221003222465515),(0.00418901777267456,
-0.00496896728873253,0.00221003222465515),(0.00418901818970213,-2.91548240056727E-5,
-0.00221003237240161),(0.00418915132184092,-2.91548240056727E-5,0.00221007953907395),
(0.00418915992385746,-0.00496896728873253,-0.00221008258663632),(0.00421177906387448,
-0.00496896728873253,0.00221809620059513),(0.00421178766589101,-2.91548240056727E-5,
-0.00221809924815749),(0.00421192079802981,-2.91548240056727E-5,0.00221814641482983),
(0.00421192121505737,-0.00496896728873253,-0.0022181465625763),(0.00421192121505737,
-0.00496896728873253,0.0022181465625763),(0.00421192176339584,-2.91548240056727E-5,
-0.00221814673472866),(0.00421209681530618,-2.91548240056727E-5,0.00221820169275764),
(0.00421210812586907,-0.00496896728873253,-0.00221820524373999),(0.00424184943180916,
-0.00496896728873253,0.00222754260858545),(0.00424186074237204,-2.91548240056727E-5,
-0.00222754615956779),(0.00424203579428238,-2.91548240056727E-5,0.00222760111759678),
(0.00424203634262085,-0.00496896728873253,-0.00222760128974914),(0.00424203634262085,
-0.00496896728873253,0.00222760128974914),(0.00424203708361925,-2.91548240056727E-5,
-0.00222760149108268),(0.00424227364040466,-2.91548240056727E-5,0.00222766576492442),
(0.00424228892495879,-0.00496896728873253,-0.00222766991782585),(0.00428247990438692,
-0.00496896728873253,0.00223859003853401),(0.00428249518894104,-2.91548240056727E-5,
-0.00223859419143545),(0.00428273174572646,-2.91548240056727E-5,0.00223865846527718),
(0.00428273248672485,-0.00496896728873253,-0.00223865866661072),(0.00428273248672485,
-0.00496896728873253,0.00223865866661072),(0.00428273331299199,-2.91548240056727E-5,
-0.00223865885659651),(0.00428299709102022,-2.91548240056727E-5,0.00223871950777616),
(0.00428301413441021,-0.00496896728873253,-0.00223872342660789),(0.00432783000087422,
-0.00496896728873253,0.00224902805730934),(0.00432784704426421,-2.91548240056727E-5,
-0.00224903197614108),(0.00432811082229244,-2.91548240056727E-5,0.00224909262732074),
(0.00432811164855957,-0.00496896728873253,-0.00224909281730652),(0.00432811164855957,
-0.00496896728873253,0.00224909281730652),(0.00432811261773713,-2.91548240056727E-5,
-0.00224909300131455),(0.00432842201857942,-2.91548240056727E-5,0.00224915174415232),
(0.00432844200977904,-0.00496896728873253,-0.00224915553968108),(0.00438100918879884,
-0.00496896728873253,0.00225913594324433),(0.00438102917999846,-2.91548240056727E-5,
-0.0022591397387731),(0.00438133858084075,-2.91548240056727E-5,0.00225919848161086),
(0.00438133955001831,-0.00496896728873253,-0.0022591986656189),(0.00438133955001831,
-0.00496896728873253,0.0022591986656189),(0.00438134066129017,-2.91548240056727E-5,
-0.00225919883223631),(0.00438169542440309,-2.91548240056727E-5,0.00225925202328206),
(0.00438171834657796,-0.00496896728873253,-0.00225925546009498),(0.00444199257184856,
-0.00496896728873253,0.00226829261462731),(0.00444201549402343,-2.91548240056727E-5,
-0.00226829605144024),(0.00444237025713635,-2.91548240056727E-5,0.00226834924248598),
(0.0044423713684082,-0.00496896728873253,-0.0022683494091034),(0.0044423713684082,
-0.00496896728873253,0.0022683494091034),(0.00444237262290306,-2.91548240056727E-5,
-0.00226834954735144),(0.00444277310861261,-2.91548240056727E-5,0.00226839368174197),
(0.00444279898504432,-0.00496896728873253,-0.00226839653338065),(0.0045108414759237,
-0.00496896728873253,0.0022758949628962),(0.00451086735235541,-2.91548240056727E-5,
-0.00227589781453489),(0.00451126783806497,-2.91548240056727E-5,0.00227594194892541),
(0.00451126909255982,-0.00496896728873253,-0.00227594208717346),(0.00451126909255982,
-0.00496896728873253,0.00227594208717346),(0.00451127049042526,-2.91548240056727E-5,
-0.00227594218581726),(0.004511716745851,-2.91548240056727E-5,0.00227597367692308),
(0.00451174557958408,-0.00496896728873253,-0.00227597571164599),(0.00458756434168057,
-0.00496896728873253,0.00228132604807385),(0.00458759317541365,-2.91548240056727E-5,
-0.00228132808279677),(0.00458803943083939,-2.91548240056727E-5,0.00228135957390259),
(0.00458804082870483,-0.00496896728873253,0.00228135967254639),(0.00458804082870484,
-0.00496896728873253,-0.00228135967254639),(0.00458804236925497,-2.91548240056727E-5,
-0.00228135972024253),(0.00458853417542956,-2.91548240056727E-5,0.00228137494678742),
(0.00458856595231595,-0.00496896728873253,-0.00228137593061441),(0.00461039389421338,
-0.00496896728873253,-0.00065980673276843),(0.00461062196996968,-2.91548240056727E-5,
0.000659839378237848),(0.00461414080758424,-2.91548240056727E-5,-0.000660343044684451),
(0.00461416292190552,-0.00496896728873253,-0.000660346210002899),(0.00461416292190552,
-0.00496896728873253,0.000660346210002899),(0.00461416292190552,-2.91548240056727E-5,
-0.000660346210002899),(0.00461416362556141,-2.91548240056727E-5,0.00066034631356955),
(0.00461438826109996,-2.91548240056727E-5,-0.000660379376251044),(0.00461440277539107,
-0.00496896728873253,0.000660381512517581),(0.00465256833590654,-0.00496896728873253,
-0.000665998859529843),(0.00465258285019765,-2.91548240056727E-5,0.00066600099579638),
(0.00465280748573621,-2.91548240056727E-5,-0.000666034058477874),(0.00465280818939209,
-0.00496896728873253,-0.000666034162044525),(0.00465280818939209,-0.00496896728873253,
0.000666034162044525),(0.0046528084694566,-2.91548240056727E-5,0.000666034220163749),
(0.00465289787742214,-2.91548240056727E-5,-0.000666052774180593),(0.00465290365430521,
-0.00496896728873253,0.000666053973004267),(0.00466809406069113,-0.00496896728873253,
-0.000669206299021795),(0.0046680998375742,-2.91548240056727E-5,0.000669207497845469),
(0.00466818924553974,-2.91548240056727E-5,-0.000669226051862313),(0.00466818952560425,
-0.00496896728873253,-0.000669226109981537),(0.00466818952560425,-0.00496896728873253,
0.000669226109981537),(0.00466818988650952,-2.91548240056727E-5,0.000669226202171137),
(0.0046683051021313,-2.91548240056727E-5,-0.000669255632835927),(0.0046683125465147,
-0.00496896728873253,0.000669257534428342),(0.00467212378309665,-0.00496896728873253,
0.00228396291940695),(0.00467215555998304,-2.91548240056727E-5,-0.00228396390323394),
(0.00467264736615762,-2.91548240056727E-5,0.00228397912977884),(0.00467264890670776,
-0.00496896728873253,-0.00228397917747498),(0.00467264890670776,-0.00496896728873253,
0.00228397917747498),(0.00467265058847529,-2.91548240056727E-5,-0.00228397916283664),
(0.00467318747697493,-2.91548240056727E-5,0.0022839744896857),(0.00467322216674854,
-0.00496896728873253,-0.00228397418774116),(0.00468788767168599,-0.00496896728873253,
-0.000674257802085177),(0.00468789511606939,-2.91548240056727E-5,0.000674259703677592),
(0.00468801033169117,-2.91548240056727E-5,-0.000674289134342382),(0.00468801069259644,
-0.00496896728873253,-0.000674289226531982),(0.00468801069259644,-0.00496896728873253,
0.000674289226531982),(0.00468801111682163,-2.91548240056727E-5,0.000674289352125593),
(0.00468814654673155,-2.91548240056727E-5,-0.000674329446707406),(0.00468815529721311,
-0.00496896728873253,0.000674332037323459),(0.00471116482836674,-0.00496896728873253,
-0.000681144103652493),(0.00471117357884829,-2.91548240056727E-5,0.000681146694268546),
(0.00471130900875821,-2.91548240056727E-5,-0.000681186788850359),(0.0047113094329834,
-0.00496896728873253,-0.00068118691444397),(0.0047113094329834,-0.00496896728873253,
0.00068118691444397),(0.00471130997778818,-2.91548240056727E-5,0.000681187097473075),
(0.00471148390160099,-2.91548240056727E-5,-0.000681245527797333),(0.00471149513927453,
-0.00496896728873253,0.000681249303133779),(0.00474104478153236,-0.00496896728873253,
-0.000691176610676951),(0.00474105601920591,-2.91548240056727E-5,0.000691180386013398),
(0.00474122994301871,-2.91548240056727E-5,-0.000691238816337655),(0.00474123048782349,
-0.00496896728873253,-0.00069123899936676),(0.00474123048782349,-0.00496896728873253,
0.000691238999366761),(0.00474123120564887,-2.91548240056727E-5,0.000691239272031789),
(0.00474146036466449,-2.91548240056727E-5,-0.000691326317783278),(0.00474147517122932,
-0.00496896728873253,0.000691331942037505),(0.00476443948104809,-0.00496896728873253,
0.00228318021976006),(0.0047644741708217,-2.91548240056727E-5,-0.00228317991781552),
(0.00476501105932135,-2.91548240056727E-5,0.00228317524466458),(0.00476501274108887,
-0.00496896728873253,-0.00228317523002625),(0.00476501274108887,-0.00496896728873253,
0.00228317523002625),(0.00476501456181638,-2.91548240056727E-5,-0.00228317514164925),
(0.00476559581198911,-2.91548240056727E-5,0.00228314692812409),(0.00476563336808673,
-0.00496896728873253,-0.00228314510517426),(0.00478040927014643,-0.00496896728873253,
-0.000706121008440096),(0.00478042407671125,-2.91548240056727E-5,0.000706126632694322),
(0.00478065323572687,-2.91548240056727E-5,-0.000706213678445812),(0.00478065395355225,
-0.00496896728873253,-0.00070621395111084),(0.00478065395355225,-0.00496896728873253,
0.00070621395111084),(0.00478065473368171,-2.91548240056727E-5,0.000706214283079139),
(0.00478090378269209,-2.91548240056727E-5,-0.000706320260843297),(0.00478091987440162,
-0.00496896728873253,0.000706327108344498),(0.0048232332818789,-0.00496896728873253,
-0.000724332722225723),(0.00482324937358843,-2.91548240056727E-5,0.000724339569726924),
(0.00482349842259881,-2.91548240056727E-5,-0.000724445547491082),(0.00482349920272827,
-0.00496896728873253,-0.000724445879459381),(0.00482349920272827,-0.00496896728873253,
0.000724445879459381),(0.00482350009497209,-2.91548240056727E-5,0.000724446300264832),
(0.00482378493544042,-2.91548240056727E-5,-0.000724580638456291),(0.00482380333972989,
-0.00496896728873253,0.000724589318399056),(0.00486438772718915,-0.00496896728873253,
0.00227835162944489),(0.00486442528328677,-2.91548240056727E-5,-0.00227834980649505),
(0.0048650065334595,-2.91548240056727E-5,0.00227832159296989),(0.00486500835418701,
-0.00496896728873253,-0.0022783215045929),(0.00486500835418701,-0.00496896728873253,
0.0022783215045929),(0.00486501031085308,-2.91548240056727E-5,-0.00227832133114686),
(0.00486563495813392,-2.91548240056727E-5,0.00227826596012886),(0.00486567531823248,
-0.00496896728873253,-0.00227826238246221),(0.00487219771312655,-0.00496896728873253,
-0.000747413366670982),(0.00487221611741602,-2.91548240056727E-5,0.000747422046613747),
(0.00487250095788435,-2.91548240056727E-5,-0.000747556384805206),(0.00487250185012817,
-0.00496896728873253,-0.000747556805610657),(0.00487250185012817,-0.00496896728873253,
0.000747556805610657),(0.00487250284710641,-2.91548240056727E-5,0.000747557323999579),
(0.00487282112305505,-2.91548240056727E-5,-0.000747722814798307),(0.00487284168769856,
-0.00496896728873253,0.000747733507592706),(0.00492691674659709,-0.00496896728873253,
-0.000775850381414863),(0.0049269373112406,-2.91548240056727E-5,0.000775861074209262),
(0.00492725558718924,-2.91548240056727E-5,-0.000776026565007991),(0.00492725658416748,
-0.00496896728873253,-0.000776027083396912),(0.00492725658416748,-0.00496896728873253,
0.000776027083396912),(0.00492725768033216,-2.91548240056727E-5,0.000776027708928501),
(0.00492760762062027,-2.91548240056727E-5,-0.000776227404018477),(0.00492763023117978,
-0.00496896728873253,0.000776240306841812),(0.00497180284262568,-0.00496896728873253,
0.00226885485081415),(0.00497184320272423,-2.91548240056727E-5,-0.0022688512731475),
(0.00497246785000507,-2.91548240056727E-5,0.0022687959021295),(0.00497246980667114,
-0.00496896728873253,-0.00226879572868347),(0.00497246980667114,-0.00496896728873253,
0.00226879572868347),(0.00497247189550765,-2.91548240056727E-5,-0.00226879545893352),
(0.00497313873696215,-2.91548240056727E-5,0.0022687093437932),(0.00497318182333688,
-0.00496896728873253,-0.0022687037796682),(0.0049870850588898,-0.00496896728873253,
-0.000810168487084427),(0.00498710766944931,-2.91548240056727E-5,0.000810181389907762),
(0.00498745760973742,-2.91548240056727E-5,-0.000810381084997738),(0.0049874587059021,
-0.00496896728873253,-0.000810381710529327),(0.0049874587059021,-0.00496896728873253,
0.000810381710529327),(0.00498745989477623,-2.91548240056727E-5,0.000810382452368822),
(0.00498783943168697,-2.91548240056727E-5,-0.000810619277666393),(0.00498786395456186,
-0.00496896728873253,0.000810634579569791),(0.00505234724615225,-0.00496896728873253,
-0.000850871179192568),(0.00505237176902714,-2.91548240056727E-5,0.000850886481095966),
(0.00505275130593788,-2.91548240056727E-5,-0.000851123306393537),(0.00505275249481201,
-0.00496896728873253,-0.000851124048233032),(0.00505275249481201,-0.00496896728873253,
0.000851124048233032),(0.00505275376918062,-2.91548240056727E-5,0.00085112491515714),
(0.00505316059939937,-2.91548240056727E-5,-0.00085140167254336),(0.00505318688576645,
-0.00496896728873253,0.000851419554563701),(0.00508647813454886,-0.00496896728873253,
0.00225407282403053),(0.00508652122092359,-2.91548240056727E-5,-0.00225406725990554),
(0.00508718806237809,-2.91548240056727E-5,0.00225398114476521),(0.0050871901512146,
-0.00496896728873253,-0.00225398087501526),(0.0050871901512146,-0.00496896728873253,
0.00225398087501526),(0.00508719236769808,-2.91548240056727E-5,-0.00225398049788279),
(0.00508789995925052,-2.91548240056727E-5,0.00225386010188195),(0.00508794567859593,
-0.00496896728873253,-0.00225385232278067),(0.00512230730826431,-0.00496896728873253,
-0.000898440612939656),(0.0051223335946314,-2.91548240056727E-5,0.000898458494959997),
(0.00512274042485014,-2.91548240056727E-5,-0.000898735252346218),(0.00512274169921875,
-0.00496896728873253,-0.000898736119270325),(0.00512274169921875,-0.00496896728873253,
0.000898736119270325),(0.00512274305118963,-2.91548240056727E-5,0.000898737119633575),
(0.00512317465520619,-2.91548240056727E-5,-0.000899056476213718),(0.00512320254227331,
-0.00496896728873253,0.000899077110679669),(0.00519653203109096,-0.00496896728873253,
-0.000953335768787342),(0.00519655991815807,-2.91548240056727E-5,0.000953356403253292),
(0.00519699152217463,-2.91548240056727E-5,-0.000953675759833436),(0.00519699287414551,
-0.00496896728873253,-0.000953676760196686),(0.00519699287414551,-0.00496896728873253,
0.000953676760196686),(0.00519699429520134,-2.91548240056727E-5,0.000953677901892361),
(0.00519744795394034,-2.91548240056727E-5,-0.0009540423775231),(0.0051974772660209,
-0.00496896728873253,0.000954065927249206),(0.00520816542827663,-0.00496896728873253,
0.00223339705160898),(0.00520821114762204,-2.91548240056727E-5,-0.0022333892725077),
(0.00520891873917448,-2.91548240056727E-5,0.00223326887650686),(0.00520892095565796,
-0.00496896728873253,-0.00223326849937439),(0.00520892095565796,-0.00496896728873253,
0.00223326849937439),(0.00520892329460509,-2.91548240056727E-5,-0.00223326800397616),
(0.00520966998152765,-2.91548240056727E-5,0.00223310985274072),(0.00520971822692742,
-0.00496896728873253,-0.00223309963417474),(0.0052745538504647,-0.00496896728873253,
-0.00101599030854105),(0.00527458316254526,-2.91548240056727E-5,0.00101601385826715),
(0.00527503682128426,-2.91548240056727E-5,-0.00101637833389789),(0.00527503824234009,
-0.00496896728873253,-0.00101637947559357),(0.00527503824234009,-0.00496896728873253,
0.00101637947559357),(0.00527503972337315,-2.91548240056727E-5,0.00101638076601572),
(0.00527551252928102,-2.91548240056727E-5,-0.00101679272117877),(0.00527554307851036,
-0.00496896728873253,0.00101681933868194),(0.00533658027694831,-0.00496896728873253,
0.00220622975158271),(0.00533662852234808,-2.91548240056727E-5,-0.00220621953301673),
(0.00533737520927064,-2.91548240056727E-5,0.00220606138178129),(0.00533737754821777,
-0.00496896728873253,-0.00220606088638306),(0.00533737754821777,-0.00496896728873253,
0.00220606088638306),(0.0053373800040632,-2.91548240056727E-5,-0.00220606026189225),
(0.00533816400967157,-2.91548240056727E-5,0.00220586089906442),(0.00533821466632948,
-0.00496896728873253,-0.00220584801770941),(0.00535587276545328,-0.00496896728873253,
-0.00108681048881745),(0.00535590331468261,-2.91548240056727E-5,0.00108683710632062),
(0.00535637612059048,-2.91548240056727E-5,-0.00108724906148367),(0.00535637760162354,
-0.00496896728873253,-0.00108725035190582),(0.00535637760162354,-0.00496896728873253,
0.00108725035190582),(0.00535637913297045,-2.91548240056727E-5,0.00108725179792323),
(0.00535686800110234,-2.91548240056727E-5,-0.00108771342541013),(0.00535689958815408,
-0.00496896728873253,0.00108774325237238),(0.00543995824570823,-0.00496896728873253,
-0.00116617372646368),(0.00543998983275997,-2.91548240056727E-5,0.00116620355342593),
(0.00544047870089186,-2.91548240056727E-5,-0.00116666518091283),(0.00544048023223877,
-0.00496896728873253,-0.00116666662693024),(0.00544048023223877,-0.00496896728873253,
0.00116666662693024),(0.00544048180374126,-2.91548240056727E-5,0.00116666823485491),
(0.00544098349116324,-2.91548240056727E-5,-0.00116718154971948),(0.00544101590650293,
-0.00496896728873253,0.00116721471633872),(0.00547141715816393,-0.00496896728873253,
0.00217197628877863),(0.00547146781482184,-2.91548240056727E-5,-0.00217196340742362),
(0.0054722518204302,-2.91548240056727E-5,0.00217176404459578),(0.00547225427627563,
-0.00496896728873253,0.00217176342010498),(0.00547225427627564,-0.00496896728873253,
-0.00217176342010498),(0.00547225676174503,-2.91548240056727E-5,-0.00217176268075622),
(0.00547305022452481,-2.91548240056727E-5,0.0021715266506011),(0.00547310149223536,
-0.00496896728873253,-0.00217151140007394),(0.00552625256044653,-0.00496896728873253,
-0.00125442687187234),(0.00552628497578622,-2.91548240056727E-5,0.00125446003849158),
(0.0055267866632082,-2.91548240056727E-5,-0.00125497335335614),(0.00552678823471069,
-0.00496896728873253,-0.00125497496128082),(0.00552678823471069,-0.00496896728873253,
0.00125497496128082),(0.005526789835759,-2.91548240056727E-5,0.00125497673686262),
(0.00552730095540675,-2.91548240056727E-5,-0.00125554357468861),(0.00552733398018728,
-0.00496896728873253,0.00125558019956671),(0.00560791075675757,-0.00496896728873253,
0.00213140989509207),(0.00560796202446811,-2.91548240056727E-5,-0.00213139464456491),
(0.0056087554872479,-2.91548240056727E-5,0.0021311586144098),(0.00560875797271729,
-0.00496896728873253,-0.00213115787506103),(0.00560875797271729,-0.00496896728873253,
0.00213115787506103),(0.00560875918470367,-2.91548240056727E-5,-0.00213115452154969),
(0.00560914609998202,-2.91548240056727E-5,0.00213008394452237),(0.00560917109959259,
-0.00496896728873253,-0.00213001477173374),(0.00561417316855539,-0.00496896728873253,
-0.00135188590207971),(0.00561420619333592,-2.91548240056727E-5,0.00135192252695782),
(0.00561471731298367,-2.91548240056727E-5,-0.00135248936478381),(0.00561471891403198,
-0.00496896728873253,-0.0013524911403656),(0.00561471891403198,-0.00496896728873253,
0.0013524911403656),(0.0056147205337993,-2.91548240056727E-5,0.0013524930891004),
(0.00561523762931504,-2.91548240056727E-5,-0.00135311520439822),(0.00561527104021206,
-0.00496896728873253,0.00135315540089871),(0.00567490797526703,-0.00496896728873253,
0.00194812381812527),(0.0056749329748776,-2.91548240056727E-5,-0.00194805464533664),
(0.00567531989015595,-2.91548240056727E-5,0.00194698406830932),(0.00567532110214233,
-0.00496896728873253,-0.00194698071479797),(0.00567532110214233,-0.00496896728873253,
0.00194698071479797),(0.00567532220402864,-2.91548240056727E-5,-0.00194697732351869),
(0.00567567397089235,-2.91548240056727E-5,0.00194589468942932),(0.0056756966994717,
-0.00496896728873253,-0.00194582473760231),(0.00570312552808628,-0.00496896728873253,
-0.00145885274157261),(0.0057031589389833,-2.91548240056727E-5,0.00145889293807309),
(0.00570367603449905,-2.91548240056727E-5,-0.00145951505337092),(0.00570367765426636,
-0.00496896728873253,-0.00145951700210571),(0.00570367765426636,-0.00496896728873253,
0.00145951700210571),(0.00570367923046596,-2.91548240056727E-5,0.00145951906117066),
(0.00570418241739842,-2.91548240056727E-5,-0.00146017639833419),(0.00570421492962541,
-0.00496896728873253,0.00146021887061177),(0.00573546186223484,-0.00496896728873253,
0.00176188529009241),(0.00573548459081419,-2.91548240056727E-5,-0.00176181533826538),
(0.0057358363576779,-2.91548240056727E-5,0.00176073270417602),(0.00573583745956421,
-0.00496896728873253,-0.00176072931289673),(0.00573583745956421,-0.00496896728873253,
0.00176072931289673),(0.0057358384501957,-2.91548240056727E-5,-0.00176072588746567),
(0.00573615470000357,-2.91548240056727E-5,0.00175963235074331),(0.00573617513373281,
-0.00496896728873253,-0.00175956169446859),(0.00578970635028182,-0.00496896728873253,
-0.00157190040352763),(0.00578973886250881,-2.91548240056727E-5,0.00157194287580522),
(0.00578990595147226,-0.00496896728873253,0.00157376989046183),(0.00578992638520151,
-2.91548240056727E-5,-0.00157369923418711),(0.00579024204944127,-2.91548240056727E-5,
-0.00157260021296874),(0.00579024263500938,-2.91548240056727E-5,0.00157260569746475),
(0.00579024362564087,-0.00496896728873253,-0.00157260227203369),(0.00579024362564087,
-0.00496896728873253,0.00157260227203369)));
#246=TESSELLATED_SHELL('Part 1',(#244),$);
#247=SHAPE_DEFINITION_REPRESENTATION(#903,#250);
#248=SHAPE_DEFINITION_REPRESENTATION(#220,#251);
#249=SHAPE_DEFINITION_REPRESENTATION(#221,#252);
#250=SHAPE_REPRESENTATION('Part 1',(#253),#898);
#251=SHAPE_REPRESENTATION($,(#246),$);
#252=SHAPE_REPRESENTATION($,(#210),$);
#253=AXIS2_PLACEMENT_3D('',#306,#268,#269);
#254=AXIS2_PLACEMENT_3D('',#307,#270,#271);
#255=AXIS2_PLACEMENT_3D('',#308,#272,#273);
#256=AXIS2_PLACEMENT_3D('',#313,#275,#276);
#257=AXIS2_PLACEMENT_3D('',#316,#278,#279);
#258=AXIS2_PLACEMENT_3D('',#318,#280,#281);
#259=AXIS2_PLACEMENT_3D('',#319,#282,#283);
#260=AXIS2_PLACEMENT_3D('',#321,#284,#285);
#261=AXIS2_PLACEMENT_3D('',#593,#287,#288);
#262=AXIS2_PLACEMENT_3D('',#597,#290,#291);
#263=AXIS2_PLACEMENT_3D('',#598,#292,#293);
#264=AXIS2_PLACEMENT_3D('',#601,#296,#297);
#265=AXIS2_PLACEMENT_3D('',#603,#299,#300);
#266=AXIS2_PLACEMENT_3D('',#605,#302,#303);
#267=AXIS2_PLACEMENT_3D('',#606,#304,#305);
#268=DIRECTION('',(0.,0.,1.));
#269=DIRECTION('',(1.,0.,0.));
#270=DIRECTION('',(0.,-1.,0.));
#271=DIRECTION('',(1.,0.,0.));
#272=DIRECTION('',(0.,-1.,0.));
#273=DIRECTION('',(0.,0.,-1.));
#274=DIRECTION('',(-1.1233900111274E-16,0.,1.));
#275=DIRECTION('',(0.,-1.,0.));
#276=DIRECTION('',(0.,0.,-1.));
#277=DIRECTION('',(-1.1233900111274E-16,0.,1.));
#278=DIRECTION('',(0.,-1.,0.));
#279=DIRECTION('',(0.,0.,-1.));
#280=DIRECTION('',(0.,1.,0.));
#281=DIRECTION('',(0.,0.,1.));
#282=DIRECTION('',(0.,-1.,0.));
#283=DIRECTION('',(0.,0.,-1.));
#284=DIRECTION('',(0.,-1.,0.));
#285=DIRECTION('',(0.,0.,-1.));
#286=DIRECTION('',(1.1233900111274E-16,0.,-1.));
#287=DIRECTION('',(0.,-1.,0.));
#288=DIRECTION('',(0.,0.,-1.));
#289=DIRECTION('',(1.1233900111274E-16,0.,-1.));
#290=DIRECTION('',(0.,-1.,0.));
#291=DIRECTION('',(0.,0.,-1.));
#292=DIRECTION('',(0.,1.,0.));
#293=DIRECTION('',(0.,0.,1.));
#294=DIRECTION('',(0.,1.,0.));
#295=DIRECTION('',(0.,1.,0.));
#296=DIRECTION('',(1.,0.,1.1233900111274E-16));
#297=DIRECTION('',(1.1233900111274E-16,0.,-1.));
#298=DIRECTION('',(0.,1.,0.));
#299=DIRECTION('',(0.,1.,0.));
#300=DIRECTION('',(0.,0.,1.));
#301=DIRECTION('',(0.,1.,0.));
#302=DIRECTION('',(1.,0.,1.1233900111274E-16));
#303=DIRECTION('',(1.1233900111274E-16,0.,-1.));
#304=DIRECTION('',(0.,-1.,0.));
#305=DIRECTION('',(0.,0.,-1.));
#306=CARTESIAN_POINT('',(0.,0.,0.));
#307=CARTESIAN_POINT('',(0.,-0.011938,0.));
#308=CARTESIAN_POINT('',(0.,-0.011938,3.25260651745652E-19));
#309=CARTESIAN_POINT('',(0.001651,-0.011938,-0.00193023288750348));
#310=CARTESIAN_POINT('',(-0.001651,-0.011938,-0.00193023288750348));
#311=CARTESIAN_POINT('',(-0.001651,-0.011938,-1.85471690837135E-19));
#312=CARTESIAN_POINT('',(-0.001651,-0.011938,0.00193023288750348));
#313=CARTESIAN_POINT('',(1.0842021724855E-19,-0.011938,0.));
#314=CARTESIAN_POINT('',(0.001651,-0.011938,0.00193023288750348));
#315=CARTESIAN_POINT('',(0.001651,-0.011938,1.85471690837135E-19));
#316=CARTESIAN_POINT('',(0.,-0.011938,1.94412679364643E-19));
#317=CARTESIAN_POINT('',(0.,-0.011938,-0.003175));
#318=CARTESIAN_POINT('',(0.,-0.011938,1.94412679364643E-19));
#319=CARTESIAN_POINT('',(0.,-0.00496896728873253,1.94412679364643E-19));
#320=CARTESIAN_POINT('',(0.,-0.00496896728873253,-0.003175));
#321=CARTESIAN_POINT('',(-0.029972,-2.91548240056727E-5,-0.000161920674145221));
#322=CARTESIAN_POINT('',(0.001237012367684,-2.91548240056727E-5,0.00354923982417467));
#323=CARTESIAN_POINT('',(0.0014614418667003,-2.91548240056727E-5,0.00343184544925792));
#324=CARTESIAN_POINT('',(0.00172256331660742,-2.91548240056727E-5,0.00350002833072843));
#325=CARTESIAN_POINT('',(0.00186921731638573,-2.91548240056727E-5,0.00380653271047577));
#326=CARTESIAN_POINT('',(0.0020231104988642,-2.91548240056727E-5,0.00418205983023976));
#327=CARTESIAN_POINT('',(0.00234806688837787,-2.91548240056727E-5,0.00455563278710033));
#328=CARTESIAN_POINT('',(0.00269904371576876,-2.91548240056727E-5,0.00477262770504729));
#329=CARTESIAN_POINT('',(0.00295619389256486,-2.91548240056727E-5,0.00489377390074197));
#330=CARTESIAN_POINT('',(0.00310791703897547,-2.91548240056727E-5,0.00495978842427492));
#331=CARTESIAN_POINT('',(0.00320237956834291,-2.91548240056727E-5,0.00498437716514736));
#332=CARTESIAN_POINT('',(0.00328224430192006,-2.91548240056727E-5,0.00503297651436737));
#333=CARTESIAN_POINT('',(0.00334781991036504,-2.91548240056727E-5,0.00497228027240026));
#334=CARTESIAN_POINT('',(0.00346843599832638,-2.91548240056727E-5,0.00490242912244371));
#335=CARTESIAN_POINT('',(0.00359568541157336,-2.91548240056727E-5,0.00479941200784143));
#336=CARTESIAN_POINT('',(0.00371612382147783,-2.91548240056727E-5,0.00471560142383107));
#337=CARTESIAN_POINT('',(0.00376792067847448,-2.91548240056727E-5,0.00465945329629965));
#338=CARTESIAN_POINT('',(0.00375287360322375,-2.91548240056727E-5,0.0045715548170173));
#339=CARTESIAN_POINT('',(0.00375475878452001,-2.91548240056727E-5,0.00447264480671357));
#340=CARTESIAN_POINT('',(0.00373198684957839,-2.91548240056727E-5,0.00422659130032982));
#341=CARTESIAN_POINT('',(0.00366801085892109,-2.91548240056727E-5,0.00386788059420464));
#342=CARTESIAN_POINT('',(0.00350682355942192,-2.91548240056727E-5,0.00339266965463593));
#343=CARTESIAN_POINT('',(0.00320250825047163,-2.91548240056727E-5,0.00310923573074327));
#344=CARTESIAN_POINT('',(0.00297171136115473,-2.91548240056727E-5,0.00288472282522432));
#345=CARTESIAN_POINT('',(0.00278880540022353,-2.91548240056727E-5,0.00270403344545507));
#346=CARTESIAN_POINT('',(0.00282208524114244,-2.91548240056727E-5,0.00243647329588454));
#347=CARTESIAN_POINT('',(0.00300318252947127,-2.91548240056727E-5,0.00226177437709099));
#348=CARTESIAN_POINT('',(0.0031309447639857,-2.91548240056727E-5,0.00205691938701451));
#349=CARTESIAN_POINT('',(0.00328445251106625,-2.91548240056727E-5,0.00184930062682603));
#350=CARTESIAN_POINT('',(0.00355262110296895,-2.91548240056727E-5,0.00185167770068139));
#351=CARTESIAN_POINT('',(0.0037569996075732,-2.91548240056727E-5,0.00199302046303338));
#352=CARTESIAN_POINT('',(0.00397759989914781,-2.91548240056727E-5,0.00209785813788085));
#353=CARTESIAN_POINT('',(0.00426129540996421,-2.91548240056727E-5,0.00226593564092635));
#354=CARTESIAN_POINT('',(0.00468031162072208,-2.91548240056727E-5,0.00229778218569623));
#355=CARTESIAN_POINT('',(0.00508363636545052,-2.91548240056727E-5,0.0022604177235727));
#356=CARTESIAN_POINT('',(0.00536653034391677,-2.91548240056727E-5,0.00220244478075562));
#357=CARTESIAN_POINT('',(0.00549995528329803,-2.91548240056727E-5,0.00216029457227391));
#358=CARTESIAN_POINT('',(0.00558528056351041,-2.91548240056727E-5,0.00214424826213201));
#359=CARTESIAN_POINT('',(0.00563432176142795,-2.91548240056727E-5,0.00209014253671248));
#360=CARTESIAN_POINT('',(0.00565949985785247,-2.91548240056727E-5,0.00198322307719005));
#361=CARTESIAN_POINT('',(0.00570035472207502,-2.91548240056727E-5,0.00187068196851435));
#362=CARTESIAN_POINT('',(0.00574148212670935,-2.91548240056727E-5,0.00175282068998523));
#363=CARTESIAN_POINT('',(0.00575838023338687,-2.91548240056727E-5,0.00165663877460141));
#364=CARTESIAN_POINT('',(0.00580272637517949,-2.91548240056727E-5,0.0015741719679912));
#365=CARTESIAN_POINT('',(0.00573766280465017,-2.91548240056727E-5,0.00151216193180139));
#366=CARTESIAN_POINT('',(0.00565954155195803,-2.91548240056727E-5,0.0013976457074661));
#367=CARTESIAN_POINT('',(0.00546447346289692,-2.91548240056727E-5,0.00118291004147945));
#368=CARTESIAN_POINT('',(0.00516372526368292,-2.91548240056727E-5,0.000913217818483622));
#369=CARTESIAN_POINT('',(0.00481097533710117,-2.91548240056727E-5,0.000684264241846542));
#370=CARTESIAN_POINT('',(0.00448469094441821,-2.91548240056727E-5,0.000643776005682866));
#371=CARTESIAN_POINT('',(0.0042432790380536,-2.91548240056727E-5,0.000602126219284538));
#372=CARTESIAN_POINT('',(0.00399861199488798,-2.91548240056727E-5,0.000590872954308005));
#373=CARTESIAN_POINT('',(0.00376379246469313,-2.91548240056727E-5,0.000468475700183549));
#374=CARTESIAN_POINT('',(0.00373410929746459,-2.91548240056727E-5,0.000209731530700742));
#375=CARTESIAN_POINT('',(0.00376113198871733,-2.91548240056727E-5,-3.17128915986734E-5));
#376=CARTESIAN_POINT('',(0.00371818132091591,-2.91548240056727E-5,-0.000276262167247009));
#377=CARTESIAN_POINT('',(0.00381457762462851,-2.91548240056727E-5,-0.000525397732919212));
#378=CARTESIAN_POINT('',(0.00406607149559342,-2.91548240056727E-5,-0.000586882060975747));
#379=CARTESIAN_POINT('',(0.00438525151124542,-2.91548240056727E-5,-0.000626657862176371));
#380=CARTESIAN_POINT('',(0.00480073302189112,-2.91548240056727E-5,-0.000670427467127498));
#381=CARTESIAN_POINT('',(0.00521166654852838,-2.91548240056727E-5,-0.000951638923344784));
#382=CARTESIAN_POINT('',(0.00552029620929612,-2.91548240056727E-5,-0.00122794646432294));
#383=CARTESIAN_POINT('',(0.00568442295595425,-2.91548240056727E-5,-0.00145047088544368));
#384=CARTESIAN_POINT('',(0.00581568622497204,-2.91548240056727E-5,-0.00157478128709417));
#385=CARTESIAN_POINT('',(0.00572673180607416,-2.91548240056727E-5,-0.00173947169067594));
#386=CARTESIAN_POINT('',(0.00569963592833282,-2.91548240056727E-5,-0.00189449123642293));
#387=CARTESIAN_POINT('',(0.00564341941504223,-2.91548240056727E-5,-0.00202452337506544));
#388=CARTESIAN_POINT('',(0.00562321291006856,-2.91548240056727E-5,-0.00210897224059819));
#389=CARTESIAN_POINT('',(0.00556566027114178,-2.91548240056727E-5,-0.00215427199213491));
#390=CARTESIAN_POINT('',(0.00545786386910904,-2.91548240056727E-5,-0.0021730886818723));
#391=CARTESIAN_POINT('',(0.00530341091583965,-2.91548240056727E-5,-0.00221728937014419));
#392=CARTESIAN_POINT('',(0.00502015300132051,-2.91548240056727E-5,-0.00226938263096072));
#393=CARTESIAN_POINT('',(0.00461365872943652,-2.91548240056727E-5,-0.00230088521518176));
#394=CARTESIAN_POINT('',(0.0042025345606289,-2.91548240056727E-5,-0.00223858245231622));
#395=CARTESIAN_POINT('',(0.0039204449136753,-2.91548240056727E-5,-0.00206742216104144));
#396=CARTESIAN_POINT('',(0.00370199572847977,-2.91548240056727E-5,-0.00196212687185848));
#397=CARTESIAN_POINT('',(0.00348781814281973,-2.91548240056727E-5,-0.00182490821744344));
#398=CARTESIAN_POINT('',(0.0032247480806085,-2.91548240056727E-5,-0.00189094275541938));
#399=CARTESIAN_POINT('',(0.0031033590002348,-2.91548240056727E-5,-0.00211547648394419));
#400=CARTESIAN_POINT('',(0.00296016744946129,-2.91548240056727E-5,-0.00230872366890202));
#401=CARTESIAN_POINT('',(0.00278819236796451,-2.91548240056727E-5,-0.00249845577217637));
#402=CARTESIAN_POINT('',(0.0028230593195527,-2.91548240056727E-5,-0.00276725916427376));
#403=CARTESIAN_POINT('',(0.00302162452590079,-2.91548240056727E-5,-0.0029242939669233));
#404=CARTESIAN_POINT('',(0.0031885018030111,-2.91548240056727E-5,-0.00310097760170975));
#405=CARTESIAN_POINT('',(0.00337715014388188,-2.91548240056727E-5,-0.00326093745089392));
#406=CARTESIAN_POINT('',(0.0035541068328801,-2.91548240056727E-5,-0.00353794366672194));
#407=CARTESIAN_POINT('',(0.00366017752640914,-2.91548240056727E-5,-0.00385018992559139));
#408=CARTESIAN_POINT('',(0.00372209969231189,-2.91548240056727E-5,-0.00416971551858566));
#409=CARTESIAN_POINT('',(0.0037501243776884,-2.91548240056727E-5,-0.00437493303321856));
#410=CARTESIAN_POINT('',(0.00375147826225976,-2.91548240056727E-5,-0.00453325931752635));
#411=CARTESIAN_POINT('',(0.00378300334806747,-2.91548240056727E-5,-0.00467001031430473));
#412=CARTESIAN_POINT('',(0.00367427817294177,-2.91548240056727E-5,-0.00473895687104011));
#413=CARTESIAN_POINT('',(0.00354918319415432,-2.91548240056727E-5,-0.00484284881930985));
#414=CARTESIAN_POINT('',(0.00341188067941257,-2.91548240056727E-5,-0.00492189988244122));
#415=CARTESIAN_POINT('',(0.00328109016646369,-2.91548240056727E-5,-0.00504584111418705));
#416=CARTESIAN_POINT('',(0.00312088216129716,-2.91548240056727E-5,-0.00494905900339763));
#417=CARTESIAN_POINT('',(0.00293521820869243,-2.91548240056727E-5,-0.00489157732861578));
#418=CARTESIAN_POINT('',(0.00264157897469894,-2.91548240056727E-5,-0.00473695203291394));
#419=CARTESIAN_POINT('',(0.00237239294461102,-2.91548240056727E-5,-0.00455594950367504));
#420=CARTESIAN_POINT('',(0.00213213864496239,-2.91548240056727E-5,-0.00432875272693761));
#421=CARTESIAN_POINT('',(0.00201701036610017,-2.91548240056727E-5,-0.00411192481235624));
#422=CARTESIAN_POINT('',(0.00190831977074532,-2.91548240056727E-5,-0.00389160863367127));
#423=CARTESIAN_POINT('',(0.00181055640425315,-2.91548240056727E-5,-0.00367022954425336));
#424=CARTESIAN_POINT('',(0.00166257705278738,-2.91548240056727E-5,-0.0034566244320244));
#425=CARTESIAN_POINT('',(0.00139713173618654,-2.91548240056727E-5,-0.00345872287452161));
#426=CARTESIAN_POINT('',(0.00117813689291006,-2.91548240056727E-5,-0.00357256041744081));
#427=CARTESIAN_POINT('',(0.000938318087463817,-2.91548240056727E-5,-0.00361716117589276));
#428=CARTESIAN_POINT('',(0.000706634900252762,-2.91548240056727E-5,-0.00373919912750612));
#429=CARTESIAN_POINT('',(0.000679772233803312,-2.91548240056727E-5,-0.00400087973820333));
#430=CARTESIAN_POINT('',(0.00074028964518118,-2.91548240056727E-5,-0.0042368737088232));
#431=CARTESIAN_POINT('',(0.000776638596032772,-2.91548240056727E-5,-0.00447938189926927));
#432=CARTESIAN_POINT('',(0.000822281311163228,-2.91548240056727E-5,-0.00472151985049489));
#433=CARTESIAN_POINT('',(0.000766772991489267,-2.91548240056727E-5,-0.00504746253658549));
#434=CARTESIAN_POINT('',(0.000662046579249294,-2.91548240056727E-5,-0.00535632555757872));
#435=CARTESIAN_POINT('',(0.000515500462974597,-2.91548240056727E-5,-0.00565001876137151));
#436=CARTESIAN_POINT('',(0.000408134652585527,-2.91548240056727E-5,-0.00582108831172644));
#437=CARTESIAN_POINT('',(0.000331120921348036,-2.91548240056727E-5,-0.00594612126058759));
#438=CARTESIAN_POINT('',(0.000278299588214447,-2.91548240056727E-5,-0.0060015884939473));
#439=CARTESIAN_POINT('',(0.000146164231624429,-2.91548240056727E-5,-0.00598732017173236));
#440=CARTESIAN_POINT('',(7.67266791193441E-6,-2.91548240056727E-5,-0.00600573123426533));
#441=CARTESIAN_POINT('',(-0.000151617948195729,-2.91548240056727E-5,-0.00599140029781874));
#442=CARTESIAN_POINT('',(-0.000289529375068645,-2.91548240056727E-5,-0.00601633566858969));
#443=CARTESIAN_POINT('',(-0.00035294953796247,-2.91548240056727E-5,-0.00590335523704754));
#444=CARTESIAN_POINT('',(-0.000443980718377777,-2.91548240056727E-5,-0.00577041402453956));
#445=CARTESIAN_POINT('',(-0.000545005201958566,-2.91548240056727E-5,-0.00559152696530264));
#446=CARTESIAN_POINT('',(-0.000685876024384861,-2.91548240056727E-5,-0.00529704221223041));
#447=CARTESIAN_POINT('',(-0.000784834399602123,-2.91548240056727E-5,-0.00498453130149562));
#448=CARTESIAN_POINT('',(-0.00082109486814888,-2.91548240056727E-5,-0.00465654969150916));
#449=CARTESIAN_POINT('',(-0.000762405144581565,-2.91548240056727E-5,-0.00441606076062061));
#450=CARTESIAN_POINT('',(-0.000732185000333791,-2.91548240056727E-5,-0.00417402285641062));
#451=CARTESIAN_POINT('',(-0.000660163589295741,-2.91548240056727E-5,-0.00393450493191701));
#452=CARTESIAN_POINT('',(-0.00075690978834307,-2.91548240056727E-5,-0.00368306830012833));
#453=CARTESIAN_POINT('',(-0.00100437340746432,-2.91548240056727E-5,-0.00361174920433794));
#454=CARTESIAN_POINT('',(-0.00123701236720887,-2.91548240056727E-5,-0.00354923982187228));
#455=CARTESIAN_POINT('',(-0.00146144186798996,-2.91548240056727E-5,-0.00343184545804073));
#456=CARTESIAN_POINT('',(-0.0017225633163896,-2.91548240056727E-5,-0.0035000283285036));
#457=CARTESIAN_POINT('',(-0.00186921731658883,-2.91548240056727E-5,-0.00380653271191414));
#458=CARTESIAN_POINT('',(-0.00202311049884791,-2.91548240056727E-5,-0.00418205982989059));
#459=CARTESIAN_POINT('',(-0.00234806688848517,-2.91548240056727E-5,-0.00455563278729008));
#460=CARTESIAN_POINT('',(-0.00269904371586128,-2.91548240056727E-5,-0.00477262770508929));
#461=CARTESIAN_POINT('',(-0.00295619389266408,-2.91548240056727E-5,-0.00489377390078557));
#462=CARTESIAN_POINT('',(-0.00310791703907787,-2.91548240056727E-5,-0.0049597884243217));
#463=CARTESIAN_POINT('',(-0.00320237956844373,-2.91548240056727E-5,-0.0049843771651649));
#464=CARTESIAN_POINT('',(-0.00328224430202756,-2.91548240056727E-5,-0.00503297651443564));
#465=CARTESIAN_POINT('',(-0.00334781991044526,-2.91548240056727E-5,-0.00497228027226446));
#466=CARTESIAN_POINT('',(-0.0034684359984329,-2.91548240056727E-5,-0.00490242912244128));
#467=CARTESIAN_POINT('',(-0.00359568541160856,-2.91548240056727E-5,-0.00479941200774093));
#468=CARTESIAN_POINT('',(-0.00371612382163179,-2.91548240056727E-5,-0.00471560142379657));
#469=CARTESIAN_POINT('',(-0.00376792067844277,-2.91548240056727E-5,-0.00465945329617647));
#470=CARTESIAN_POINT('',(-0.00375287360323823,-2.91548240056727E-5,-0.0045715548169158));
#471=CARTESIAN_POINT('',(-0.00375475878450706,-2.91548240056727E-5,-0.00447264480660179));
#472=CARTESIAN_POINT('',(-0.00373198684956945,-2.91548240056727E-5,-0.00422659130022451));
#473=CARTESIAN_POINT('',(-0.00366801085889266,-2.91548240056727E-5,-0.00386788059409555));
#474=CARTESIAN_POINT('',(-0.00350682355936589,-2.91548240056727E-5,-0.00339266965454282));
#475=CARTESIAN_POINT('',(-0.0032025082503914,-2.91548240056727E-5,-0.00310923573065993));
#476=CARTESIAN_POINT('',(-0.00297171136106355,-2.91548240056727E-5,-0.00288472282515344));
#477=CARTESIAN_POINT('',(-0.00278880540017807,-2.91548240056727E-5,-0.00270403344534018));
#478=CARTESIAN_POINT('',(-0.00282208524121555,-2.91548240056727E-5,-0.0024364732957898));
#479=CARTESIAN_POINT('',(-0.00300318252954051,-2.91548240056727E-5,-0.00226177437700927));
#480=CARTESIAN_POINT('',(-0.00313094476403008,-2.91548240056727E-5,-0.0020569193869116));
#481=CARTESIAN_POINT('',(-0.00328445251117874,-2.91548240056727E-5,-0.00184930062676978));
#482=CARTESIAN_POINT('',(-0.00355262110307222,-2.91548240056727E-5,-0.00185167770073773));
#483=CARTESIAN_POINT('',(-0.00375699960766745,-2.91548240056727E-5,-0.00199302046308153));
#484=CARTESIAN_POINT('',(-0.00397759989923876,-2.91548240056727E-5,-0.00209785813793382));
#485=CARTESIAN_POINT('',(-0.00426129541007317,-2.91548240056727E-5,-0.00226593564095837));
#486=CARTESIAN_POINT('',(-0.00468031162083414,-2.91548240056727E-5,-0.00229778218569132));
#487=CARTESIAN_POINT('',(-0.00508363636555241,-2.91548240056727E-5,-0.00226041772355066));
#488=CARTESIAN_POINT('',(-0.00536653034403249,-2.91548240056727E-5,-0.00220244478074027));
#489=CARTESIAN_POINT('',(-0.00549995528339022,-2.91548240056727E-5,-0.00216029457222888));
#490=CARTESIAN_POINT('',(-0.00558528056363738,-2.91548240056727E-5,-0.00214424826212422));
#491=CARTESIAN_POINT('',(-0.00563432176141314,-2.91548240056727E-5,-0.00209014253655467));
#492=CARTESIAN_POINT('',(-0.00565949985790862,-2.91548240056727E-5,-0.00198322307710607));
#493=CARTESIAN_POINT('',(-0.00570035472210253,-2.91548240056727E-5,-0.00187068196840548));
#494=CARTESIAN_POINT('',(-0.00574148212674622,-2.91548240056727E-5,-0.00175282068988008));
#495=CARTESIAN_POINT('',(-0.00575838023339918,-2.91548240056727E-5,-0.00165663877449958));
#496=CARTESIAN_POINT('',(-0.00580272637524118,-2.91548240056727E-5,-0.00157417196788025));
#497=CARTESIAN_POINT('',(-0.00573766280451104,-2.91548240056727E-5,-0.00151216193172796));
#498=CARTESIAN_POINT('',(-0.00565954155193802,-2.91548240056727E-5,-0.00139764570737359));
#499=CARTESIAN_POINT('',(-0.00546447346278118,-2.91548240056727E-5,-0.00118291004141008));
#500=CARTESIAN_POINT('',(-0.00516372526360948,-2.91548240056727E-5,-0.000913217818413474));
#501=CARTESIAN_POINT('',(-0.00481097533699752,-2.91548240056727E-5,-0.000684264241801038));
#502=CARTESIAN_POINT('',(-0.00448469094430842,-2.91548240056727E-5,-0.000643776005674311));
#503=CARTESIAN_POINT('',(-0.00424327903794808,-2.91548240056727E-5,-0.000602126219262031));
#504=CARTESIAN_POINT('',(-0.00399861199477035,-2.91548240056727E-5,-0.000590872954313628));
#505=CARTESIAN_POINT('',(-0.00376379246462173,-2.91548240056727E-5,-0.000468475700075166));
#506=CARTESIAN_POINT('',(-0.00373410929749204,-2.91548240056727E-5,-0.000209731530590809));
#507=CARTESIAN_POINT('',(-0.0037611319887113,-2.91548240056727E-5,3.17128917062647E-5));
#508=CARTESIAN_POINT('',(-0.00371818132090173,-2.91548240056727E-5,0.000276262167362914));
#509=CARTESIAN_POINT('',(-0.00381457762472249,-2.91548240056727E-5,0.000525397733003757));
#510=CARTESIAN_POINT('',(-0.00406607149570662,-2.91548240056727E-5,0.00058688206097402));
#511=CARTESIAN_POINT('',(-0.00438525151134195,-2.91548240056727E-5,0.000626657862197007));
#512=CARTESIAN_POINT('',(-0.00480073302199331,-2.91548240056727E-5,0.000670427467170422));
#513=CARTESIAN_POINT('',(-0.00521166654862814,-2.91548240056727E-5,0.000951638923413871));
#514=CARTESIAN_POINT('',(-0.00552029620932124,-2.91548240056727E-5,0.0012279464644108));
#515=CARTESIAN_POINT('',(-0.00568442295609263,-2.91548240056727E-5,0.00145047088551735));
#516=CARTESIAN_POINT('',(-0.00581568622491088,-2.91548240056727E-5,0.00157478128720524));
#517=CARTESIAN_POINT('',(-0.00572673180606067,-2.91548240056727E-5,0.00173947169077614));
#518=CARTESIAN_POINT('',(-0.00569963592830733,-2.91548240056727E-5,0.00189449123653784));
#519=CARTESIAN_POINT('',(-0.0056434194149923,-2.91548240056727E-5,0.00202452337515494));
#520=CARTESIAN_POINT('',(-0.00562321291005339,-2.91548240056727E-5,0.00210897224072418));
#521=CARTESIAN_POINT('',(-0.00556566027098538,-2.91548240056727E-5,0.00215427199211205));
#522=CARTESIAN_POINT('',(-0.00545786386901975,-2.91548240056727E-5,0.00217308868191547));
#523=CARTESIAN_POINT('',(-0.00530341091572437,-2.91548240056727E-5,0.00221728937016327));
#524=CARTESIAN_POINT('',(-0.00502015300121898,-2.91548240056727E-5,0.00226938263097988));
#525=CARTESIAN_POINT('',(-0.00461365872931958,-2.91548240056727E-5,0.00230088521518917));
#526=CARTESIAN_POINT('',(-0.00420253456053505,-2.91548240056727E-5,0.00223858245225794));
#527=CARTESIAN_POINT('',(-0.00392044491357688,-2.91548240056727E-5,0.00206742216099278));
#528=CARTESIAN_POINT('',(-0.00370199572838868,-2.91548240056727E-5,0.0019621268718026));
#529=CARTESIAN_POINT('',(-0.00348781814270278,-2.91548240056727E-5,0.00182490821740931));
#530=CARTESIAN_POINT('',(-0.00322474808052014,-2.91548240056727E-5,0.00189094275550325));
#531=CARTESIAN_POINT('',(-0.00310335900018224,-2.91548240056727E-5,0.00211547648403863));
#532=CARTESIAN_POINT('',(-0.00296016744938298,-2.91548240056727E-5,0.00230872366897757));
#533=CARTESIAN_POINT('',(-0.00278819236791892,-2.91548240056727E-5,0.00249845577229086));
#534=CARTESIAN_POINT('',(-0.00282305931962674,-2.91548240056727E-5,0.00276725916436917));
#535=CARTESIAN_POINT('',(-0.003021624525981,-2.91548240056727E-5,0.00292429396699384));
#536=CARTESIAN_POINT('',(-0.00318850180308687,-2.91548240056727E-5,0.00310097760178898));
#537=CARTESIAN_POINT('',(-0.00337715014396923,-2.91548240056727E-5,0.00326093745096329));
#538=CARTESIAN_POINT('',(-0.00355410683290969,-2.91548240056727E-5,0.00353794366683512));
#539=CARTESIAN_POINT('',(-0.003660177526439,-2.91548240056727E-5,0.00385018992569626));
#540=CARTESIAN_POINT('',(-0.00372209969232568,-2.91548240056727E-5,0.00416971551869367));
#541=CARTESIAN_POINT('',(-0.00375012437770257,-2.91548240056727E-5,0.00437493303332977));
#542=CARTESIAN_POINT('',(-0.00375147826225285,-2.91548240056727E-5,0.00453325931763193));
#543=CARTESIAN_POINT('',(-0.00378300334810264,-2.91548240056727E-5,0.00467001031442851));
#544=CARTESIAN_POINT('',(-0.00367427817282443,-2.91548240056727E-5,0.00473895687109531));
#545=CARTESIAN_POINT('',(-0.00354918319408177,-2.91548240056727E-5,0.00484284881936908));
#546=CARTESIAN_POINT('',(-0.00341188067932856,-2.91548240056727E-5,0.00492189988257697));
#547=CARTESIAN_POINT('',(-0.00328109016635711,-2.91548240056727E-5,0.00504584111411893));
#548=CARTESIAN_POINT('',(-0.00312088216119572,-2.91548240056727E-5,0.00494905900338056));
#549=CARTESIAN_POINT('',(-0.00293521820859207,-2.91548240056727E-5,0.00489157732856437));
#550=CARTESIAN_POINT('',(-0.00264157897460473,-2.91548240056727E-5,0.00473695203286263));
#551=CARTESIAN_POINT('',(-0.00237239294452098,-2.91548240056727E-5,0.00455594950361122));
#552=CARTESIAN_POINT('',(-0.00213213864489108,-2.91548240056727E-5,0.00432875272685257));
#553=CARTESIAN_POINT('',(-0.0020170103660594,-2.91548240056727E-5,0.00411192481225382));
#554=CARTESIAN_POINT('',(-0.00190831977069065,-2.91548240056727E-5,0.00389160863357684));
#555=CARTESIAN_POINT('',(-0.00181055640422326,-2.91548240056727E-5,0.00367022954414401));
#556=CARTESIAN_POINT('',(-0.00166257705267228,-2.91548240056727E-5,0.00345662443196702));
#557=CARTESIAN_POINT('',(-0.00139713173608467,-2.91548240056727E-5,0.00345872287457749));
#558=CARTESIAN_POINT('',(-0.00117813689280902,-2.91548240056727E-5,0.00357256041747857));
#559=CARTESIAN_POINT('',(-0.000938318087348675,-2.91548240056727E-5,0.00361716117589906));
#560=CARTESIAN_POINT('',(-0.000706634900180889,-2.91548240056727E-5,0.00373919912761504));
#561=CARTESIAN_POINT('',(-0.000679772233846698,-2.91548240056727E-5,0.00400087973831073));
#562=CARTESIAN_POINT('',(-0.000740289645191796,-2.91548240056727E-5,0.00423687370893127));
#563=CARTESIAN_POINT('',(-0.000776638596059272,-2.91548240056727E-5,0.00447938189937635));
#564=CARTESIAN_POINT('',(-0.000822281311158942,-2.91548240056727E-5,0.00472151985060518));
#565=CARTESIAN_POINT('',(-0.000766772991459597,-2.91548240056727E-5,0.00504746253669256));
#566=CARTESIAN_POINT('',(-0.000662046579207798,-2.91548240056727E-5,0.00535632555767362));
#567=CARTESIAN_POINT('',(-0.000515500462925371,-2.91548240056727E-5,0.00565001876148021));
#568=CARTESIAN_POINT('',(-0.000408134652504485,-2.91548240056727E-5,0.00582108831177408));
#569=CARTESIAN_POINT('',(-0.000331120921320923,-2.91548240056727E-5,0.00594612126074222));
#570=CARTESIAN_POINT('',(-0.000278299588090223,-2.91548240056727E-5,0.00600158849392354));
#571=CARTESIAN_POINT('',(-0.000146164231533612,-2.91548240056727E-5,0.00598732017176933));
#572=CARTESIAN_POINT('',(-7.67266779642456E-6,-2.91548240056727E-5,0.00600573123426596));
#573=CARTESIAN_POINT('',(0.000151617948299864,-2.91548240056727E-5,0.00599140029780709));
#574=CARTESIAN_POINT('',(0.00028952937519504,-2.91548240056727E-5,0.00601633566861732));
#575=CARTESIAN_POINT('',(0.000352949538008688,-2.91548240056727E-5,0.00590335523692725));
#576=CARTESIAN_POINT('',(0.000443980718444126,-2.91548240056727E-5,0.00577041402446368));
#577=CARTESIAN_POINT('',(0.000545005202006403,-2.91548240056727E-5,0.00559152696519977));
#578=CARTESIAN_POINT('',(0.000685876024426537,-2.91548240056727E-5,0.00529704221213226));
#579=CARTESIAN_POINT('',(0.000784834399632919,-2.91548240056727E-5,0.00498453130138684));
#580=CARTESIAN_POINT('',(0.000821094868138545,-2.91548240056727E-5,0.00465654969140037));
#581=CARTESIAN_POINT('',(0.000762405144560382,-2.91548240056727E-5,0.00441606076050948));
#582=CARTESIAN_POINT('',(0.000732185000316404,-2.91548240056727E-5,0.00417402285631717));
#583=CARTESIAN_POINT('',(0.000660163589274107,-2.91548240056727E-5,0.00393450493175521));
#584=CARTESIAN_POINT('',(0.000756909788462483,-2.91548240056727E-5,0.00368306830021308));
#585=CARTESIAN_POINT('',(0.0010043734074739,-2.91548240056727E-5,0.00361174920369826));
#586=CARTESIAN_POINT('',(0.001237012367684,-2.91548240056727E-5,0.00354923982417467));
#587=CARTESIAN_POINT('',(0.0014614418667003,-2.91548240056727E-5,0.00343184544925792));
#588=CARTESIAN_POINT('',(0.00172256331660742,-2.91548240056727E-5,0.00350002833072843));
#589=CARTESIAN_POINT('',(0.00146755719184875,-2.91548240056727E-5,0.00346277499198913));
#590=CARTESIAN_POINT('',(-0.001651,-2.91548240056727E-5,-2.16840434497101E-19));
#591=CARTESIAN_POINT('',(-0.001651,-2.91548240056727E-5,0.00193023288750348));
#592=CARTESIAN_POINT('',(-0.001651,-2.91548240056727E-5,-0.00193023288750348));
#593=CARTESIAN_POINT('',(0.,-2.91548240056727E-5,3.25260651745652E-19));
#594=CARTESIAN_POINT('',(0.001651,-2.91548240056727E-5,-0.00193023288750348));
#595=CARTESIAN_POINT('',(0.001651,-2.91548240056727E-5,2.16840434497101E-19));
#596=CARTESIAN_POINT('',(0.001651,-2.91548240056797E-5,0.00193023288750348));
#597=CARTESIAN_POINT('',(1.0842021724855E-19,-2.91548240056727E-5,0.));
#598=CARTESIAN_POINT('',(1.0842021724855E-19,-0.0254,0.));
#599=CARTESIAN_POINT('',(-0.001651,-0.0254,0.00193023288750348));
#600=CARTESIAN_POINT('',(0.001651,-0.0254,0.00193023288750348));
#601=CARTESIAN_POINT('',(0.001651,-0.0254,2.16840434497101E-19));
#602=CARTESIAN_POINT('',(0.001651,-0.0254,-0.00193023288750348));
#603=CARTESIAN_POINT('',(0.,-0.0254,3.25260651745652E-19));
#604=CARTESIAN_POINT('',(-0.001651,-0.0254,-0.00193023288750348));
#605=CARTESIAN_POINT('',(-0.001651,-0.0254,-2.16840434497101E-19));
#606=CARTESIAN_POINT('',(-0.032766,-0.00496896728873253,-0.000777508830651641));
#607=CARTESIAN_POINT('',(0.00376005315780639,-0.00496896728873253,0.00467568159103394));
#608=CARTESIAN_POINT('',(0.00375412661598668,-0.00496896728873253,0.00443892837723));
#609=CARTESIAN_POINT('',(0.00372441070652107,-0.00496896728873253,0.00408221166330566));
#610=CARTESIAN_POINT('',(0.00358502350084928,-0.00496896728873253,0.00362981403129235));
#611=CARTESIAN_POINT('',(0.00343071308937721,-0.00496896728873253,0.00330323633251804));
#612=CARTESIAN_POINT('',(0.00319994633899856,-0.00496896728873253,0.00311078946102259));
#613=CARTESIAN_POINT('',(0.00303475994294094,-0.00496896728873253,0.00294172645024962));
#614=CARTESIAN_POINT('',(0.002899190100799,-0.00496896728873253,0.00282589963250226));
#615=CARTESIAN_POINT('',(0.00280060248582885,-0.00496896728873253,0.00267376847868526));
#616=CARTESIAN_POINT('',(0.00281127332068764,-0.00496896728873253,0.00248419885108957));
#617=CARTESIAN_POINT('',(0.00292683732694506,-0.00496896728873253,0.0023452222092022));
#618=CARTESIAN_POINT('',(0.00303529217388049,-0.00496896728873253,0.00220526978237744));
#619=CARTESIAN_POINT('',(0.00313487619090489,-0.00496896728873253,0.00205886604107627));
#620=CARTESIAN_POINT('',(0.00323136686206362,-0.00496896728873253,0.00190605060856919));
#621=CARTESIAN_POINT('',(0.00340833139823359,-0.00496896728873253,0.00183727241589433));
#622=CARTESIAN_POINT('',(0.00358349443439706,-0.00496896728873253,0.00188404214787508));
#623=CARTESIAN_POINT('',(0.00373553960474987,-0.00496896728873253,0.00197718435756707));
#624=CARTESIAN_POINT('',(0.00394737382751675,-0.00496896728873253,0.00208204742838095));
#625=CARTESIAN_POINT('',(0.00420172448331791,-0.00496896728873253,0.00224201177922597));
#626=CARTESIAN_POINT('',(0.00455998877873016,-0.00496896728873253,0.00228789492800779));
#627=CARTESIAN_POINT('',(0.00503332219837345,-0.00496896728873253,0.00228064679253782));
#628=CARTESIAN_POINT('',(0.00538176093446761,-0.00496896728873253,0.00219868233558582));
#629=CARTESIAN_POINT('',(0.00560875797271729,-0.00496896728873253,0.00213115787506103));
#630=CARTESIAN_POINT('',(0.00376005315780639,-0.00496896728873253,0.00467568159103394));
#631=CARTESIAN_POINT('',(0.00560875797271729,-0.00496896728873253,0.00213115787506103));
#632=CARTESIAN_POINT('',(0.00328491735458374,-0.00496896728873253,0.00502088785171509));
#633=CARTESIAN_POINT('',(0.00344702449934676,-0.00496896728873253,0.00491101016100138));
#634=CARTESIAN_POINT('',(0.00360545930947305,-0.00496896728873253,0.00479590045543468));
#635=CARTESIAN_POINT('',(0.00376005315780639,-0.00496896728873253,0.00467568159103394));
#636=CARTESIAN_POINT('',(0.00328491735458374,-0.00496896728873253,0.00502088785171509));
#637=CARTESIAN_POINT('',(0.000293650001287449,-0.00496896728873253,0.00599280977249146));
#638=CARTESIAN_POINT('',(0.000428015974184642,-0.00496896728873253,0.00579778927137981));
#639=CARTESIAN_POINT('',(0.000613647356347469,-0.00496896728873253,0.00549173235527712));
#640=CARTESIAN_POINT('',(0.000766793886777865,-0.00496896728873253,0.00504380542795248));
#641=CARTESIAN_POINT('',(0.000833911450177383,-0.00496896728873253,0.00468889707958783));
#642=CARTESIAN_POINT('',(0.000760334897769773,-0.00496896728873253,0.00439756297291775));
#643=CARTESIAN_POINT('',(0.000726068958542026,-0.00496896728873253,0.00416369400835848));
#644=CARTESIAN_POINT('',(0.000684471899301983,-0.00496896728873253,0.00399030217739403));
#645=CARTESIAN_POINT('',(0.000694133319114922,-0.00496896728873253,0.00380927720264066));
#646=CARTESIAN_POINT('',(0.000814192120888128,-0.00496896728873253,0.003662183918442));
#647=CARTESIAN_POINT('',(0.00098937401867905,-0.00496896728873253,0.00361767664014255));
#648=CARTESIAN_POINT('',(0.001159377699629,-0.00496896728873253,0.00356820061239622));
#649=CARTESIAN_POINT('',(0.00132599694428383,-0.00496896728873253,0.00350829189113343));
#650=CARTESIAN_POINT('',(0.00149388209988773,-0.00496896728873253,0.00344137701284406));
#651=CARTESIAN_POINT('',(0.00167747617568909,-0.00496896728873253,0.00348975155576422));
#652=CARTESIAN_POINT('',(0.00179169571510088,-0.00496896728873253,0.00363054705584591));
#653=CARTESIAN_POINT('',(0.00185995522772863,-0.00496896728873253,0.00379527064049053));
#654=CARTESIAN_POINT('',(0.00196969596524063,-0.00496896728873253,0.00400461955239633));
#655=CARTESIAN_POINT('',(0.00208144454783719,-0.00496896728873253,0.00428353746063199));
#656=CARTESIAN_POINT('',(0.00234431758182421,-0.00496896728873253,0.00453123976152396));
#657=CARTESIAN_POINT('',(0.00273151263489297,-0.00496896728873253,0.00480359425741679));
#658=CARTESIAN_POINT('',(0.00306158282749128,-0.00496896728873253,0.00494209128118529));
#659=CARTESIAN_POINT('',(0.00328491735458374,-0.00496896728873253,0.00502088785171509));
#660=CARTESIAN_POINT('',(0.00029365000128746,-0.00496896728873253,0.00599280977249146));
#661=CARTESIAN_POINT('',(-0.000293650001287449,-0.00496896728873253,0.00599280977249146));
#662=CARTESIAN_POINT('',(-9.79181046512241E-5,-0.00496896728873253,0.00599920082103535));
#663=CARTESIAN_POINT('',(9.79181046409484E-5,-0.00496896728873253,0.00599920082103841));
#664=CARTESIAN_POINT('',(0.000293650001287449,-0.00496896728873253,0.00599280977249146));
#665=CARTESIAN_POINT('',(-0.00029365000128746,-0.00496896728873253,0.00599280977249146));
#666=CARTESIAN_POINT('',(-0.00328491735458375,-0.00496896728873253,0.00502088785171509));
#667=CARTESIAN_POINT('',(-0.00306158282747679,-0.00496896728873253,0.00494209128118585));
#668=CARTESIAN_POINT('',(-0.00273150806248902,-0.00496896728873253,0.00480359756757676));
#669=CARTESIAN_POINT('',(-0.00234432520250218,-0.00496896728873253,0.00453123424459051));
#670=CARTESIAN_POINT('',(-0.00208141558925879,-0.00496896728873253,0.00428355842497915));
#671=CARTESIAN_POINT('',(-0.00196969889153887,-0.00496896728873253,0.00400461662253571));
#672=CARTESIAN_POINT('',(-0.00185995575210744,-0.00496896728873253,0.00379527172137021));
#673=CARTESIAN_POINT('',(-0.00179169129176733,-0.00496896728873253,0.0036305446595027));
#674=CARTESIAN_POINT('',(-0.00167747117761256,-0.00496896728873253,0.00348977123177348));
#675=CARTESIAN_POINT('',(-0.00149388229887774,-0.00496896728873253,0.00344133936464987));
#676=CARTESIAN_POINT('',(-0.00132599649280567,-0.00496896728873253,0.00350830143345363));
#677=CARTESIAN_POINT('',(-0.00115937930655157,-0.00496896728873253,0.00356820009130963));
#678=CARTESIAN_POINT('',(-0.000989368042467561,-0.00496896728873253,0.00361766918217074));
#679=CARTESIAN_POINT('',(-0.000814214418811392,-0.00496896728873253,0.00366221427141585));
#680=CARTESIAN_POINT('',(-0.000694117706500534,-0.00496896728873253,0.00380926421861026));
#681=CARTESIAN_POINT('',(-0.000684469732200805,-0.00496896728873253,0.00399030671670256));
#682=CARTESIAN_POINT('',(-0.000726068747173925,-0.00496896728873253,0.00416369282550877));
#683=CARTESIAN_POINT('',(-0.000760338984990642,-0.00496896728873253,0.00439756362332145));
#684=CARTESIAN_POINT('',(-0.000833875722030169,-0.00496896728873253,0.00468889714020303));
#685=CARTESIAN_POINT('',(-0.00076680328892234,-0.00496896728873253,0.0050438054120011));
#686=CARTESIAN_POINT('',(-0.00061364171505834,-0.00496896728873253,0.00549173236484804));
#687=CARTESIAN_POINT('',(-0.000428015974196859,-0.00496896728873253,0.00579778927137933));
#688=CARTESIAN_POINT('',(-0.000293650001287449,-0.00496896728873253,0.00599280977249146));
#689=CARTESIAN_POINT('',(-0.00328491735458374,-0.00496896728873253,0.00502088785171509));
#690=CARTESIAN_POINT('',(-0.0037600531578064,-0.00496896728873253,0.00467568159103394));
#691=CARTESIAN_POINT('',(-0.00360545930946473,-0.00496896728873253,0.00479590045543212));
#692=CARTESIAN_POINT('',(-0.00344702449934251,-0.00496896728873253,0.00491101016100153));
#693=CARTESIAN_POINT('',(-0.00328491735458375,-0.00496896728873253,0.00502088785171509));
#694=CARTESIAN_POINT('',(-0.00376005315780639,-0.00496896728873253,0.00467568159103394));
#695=CARTESIAN_POINT('',(-0.0056087579727173,-0.00496896728873253,0.00213115787506103));
#696=CARTESIAN_POINT('',(-0.00538176093444936,-0.00496896728873253,0.00219868233558569));
#697=CARTESIAN_POINT('',(-0.00503332044571276,-0.00496896728873253,0.00228065215571003));
#698=CARTESIAN_POINT('',(-0.0045599916998374,-0.00496896728873253,0.00228788598938749));
#699=CARTESIAN_POINT('',(-0.00420171338310771,-0.00496896728873253,0.00224204574598308));
#700=CARTESIAN_POINT('',(-0.00394737447223169,-0.00496896728873253,0.0020820433398754));
#701=CARTESIAN_POINT('',(-0.00373554066430501,-0.00496896728873253,0.00197718492352564));
#702=CARTESIAN_POINT('',(-0.00358348944775128,-0.00496896728873253,0.0018840428089303));
#703=CARTESIAN_POINT('',(-0.00340833891906529,-0.00496896728873253,0.00183729127112825));
#704=CARTESIAN_POINT('',(-0.00323134489705188,-0.00496896728873253,0.00190602003738679));
#705=CARTESIAN_POINT('',(-0.00313488143418569,-0.00496896728873253,0.00205887402553287));
#706=CARTESIAN_POINT('',(-0.00303529316576911,-0.00496896728873253,0.00220526841573345));
#707=CARTESIAN_POINT('',(-0.00292682811610985,-0.00496896728873253,0.00234521969132166));
#708=CARTESIAN_POINT('',(-0.00281130917213987,-0.00496896728873253,0.0024842102892557));
#709=CARTESIAN_POINT('',(-0.00280058222704448,-0.00496896728873253,0.00267376715593486));
#710=CARTESIAN_POINT('',(-0.00289919101719648,-0.00496896728873253,0.00282590457490652));
#711=CARTESIAN_POINT('',(-0.00303475907598217,-0.00496896728873253,0.00294172561875749));
#712=CARTESIAN_POINT('',(-0.00319995002990163,-0.00496896728873253,0.00311078758293901));
#713=CARTESIAN_POINT('',(-0.00343068420604385,-0.00496896728873253,0.00330325739273095));
#714=CARTESIAN_POINT('',(-0.00358503110172584,-0.00496896728873253,0.0036298084891311));
#715=CARTESIAN_POINT('',(-0.00372440614599831,-0.00496896728873253,0.00408221498860217));
#716=CARTESIAN_POINT('',(-0.00375412661597102,-0.00496896728873253,0.00443892837723119));
#717=CARTESIAN_POINT('',(-0.0037600531578064,-0.00496896728873253,0.00467568159103394));
#718=CARTESIAN_POINT('',(-0.00560875797271729,-0.00496896728873253,0.00213115787506103));
#719=CARTESIAN_POINT('',(-0.00579024362564085,-0.00496896728873253,0.00157260227203369));
#720=CARTESIAN_POINT('',(-0.00573583744491704,-0.00496896728873253,0.00176072936355694));
#721=CARTESIAN_POINT('',(-0.0056753210661181,-0.00496896728873253,0.00194698081443372));
#722=CARTESIAN_POINT('',(-0.0056087579727173,-0.00496896728873253,0.00213115787506103));
#723=CARTESIAN_POINT('',(-0.00579024362564087,-0.00496896728873253,0.00157260227203369));
#724=CARTESIAN_POINT('',(-0.00579024362564085,-0.00496896728873253,-0.00157260227203369));
#725=CARTESIAN_POINT('',(-0.00564628943199666,-0.00496896728873253,-0.00138454802176477));
#726=CARTESIAN_POINT('',(-0.00541257537873194,-0.00496896728873253,-0.00111342519924822));
#727=CARTESIAN_POINT('',(-0.00503389633376646,-0.00496896728873253,-0.000829357226872676));
#728=CARTESIAN_POINT('',(-0.0047170988631702,-0.00496896728873253,-0.000655852085090279));
#729=CARTESIAN_POINT('',(-0.00441728729043531,-0.00496896728873253,-0.00063580020732304));
#730=CARTESIAN_POINT('',(-0.00418427591388957,-0.00496896728873253,-0.000596119597300711));
#731=CARTESIAN_POINT('',(-0.00400651631406964,-0.00496896728873253,-0.000582099740031783));
#732=CARTESIAN_POINT('',(-0.00383733675891616,-0.00496896728873253,-0.000516971380800238));
#733=CARTESIAN_POINT('',(-0.00373454334167592,-0.00496896728873253,-0.0003573342156558));
#734=CARTESIAN_POINT('',(-0.003746348122335,-0.00496896728873253,-0.00017697289921493));
#735=CARTESIAN_POINT('',(-0.00375182817257755,-0.00496896728873253,-8.4438494535344E-10));
#736=CARTESIAN_POINT('',(-0.00374633918735481,-0.00496896728873253,0.00017697627675471));
#737=CARTESIAN_POINT('',(-0.00373457908159664,-0.00496896728873253,0.000357322394266603));
#738=CARTESIAN_POINT('',(-0.00383731959120378,-0.00496896728873253,0.000516982213701821));
#739=CARTESIAN_POINT('',(-0.00400651995923495,-0.00496896728873253,0.000582103210180245));
#740=CARTESIAN_POINT('',(-0.00418427472422634,-0.00496896728873253,0.000596119431104241));
#741=CARTESIAN_POINT('',(-0.00441728917163999,-0.00496896728873253,0.00063579652223842));
#742=CARTESIAN_POINT('',(-0.00471708788064454,-0.00496896728873253,0.000655886081834207));
#743=CARTESIAN_POINT('',(-0.00503389922390483,-0.00496896728873253,0.000829348280361142));
#744=CARTESIAN_POINT('',(-0.0054125736446489,-0.00496896728873253,0.00111343056715503));
#745=CARTESIAN_POINT('',(-0.00564628943199685,-0.00496896728873253,0.00138454802176535));
#746=CARTESIAN_POINT('',(-0.00579024362564085,-0.00496896728873253,0.00157260227203369));
#747=CARTESIAN_POINT('',(-0.00579024362564087,-0.00496896728873253,-0.00157260227203369));
#748=CARTESIAN_POINT('',(-0.0056087579727173,-0.00496896728873253,-0.00213115787506104));
#749=CARTESIAN_POINT('',(-0.00567532106613377,-0.00496896728873253,-0.0019469808144342));
#750=CARTESIAN_POINT('',(-0.00573583744491343,-0.00496896728873253,-0.00176072936355632));
#751=CARTESIAN_POINT('',(-0.00579024362564085,-0.00496896728873253,-0.00157260227203369));
#752=CARTESIAN_POINT('',(-0.00560875797271729,-0.00496896728873253,-0.00213115787506103));
#753=CARTESIAN_POINT('',(-0.0037600531578064,-0.00496896728873253,-0.00467568159103394));
#754=CARTESIAN_POINT('',(-0.00375412661598495,-0.00496896728873253,-0.00443892837722739));
#755=CARTESIAN_POINT('',(-0.00372441070652146,-0.00496896728873253,-0.00408221166330625));
#756=CARTESIAN_POINT('',(-0.00358502350084921,-0.00496896728873253,-0.00362981403129224));
#757=CARTESIAN_POINT('',(-0.00343071308937723,-0.00496896728873253,-0.00330323633251806));
#758=CARTESIAN_POINT('',(-0.00319994633899856,-0.00496896728873253,-0.00311078946102259));
#759=CARTESIAN_POINT('',(-0.00303475994294094,-0.00496896728873253,-0.00294172645024961));
#760=CARTESIAN_POINT('',(-0.00289919010079901,-0.00496896728873253,-0.00282589963250226));
#761=CARTESIAN_POINT('',(-0.00280060248582884,-0.00496896728873253,-0.00267376847868525));
#762=CARTESIAN_POINT('',(-0.00281127332068766,-0.00496896728873253,-0.00248419885108957));
#763=CARTESIAN_POINT('',(-0.00292683732694504,-0.00496896728873253,-0.0023452222092022));
#764=CARTESIAN_POINT('',(-0.00303529217388052,-0.00496896728873253,-0.00220526978237744));
#765=CARTESIAN_POINT('',(-0.0031348761909049,-0.00496896728873253,-0.00205886604107627));
#766=CARTESIAN_POINT('',(-0.00323136686206361,-0.00496896728873253,-0.00190605060856919));
#767=CARTESIAN_POINT('',(-0.0034083313982336,-0.00496896728873253,-0.00183727241589433));
#768=CARTESIAN_POINT('',(-0.0035834944343971,-0.00496896728873253,-0.00188404214787508));
#769=CARTESIAN_POINT('',(-0.00373553960474979,-0.00496896728873253,-0.00197718435756707));
#770=CARTESIAN_POINT('',(-0.00394737382751682,-0.00496896728873253,-0.00208204742838095));
#771=CARTESIAN_POINT('',(-0.00420172448331789,-0.00496896728873253,-0.00224201177922598));
#772=CARTESIAN_POINT('',(-0.00455998877873016,-0.00496896728873253,-0.00228789492800776));
#773=CARTESIAN_POINT('',(-0.00503332219837348,-0.00496896728873253,-0.00228064679253797));
#774=CARTESIAN_POINT('',(-0.00538176093446762,-0.00496896728873253,-0.00219868233558513));
#775=CARTESIAN_POINT('',(-0.0056087579727173,-0.00496896728873253,-0.00213115787506104));
#776=CARTESIAN_POINT('',(-0.00376005315780639,-0.00496896728873253,-0.00467568159103394));
#777=CARTESIAN_POINT('',(-0.00328491735458375,-0.00496896728873253,-0.00502088785171509));
#778=CARTESIAN_POINT('',(-0.00344702449934572,-0.00496896728873253,-0.00491101016100165));
#779=CARTESIAN_POINT('',(-0.00360545930946971,-0.00496896728873253,-0.00479590045543175));
#780=CARTESIAN_POINT('',(-0.0037600531578064,-0.00496896728873253,-0.00467568159103394));
#781=CARTESIAN_POINT('',(-0.00328491735458374,-0.00496896728873253,-0.00502088785171509));
#782=CARTESIAN_POINT('',(-0.000293650001287449,-0.00496896728873253,-0.00599280977249146));
#783=CARTESIAN_POINT('',(-0.000428015974184642,-0.00496896728873253,-0.00579778927137546));
#784=CARTESIAN_POINT('',(-0.000613647356347474,-0.00496896728873253,-0.0054917323552781));
#785=CARTESIAN_POINT('',(-0.000766793886777877,-0.00496896728873253,-0.0050438054279523));
#786=CARTESIAN_POINT('',(-0.00083391145017741,-0.00496896728873253,-0.00468889707958787));
#787=CARTESIAN_POINT('',(-0.000760334897769747,-0.00496896728873253,-0.00439756297291774));
#788=CARTESIAN_POINT('',(-0.000726068958542046,-0.00496896728873253,-0.00416369400835848));
#789=CARTESIAN_POINT('',(-0.00068447189930196,-0.00496896728873253,-0.00399030217739402));
#790=CARTESIAN_POINT('',(-0.000694133319114911,-0.00496896728873253,-0.00380927720264066));
#791=CARTESIAN_POINT('',(-0.000814192120888152,-0.00496896728873253,-0.003662183918442));
#792=CARTESIAN_POINT('',(-0.000989374018679051,-0.00496896728873253,-0.00361767664014255));
#793=CARTESIAN_POINT('',(-0.00115937769962894,-0.00496896728873253,-0.00356820061239623));
#794=CARTESIAN_POINT('',(-0.00132599694428384,-0.00496896728873253,-0.00350829189113343));
#795=CARTESIAN_POINT('',(-0.00149388209988773,-0.00496896728873253,-0.00344137701284406));
#796=CARTESIAN_POINT('',(-0.00167747617568911,-0.00496896728873253,-0.00348975155576422));
#797=CARTESIAN_POINT('',(-0.00179169571510087,-0.00496896728873253,-0.00363054705584591));
#798=CARTESIAN_POINT('',(-0.00185995522772865,-0.00496896728873253,-0.00379527064049053));
#799=CARTESIAN_POINT('',(-0.00196969596524059,-0.00496896728873253,-0.00400461955239634));
#800=CARTESIAN_POINT('',(-0.00208144454783721,-0.00496896728873253,-0.00428353746063195));
#801=CARTESIAN_POINT('',(-0.00234431758182401,-0.00496896728873253,-0.00453123976152411));
#802=CARTESIAN_POINT('',(-0.00273151263489412,-0.00496896728873253,-0.00480359425741601));
#803=CARTESIAN_POINT('',(-0.00306158282748572,-0.00496896728873253,-0.00494209128118878));
#804=CARTESIAN_POINT('',(-0.00328491735458375,-0.00496896728873253,-0.00502088785171509));
#805=CARTESIAN_POINT('',(-0.00029365000128746,-0.00496896728873253,-0.00599280977249146));
#806=CARTESIAN_POINT('',(0.000293650001287449,-0.00496896728873253,-0.00599280977249146));
#807=CARTESIAN_POINT('',(9.79181046470348E-5,-0.00496896728873253,-0.00599920082103587));
#808=CARTESIAN_POINT('',(-9.79181046443024E-5,-0.00496896728873253,-0.0059992008210338));
#809=CARTESIAN_POINT('',(-0.000293650001287449,-0.00496896728873253,-0.00599280977249146));
#810=CARTESIAN_POINT('',(0.00029365000128746,-0.00496896728873253,-0.00599280977249146));
#811=CARTESIAN_POINT('',(0.00328491735458374,-0.00496896728873253,-0.00502088785171509));
#812=CARTESIAN_POINT('',(0.00306158282747852,-0.00496896728873253,-0.00494209128118629));
#813=CARTESIAN_POINT('',(0.00273150806248864,-0.00496896728873253,-0.00480359756757665));
#814=CARTESIAN_POINT('',(0.00234432520250228,-0.00496896728873253,-0.00453123424459053));
#815=CARTESIAN_POINT('',(0.00208141558925873,-0.00496896728873253,-0.00428355842497915));
#816=CARTESIAN_POINT('',(0.00196969889153893,-0.00496896728873253,-0.00400461662253571));
#817=CARTESIAN_POINT('',(0.0018599557521074,-0.00496896728873253,-0.00379527172137021));
#818=CARTESIAN_POINT('',(0.00179169129176735,-0.00496896728873253,-0.0036305446595027));
#819=CARTESIAN_POINT('',(0.00167747117761256,-0.00496896728873253,-0.00348977123177348));
#820=CARTESIAN_POINT('',(0.00149388229887775,-0.00496896728873253,-0.00344133936464987));
#821=CARTESIAN_POINT('',(0.00132599649280566,-0.00496896728873253,-0.00350830143345363));
#822=CARTESIAN_POINT('',(0.00115937930655155,-0.00496896728873253,-0.00356820009130963));
#823=CARTESIAN_POINT('',(0.00098936804246758,-0.00496896728873253,-0.00361766918217074));
#824=CARTESIAN_POINT('',(0.000814214418811342,-0.00496896728873253,-0.00366221427141585));
#825=CARTESIAN_POINT('',(0.000694117706500592,-0.00496896728873253,-0.00380926421861026));
#826=CARTESIAN_POINT('',(0.000684469732200832,-0.00496896728873253,-0.00399030671670255));
#827=CARTESIAN_POINT('',(0.000726068747173923,-0.00496896728873253,-0.00416369282550877));
#828=CARTESIAN_POINT('',(0.000760338984990669,-0.00496896728873253,-0.00439756362332146));
#829=CARTESIAN_POINT('',(0.000833875722030245,-0.00496896728873253,-0.00468889714020302));
#830=CARTESIAN_POINT('',(0.0007668032889221,-0.00496896728873253,-0.00504380541200113));
#831=CARTESIAN_POINT('',(0.0006136417150596,-0.00496896728873253,-0.00549173236484788));
#832=CARTESIAN_POINT('',(0.000428015974191281,-0.00496896728873253,-0.00579778927138003));
#833=CARTESIAN_POINT('',(0.000293650001287449,-0.00496896728873253,-0.00599280977249146));
#834=CARTESIAN_POINT('',(0.00328491735458374,-0.00496896728873253,-0.00502088785171509));
#835=CARTESIAN_POINT('',(0.00376005315780639,-0.00496896728873253,-0.00467568159103394));
#836=CARTESIAN_POINT('',(0.00360545930948147,-0.00496896728873253,-0.00479590045543213));
#837=CARTESIAN_POINT('',(0.00344702449934416,-0.00496896728873253,-0.00491101016100154));
#838=CARTESIAN_POINT('',(0.00328491735458374,-0.00496896728873253,-0.00502088785171509));
#839=CARTESIAN_POINT('',(0.00376005315780639,-0.00496896728873253,-0.00467568159103394));
#840=CARTESIAN_POINT('',(0.00560875797271729,-0.00496896728873253,-0.00213115787506104));
#841=CARTESIAN_POINT('',(0.00538176093445108,-0.00496896728873253,-0.00219868233558428));
#842=CARTESIAN_POINT('',(0.00503332044571245,-0.00496896728873253,-0.00228065215571034));
#843=CARTESIAN_POINT('',(0.00455999169983743,-0.00496896728873253,-0.00228788598938743));
#844=CARTESIAN_POINT('',(0.00420171338310773,-0.00496896728873253,-0.0022420457459831));
#845=CARTESIAN_POINT('',(0.00394737447223167,-0.00496896728873253,-0.0020820433398754));
#846=CARTESIAN_POINT('',(0.00373554066430502,-0.00496896728873253,-0.00197718492352564));
#847=CARTESIAN_POINT('',(0.00358348944775123,-0.00496896728873253,-0.0018840428089303));
#848=CARTESIAN_POINT('',(0.00340833891906536,-0.00496896728873253,-0.00183729127112825));
#849=CARTESIAN_POINT('',(0.00323134489705185,-0.00496896728873253,-0.00190602003738679));
#850=CARTESIAN_POINT('',(0.00313488143418572,-0.00496896728873253,-0.00205887402553287));
#851=CARTESIAN_POINT('',(0.00303529316576909,-0.00496896728873253,-0.00220526841573345));
#852=CARTESIAN_POINT('',(0.00292682811610984,-0.00496896728873253,-0.00234521969132166));
#853=CARTESIAN_POINT('',(0.00281130917213989,-0.00496896728873253,-0.00248421028925571));
#854=CARTESIAN_POINT('',(0.00280058222704454,-0.00496896728873253,-0.00267376715593486));
#855=CARTESIAN_POINT('',(0.00289919101719646,-0.00496896728873253,-0.00282590457490652));
#856=CARTESIAN_POINT('',(0.00303475907598222,-0.00496896728873253,-0.00294172561875749));
#857=CARTESIAN_POINT('',(0.00319995002990158,-0.00496896728873253,-0.003110787582939));
#858=CARTESIAN_POINT('',(0.00343068420604382,-0.00496896728873253,-0.00330325739273101));
#859=CARTESIAN_POINT('',(0.00358503110172595,-0.00496896728873253,-0.00362980848913092));
#860=CARTESIAN_POINT('',(0.00372440614599768,-0.00496896728873253,-0.00408221498860312));
#861=CARTESIAN_POINT('',(0.0037541266159738,-0.00496896728873253,-0.00443892837722701));
#862=CARTESIAN_POINT('',(0.00376005315780639,-0.00496896728873253,-0.00467568159103394));
#863=CARTESIAN_POINT('',(0.00560875797271729,-0.00496896728873253,-0.00213115787506103));
#864=CARTESIAN_POINT('',(0.00579024362564089,-0.00496896728873253,-0.00157260227203369));
#865=CARTESIAN_POINT('',(0.00573583744490242,-0.00496896728873253,-0.00176072936355622));
#866=CARTESIAN_POINT('',(0.0056753210661181,-0.00496896728873253,-0.00194698081443435));
#867=CARTESIAN_POINT('',(0.00560875797271729,-0.00496896728873253,-0.00213115787506104));
#868=CARTESIAN_POINT('',(0.00579024362564087,-0.00496896728873253,-0.00157260227203369));
#869=CARTESIAN_POINT('',(0.00579024362564089,-0.00496896728873253,0.00157260227203369));
#870=CARTESIAN_POINT('',(0.0056462894319967,-0.00496896728873253,0.00138454802176651));
#871=CARTESIAN_POINT('',(0.00541257537873197,-0.00496896728873253,0.00111342519924782));
#872=CARTESIAN_POINT('',(0.00503389633376647,-0.00496896728873253,0.00082935722687275));
#873=CARTESIAN_POINT('',(0.00471709886317016,-0.00496896728873253,0.000655852085090259));
#874=CARTESIAN_POINT('',(0.00441728729043537,-0.00496896728873253,0.000635800207323042));
#875=CARTESIAN_POINT('',(0.00418427591388955,-0.00496896728873253,0.000596119597300712));
#876=CARTESIAN_POINT('',(0.00400651631406971,-0.00496896728873253,0.000582099740031783));
#877=CARTESIAN_POINT('',(0.00383733675891614,-0.00496896728873253,0.000516971380800239));
#878=CARTESIAN_POINT('',(0.00373454334167591,-0.00496896728873253,0.000357334215655808));
#879=CARTESIAN_POINT('',(0.003746348122335,-0.00496896728873253,0.000176972899214933));
#880=CARTESIAN_POINT('',(0.00375182817257753,-0.00496896728873253,8.4438494875242E-10));
#881=CARTESIAN_POINT('',(0.00374633918735484,-0.00496896728873253,-0.000176976276754705));
#882=CARTESIAN_POINT('',(0.00373457908159666,-0.00496896728873253,-0.0003573223942666));
#883=CARTESIAN_POINT('',(0.00383731959120378,-0.00496896728873253,-0.000516982213701816));
#884=CARTESIAN_POINT('',(0.00400651995923493,-0.00496896728873253,-0.000582103210180247));
#885=CARTESIAN_POINT('',(0.00418427472422633,-0.00496896728873253,-0.000596119431104241));
#886=CARTESIAN_POINT('',(0.00441728917163998,-0.00496896728873253,-0.000635796522238416));
#887=CARTESIAN_POINT('',(0.0047170878806445,-0.00496896728873253,-0.000655886081834233));
#888=CARTESIAN_POINT('',(0.0050338992239049,-0.00496896728873253,-0.000829348280361039));
#889=CARTESIAN_POINT('',(0.00541257364464858,-0.00496896728873253,-0.00111343056715554));
#890=CARTESIAN_POINT('',(0.00564628943199813,-0.00496896728873253,-0.00138454802176306));
#891=CARTESIAN_POINT('',(0.00579024362564089,-0.00496896728873253,-0.00157260227203369));
#892=CARTESIAN_POINT('',(0.00579024362564087,-0.00496896728873253,0.00157260227203369));
#893=CARTESIAN_POINT('',(0.00560875797271729,-0.00496896728873253,0.00213115787506103));
#894=CARTESIAN_POINT('',(0.00567532106613376,-0.00496896728873253,0.00194698081443413));
#895=CARTESIAN_POINT('',(0.00573583744491683,-0.00496896728873253,0.00176072936355695));
#896=CARTESIAN_POINT('',(0.00579024362564089,-0.00496896728873253,0.00157260227203369));
#897=MECHANICAL_DESIGN_GEOMETRIC_PRESENTATION_REPRESENTATION('',(#222,#223,
#224),#898);
#898=(
GEOMETRIC_REPRESENTATION_CONTEXT(3)
GLOBAL_UNCERTAINTY_ASSIGNED_CONTEXT((#899))
GLOBAL_UNIT_ASSIGNED_CONTEXT((#902,#901,#900))
REPRESENTATION_CONTEXT('Part 1','TOP_LEVEL_ASSEMBLY_PART')
);
#899=UNCERTAINTY_MEASURE_WITH_UNIT(LENGTH_MEASURE(2.E-5),#902,
'DISTANCE_ACCURACY_VALUE','Maximum Tolerance applied to model');
#900=(
NAMED_UNIT(*)
SI_UNIT($,.STERADIAN.)
SOLID_ANGLE_UNIT()
);
#901=(
NAMED_UNIT(*)
PLANE_ANGLE_UNIT()
SI_UNIT($,.RADIAN.)
);
#902=(
LENGTH_UNIT()
NAMED_UNIT(*)
SI_UNIT($,.METRE.)
);
#903=PRODUCT_DEFINITION_SHAPE('','',#904);
#904=PRODUCT_DEFINITION('','',#906,#905);
#905=PRODUCT_DEFINITION_CONTEXT('',#912,'design');
#906=PRODUCT_DEFINITION_FORMATION_WITH_SPECIFIED_SOURCE('','',#908,
 .NOT_KNOWN.);
#907=PRODUCT_RELATED_PRODUCT_CATEGORY('','',(#908));
#908=PRODUCT('Part 1','Part 1','Part 1',(#910));
#909=PRODUCT_CATEGORY('','');
#910=PRODUCT_CONTEXT('',#912,'mechanical');
#911=APPLICATION_PROTOCOL_DEFINITION('international standard',
'ap242_managed_model_based_3d_engineering',2020,#912);
#912=APPLICATION_CONTEXT('managed model based 3d engineering');
ENDSEC;
END-ISO-10303-21;
