ISO-10303-21;
HEADER;
/* Generated by software containing ST-Developer
 * from STEP Tools, Inc. (www.steptools.com) 
 */
/* OPTION: using custom renumber hook */

FILE_DESCRIPTION(
/* description */ ('STEP AP242 Edition 2',
'CAx-IF Rec.Pracs.---Representation and Presentation of Product Manufa
cturing Information (PMI)---4.0---2014-10-13',
'CAx-IF Rec.Pracs.---3D Tessellated Geometry---0.4---2014-09-14','2;1',
'CAx-IF Rec.Pracs.---User Defined Attributes---1.5---2016-08-15'),
/* implementation_level */ '2;1');

FILE_NAME(
/* name */ 'Electronics Bay',
/* time_stamp */ '2026-09-06T19:34:39Z',
/* author */ (''),
/* organization */ (''),
/* preprocessor_version */ 'ST-DEVELOPER v20',
/* originating_system */ 'ONSHAPE BY PTC INC, 1.220',
/* authorisation */ '  ');

FILE_SCHEMA (('AP242_MANAGED_MODEL_BASED_3D_ENGINEERING_MIM_LF { 1 0 10303 442 3 1 4 }'));
ENDSEC;

DATA;
#10=SHAPE_REPRESENTATION_RELATIONSHIP('','',#8907,#12);
#11=SHAPE_REPRESENTATION_RELATIONSHIP('','',#8908,#13);
#12=ADVANCED_BREP_SHAPE_REPRESENTATION('',(#8903),#15769);
#13=ADVANCED_BREP_SHAPE_REPRESENTATION('',(#8904),#15770);
#14=CONICAL_SURFACE('',#9385,0.001,0.785398163397448);
#15=CONICAL_SURFACE('',#9388,0.001,0.785398163397448);
#16=CONICAL_SURFACE('',#9389,0.001,0.785398163397448);
#17=CONICAL_SURFACE('',#9392,0.001,0.785398163397448);
#18=B_SPLINE_SURFACE_WITH_KNOTS('',3,1,((#12457,#12458),(#12459,#12460),
(#12461,#12462),(#12463,#12464)),.SURF_OF_LINEAR_EXTRUSION.,.F.,.F.,.F.,
(4,4),(2,2),(0.,1.),(0.,1.),.PIECEWISE_BEZIER_KNOTS.);
#19=B_SPLINE_SURFACE_WITH_KNOTS('',3,1,((#12472,#12473),(#12474,#12475),
(#12476,#12477),(#12478,#12479)),.SURF_OF_LINEAR_EXTRUSION.,.F.,.F.,.F.,
(4,4),(2,2),(0.,1.),(0.,1.),.PIECEWISE_BEZIER_KNOTS.);
#20=B_SPLINE_SURFACE_WITH_KNOTS('',3,1,((#12485,#12486),(#12487,#12488),
(#12489,#12490),(#12491,#12492)),.SURF_OF_LINEAR_EXTRUSION.,.F.,.F.,.F.,
(4,4),(2,2),(0.,1.),(0.,1.),.PIECEWISE_BEZIER_KNOTS.);
#21=B_SPLINE_SURFACE_WITH_KNOTS('',3,1,((#12502,#12503),(#12504,#12505),
(#12506,#12507),(#12508,#12509)),.SURF_OF_LINEAR_EXTRUSION.,.F.,.F.,.F.,
(4,4),(2,2),(0.,1.),(0.,1.),.PIECEWISE_BEZIER_KNOTS.);
#22=B_SPLINE_SURFACE_WITH_KNOTS('',3,1,((#12515,#12516),(#12517,#12518),
(#12519,#12520),(#12521,#12522)),.SURF_OF_LINEAR_EXTRUSION.,.F.,.F.,.F.,
(4,4),(2,2),(0.,1.),(0.,1.),.PIECEWISE_BEZIER_KNOTS.);
#23=B_SPLINE_SURFACE_WITH_KNOTS('',3,1,((#12532,#12533),(#12534,#12535),
(#12536,#12537),(#12538,#12539)),.SURF_OF_LINEAR_EXTRUSION.,.F.,.F.,.F.,
(4,4),(2,2),(0.,1.),(0.,1.),.PIECEWISE_BEZIER_KNOTS.);
#24=B_SPLINE_SURFACE_WITH_KNOTS('',3,1,((#12545,#12546),(#12547,#12548),
(#12549,#12550),(#12551,#12552)),.SURF_OF_LINEAR_EXTRUSION.,.F.,.F.,.F.,
(4,4),(2,2),(0.,1.),(0.,1.),.PIECEWISE_BEZIER_KNOTS.);
#25=B_SPLINE_SURFACE_WITH_KNOTS('',3,1,((#12558,#12559),(#12560,#12561),
(#12562,#12563),(#12564,#12565)),.SURF_OF_LINEAR_EXTRUSION.,.F.,.F.,.F.,
(4,4),(2,2),(0.,1.),(0.,1.),.PIECEWISE_BEZIER_KNOTS.);
#26=B_SPLINE_SURFACE_WITH_KNOTS('',3,1,((#12571,#12572),(#12573,#12574),
(#12575,#12576),(#12577,#12578)),.SURF_OF_LINEAR_EXTRUSION.,.F.,.F.,.F.,
(4,4),(2,2),(0.,1.),(0.,1.),.PIECEWISE_BEZIER_KNOTS.);
#27=B_SPLINE_SURFACE_WITH_KNOTS('',3,1,((#12588,#12589),(#12590,#12591),
(#12592,#12593),(#12594,#12595)),.SURF_OF_LINEAR_EXTRUSION.,.F.,.F.,.F.,
(4,4),(2,2),(0.,1.),(0.,1.),.PIECEWISE_BEZIER_KNOTS.);
#28=B_SPLINE_SURFACE_WITH_KNOTS('',3,1,((#12601,#12602),(#12603,#12604),
(#12605,#12606),(#12607,#12608)),.SURF_OF_LINEAR_EXTRUSION.,.F.,.F.,.F.,
(4,4),(2,2),(0.,1.),(0.,1.),.PIECEWISE_BEZIER_KNOTS.);
#29=B_SPLINE_SURFACE_WITH_KNOTS('',3,1,((#12633,#12634),(#12635,#12636),
(#12637,#12638),(#12639,#12640)),.SURF_OF_LINEAR_EXTRUSION.,.F.,.F.,.F.,
(4,4),(2,2),(0.,1.),(0.,1.),.PIECEWISE_BEZIER_KNOTS.);
#30=B_SPLINE_SURFACE_WITH_KNOTS('',3,1,((#12656,#12657),(#12658,#12659),
(#12660,#12661),(#12662,#12663)),.SURF_OF_LINEAR_EXTRUSION.,.F.,.F.,.F.,
(4,4),(2,2),(0.,1.),(0.,1.),.PIECEWISE_BEZIER_KNOTS.);
#31=B_SPLINE_SURFACE_WITH_KNOTS('',3,1,((#12673,#12674),(#12675,#12676),
(#12677,#12678),(#12679,#12680)),.SURF_OF_LINEAR_EXTRUSION.,.F.,.F.,.F.,
(4,4),(2,2),(0.,1.),(0.,1.),.PIECEWISE_BEZIER_KNOTS.);
#32=B_SPLINE_SURFACE_WITH_KNOTS('',3,1,((#12696,#12697),(#12698,#12699),
(#12700,#12701),(#12702,#12703)),.SURF_OF_LINEAR_EXTRUSION.,.F.,.F.,.F.,
(4,4),(2,2),(0.,1.),(0.,1.),.PIECEWISE_BEZIER_KNOTS.);
#33=B_SPLINE_SURFACE_WITH_KNOTS('',3,1,((#12725,#12726),(#12727,#12728),
(#12729,#12730),(#12731,#12732)),.SURF_OF_LINEAR_EXTRUSION.,.F.,.F.,.F.,
(4,4),(2,2),(0.,1.),(0.,1.),.PIECEWISE_BEZIER_KNOTS.);
#34=B_SPLINE_SURFACE_WITH_KNOTS('',3,1,((#12748,#12749),(#12750,#12751),
(#12752,#12753),(#12754,#12755)),.SURF_OF_LINEAR_EXTRUSION.,.F.,.F.,.F.,
(4,4),(2,2),(0.,1.),(0.,1.),.PIECEWISE_BEZIER_KNOTS.);
#35=B_SPLINE_SURFACE_WITH_KNOTS('',3,1,((#12765,#12766),(#12767,#12768),
(#12769,#12770),(#12771,#12772)),.SURF_OF_LINEAR_EXTRUSION.,.F.,.F.,.F.,
(4,4),(2,2),(0.,1.),(0.,1.),.PIECEWISE_BEZIER_KNOTS.);
#36=B_SPLINE_SURFACE_WITH_KNOTS('',3,1,((#12788,#12789),(#12790,#12791),
(#12792,#12793),(#12794,#12795)),.SURF_OF_LINEAR_EXTRUSION.,.F.,.F.,.F.,
(4,4),(2,2),(0.,1.),(0.,1.),.PIECEWISE_BEZIER_KNOTS.);
#37=B_SPLINE_SURFACE_WITH_KNOTS('',3,1,((#12802,#12803),(#12804,#12805),
(#12806,#12807),(#12808,#12809)),.SURF_OF_LINEAR_EXTRUSION.,.F.,.F.,.F.,
(4,4),(2,2),(0.,1.),(0.,1.),.PIECEWISE_BEZIER_KNOTS.);
#38=B_SPLINE_SURFACE_WITH_KNOTS('',3,1,((#12829,#12830),(#12831,#12832),
(#12833,#12834),(#12835,#12836)),.SURF_OF_LINEAR_EXTRUSION.,.F.,.F.,.F.,
(4,4),(2,2),(0.,1.),(0.,1.),.PIECEWISE_BEZIER_KNOTS.);
#39=B_SPLINE_SURFACE_WITH_KNOTS('',3,1,((#12870,#12871),(#12872,#12873),
(#12874,#12875),(#12876,#12877)),.SURF_OF_LINEAR_EXTRUSION.,.F.,.F.,.F.,
(4,4),(2,2),(0.,1.),(0.,1.),.PIECEWISE_BEZIER_KNOTS.);
#40=B_SPLINE_SURFACE_WITH_KNOTS('',3,1,((#12887,#12888),(#12889,#12890),
(#12891,#12892),(#12893,#12894)),.SURF_OF_LINEAR_EXTRUSION.,.F.,.F.,.F.,
(4,4),(2,2),(0.,1.),(0.,1.),.PIECEWISE_BEZIER_KNOTS.);
#41=B_SPLINE_SURFACE_WITH_KNOTS('',3,1,((#12899,#12900),(#12901,#12902),
(#12903,#12904),(#12905,#12906)),.SURF_OF_LINEAR_EXTRUSION.,.F.,.F.,.F.,
(4,4),(2,2),(0.,1.),(0.,1.),.PIECEWISE_BEZIER_KNOTS.);
#42=B_SPLINE_SURFACE_WITH_KNOTS('',3,1,((#12914,#12915),(#12916,#12917),
(#12918,#12919),(#12920,#12921)),.SURF_OF_LINEAR_EXTRUSION.,.F.,.F.,.F.,
(4,4),(2,2),(0.,1.),(0.,1.),.PIECEWISE_BEZIER_KNOTS.);
#43=B_SPLINE_SURFACE_WITH_KNOTS('',3,1,((#12927,#12928),(#12929,#12930),
(#12931,#12932),(#12933,#12934)),.SURF_OF_LINEAR_EXTRUSION.,.F.,.F.,.F.,
(4,4),(2,2),(0.,1.),(0.,1.),.PIECEWISE_BEZIER_KNOTS.);
#44=B_SPLINE_SURFACE_WITH_KNOTS('',3,1,((#12940,#12941),(#12942,#12943),
(#12944,#12945),(#12946,#12947)),.SURF_OF_LINEAR_EXTRUSION.,.F.,.F.,.F.,
(4,4),(2,2),(0.,1.),(0.,1.),.PIECEWISE_BEZIER_KNOTS.);
#45=B_SPLINE_SURFACE_WITH_KNOTS('',3,1,((#12953,#12954),(#12955,#12956),
(#12957,#12958),(#12959,#12960)),.SURF_OF_LINEAR_EXTRUSION.,.F.,.F.,.F.,
(4,4),(2,2),(0.,1.),(0.,1.),.PIECEWISE_BEZIER_KNOTS.);
#46=B_SPLINE_SURFACE_WITH_KNOTS('',3,1,((#12966,#12967),(#12968,#12969),
(#12970,#12971),(#12972,#12973)),.SURF_OF_LINEAR_EXTRUSION.,.F.,.F.,.F.,
(4,4),(2,2),(0.,1.),(0.,1.),.PIECEWISE_BEZIER_KNOTS.);
#47=B_SPLINE_SURFACE_WITH_KNOTS('',3,1,((#12983,#12984),(#12985,#12986),
(#12987,#12988),(#12989,#12990)),.SURF_OF_LINEAR_EXTRUSION.,.F.,.F.,.F.,
(4,4),(2,2),(0.,1.),(0.,1.),.PIECEWISE_BEZIER_KNOTS.);
#48=B_SPLINE_SURFACE_WITH_KNOTS('',3,1,((#12996,#12997),(#12998,#12999),
(#13000,#13001),(#13002,#13003)),.SURF_OF_LINEAR_EXTRUSION.,.F.,.F.,.F.,
(4,4),(2,2),(0.,1.),(0.,1.),.PIECEWISE_BEZIER_KNOTS.);
#49=B_SPLINE_SURFACE_WITH_KNOTS('',3,1,((#13009,#13010),(#13011,#13012),
(#13013,#13014),(#13015,#13016)),.SURF_OF_LINEAR_EXTRUSION.,.F.,.F.,.F.,
(4,4),(2,2),(0.,1.),(0.,1.),.PIECEWISE_BEZIER_KNOTS.);
#50=B_SPLINE_SURFACE_WITH_KNOTS('',3,1,((#13022,#13023),(#13024,#13025),
(#13026,#13027),(#13028,#13029)),.SURF_OF_LINEAR_EXTRUSION.,.F.,.F.,.F.,
(4,4),(2,2),(0.,1.),(0.,1.),.PIECEWISE_BEZIER_KNOTS.);
#51=B_SPLINE_SURFACE_WITH_KNOTS('',3,1,((#13035,#13036),(#13037,#13038),
(#13039,#13040),(#13041,#13042)),.SURF_OF_LINEAR_EXTRUSION.,.F.,.F.,.F.,
(4,4),(2,2),(0.,1.),(0.,1.),.PIECEWISE_BEZIER_KNOTS.);
#52=B_SPLINE_SURFACE_WITH_KNOTS('',3,1,((#13048,#13049),(#13050,#13051),
(#13052,#13053),(#13054,#13055)),.SURF_OF_LINEAR_EXTRUSION.,.F.,.F.,.F.,
(4,4),(2,2),(0.,1.),(0.,1.),.PIECEWISE_BEZIER_KNOTS.);
#53=B_SPLINE_SURFACE_WITH_KNOTS('',3,1,((#13061,#13062),(#13063,#13064),
(#13065,#13066),(#13067,#13068)),.SURF_OF_LINEAR_EXTRUSION.,.F.,.F.,.F.,
(4,4),(2,2),(0.,1.),(0.,1.),.PIECEWISE_BEZIER_KNOTS.);
#54=B_SPLINE_SURFACE_WITH_KNOTS('',3,1,((#13074,#13075),(#13076,#13077),
(#13078,#13079),(#13080,#13081)),.SURF_OF_LINEAR_EXTRUSION.,.F.,.F.,.F.,
(4,4),(2,2),(0.,1.),(0.,1.),.PIECEWISE_BEZIER_KNOTS.);
#55=B_SPLINE_SURFACE_WITH_KNOTS('',3,1,((#13087,#13088),(#13089,#13090),
(#13091,#13092),(#13093,#13094)),.SURF_OF_LINEAR_EXTRUSION.,.F.,.F.,.F.,
(4,4),(2,2),(0.,1.),(0.,1.),.PIECEWISE_BEZIER_KNOTS.);
#56=B_SPLINE_SURFACE_WITH_KNOTS('',3,1,((#13112,#13113),(#13114,#13115),
(#13116,#13117),(#13118,#13119)),.SURF_OF_LINEAR_EXTRUSION.,.F.,.F.,.F.,
(4,4),(2,2),(0.,1.),(0.,1.),.PIECEWISE_BEZIER_KNOTS.);
#57=B_SPLINE_SURFACE_WITH_KNOTS('',3,1,((#13124,#13125),(#13126,#13127),
(#13128,#13129),(#13130,#13131)),.SURF_OF_LINEAR_EXTRUSION.,.F.,.F.,.F.,
(4,4),(2,2),(0.,1.),(0.,1.),.PIECEWISE_BEZIER_KNOTS.);
#58=B_SPLINE_SURFACE_WITH_KNOTS('',3,1,((#13144,#13145),(#13146,#13147),
(#13148,#13149),(#13150,#13151)),.SURF_OF_LINEAR_EXTRUSION.,.F.,.F.,.F.,
(4,4),(2,2),(0.,1.),(0.,1.),.PIECEWISE_BEZIER_KNOTS.);
#59=B_SPLINE_SURFACE_WITH_KNOTS('',3,1,((#13161,#13162),(#13163,#13164),
(#13165,#13166),(#13167,#13168)),.SURF_OF_LINEAR_EXTRUSION.,.F.,.F.,.F.,
(4,4),(2,2),(0.,1.),(0.,1.),.PIECEWISE_BEZIER_KNOTS.);
#60=B_SPLINE_SURFACE_WITH_KNOTS('',3,1,((#13178,#13179),(#13180,#13181),
(#13182,#13183),(#13184,#13185)),.SURF_OF_LINEAR_EXTRUSION.,.F.,.F.,.F.,
(4,4),(2,2),(0.,1.),(0.,1.),.PIECEWISE_BEZIER_KNOTS.);
#61=B_SPLINE_SURFACE_WITH_KNOTS('',3,1,((#13195,#13196),(#13197,#13198),
(#13199,#13200),(#13201,#13202)),.SURF_OF_LINEAR_EXTRUSION.,.F.,.F.,.F.,
(4,4),(2,2),(0.,1.),(0.,1.),.PIECEWISE_BEZIER_KNOTS.);
#62=B_SPLINE_SURFACE_WITH_KNOTS('',3,1,((#13212,#13213),(#13214,#13215),
(#13216,#13217),(#13218,#13219)),.SURF_OF_LINEAR_EXTRUSION.,.F.,.F.,.F.,
(4,4),(2,2),(0.,1.),(0.,1.),.PIECEWISE_BEZIER_KNOTS.);
#63=B_SPLINE_SURFACE_WITH_KNOTS('',3,1,((#13229,#13230),(#13231,#13232),
(#13233,#13234),(#13235,#13236)),.SURF_OF_LINEAR_EXTRUSION.,.F.,.F.,.F.,
(4,4),(2,2),(0.,1.),(0.,1.),.PIECEWISE_BEZIER_KNOTS.);
#64=B_SPLINE_SURFACE_WITH_KNOTS('',3,1,((#13246,#13247),(#13248,#13249),
(#13250,#13251),(#13252,#13253)),.SURF_OF_LINEAR_EXTRUSION.,.F.,.F.,.F.,
(4,4),(2,2),(0.,1.),(0.,1.),.PIECEWISE_BEZIER_KNOTS.);
#65=B_SPLINE_SURFACE_WITH_KNOTS('',3,1,((#13261,#13262),(#13263,#13264),
(#13265,#13266),(#13267,#13268)),.SURF_OF_LINEAR_EXTRUSION.,.F.,.F.,.F.,
(4,4),(2,2),(0.,1.),(0.,1.),.PIECEWISE_BEZIER_KNOTS.);
#66=B_SPLINE_SURFACE_WITH_KNOTS('',3,1,((#13286,#13287),(#13288,#13289),
(#13290,#13291),(#13292,#13293)),.SURF_OF_LINEAR_EXTRUSION.,.F.,.F.,.F.,
(4,4),(2,2),(0.,1.),(0.,1.),.PIECEWISE_BEZIER_KNOTS.);
#67=B_SPLINE_SURFACE_WITH_KNOTS('',3,1,((#13329,#13330),(#13331,#13332),
(#13333,#13334),(#13335,#13336)),.SURF_OF_LINEAR_EXTRUSION.,.F.,.F.,.F.,
(4,4),(2,2),(0.,1.),(0.,1.),.PIECEWISE_BEZIER_KNOTS.);
#68=B_SPLINE_SURFACE_WITH_KNOTS('',3,1,((#13344,#13345),(#13346,#13347),
(#13348,#13349),(#13350,#13351)),.SURF_OF_LINEAR_EXTRUSION.,.F.,.F.,.F.,
(4,4),(2,2),(0.,1.),(0.,1.),.PIECEWISE_BEZIER_KNOTS.);
#69=B_SPLINE_SURFACE_WITH_KNOTS('',3,1,((#13364,#13365),(#13366,#13367),
(#13368,#13369),(#13370,#13371)),.SURF_OF_LINEAR_EXTRUSION.,.F.,.F.,.F.,
(4,4),(2,2),(0.,1.),(0.,1.),.PIECEWISE_BEZIER_KNOTS.);
#70=B_SPLINE_SURFACE_WITH_KNOTS('',3,1,((#13381,#13382),(#13383,#13384),
(#13385,#13386),(#13387,#13388)),.SURF_OF_LINEAR_EXTRUSION.,.F.,.F.,.F.,
(4,4),(2,2),(0.,1.),(0.,1.),.PIECEWISE_BEZIER_KNOTS.);
#71=B_SPLINE_SURFACE_WITH_KNOTS('',3,1,((#13398,#13399),(#13400,#13401),
(#13402,#13403),(#13404,#13405)),.SURF_OF_LINEAR_EXTRUSION.,.F.,.F.,.F.,
(4,4),(2,2),(0.,1.),(0.,1.),.PIECEWISE_BEZIER_KNOTS.);
#72=B_SPLINE_SURFACE_WITH_KNOTS('',3,1,((#13415,#13416),(#13417,#13418),
(#13419,#13420),(#13421,#13422)),.SURF_OF_LINEAR_EXTRUSION.,.F.,.F.,.F.,
(4,4),(2,2),(0.,1.),(0.,1.),.PIECEWISE_BEZIER_KNOTS.);
#73=B_SPLINE_SURFACE_WITH_KNOTS('',3,1,((#13432,#13433),(#13434,#13435),
(#13436,#13437),(#13438,#13439)),.SURF_OF_LINEAR_EXTRUSION.,.F.,.F.,.F.,
(4,4),(2,2),(0.,1.),(0.,1.),.PIECEWISE_BEZIER_KNOTS.);
#74=B_SPLINE_SURFACE_WITH_KNOTS('',3,1,((#13449,#13450),(#13451,#13452),
(#13453,#13454),(#13455,#13456)),.SURF_OF_LINEAR_EXTRUSION.,.F.,.F.,.F.,
(4,4),(2,2),(0.,1.),(0.,1.),.PIECEWISE_BEZIER_KNOTS.);
#75=B_SPLINE_SURFACE_WITH_KNOTS('',3,1,((#13466,#13467),(#13468,#13469),
(#13470,#13471),(#13472,#13473)),.SURF_OF_LINEAR_EXTRUSION.,.F.,.F.,.F.,
(4,4),(2,2),(0.,1.),(0.,1.),.PIECEWISE_BEZIER_KNOTS.);
#76=B_SPLINE_SURFACE_WITH_KNOTS('',3,1,((#13481,#13482),(#13483,#13484),
(#13485,#13486),(#13487,#13488)),.SURF_OF_LINEAR_EXTRUSION.,.F.,.F.,.F.,
(4,4),(2,2),(0.,1.),(0.,1.),.PIECEWISE_BEZIER_KNOTS.);
#77=B_SPLINE_SURFACE_WITH_KNOTS('',3,1,((#13506,#13507),(#13508,#13509),
(#13510,#13511),(#13512,#13513)),.SURF_OF_LINEAR_EXTRUSION.,.F.,.F.,.F.,
(4,4),(2,2),(0.,1.),(0.,1.),.PIECEWISE_BEZIER_KNOTS.);
#78=B_SPLINE_SURFACE_WITH_KNOTS('',3,1,((#13549,#13550),(#13551,#13552),
(#13553,#13554),(#13555,#13556)),.SURF_OF_LINEAR_EXTRUSION.,.F.,.F.,.F.,
(4,4),(2,2),(0.,1.),(0.,1.),.PIECEWISE_BEZIER_KNOTS.);
#79=B_SPLINE_SURFACE_WITH_KNOTS('',3,1,((#13578,#13579),(#13580,#13581),
(#13582,#13583),(#13584,#13585)),.SURF_OF_LINEAR_EXTRUSION.,.F.,.F.,.F.,
(4,4),(2,2),(0.,1.),(0.,1.),.PIECEWISE_BEZIER_KNOTS.);
#80=B_SPLINE_SURFACE_WITH_KNOTS('',3,1,((#13619,#13620),(#13621,#13622),
(#13623,#13624),(#13625,#13626)),.SURF_OF_LINEAR_EXTRUSION.,.F.,.F.,.F.,
(4,4),(2,2),(0.,1.),(0.,1.),.PIECEWISE_BEZIER_KNOTS.);
#81=B_SPLINE_SURFACE_WITH_KNOTS('',3,1,((#13636,#13637),(#13638,#13639),
(#13640,#13641),(#13642,#13643)),.SURF_OF_LINEAR_EXTRUSION.,.F.,.F.,.F.,
(4,4),(2,2),(0.,1.),(0.,1.),.PIECEWISE_BEZIER_KNOTS.);
#82=B_SPLINE_SURFACE_WITH_KNOTS('',3,1,((#13658,#13659),(#13660,#13661),
(#13662,#13663),(#13664,#13665)),.SURF_OF_LINEAR_EXTRUSION.,.F.,.F.,.F.,
(4,4),(2,2),(0.,1.),(0.,1.),.PIECEWISE_BEZIER_KNOTS.);
#83=B_SPLINE_SURFACE_WITH_KNOTS('',3,1,((#13671,#13672),(#13673,#13674),
(#13675,#13676),(#13677,#13678)),.SURF_OF_LINEAR_EXTRUSION.,.F.,.F.,.F.,
(4,4),(2,2),(0.,1.),(0.,1.),.PIECEWISE_BEZIER_KNOTS.);
#84=B_SPLINE_SURFACE_WITH_KNOTS('',3,1,((#13684,#13685),(#13686,#13687),
(#13688,#13689),(#13690,#13691)),.SURF_OF_LINEAR_EXTRUSION.,.F.,.F.,.F.,
(4,4),(2,2),(0.,1.),(0.,1.),.PIECEWISE_BEZIER_KNOTS.);
#85=B_SPLINE_SURFACE_WITH_KNOTS('',3,1,((#13717,#13718),(#13719,#13720),
(#13721,#13722),(#13723,#13724)),.SURF_OF_LINEAR_EXTRUSION.,.F.,.F.,.F.,
(4,4),(2,2),(0.,1.),(0.,1.),.PIECEWISE_BEZIER_KNOTS.);
#86=B_SPLINE_SURFACE_WITH_KNOTS('',3,1,((#13730,#13731),(#13732,#13733),
(#13734,#13735),(#13736,#13737)),.SURF_OF_LINEAR_EXTRUSION.,.F.,.F.,.F.,
(4,4),(2,2),(0.,1.),(0.,1.),.PIECEWISE_BEZIER_KNOTS.);
#87=B_SPLINE_SURFACE_WITH_KNOTS('',3,1,((#13767,#13768),(#13769,#13770),
(#13771,#13772),(#13773,#13774)),.SURF_OF_LINEAR_EXTRUSION.,.F.,.F.,.F.,
(4,4),(2,2),(0.,1.),(0.,1.),.PIECEWISE_BEZIER_KNOTS.);
#88=B_SPLINE_SURFACE_WITH_KNOTS('',3,1,((#13780,#13781),(#13782,#13783),
(#13784,#13785),(#13786,#13787)),.SURF_OF_LINEAR_EXTRUSION.,.F.,.F.,.F.,
(4,4),(2,2),(0.,1.),(0.,1.),.PIECEWISE_BEZIER_KNOTS.);
#89=B_SPLINE_SURFACE_WITH_KNOTS('',3,1,((#13793,#13794),(#13795,#13796),
(#13797,#13798),(#13799,#13800)),.SURF_OF_LINEAR_EXTRUSION.,.F.,.F.,.F.,
(4,4),(2,2),(0.,1.),(0.,1.),.PIECEWISE_BEZIER_KNOTS.);
#90=B_SPLINE_SURFACE_WITH_KNOTS('',3,1,((#13806,#13807),(#13808,#13809),
(#13810,#13811),(#13812,#13813)),.SURF_OF_LINEAR_EXTRUSION.,.F.,.F.,.F.,
(4,4),(2,2),(0.,1.),(0.,1.),.PIECEWISE_BEZIER_KNOTS.);
#91=B_SPLINE_SURFACE_WITH_KNOTS('',3,1,((#13827,#13828),(#13829,#13830),
(#13831,#13832),(#13833,#13834)),.SURF_OF_LINEAR_EXTRUSION.,.F.,.F.,.F.,
(4,4),(2,2),(0.,1.),(0.,1.),.PIECEWISE_BEZIER_KNOTS.);
#92=B_SPLINE_SURFACE_WITH_KNOTS('',3,1,((#13840,#13841),(#13842,#13843),
(#13844,#13845),(#13846,#13847)),.SURF_OF_LINEAR_EXTRUSION.,.F.,.F.,.F.,
(4,4),(2,2),(0.,1.),(0.,1.),.PIECEWISE_BEZIER_KNOTS.);
#93=B_SPLINE_SURFACE_WITH_KNOTS('',3,1,((#13853,#13854),(#13855,#13856),
(#13857,#13858),(#13859,#13860)),.SURF_OF_LINEAR_EXTRUSION.,.F.,.F.,.F.,
(4,4),(2,2),(0.,1.),(0.,1.),.PIECEWISE_BEZIER_KNOTS.);
#94=B_SPLINE_SURFACE_WITH_KNOTS('',3,1,((#13869,#13870),(#13871,#13872),
(#13873,#13874),(#13875,#13876)),.SURF_OF_LINEAR_EXTRUSION.,.F.,.F.,.F.,
(4,4),(2,2),(0.,1.),(0.,1.),.PIECEWISE_BEZIER_KNOTS.);
#95=B_SPLINE_SURFACE_WITH_KNOTS('',3,1,((#13907,#13908),(#13909,#13910),
(#13911,#13912),(#13913,#13914)),.SURF_OF_LINEAR_EXTRUSION.,.F.,.F.,.F.,
(4,4),(2,2),(0.,1.),(0.,1.),.PIECEWISE_BEZIER_KNOTS.);
#96=B_SPLINE_SURFACE_WITH_KNOTS('',3,1,((#13924,#13925),(#13926,#13927),
(#13928,#13929),(#13930,#13931)),.SURF_OF_LINEAR_EXTRUSION.,.F.,.F.,.F.,
(4,4),(2,2),(0.,1.),(0.,1.),.PIECEWISE_BEZIER_KNOTS.);
#97=B_SPLINE_SURFACE_WITH_KNOTS('',3,1,((#13941,#13942),(#13943,#13944),
(#13945,#13946),(#13947,#13948)),.SURF_OF_LINEAR_EXTRUSION.,.F.,.F.,.F.,
(4,4),(2,2),(0.,1.),(0.,1.),.PIECEWISE_BEZIER_KNOTS.);
#98=B_SPLINE_SURFACE_WITH_KNOTS('',3,1,((#13956,#13957),(#13958,#13959),
(#13960,#13961),(#13962,#13963)),.SURF_OF_LINEAR_EXTRUSION.,.F.,.F.,.F.,
(4,4),(2,2),(0.,1.),(0.,1.),.PIECEWISE_BEZIER_KNOTS.);
#99=B_SPLINE_SURFACE_WITH_KNOTS('',3,1,((#13969,#13970),(#13971,#13972),
(#13973,#13974),(#13975,#13976)),.SURF_OF_LINEAR_EXTRUSION.,.F.,.F.,.F.,
(4,4),(2,2),(0.,1.),(0.,1.),.PIECEWISE_BEZIER_KNOTS.);
#100=B_SPLINE_SURFACE_WITH_KNOTS('',3,1,((#13994,#13995),(#13996,#13997),
(#13998,#13999),(#14000,#14001)),.SURF_OF_LINEAR_EXTRUSION.,.F.,.F.,.F.,
(4,4),(2,2),(0.,1.),(0.,1.),.PIECEWISE_BEZIER_KNOTS.);
#101=B_SPLINE_SURFACE_WITH_KNOTS('',3,1,((#14005,#14006),(#14007,#14008),
(#14009,#14010),(#14011,#14012)),.SURF_OF_LINEAR_EXTRUSION.,.F.,.F.,.F.,
(4,4),(2,2),(0.,1.),(0.,1.),.PIECEWISE_BEZIER_KNOTS.);
#102=B_SPLINE_SURFACE_WITH_KNOTS('',3,1,((#14042,#14043),(#14044,#14045),
(#14046,#14047),(#14048,#14049)),.SURF_OF_LINEAR_EXTRUSION.,.F.,.F.,.F.,
(4,4),(2,2),(0.,1.),(0.,1.),.PIECEWISE_BEZIER_KNOTS.);
#103=B_SPLINE_SURFACE_WITH_KNOTS('',3,1,((#14055,#14056),(#14057,#14058),
(#14059,#14060),(#14061,#14062)),.SURF_OF_LINEAR_EXTRUSION.,.F.,.F.,.F.,
(4,4),(2,2),(0.,1.),(0.,1.),.PIECEWISE_BEZIER_KNOTS.);
#104=B_SPLINE_SURFACE_WITH_KNOTS('',3,1,((#14092,#14093),(#14094,#14095),
(#14096,#14097),(#14098,#14099)),.SURF_OF_LINEAR_EXTRUSION.,.F.,.F.,.F.,
(4,4),(2,2),(0.,1.),(0.,1.),.PIECEWISE_BEZIER_KNOTS.);
#105=B_SPLINE_SURFACE_WITH_KNOTS('',3,1,((#14105,#14106),(#14107,#14108),
(#14109,#14110),(#14111,#14112)),.SURF_OF_LINEAR_EXTRUSION.,.F.,.F.,.F.,
(4,4),(2,2),(0.,1.),(0.,1.),.PIECEWISE_BEZIER_KNOTS.);
#106=B_SPLINE_SURFACE_WITH_KNOTS('',3,1,((#14118,#14119),(#14120,#14121),
(#14122,#14123),(#14124,#14125)),.SURF_OF_LINEAR_EXTRUSION.,.F.,.F.,.F.,
(4,4),(2,2),(0.,1.),(0.,1.),.PIECEWISE_BEZIER_KNOTS.);
#107=B_SPLINE_SURFACE_WITH_KNOTS('',3,1,((#14130,#14131),(#14132,#14133),
(#14134,#14135),(#14136,#14137)),.SURF_OF_LINEAR_EXTRUSION.,.F.,.F.,.F.,
(4,4),(2,2),(0.,1.),(0.,1.),.PIECEWISE_BEZIER_KNOTS.);
#108=B_SPLINE_SURFACE_WITH_KNOTS('',3,1,((#14145,#14146),(#14147,#14148),
(#14149,#14150),(#14151,#14152)),.SURF_OF_LINEAR_EXTRUSION.,.F.,.F.,.F.,
(4,4),(2,2),(0.,1.),(0.,1.),.PIECEWISE_BEZIER_KNOTS.);
#109=B_SPLINE_SURFACE_WITH_KNOTS('',3,1,((#14158,#14159),(#14160,#14161),
(#14162,#14163),(#14164,#14165)),.SURF_OF_LINEAR_EXTRUSION.,.F.,.F.,.F.,
(4,4),(2,2),(0.,1.),(0.,1.),.PIECEWISE_BEZIER_KNOTS.);
#110=B_SPLINE_SURFACE_WITH_KNOTS('',3,1,((#14171,#14172),(#14173,#14174),
(#14175,#14176),(#14177,#14178)),.SURF_OF_LINEAR_EXTRUSION.,.F.,.F.,.F.,
(4,4),(2,2),(0.,1.),(0.,1.),.PIECEWISE_BEZIER_KNOTS.);
#111=B_SPLINE_SURFACE_WITH_KNOTS('',3,1,((#14184,#14185),(#14186,#14187),
(#14188,#14189),(#14190,#14191)),.SURF_OF_LINEAR_EXTRUSION.,.F.,.F.,.F.,
(4,4),(2,2),(0.,1.),(0.,1.),.PIECEWISE_BEZIER_KNOTS.);
#112=B_SPLINE_SURFACE_WITH_KNOTS('',3,1,((#14197,#14198),(#14199,#14200),
(#14201,#14202),(#14203,#14204)),.SURF_OF_LINEAR_EXTRUSION.,.F.,.F.,.F.,
(4,4),(2,2),(0.,1.),(0.,1.),.PIECEWISE_BEZIER_KNOTS.);
#113=B_SPLINE_SURFACE_WITH_KNOTS('',3,1,((#14214,#14215),(#14216,#14217),
(#14218,#14219),(#14220,#14221)),.SURF_OF_LINEAR_EXTRUSION.,.F.,.F.,.F.,
(4,4),(2,2),(0.,1.),(0.,1.),.PIECEWISE_BEZIER_KNOTS.);
#114=B_SPLINE_SURFACE_WITH_KNOTS('',3,1,((#14227,#14228),(#14229,#14230),
(#14231,#14232),(#14233,#14234)),.SURF_OF_LINEAR_EXTRUSION.,.F.,.F.,.F.,
(4,4),(2,2),(0.,1.),(0.,1.),.PIECEWISE_BEZIER_KNOTS.);
#115=B_SPLINE_SURFACE_WITH_KNOTS('',3,1,((#14240,#14241),(#14242,#14243),
(#14244,#14245),(#14246,#14247)),.SURF_OF_LINEAR_EXTRUSION.,.F.,.F.,.F.,
(4,4),(2,2),(0.,1.),(0.,1.),.PIECEWISE_BEZIER_KNOTS.);
#116=B_SPLINE_SURFACE_WITH_KNOTS('',3,1,((#14253,#14254),(#14255,#14256),
(#14257,#14258),(#14259,#14260)),.SURF_OF_LINEAR_EXTRUSION.,.F.,.F.,.F.,
(4,4),(2,2),(0.,1.),(0.,1.),.PIECEWISE_BEZIER_KNOTS.);
#117=B_SPLINE_SURFACE_WITH_KNOTS('',3,1,((#14266,#14267),(#14268,#14269),
(#14270,#14271),(#14272,#14273)),.SURF_OF_LINEAR_EXTRUSION.,.F.,.F.,.F.,
(4,4),(2,2),(0.,1.),(0.,1.),.PIECEWISE_BEZIER_KNOTS.);
#118=B_SPLINE_SURFACE_WITH_KNOTS('',3,1,((#14279,#14280),(#14281,#14282),
(#14283,#14284),(#14285,#14286)),.SURF_OF_LINEAR_EXTRUSION.,.F.,.F.,.F.,
(4,4),(2,2),(0.,1.),(0.,1.),.PIECEWISE_BEZIER_KNOTS.);
#119=B_SPLINE_SURFACE_WITH_KNOTS('',3,1,((#14292,#14293),(#14294,#14295),
(#14296,#14297),(#14298,#14299)),.SURF_OF_LINEAR_EXTRUSION.,.F.,.F.,.F.,
(4,4),(2,2),(0.,1.),(0.,1.),.PIECEWISE_BEZIER_KNOTS.);
#120=B_SPLINE_SURFACE_WITH_KNOTS('',3,1,((#14305,#14306),(#14307,#14308),
(#14309,#14310),(#14311,#14312)),.SURF_OF_LINEAR_EXTRUSION.,.F.,.F.,.F.,
(4,4),(2,2),(0.,1.),(0.,1.),.PIECEWISE_BEZIER_KNOTS.);
#121=B_SPLINE_SURFACE_WITH_KNOTS('',3,1,((#14318,#14319),(#14320,#14321),
(#14322,#14323),(#14324,#14325)),.SURF_OF_LINEAR_EXTRUSION.,.F.,.F.,.F.,
(4,4),(2,2),(0.,1.),(0.,1.),.PIECEWISE_BEZIER_KNOTS.);
#122=B_SPLINE_SURFACE_WITH_KNOTS('',3,1,((#14343,#14344),(#14345,#14346),
(#14347,#14348),(#14349,#14350)),.SURF_OF_LINEAR_EXTRUSION.,.F.,.F.,.F.,
(4,4),(2,2),(0.,1.),(0.,1.),.PIECEWISE_BEZIER_KNOTS.);
#123=B_SPLINE_SURFACE_WITH_KNOTS('',3,1,((#14385,#14386),(#14387,#14388),
(#14389,#14390),(#14391,#14392)),.SURF_OF_LINEAR_EXTRUSION.,.F.,.F.,.F.,
(4,4),(2,2),(0.,1.),(0.,1.),.PIECEWISE_BEZIER_KNOTS.);
#124=B_SPLINE_SURFACE_WITH_KNOTS('',3,1,((#14426,#14427),(#14428,#14429),
(#14430,#14431),(#14432,#14433)),.SURF_OF_LINEAR_EXTRUSION.,.F.,.F.,.F.,
(4,4),(2,2),(0.,1.),(0.,1.),.PIECEWISE_BEZIER_KNOTS.);
#125=B_SPLINE_SURFACE_WITH_KNOTS('',3,1,((#14508,#14509),(#14510,#14511),
(#14512,#14513),(#14514,#14515)),.SURF_OF_LINEAR_EXTRUSION.,.F.,.F.,.F.,
(4,4),(2,2),(0.,1.),(0.,1.),.PIECEWISE_BEZIER_KNOTS.);
#126=B_SPLINE_SURFACE_WITH_KNOTS('',3,1,((#14521,#14522),(#14523,#14524),
(#14525,#14526),(#14527,#14528)),.SURF_OF_LINEAR_EXTRUSION.,.F.,.F.,.F.,
(4,4),(2,2),(0.,1.),(0.,1.),.PIECEWISE_BEZIER_KNOTS.);
#127=B_SPLINE_SURFACE_WITH_KNOTS('',3,1,((#14550,#14551),(#14552,#14553),
(#14554,#14555),(#14556,#14557)),.SURF_OF_LINEAR_EXTRUSION.,.F.,.F.,.F.,
(4,4),(2,2),(0.,1.),(0.,1.),.PIECEWISE_BEZIER_KNOTS.);
#128=B_SPLINE_SURFACE_WITH_KNOTS('',3,1,((#14588,#14589),(#14590,#14591),
(#14592,#14593),(#14594,#14595)),.SURF_OF_LINEAR_EXTRUSION.,.F.,.F.,.F.,
(4,4),(2,2),(0.,1.),(0.,1.),.PIECEWISE_BEZIER_KNOTS.);
#129=B_SPLINE_SURFACE_WITH_KNOTS('',3,1,((#14601,#14602),(#14603,#14604),
(#14605,#14606),(#14607,#14608)),.SURF_OF_LINEAR_EXTRUSION.,.F.,.F.,.F.,
(4,4),(2,2),(0.,1.),(0.,1.),.PIECEWISE_BEZIER_KNOTS.);
#130=B_SPLINE_SURFACE_WITH_KNOTS('',3,1,((#14614,#14615),(#14616,#14617),
(#14618,#14619),(#14620,#14621)),.SURF_OF_LINEAR_EXTRUSION.,.F.,.F.,.F.,
(4,4),(2,2),(0.,1.),(0.,1.),.PIECEWISE_BEZIER_KNOTS.);
#131=B_SPLINE_SURFACE_WITH_KNOTS('',3,1,((#14627,#14628),(#14629,#14630),
(#14631,#14632),(#14633,#14634)),.SURF_OF_LINEAR_EXTRUSION.,.F.,.F.,.F.,
(4,4),(2,2),(0.,1.),(0.,1.),.PIECEWISE_BEZIER_KNOTS.);
#132=B_SPLINE_SURFACE_WITH_KNOTS('',3,1,((#14640,#14641),(#14642,#14643),
(#14644,#14645),(#14646,#14647)),.SURF_OF_LINEAR_EXTRUSION.,.F.,.F.,.F.,
(4,4),(2,2),(0.,1.),(0.,1.),.PIECEWISE_BEZIER_KNOTS.);
#133=B_SPLINE_SURFACE_WITH_KNOTS('',3,1,((#14661,#14662),(#14663,#14664),
(#14665,#14666),(#14667,#14668)),.SURF_OF_LINEAR_EXTRUSION.,.F.,.F.,.F.,
(4,4),(2,2),(0.,1.),(0.,1.),.PIECEWISE_BEZIER_KNOTS.);
#134=B_SPLINE_SURFACE_WITH_KNOTS('',3,1,((#14674,#14675),(#14676,#14677),
(#14678,#14679),(#14680,#14681)),.SURF_OF_LINEAR_EXTRUSION.,.F.,.F.,.F.,
(4,4),(2,2),(0.,1.),(0.,1.),.PIECEWISE_BEZIER_KNOTS.);
#135=B_SPLINE_SURFACE_WITH_KNOTS('',3,1,((#14699,#14700),(#14701,#14702),
(#14703,#14704),(#14705,#14706)),.SURF_OF_LINEAR_EXTRUSION.,.F.,.F.,.F.,
(4,4),(2,2),(0.,1.),(0.,1.),.PIECEWISE_BEZIER_KNOTS.);
#136=B_SPLINE_SURFACE_WITH_KNOTS('',3,1,((#14720,#14721),(#14722,#14723),
(#14724,#14725),(#14726,#14727)),.SURF_OF_LINEAR_EXTRUSION.,.F.,.F.,.F.,
(4,4),(2,2),(0.,1.),(0.,1.),.PIECEWISE_BEZIER_KNOTS.);
#137=B_SPLINE_SURFACE_WITH_KNOTS('',3,1,((#14733,#14734),(#14735,#14736),
(#14737,#14738),(#14739,#14740)),.SURF_OF_LINEAR_EXTRUSION.,.F.,.F.,.F.,
(4,4),(2,2),(0.,1.),(0.,1.),.PIECEWISE_BEZIER_KNOTS.);
#138=B_SPLINE_SURFACE_WITH_KNOTS('',3,1,((#14746,#14747),(#14748,#14749),
(#14750,#14751),(#14752,#14753)),.SURF_OF_LINEAR_EXTRUSION.,.F.,.F.,.F.,
(4,4),(2,2),(0.,1.),(0.,1.),.PIECEWISE_BEZIER_KNOTS.);
#139=B_SPLINE_SURFACE_WITH_KNOTS('',3,1,((#14759,#14760),(#14761,#14762),
(#14763,#14764),(#14765,#14766)),.SURF_OF_LINEAR_EXTRUSION.,.F.,.F.,.F.,
(4,4),(2,2),(0.,1.),(0.,1.),.PIECEWISE_BEZIER_KNOTS.);
#140=B_SPLINE_SURFACE_WITH_KNOTS('',3,1,((#14785,#14786),(#14787,#14788),
(#14789,#14790),(#14791,#14792)),.SURF_OF_LINEAR_EXTRUSION.,.F.,.F.,.F.,
(4,4),(2,2),(0.,1.),(0.,1.),.PIECEWISE_BEZIER_KNOTS.);
#141=B_SPLINE_SURFACE_WITH_KNOTS('',3,1,((#14826,#14827),(#14828,#14829),
(#14830,#14831),(#14832,#14833)),.SURF_OF_LINEAR_EXTRUSION.,.F.,.F.,.F.,
(4,4),(2,2),(0.,1.),(0.,1.),.PIECEWISE_BEZIER_KNOTS.);
#142=B_SPLINE_SURFACE_WITH_KNOTS('',3,1,((#14843,#14844),(#14845,#14846),
(#14847,#14848),(#14849,#14850)),.SURF_OF_LINEAR_EXTRUSION.,.F.,.F.,.F.,
(4,4),(2,2),(0.,1.),(0.,1.),.PIECEWISE_BEZIER_KNOTS.);
#143=B_SPLINE_SURFACE_WITH_KNOTS('',3,1,((#14894,#14895),(#14896,#14897),
(#14898,#14899),(#14900,#14901)),.SURF_OF_LINEAR_EXTRUSION.,.F.,.F.,.F.,
(4,4),(2,2),(0.,1.),(0.,1.),.PIECEWISE_BEZIER_KNOTS.);
#144=B_SPLINE_SURFACE_WITH_KNOTS('',3,1,((#14923,#14924),(#14925,#14926),
(#14927,#14928),(#14929,#14930)),.SURF_OF_LINEAR_EXTRUSION.,.F.,.F.,.F.,
(4,4),(2,2),(0.,0.637856956894713),(0.,1.),.PIECEWISE_BEZIER_KNOTS.);
#145=B_SPLINE_SURFACE_WITH_KNOTS('',3,1,((#14964,#14965),(#14966,#14967),
(#14968,#14969),(#14970,#14971)),.SURF_OF_LINEAR_EXTRUSION.,.F.,.F.,.F.,
(4,4),(2,2),(0.,1.),(0.,1.),.PIECEWISE_BEZIER_KNOTS.);
#146=B_SPLINE_SURFACE_WITH_KNOTS('',3,1,((#14986,#14987),(#14988,#14989),
(#14990,#14991),(#14992,#14993)),.SURF_OF_LINEAR_EXTRUSION.,.F.,.F.,.F.,
(4,4),(2,2),(0.,1.),(0.,1.),.PIECEWISE_BEZIER_KNOTS.);
#147=B_SPLINE_SURFACE_WITH_KNOTS('',3,1,((#14999,#15000),(#15001,#15002),
(#15003,#15004),(#15005,#15006)),.SURF_OF_LINEAR_EXTRUSION.,.F.,.F.,.F.,
(4,4),(2,2),(0.,1.),(0.,1.),.PIECEWISE_BEZIER_KNOTS.);
#148=B_SPLINE_SURFACE_WITH_KNOTS('',3,1,((#15012,#15013),(#15014,#15015),
(#15016,#15017),(#15018,#15019)),.SURF_OF_LINEAR_EXTRUSION.,.F.,.F.,.F.,
(4,4),(2,2),(0.,1.),(0.,1.),.PIECEWISE_BEZIER_KNOTS.);
#149=B_SPLINE_SURFACE_WITH_KNOTS('',3,1,((#15025,#15026),(#15027,#15028),
(#15029,#15030),(#15031,#15032)),.SURF_OF_LINEAR_EXTRUSION.,.F.,.F.,.F.,
(4,4),(2,2),(0.,1.),(0.,1.),.PIECEWISE_BEZIER_KNOTS.);
#150=B_SPLINE_SURFACE_WITH_KNOTS('',3,1,((#15038,#15039),(#15040,#15041),
(#15042,#15043),(#15044,#15045)),.SURF_OF_LINEAR_EXTRUSION.,.F.,.F.,.F.,
(4,4),(2,2),(0.,1.),(0.,1.),.PIECEWISE_BEZIER_KNOTS.);
#151=B_SPLINE_SURFACE_WITH_KNOTS('',3,1,((#15059,#15060),(#15061,#15062),
(#15063,#15064),(#15065,#15066)),.SURF_OF_LINEAR_EXTRUSION.,.F.,.F.,.F.,
(4,4),(2,2),(0.,1.),(0.,1.),.PIECEWISE_BEZIER_KNOTS.);
#152=B_SPLINE_SURFACE_WITH_KNOTS('',3,1,((#15072,#15073),(#15074,#15075),
(#15076,#15077),(#15078,#15079)),.SURF_OF_LINEAR_EXTRUSION.,.F.,.F.,.F.,
(4,4),(2,2),(0.,1.),(0.,1.),.PIECEWISE_BEZIER_KNOTS.);
#153=B_SPLINE_SURFACE_WITH_KNOTS('',3,1,((#15097,#15098),(#15099,#15100),
(#15101,#15102),(#15103,#15104)),.SURF_OF_LINEAR_EXTRUSION.,.F.,.F.,.F.,
(4,4),(2,2),(0.,1.),(0.,1.),.PIECEWISE_BEZIER_KNOTS.);
#154=B_SPLINE_SURFACE_WITH_KNOTS('',3,1,((#15118,#15119),(#15120,#15121),
(#15122,#15123),(#15124,#15125)),.SURF_OF_LINEAR_EXTRUSION.,.F.,.F.,.F.,
(4,4),(2,2),(0.,1.),(0.,1.),.PIECEWISE_BEZIER_KNOTS.);
#155=B_SPLINE_SURFACE_WITH_KNOTS('',3,1,((#15131,#15132),(#15133,#15134),
(#15135,#15136),(#15137,#15138)),.SURF_OF_LINEAR_EXTRUSION.,.F.,.F.,.F.,
(4,4),(2,2),(0.,1.),(0.,1.),.PIECEWISE_BEZIER_KNOTS.);
#156=B_SPLINE_SURFACE_WITH_KNOTS('',3,1,((#15144,#15145),(#15146,#15147),
(#15148,#15149),(#15150,#15151)),.SURF_OF_LINEAR_EXTRUSION.,.F.,.F.,.F.,
(4,4),(2,2),(0.,1.),(0.,1.),.PIECEWISE_BEZIER_KNOTS.);
#157=B_SPLINE_SURFACE_WITH_KNOTS('',3,1,((#15157,#15158),(#15159,#15160),
(#15161,#15162),(#15163,#15164)),.SURF_OF_LINEAR_EXTRUSION.,.F.,.F.,.F.,
(4,4),(2,2),(0.,1.),(0.,1.),.PIECEWISE_BEZIER_KNOTS.);
#158=B_SPLINE_SURFACE_WITH_KNOTS('',3,1,((#15175,#15176),(#15177,#15178),
(#15179,#15180),(#15181,#15182)),.SURF_OF_LINEAR_EXTRUSION.,.F.,.F.,.F.,
(4,4),(2,2),(0.,1.),(0.,1.),.PIECEWISE_BEZIER_KNOTS.);
#159=B_SPLINE_SURFACE_WITH_KNOTS('',3,1,((#15188,#15189),(#15190,#15191),
(#15192,#15193),(#15194,#15195)),.SURF_OF_LINEAR_EXTRUSION.,.F.,.F.,.F.,
(4,4),(2,2),(0.,1.),(0.,1.),.PIECEWISE_BEZIER_KNOTS.);
#160=B_SPLINE_SURFACE_WITH_KNOTS('',3,1,((#15201,#15202),(#15203,#15204),
(#15205,#15206),(#15207,#15208)),.SURF_OF_LINEAR_EXTRUSION.,.F.,.F.,.F.,
(4,4),(2,2),(0.,1.),(0.,1.),.PIECEWISE_BEZIER_KNOTS.);
#161=B_SPLINE_SURFACE_WITH_KNOTS('',3,1,((#15214,#15215),(#15216,#15217),
(#15218,#15219),(#15220,#15221)),.SURF_OF_LINEAR_EXTRUSION.,.F.,.F.,.F.,
(4,4),(2,2),(0.,1.),(0.,1.),.PIECEWISE_BEZIER_KNOTS.);
#162=B_SPLINE_SURFACE_WITH_KNOTS('',3,1,((#15227,#15228),(#15229,#15230),
(#15231,#15232),(#15233,#15234)),.SURF_OF_LINEAR_EXTRUSION.,.F.,.F.,.F.,
(4,4),(2,2),(0.,1.),(0.,1.),.PIECEWISE_BEZIER_KNOTS.);
#163=B_SPLINE_SURFACE_WITH_KNOTS('',3,1,((#15240,#15241),(#15242,#15243),
(#15244,#15245),(#15246,#15247)),.SURF_OF_LINEAR_EXTRUSION.,.F.,.F.,.F.,
(4,4),(2,2),(0.,1.),(0.,1.),.PIECEWISE_BEZIER_KNOTS.);
#164=B_SPLINE_SURFACE_WITH_KNOTS('',3,1,((#15261,#15262),(#15263,#15264),
(#15265,#15266),(#15267,#15268)),.SURF_OF_LINEAR_EXTRUSION.,.F.,.F.,.F.,
(4,4),(2,2),(0.,1.),(0.,1.),.PIECEWISE_BEZIER_KNOTS.);
#165=B_SPLINE_SURFACE_WITH_KNOTS('',3,1,((#15274,#15275),(#15276,#15277),
(#15278,#15279),(#15280,#15281)),.SURF_OF_LINEAR_EXTRUSION.,.F.,.F.,.F.,
(4,4),(2,2),(0.,1.),(0.,1.),.PIECEWISE_BEZIER_KNOTS.);
#166=B_SPLINE_SURFACE_WITH_KNOTS('',3,1,((#15287,#15288),(#15289,#15290),
(#15291,#15292),(#15293,#15294)),.SURF_OF_LINEAR_EXTRUSION.,.F.,.F.,.F.,
(4,4),(2,2),(0.,1.),(0.,1.),.PIECEWISE_BEZIER_KNOTS.);
#167=B_SPLINE_SURFACE_WITH_KNOTS('',3,1,((#15300,#15301),(#15302,#15303),
(#15304,#15305),(#15306,#15307)),.SURF_OF_LINEAR_EXTRUSION.,.F.,.F.,.F.,
(4,4),(2,2),(0.,1.),(0.,1.),.PIECEWISE_BEZIER_KNOTS.);
#168=B_SPLINE_SURFACE_WITH_KNOTS('',3,1,((#15354,#15355),(#15356,#15357),
(#15358,#15359),(#15360,#15361)),.SURF_OF_LINEAR_EXTRUSION.,.F.,.F.,.F.,
(4,4),(2,2),(0.,1.),(0.,1.),.PIECEWISE_BEZIER_KNOTS.);
#169=B_SPLINE_SURFACE_WITH_KNOTS('',3,1,((#15367,#15368),(#15369,#15370),
(#15371,#15372),(#15373,#15374)),.SURF_OF_LINEAR_EXTRUSION.,.F.,.F.,.F.,
(4,4),(2,2),(0.,1.),(0.,1.),.PIECEWISE_BEZIER_KNOTS.);
#170=B_SPLINE_SURFACE_WITH_KNOTS('',3,1,((#15392,#15393),(#15394,#15395),
(#15396,#15397),(#15398,#15399)),.SURF_OF_LINEAR_EXTRUSION.,.F.,.F.,.F.,
(4,4),(2,2),(0.,1.),(0.,1.),.PIECEWISE_BEZIER_KNOTS.);
#171=CYLINDRICAL_SURFACE('',#9015,0.005);
#172=CYLINDRICAL_SURFACE('',#9017,0.005);
#173=CYLINDRICAL_SURFACE('',#9019,0.005);
#174=CYLINDRICAL_SURFACE('',#9021,0.005);
#175=CYLINDRICAL_SURFACE('',#9023,0.005);
#176=CYLINDRICAL_SURFACE('',#9026,0.005);
#177=CYLINDRICAL_SURFACE('',#9029,0.005);
#178=CYLINDRICAL_SURFACE('',#9032,0.005);
#179=CYLINDRICAL_SURFACE('',#9040,0.00100000000000001);
#180=CYLINDRICAL_SURFACE('',#9043,0.001);
#181=CYLINDRICAL_SURFACE('',#9046,0.001);
#182=CYLINDRICAL_SURFACE('',#9049,0.001);
#183=CYLINDRICAL_SURFACE('',#9053,0.00335508551488321);
#184=CYLINDRICAL_SURFACE('',#9055,0.00334447255688507);
#185=CYLINDRICAL_SURFACE('',#9057,0.00331180715261085);
#186=CYLINDRICAL_SURFACE('',#9059,0.00331437273101762);
#187=CYLINDRICAL_SURFACE('',#9061,0.00437417929386074);
#188=CYLINDRICAL_SURFACE('',#9064,0.00429038865584446);
#189=CYLINDRICAL_SURFACE('',#9067,0.00248457441495007);
#190=CYLINDRICAL_SURFACE('',#9070,0.00248457441495045);
#191=CYLINDRICAL_SURFACE('',#9073,0.00429038865584423);
#192=CYLINDRICAL_SURFACE('',#9076,0.00437417929386048);
#193=CYLINDRICAL_SURFACE('',#9079,0.0025241245033276);
#194=CYLINDRICAL_SURFACE('',#9082,0.00252412450332753);
#195=CYLINDRICAL_SURFACE('',#9090,0.000700065987932872);
#196=CYLINDRICAL_SURFACE('',#9092,0.00101202734788644);
#197=CYLINDRICAL_SURFACE('',#9094,0.00432967614628657);
#198=CYLINDRICAL_SURFACE('',#9099,0.00795578403160291);
#199=CYLINDRICAL_SURFACE('',#9101,0.00141563568749338);
#200=CYLINDRICAL_SURFACE('',#9109,0.00293055166026071);
#201=CYLINDRICAL_SURFACE('',#9111,0.00281737672308805);
#202=CYLINDRICAL_SURFACE('',#9113,0.00277507990987438);
#203=CYLINDRICAL_SURFACE('',#9115,0.00275902657018645);
#204=CYLINDRICAL_SURFACE('',#9117,0.00275936939168704);
#205=CYLINDRICAL_SURFACE('',#9119,0.0028173767230893);
#206=CYLINDRICAL_SURFACE('',#9121,0.00293055166026074);
#207=CYLINDRICAL_SURFACE('',#9123,0.0028670028947429);
#208=CYLINDRICAL_SURFACE('',#9125,0.00283804473007892);
#209=CYLINDRICAL_SURFACE('',#9127,0.00284896939653579);
#210=CYLINDRICAL_SURFACE('',#9129,0.00268984915523753);
#211=CYLINDRICAL_SURFACE('',#9132,0.00293055166026014);
#212=CYLINDRICAL_SURFACE('',#9134,0.0028173767230872);
#213=CYLINDRICAL_SURFACE('',#9136,0.00277507990987423);
#214=CYLINDRICAL_SURFACE('',#9138,0.00275902657018664);
#215=CYLINDRICAL_SURFACE('',#9140,0.00275936939168698);
#216=CYLINDRICAL_SURFACE('',#9142,0.00281737672308843);
#217=CYLINDRICAL_SURFACE('',#9144,0.00293055166026065);
#218=CYLINDRICAL_SURFACE('',#9146,0.00286700289474595);
#219=CYLINDRICAL_SURFACE('',#9148,0.00283804473007912);
#220=CYLINDRICAL_SURFACE('',#9150,0.00284896939653522);
#221=CYLINDRICAL_SURFACE('',#9152,0.00268984915523778);
#222=CYLINDRICAL_SURFACE('',#9158,0.000749181041958916);
#223=CYLINDRICAL_SURFACE('',#9160,0.00108302890882168);
#224=CYLINDRICAL_SURFACE('',#9162,0.00463343647959869);
#225=CYLINDRICAL_SURFACE('',#9167,0.00851394393259605);
#226=CYLINDRICAL_SURFACE('',#9169,0.00151495350105411);
#227=CYLINDRICAL_SURFACE('',#9174,0.00269503339646687);
#228=CYLINDRICAL_SURFACE('',#9176,0.00738529776204775);
#229=CYLINDRICAL_SURFACE('',#9178,0.00379978170439516);
#230=CYLINDRICAL_SURFACE('',#9180,0.00117350950962099);
#231=CYLINDRICAL_SURFACE('',#9182,0.000984987412665504);
#232=CYLINDRICAL_SURFACE('',#9187,0.00716257967171576);
#233=CYLINDRICAL_SURFACE('',#9189,0.00254444245204093);
#234=CYLINDRICAL_SURFACE('',#9191,0.00293192600632);
#235=CYLINDRICAL_SURFACE('',#9193,0.00279917853445132);
#236=CYLINDRICAL_SURFACE('',#9195,0.00467468591506419);
#237=CYLINDRICAL_SURFACE('',#9211,0.000996486963487438);
#238=CYLINDRICAL_SURFACE('',#9213,0.0018477121907196);
#239=CYLINDRICAL_SURFACE('',#9215,0.0044713066675235);
#240=CYLINDRICAL_SURFACE('',#9229,0.00226264743708797);
#241=CYLINDRICAL_SURFACE('',#9231,0.00174075643615499);
#242=CYLINDRICAL_SURFACE('',#9233,0.00159863335244973);
#243=CYLINDRICAL_SURFACE('',#9235,0.00186576291465514);
#244=CYLINDRICAL_SURFACE('',#9237,0.00162097796263315);
#245=CYLINDRICAL_SURFACE('',#9239,0.00177506980588884);
#246=CYLINDRICAL_SURFACE('',#9241,0.00222970728413574);
#247=CYLINDRICAL_SURFACE('',#9243,0.00222970728413555);
#248=CYLINDRICAL_SURFACE('',#9245,0.00172985680612367);
#249=CYLINDRICAL_SURFACE('',#9247,0.00165053477704241);
#250=CYLINDRICAL_SURFACE('',#9249,0.00190586001395142);
#251=CYLINDRICAL_SURFACE('',#9252,0.00279887236124782);
#252=CYLINDRICAL_SURFACE('',#9254,0.00275902657018685);
#253=CYLINDRICAL_SURFACE('',#9256,0.00275936939168829);
#254=CYLINDRICAL_SURFACE('',#9258,0.00281737672308774);
#255=CYLINDRICAL_SURFACE('',#9260,0.00293055166025809);
#256=CYLINDRICAL_SURFACE('',#9262,0.00286700289474559);
#257=CYLINDRICAL_SURFACE('',#9264,0.00283804473007783);
#258=CYLINDRICAL_SURFACE('',#9266,0.00284896939653553);
#259=CYLINDRICAL_SURFACE('',#9268,0.0026898491552402);
#260=CYLINDRICAL_SURFACE('',#9270,0.00272744880599612);
#261=CYLINDRICAL_SURFACE('',#9272,0.00282020100128081);
#262=CYLINDRICAL_SURFACE('',#9274,0.00279334824260882);
#263=CYLINDRICAL_SURFACE('',#9276,0.00291302267522414);
#264=CYLINDRICAL_SURFACE('',#9283,0.00360566071065777);
#265=CYLINDRICAL_SURFACE('',#9285,0.00180812763558831);
#266=CYLINDRICAL_SURFACE('',#9287,0.00070825585444832);
#267=CYLINDRICAL_SURFACE('',#9307,0.000700065987932211);
#268=CYLINDRICAL_SURFACE('',#9309,0.00101202734793533);
#269=CYLINDRICAL_SURFACE('',#9311,0.00432967614629572);
#270=CYLINDRICAL_SURFACE('',#9316,0.00795578403160384);
#271=CYLINDRICAL_SURFACE('',#9318,0.00141563568749097);
#272=CYLINDRICAL_SURFACE('',#9330,0.00140783397739728);
#273=CYLINDRICAL_SURFACE('',#9335,0.00399518414856372);
#274=CYLINDRICAL_SURFACE('',#9337,0.000700065987934467);
#275=CYLINDRICAL_SURFACE('',#9339,0.0010120273478974);
#276=CYLINDRICAL_SURFACE('',#9341,0.00432967614629553);
#277=CYLINDRICAL_SURFACE('',#9346,0.00795578403160381);
#278=CYLINDRICAL_SURFACE('',#9361,0.0026009396027762);
#279=CYLINDRICAL_SURFACE('',#9363,0.002600939602776);
#280=CYLINDRICAL_SURFACE('',#9368,0.00319808983647603);
#281=CYLINDRICAL_SURFACE('',#9375,0.00410905690509522);
#282=CYLINDRICAL_SURFACE('',#9473,0.000724264068711929);
#283=CYLINDRICAL_SURFACE('',#9474,0.000724264068711929);
#284=CYLINDRICAL_SURFACE('',#9475,0.000724264068711929);
#285=CYLINDRICAL_SURFACE('',#9476,0.000724264068711929);
#286=CYLINDRICAL_SURFACE('',#9477,0.005);
#287=CYLINDRICAL_SURFACE('',#9478,0.005);
#288=CYLINDRICAL_SURFACE('',#9479,0.005);
#289=CYLINDRICAL_SURFACE('',#9480,0.005);
#290=CYLINDRICAL_SURFACE('',#9481,0.005);
#291=CYLINDRICAL_SURFACE('',#9482,0.005);
#292=CYLINDRICAL_SURFACE('',#9483,0.005);
#293=CYLINDRICAL_SURFACE('',#9484,0.005);
#294=CYLINDRICAL_SURFACE('',#9485,0.001);
#295=CYLINDRICAL_SURFACE('',#9486,0.001);
#296=CYLINDRICAL_SURFACE('',#9487,0.001);
#297=CYLINDRICAL_SURFACE('',#9488,0.001);
#298=CYLINDRICAL_SURFACE('',#9493,0.00120710678118655);
#299=CYLINDRICAL_SURFACE('',#9494,0.00120710678118655);
#300=CYLINDRICAL_SURFACE('',#9495,0.00120710678118655);
#301=CYLINDRICAL_SURFACE('',#9496,0.00120710678118655);
#302=CIRCLE('',#8911,0.00467468591506419);
#303=CIRCLE('',#8912,0.00279917853445132);
#304=CIRCLE('',#8913,0.00293192600632);
#305=CIRCLE('',#8914,0.00254444245204093);
#306=CIRCLE('',#8915,0.00716257967171576);
#307=CIRCLE('',#8916,0.000984987412665504);
#308=CIRCLE('',#8917,0.00117350950962099);
#309=CIRCLE('',#8918,0.00379978170439516);
#310=CIRCLE('',#8919,0.00738529776204775);
#311=CIRCLE('',#8920,0.00269503339646687);
#312=CIRCLE('',#8921,0.00151495350105411);
#313=CIRCLE('',#8922,0.00851394393259605);
#314=CIRCLE('',#8923,0.00463343647959869);
#315=CIRCLE('',#8924,0.00108302890882168);
#316=CIRCLE('',#8925,0.000749181041958916);
#317=CIRCLE('',#8926,0.00268984915523778);
#318=CIRCLE('',#8927,0.00284896939653522);
#319=CIRCLE('',#8928,0.00283804473007912);
#320=CIRCLE('',#8929,0.00286700289474595);
#321=CIRCLE('',#8930,0.00293055166026065);
#322=CIRCLE('',#8931,0.00281737672308843);
#323=CIRCLE('',#8932,0.00275936939168698);
#324=CIRCLE('',#8933,0.00275902657018664);
#325=CIRCLE('',#8934,0.00277507990987423);
#326=CIRCLE('',#8935,0.0028173767230872);
#327=CIRCLE('',#8936,0.00293055166026014);
#328=CIRCLE('',#8937,0.00141563568749338);
#329=CIRCLE('',#8938,0.00795578403160291);
#330=CIRCLE('',#8939,0.00432967614628657);
#331=CIRCLE('',#8940,0.00101202734788644);
#332=CIRCLE('',#8941,0.000700065987932872);
#333=CIRCLE('',#8942,0.005);
#334=CIRCLE('',#8943,0.005);
#335=CIRCLE('',#8944,0.005);
#336=CIRCLE('',#8945,0.005);
#337=CIRCLE('',#8946,0.00331437273101762);
#338=CIRCLE('',#8947,0.00331180715261085);
#339=CIRCLE('',#8948,0.00334447255688507);
#340=CIRCLE('',#8949,0.00335508551488321);
#341=CIRCLE('',#8950,0.00268984915523753);
#342=CIRCLE('',#8951,0.00284896939653579);
#343=CIRCLE('',#8952,0.00283804473007892);
#344=CIRCLE('',#8953,0.0028670028947429);
#345=CIRCLE('',#8954,0.00293055166026074);
#346=CIRCLE('',#8955,0.0028173767230893);
#347=CIRCLE('',#8956,0.00275936939168704);
#348=CIRCLE('',#8957,0.00275902657018645);
#349=CIRCLE('',#8958,0.00277507990987438);
#350=CIRCLE('',#8959,0.00281737672308805);
#351=CIRCLE('',#8960,0.00293055166026071);
#352=CIRCLE('',#8961,0.0044713066675235);
#353=CIRCLE('',#8962,0.0018477121907196);
#354=CIRCLE('',#8963,0.000996486963487438);
#355=CIRCLE('',#8964,0.00291302267522414);
#356=CIRCLE('',#8965,0.00279334824260882);
#357=CIRCLE('',#8966,0.00282020100128081);
#358=CIRCLE('',#8967,0.00272744880599612);
#359=CIRCLE('',#8968,0.0026898491552402);
#360=CIRCLE('',#8969,0.00284896939653553);
#361=CIRCLE('',#8970,0.00283804473007783);
#362=CIRCLE('',#8971,0.00286700289474559);
#363=CIRCLE('',#8972,0.00293055166025809);
#364=CIRCLE('',#8973,0.00281737672308774);
#365=CIRCLE('',#8974,0.00275936939168829);
#366=CIRCLE('',#8975,0.00275902657018685);
#367=CIRCLE('',#8976,0.00279887236124782);
#368=CIRCLE('',#8977,0.00190586001395142);
#369=CIRCLE('',#8978,0.00165053477704241);
#370=CIRCLE('',#8979,0.00172985680612367);
#371=CIRCLE('',#8980,0.00222970728413555);
#372=CIRCLE('',#8981,0.00222970728413574);
#373=CIRCLE('',#8982,0.00177506980588884);
#374=CIRCLE('',#8983,0.00162097796263315);
#375=CIRCLE('',#8984,0.00186576291465514);
#376=CIRCLE('',#8985,0.00159863335244973);
#377=CIRCLE('',#8986,0.00174075643615499);
#378=CIRCLE('',#8987,0.00226264743708797);
#379=CIRCLE('',#8988,0.00070825585444832);
#380=CIRCLE('',#8989,0.00180812763558831);
#381=CIRCLE('',#8990,0.00360566071065777);
#382=CIRCLE('',#8991,0.00141563568749097);
#383=CIRCLE('',#8992,0.00795578403160384);
#384=CIRCLE('',#8993,0.00432967614629572);
#385=CIRCLE('',#8994,0.00101202734793533);
#386=CIRCLE('',#8995,0.000700065987932211);
#387=CIRCLE('',#8996,0.00140783397739728);
#388=CIRCLE('',#8997,0.00795578403160381);
#389=CIRCLE('',#8998,0.00432967614629553);
#390=CIRCLE('',#8999,0.0010120273478974);
#391=CIRCLE('',#9000,0.000700065987934467);
#392=CIRCLE('',#9001,0.00399518414856372);
#393=CIRCLE('',#9002,0.002600939602776);
#394=CIRCLE('',#9003,0.0026009396027762);
#395=CIRCLE('',#9004,0.00410905690509522);
#396=CIRCLE('',#9005,0.00319808983647603);
#397=CIRCLE('',#9007,0.005);
#398=CIRCLE('',#9008,0.005);
#399=CIRCLE('',#9009,0.005);
#400=CIRCLE('',#9010,0.005);
#401=CIRCLE('',#9011,0.005);
#402=CIRCLE('',#9012,0.005);
#403=CIRCLE('',#9013,0.005);
#404=CIRCLE('',#9014,0.005);
#405=CIRCLE('',#9024,0.005);
#406=CIRCLE('',#9027,0.005);
#407=CIRCLE('',#9030,0.005);
#408=CIRCLE('',#9033,0.005);
#409=CIRCLE('',#9036,0.00100000000000001);
#410=CIRCLE('',#9037,0.001);
#411=CIRCLE('',#9038,0.001);
#412=CIRCLE('',#9039,0.001);
#413=CIRCLE('',#9041,0.00100000000000001);
#414=CIRCLE('',#9044,0.001);
#415=CIRCLE('',#9047,0.001);
#416=CIRCLE('',#9050,0.001);
#417=CIRCLE('',#9054,0.00335508551488321);
#418=CIRCLE('',#9056,0.00334447255688507);
#419=CIRCLE('',#9058,0.00331180715261085);
#420=CIRCLE('',#9060,0.00331437273101762);
#421=CIRCLE('',#9062,0.00437417929386074);
#422=CIRCLE('',#9063,0.00437417929386074);
#423=CIRCLE('',#9065,0.00429038865584446);
#424=CIRCLE('',#9066,0.00429038865584446);
#425=CIRCLE('',#9068,0.00248457441495007);
#426=CIRCLE('',#9069,0.00248457441495007);
#427=CIRCLE('',#9071,0.00248457441495045);
#428=CIRCLE('',#9072,0.00248457441495045);
#429=CIRCLE('',#9074,0.00429038865584423);
#430=CIRCLE('',#9075,0.00429038865584423);
#431=CIRCLE('',#9077,0.00437417929386048);
#432=CIRCLE('',#9078,0.00437417929386048);
#433=CIRCLE('',#9080,0.0025241245033276);
#434=CIRCLE('',#9081,0.0025241245033276);
#435=CIRCLE('',#9083,0.00252412450332753);
#436=CIRCLE('',#9084,0.00252412450332753);
#437=CIRCLE('',#9091,0.000700065987932872);
#438=CIRCLE('',#9093,0.00101202734788644);
#439=CIRCLE('',#9095,0.00432967614628657);
#440=CIRCLE('',#9100,0.00795578403160291);
#441=CIRCLE('',#9102,0.00141563568749338);
#442=CIRCLE('',#9110,0.00293055166026071);
#443=CIRCLE('',#9112,0.00281737672308805);
#444=CIRCLE('',#9114,0.00277507990987438);
#445=CIRCLE('',#9116,0.00275902657018645);
#446=CIRCLE('',#9118,0.00275936939168704);
#447=CIRCLE('',#9120,0.0028173767230893);
#448=CIRCLE('',#9122,0.00293055166026074);
#449=CIRCLE('',#9124,0.0028670028947429);
#450=CIRCLE('',#9126,0.00283804473007892);
#451=CIRCLE('',#9128,0.00284896939653579);
#452=CIRCLE('',#9130,0.00268984915523753);
#453=CIRCLE('',#9133,0.00293055166026014);
#454=CIRCLE('',#9135,0.0028173767230872);
#455=CIRCLE('',#9137,0.00277507990987423);
#456=CIRCLE('',#9139,0.00275902657018664);
#457=CIRCLE('',#9141,0.00275936939168698);
#458=CIRCLE('',#9143,0.00281737672308843);
#459=CIRCLE('',#9145,0.00293055166026065);
#460=CIRCLE('',#9147,0.00286700289474595);
#461=CIRCLE('',#9149,0.00283804473007912);
#462=CIRCLE('',#9151,0.00284896939653522);
#463=CIRCLE('',#9153,0.00268984915523778);
#464=CIRCLE('',#9159,0.000749181041958916);
#465=CIRCLE('',#9161,0.00108302890882168);
#466=CIRCLE('',#9163,0.00463343647959869);
#467=CIRCLE('',#9168,0.00851394393259605);
#468=CIRCLE('',#9170,0.00151495350105411);
#469=CIRCLE('',#9175,0.00269503339646687);
#470=CIRCLE('',#9177,0.00738529776204775);
#471=CIRCLE('',#9179,0.00379978170439516);
#472=CIRCLE('',#9181,0.00117350950962099);
#473=CIRCLE('',#9183,0.000984987412665504);
#474=CIRCLE('',#9188,0.00716257967171576);
#475=CIRCLE('',#9190,0.00254444245204093);
#476=CIRCLE('',#9192,0.00293192600632);
#477=CIRCLE('',#9194,0.00279917853445132);
#478=CIRCLE('',#9196,0.00467468591506419);
#479=CIRCLE('',#9212,0.000996486963487438);
#480=CIRCLE('',#9214,0.0018477121907196);
#481=CIRCLE('',#9216,0.0044713066675235);
#482=CIRCLE('',#9230,0.00226264743708797);
#483=CIRCLE('',#9232,0.00174075643615499);
#484=CIRCLE('',#9234,0.00159863335244973);
#485=CIRCLE('',#9236,0.00186576291465514);
#486=CIRCLE('',#9238,0.00162097796263315);
#487=CIRCLE('',#9240,0.00177506980588884);
#488=CIRCLE('',#9242,0.00222970728413574);
#489=CIRCLE('',#9244,0.00222970728413555);
#490=CIRCLE('',#9246,0.00172985680612367);
#491=CIRCLE('',#9248,0.00165053477704241);
#492=CIRCLE('',#9250,0.00190586001395142);
#493=CIRCLE('',#9253,0.00279887236124782);
#494=CIRCLE('',#9255,0.00275902657018685);
#495=CIRCLE('',#9257,0.00275936939168829);
#496=CIRCLE('',#9259,0.00281737672308774);
#497=CIRCLE('',#9261,0.00293055166025809);
#498=CIRCLE('',#9263,0.00286700289474559);
#499=CIRCLE('',#9265,0.00283804473007783);
#500=CIRCLE('',#9267,0.00284896939653553);
#501=CIRCLE('',#9269,0.0026898491552402);
#502=CIRCLE('',#9271,0.00272744880599612);
#503=CIRCLE('',#9273,0.00282020100128081);
#504=CIRCLE('',#9275,0.00279334824260882);
#505=CIRCLE('',#9277,0.00291302267522414);
#506=CIRCLE('',#9284,0.00360566071065777);
#507=CIRCLE('',#9286,0.00180812763558831);
#508=CIRCLE('',#9288,0.00070825585444832);
#509=CIRCLE('',#9308,0.000700065987932211);
#510=CIRCLE('',#9310,0.00101202734793533);
#511=CIRCLE('',#9312,0.00432967614629572);
#512=CIRCLE('',#9317,0.00795578403160384);
#513=CIRCLE('',#9319,0.00141563568749097);
#514=CIRCLE('',#9331,0.00140783397739728);
#515=CIRCLE('',#9336,0.00399518414856372);
#516=CIRCLE('',#9338,0.000700065987934467);
#517=CIRCLE('',#9340,0.0010120273478974);
#518=CIRCLE('',#9342,0.00432967614629553);
#519=CIRCLE('',#9347,0.00795578403160381);
#520=CIRCLE('',#9362,0.0026009396027762);
#521=CIRCLE('',#9364,0.002600939602776);
#522=CIRCLE('',#9369,0.00319808983647603);
#523=CIRCLE('',#9376,0.00410905690509522);
#524=CIRCLE('',#9395,0.00120710678118655);
#525=CIRCLE('',#9396,0.00120710678118655);
#526=CIRCLE('',#9397,0.00120710678118655);
#527=CIRCLE('',#9398,0.00120710678118655);
#528=CIRCLE('',#9400,0.00120710678118655);
#529=CIRCLE('',#9401,0.00120710678118655);
#530=CIRCLE('',#9402,0.00120710678118655);
#531=CIRCLE('',#9403,0.00120710678118655);
#532=CIRCLE('',#9405,0.000724264068711929);
#533=CIRCLE('',#9406,0.000724264068711929);
#534=CIRCLE('',#9407,0.000724264068711929);
#535=CIRCLE('',#9408,0.000724264068711929);
#536=CIRCLE('',#9410,0.000724264068711929);
#537=CIRCLE('',#9411,0.000724264068711929);
#538=CIRCLE('',#9412,0.000724264068711929);
#539=CIRCLE('',#9413,0.000724264068711929);
#540=CIRCLE('',#9415,0.001);
#541=CIRCLE('',#9416,0.001);
#542=CIRCLE('',#9417,0.001);
#543=CIRCLE('',#9418,0.001);
#544=CIRCLE('',#9419,0.005);
#545=CIRCLE('',#9420,0.005);
#546=CIRCLE('',#9421,0.005);
#547=CIRCLE('',#9422,0.005);
#548=CIRCLE('',#9426,0.001);
#549=CIRCLE('',#9427,0.001);
#550=CIRCLE('',#9428,0.001);
#551=CIRCLE('',#9429,0.001);
#552=CIRCLE('',#9430,0.005);
#553=CIRCLE('',#9431,0.005);
#554=CIRCLE('',#9432,0.005);
#555=CIRCLE('',#9433,0.005);
#556=CIRCLE('',#9437,0.005);
#557=CIRCLE('',#9438,0.005);
#558=CIRCLE('',#9439,0.005);
#559=CIRCLE('',#9440,0.005);
#560=CIRCLE('',#9441,0.005);
#561=CIRCLE('',#9442,0.005);
#562=CIRCLE('',#9443,0.005);
#563=CIRCLE('',#9444,0.005);
#564=B_SPLINE_CURVE_WITH_KNOTS('',2,(#11427,#11428,#11429),
 .UNSPECIFIED.,.F.,.F.,(3,3),(0.,1.),.PIECEWISE_BEZIER_KNOTS.);
#565=B_SPLINE_CURVE_WITH_KNOTS('',2,(#11431,#11432,#11433),
 .UNSPECIFIED.,.F.,.F.,(3,3),(0.,1.),.PIECEWISE_BEZIER_KNOTS.);
#566=B_SPLINE_CURVE_WITH_KNOTS('',2,(#11435,#11436,#11437),
 .UNSPECIFIED.,.F.,.F.,(3,3),(0.,1.),.PIECEWISE_BEZIER_KNOTS.);
#567=B_SPLINE_CURVE_WITH_KNOTS('',2,(#11443,#11444,#11445),
 .UNSPECIFIED.,.F.,.F.,(3,3),(0.,1.),.PIECEWISE_BEZIER_KNOTS.);
#568=B_SPLINE_CURVE_WITH_KNOTS('',2,(#11447,#11448,#11449),
 .UNSPECIFIED.,.F.,.F.,(3,3),(0.,1.),.PIECEWISE_BEZIER_KNOTS.);
#569=B_SPLINE_CURVE_WITH_KNOTS('',2,(#11451,#11452,#11453),
 .UNSPECIFIED.,.F.,.F.,(3,3),(0.,1.),.PIECEWISE_BEZIER_KNOTS.);
#570=B_SPLINE_CURVE_WITH_KNOTS('',2,(#11455,#11456,#11457),
 .UNSPECIFIED.,.F.,.F.,(3,3),(0.,1.),.PIECEWISE_BEZIER_KNOTS.);
#571=B_SPLINE_CURVE_WITH_KNOTS('',2,(#11471,#11472,#11473),
 .UNSPECIFIED.,.F.,.F.,(3,3),(0.,1.),.PIECEWISE_BEZIER_KNOTS.);
#572=B_SPLINE_CURVE_WITH_KNOTS('',2,(#11475,#11476,#11477),
 .UNSPECIFIED.,.F.,.F.,(3,3),(0.,1.),.PIECEWISE_BEZIER_KNOTS.);
#573=B_SPLINE_CURVE_WITH_KNOTS('',2,(#11489,#11490,#11491),
 .UNSPECIFIED.,.F.,.F.,(3,3),(0.,1.),.PIECEWISE_BEZIER_KNOTS.);
#574=B_SPLINE_CURVE_WITH_KNOTS('',2,(#11493,#11494,#11495),
 .UNSPECIFIED.,.F.,.F.,(3,3),(0.,1.),.PIECEWISE_BEZIER_KNOTS.);
#575=B_SPLINE_CURVE_WITH_KNOTS('',2,(#11497,#11498,#11499),
 .UNSPECIFIED.,.F.,.F.,(3,3),(0.,1.),.PIECEWISE_BEZIER_KNOTS.);
#576=B_SPLINE_CURVE_WITH_KNOTS('',2,(#11505,#11506,#11507),
 .UNSPECIFIED.,.F.,.F.,(3,3),(0.,1.),.PIECEWISE_BEZIER_KNOTS.);
#577=B_SPLINE_CURVE_WITH_KNOTS('',2,(#11511,#11512,#11513),
 .UNSPECIFIED.,.F.,.F.,(3,3),(0.,1.),.PIECEWISE_BEZIER_KNOTS.);
#578=B_SPLINE_CURVE_WITH_KNOTS('',2,(#11529,#11530,#11531),
 .UNSPECIFIED.,.F.,.F.,(3,3),(0.,1.),.PIECEWISE_BEZIER_KNOTS.);
#579=B_SPLINE_CURVE_WITH_KNOTS('',2,(#11534,#11535,#11536),
 .UNSPECIFIED.,.F.,.F.,(3,3),(0.,1.),.PIECEWISE_BEZIER_KNOTS.);
#580=B_SPLINE_CURVE_WITH_KNOTS('',2,(#11539,#11540,#11541),
 .UNSPECIFIED.,.F.,.F.,(3,3),(0.,1.),.PIECEWISE_BEZIER_KNOTS.);
#581=B_SPLINE_CURVE_WITH_KNOTS('',2,(#11559,#11560,#11561),
 .UNSPECIFIED.,.F.,.F.,(3,3),(0.,1.),.PIECEWISE_BEZIER_KNOTS.);
#582=B_SPLINE_CURVE_WITH_KNOTS('',2,(#11568,#11569,#11570),
 .UNSPECIFIED.,.F.,.F.,(3,3),(0.,1.),.PIECEWISE_BEZIER_KNOTS.);
#583=B_SPLINE_CURVE_WITH_KNOTS('',2,(#11573,#11574,#11575),
 .UNSPECIFIED.,.F.,.F.,(3,3),(0.,1.),.PIECEWISE_BEZIER_KNOTS.);
#584=B_SPLINE_CURVE_WITH_KNOTS('',2,(#11577,#11578,#11579),
 .UNSPECIFIED.,.F.,.F.,(3,3),(0.,1.),.PIECEWISE_BEZIER_KNOTS.);
#585=B_SPLINE_CURVE_WITH_KNOTS('',2,(#11587,#11588,#11589),
 .UNSPECIFIED.,.F.,.F.,(3,3),(0.,1.),.PIECEWISE_BEZIER_KNOTS.);
#586=B_SPLINE_CURVE_WITH_KNOTS('',2,(#11591,#11592,#11593),
 .UNSPECIFIED.,.F.,.F.,(3,3),(0.,1.),.PIECEWISE_BEZIER_KNOTS.);
#587=B_SPLINE_CURVE_WITH_KNOTS('',2,(#11595,#11596,#11597),
 .UNSPECIFIED.,.F.,.F.,(3,3),(0.,1.),.PIECEWISE_BEZIER_KNOTS.);
#588=B_SPLINE_CURVE_WITH_KNOTS('',2,(#11599,#11600,#11601),
 .UNSPECIFIED.,.F.,.F.,(3,3),(0.,1.),.PIECEWISE_BEZIER_KNOTS.);
#589=B_SPLINE_CURVE_WITH_KNOTS('',2,(#11603,#11604,#11605),
 .UNSPECIFIED.,.F.,.F.,(3,3),(0.,1.),.PIECEWISE_BEZIER_KNOTS.);
#590=B_SPLINE_CURVE_WITH_KNOTS('',2,(#11607,#11608,#11609),
 .UNSPECIFIED.,.F.,.F.,(3,3),(0.,1.),.PIECEWISE_BEZIER_KNOTS.);
#591=B_SPLINE_CURVE_WITH_KNOTS('',2,(#11611,#11612,#11613),
 .UNSPECIFIED.,.F.,.F.,(3,3),(0.,1.),.PIECEWISE_BEZIER_KNOTS.);
#592=B_SPLINE_CURVE_WITH_KNOTS('',2,(#11615,#11616,#11617),
 .UNSPECIFIED.,.F.,.F.,(3,3),(0.,1.),.PIECEWISE_BEZIER_KNOTS.);
#593=B_SPLINE_CURVE_WITH_KNOTS('',2,(#11619,#11620,#11621),
 .UNSPECIFIED.,.F.,.F.,(3,3),(0.,1.),.PIECEWISE_BEZIER_KNOTS.);
#594=B_SPLINE_CURVE_WITH_KNOTS('',2,(#11625,#11626,#11627),
 .UNSPECIFIED.,.F.,.F.,(3,3),(0.,1.),.PIECEWISE_BEZIER_KNOTS.);
#595=B_SPLINE_CURVE_WITH_KNOTS('',2,(#11629,#11630,#11631),
 .UNSPECIFIED.,.F.,.F.,(3,3),(0.,1.),.PIECEWISE_BEZIER_KNOTS.);
#596=B_SPLINE_CURVE_WITH_KNOTS('',2,(#11633,#11634,#11635),
 .UNSPECIFIED.,.F.,.F.,(3,3),(0.,1.),.PIECEWISE_BEZIER_KNOTS.);
#597=B_SPLINE_CURVE_WITH_KNOTS('',2,(#11637,#11638,#11639),
 .UNSPECIFIED.,.F.,.F.,(3,3),(0.,1.),.PIECEWISE_BEZIER_KNOTS.);
#598=B_SPLINE_CURVE_WITH_KNOTS('',2,(#11645,#11646,#11647),
 .UNSPECIFIED.,.F.,.F.,(3,3),(0.,1.),.PIECEWISE_BEZIER_KNOTS.);
#599=B_SPLINE_CURVE_WITH_KNOTS('',2,(#11651,#11652,#11653),
 .UNSPECIFIED.,.F.,.F.,(3,3),(0.,1.),.PIECEWISE_BEZIER_KNOTS.);
#600=B_SPLINE_CURVE_WITH_KNOTS('',2,(#11669,#11670,#11671),
 .UNSPECIFIED.,.F.,.F.,(3,3),(0.,1.),.PIECEWISE_BEZIER_KNOTS.);
#601=B_SPLINE_CURVE_WITH_KNOTS('',2,(#11690,#11691,#11692),
 .UNSPECIFIED.,.F.,.F.,(3,3),(0.,1.),.PIECEWISE_BEZIER_KNOTS.);
#602=B_SPLINE_CURVE_WITH_KNOTS('',2,(#11695,#11696,#11697),
 .UNSPECIFIED.,.F.,.F.,(3,3),(0.,1.),.PIECEWISE_BEZIER_KNOTS.);
#603=B_SPLINE_CURVE_WITH_KNOTS('',2,(#11701,#11702,#11703),
 .UNSPECIFIED.,.F.,.F.,(3,3),(0.,1.),.PIECEWISE_BEZIER_KNOTS.);
#604=B_SPLINE_CURVE_WITH_KNOTS('',2,(#11705,#11706,#11707),
 .UNSPECIFIED.,.F.,.F.,(3,3),(0.,1.),.PIECEWISE_BEZIER_KNOTS.);
#605=B_SPLINE_CURVE_WITH_KNOTS('',2,(#11711,#11712,#11713),
 .UNSPECIFIED.,.F.,.F.,(3,3),(0.,1.),.PIECEWISE_BEZIER_KNOTS.);
#606=B_SPLINE_CURVE_WITH_KNOTS('',2,(#11715,#11716,#11717),
 .UNSPECIFIED.,.F.,.F.,(3,3),(0.,1.),.PIECEWISE_BEZIER_KNOTS.);
#607=B_SPLINE_CURVE_WITH_KNOTS('',2,(#11719,#11720,#11721),
 .UNSPECIFIED.,.F.,.F.,(3,3),(0.,1.),.PIECEWISE_BEZIER_KNOTS.);
#608=B_SPLINE_CURVE_WITH_KNOTS('',2,(#11723,#11724,#11725),
 .UNSPECIFIED.,.F.,.F.,(3,3),(0.,1.),.PIECEWISE_BEZIER_KNOTS.);
#609=B_SPLINE_CURVE_WITH_KNOTS('',2,(#11729,#11730,#11731),
 .UNSPECIFIED.,.F.,.F.,(3,3),(0.,1.),.PIECEWISE_BEZIER_KNOTS.);
#610=B_SPLINE_CURVE_WITH_KNOTS('',2,(#11733,#11734,#11735),
 .UNSPECIFIED.,.F.,.F.,(3,3),(0.,1.),.PIECEWISE_BEZIER_KNOTS.);
#611=B_SPLINE_CURVE_WITH_KNOTS('',2,(#11739,#11740,#11741),
 .UNSPECIFIED.,.F.,.F.,(3,3),(0.,1.),.PIECEWISE_BEZIER_KNOTS.);
#612=B_SPLINE_CURVE_WITH_KNOTS('',2,(#11743,#11744,#11745),
 .UNSPECIFIED.,.F.,.F.,(3,3),(0.,1.),.PIECEWISE_BEZIER_KNOTS.);
#613=B_SPLINE_CURVE_WITH_KNOTS('',2,(#11746,#11747,#11748),
 .UNSPECIFIED.,.F.,.F.,(3,3),(0.,1.),.PIECEWISE_BEZIER_KNOTS.);
#614=B_SPLINE_CURVE_WITH_KNOTS('',2,(#11751,#11752,#11753),
 .UNSPECIFIED.,.F.,.F.,(3,3),(0.,1.),.PIECEWISE_BEZIER_KNOTS.);
#615=B_SPLINE_CURVE_WITH_KNOTS('',2,(#11771,#11772,#11773),
 .UNSPECIFIED.,.F.,.F.,(3,3),(0.,1.),.PIECEWISE_BEZIER_KNOTS.);
#616=B_SPLINE_CURVE_WITH_KNOTS('',2,(#11780,#11781,#11782),
 .UNSPECIFIED.,.F.,.F.,(3,3),(0.,1.),.PIECEWISE_BEZIER_KNOTS.);
#617=B_SPLINE_CURVE_WITH_KNOTS('',2,(#11785,#11786,#11787),
 .UNSPECIFIED.,.F.,.F.,(3,3),(0.,1.),.PIECEWISE_BEZIER_KNOTS.);
#618=B_SPLINE_CURVE_WITH_KNOTS('',2,(#11789,#11790,#11791),
 .UNSPECIFIED.,.F.,.F.,(3,3),(0.,1.),.PIECEWISE_BEZIER_KNOTS.);
#619=B_SPLINE_CURVE_WITH_KNOTS('',2,(#11799,#11800,#11801),
 .UNSPECIFIED.,.F.,.F.,(3,3),(0.,1.),.PIECEWISE_BEZIER_KNOTS.);
#620=B_SPLINE_CURVE_WITH_KNOTS('',2,(#11807,#11808,#11809),
 .UNSPECIFIED.,.F.,.F.,(3,3),(0.,1.),.PIECEWISE_BEZIER_KNOTS.);
#621=B_SPLINE_CURVE_WITH_KNOTS('',2,(#11811,#11812,#11813),
 .UNSPECIFIED.,.F.,.F.,(3,3),(0.,1.),.PIECEWISE_BEZIER_KNOTS.);
#622=B_SPLINE_CURVE_WITH_KNOTS('',2,(#11815,#11816,#11817),
 .UNSPECIFIED.,.F.,.F.,(3,3),(0.,1.),.PIECEWISE_BEZIER_KNOTS.);
#623=B_SPLINE_CURVE_WITH_KNOTS('',2,(#11831,#11832,#11833),
 .UNSPECIFIED.,.F.,.F.,(3,3),(0.,1.),.PIECEWISE_BEZIER_KNOTS.);
#624=B_SPLINE_CURVE_WITH_KNOTS('',2,(#11835,#11836,#11837),
 .UNSPECIFIED.,.F.,.F.,(3,3),(0.,1.),.PIECEWISE_BEZIER_KNOTS.);
#625=B_SPLINE_CURVE_WITH_KNOTS('',2,(#11844,#11845,#11846),
 .UNSPECIFIED.,.F.,.F.,(3,3),(0.,1.),.PIECEWISE_BEZIER_KNOTS.);
#626=B_SPLINE_CURVE_WITH_KNOTS('',2,(#11849,#11850,#11851),
 .UNSPECIFIED.,.F.,.F.,(3,3),(0.,1.),.PIECEWISE_BEZIER_KNOTS.);
#627=B_SPLINE_CURVE_WITH_KNOTS('',2,(#11853,#11854,#11855),
 .UNSPECIFIED.,.F.,.F.,(3,3),(0.,1.),.PIECEWISE_BEZIER_KNOTS.);
#628=B_SPLINE_CURVE_WITH_KNOTS('',2,(#11863,#11864,#11865),
 .UNSPECIFIED.,.F.,.F.,(3,3),(0.,1.),.PIECEWISE_BEZIER_KNOTS.);
#629=B_SPLINE_CURVE_WITH_KNOTS('',2,(#11867,#11868,#11869),
 .UNSPECIFIED.,.F.,.F.,(3,3),(0.,1.),.PIECEWISE_BEZIER_KNOTS.);
#630=B_SPLINE_CURVE_WITH_KNOTS('',2,(#11871,#11872,#11873),
 .UNSPECIFIED.,.F.,.F.,(3,3),(0.,1.),.PIECEWISE_BEZIER_KNOTS.);
#631=B_SPLINE_CURVE_WITH_KNOTS('',2,(#11875,#11876,#11877),
 .UNSPECIFIED.,.F.,.F.,(3,3),(0.,1.),.PIECEWISE_BEZIER_KNOTS.);
#632=B_SPLINE_CURVE_WITH_KNOTS('',2,(#11879,#11880,#11881),
 .UNSPECIFIED.,.F.,.F.,(3,3),(0.,1.),.PIECEWISE_BEZIER_KNOTS.);
#633=B_SPLINE_CURVE_WITH_KNOTS('',2,(#11883,#11884,#11885),
 .UNSPECIFIED.,.F.,.F.,(3,3),(0.,1.),.PIECEWISE_BEZIER_KNOTS.);
#634=B_SPLINE_CURVE_WITH_KNOTS('',2,(#11887,#11888,#11889),
 .UNSPECIFIED.,.F.,.F.,(3,3),(0.,1.),.PIECEWISE_BEZIER_KNOTS.);
#635=B_SPLINE_CURVE_WITH_KNOTS('',2,(#11891,#11892,#11893),
 .UNSPECIFIED.,.F.,.F.,(3,3),(0.,1.),.PIECEWISE_BEZIER_KNOTS.);
#636=B_SPLINE_CURVE_WITH_KNOTS('',2,(#11895,#11896,#11897),
 .UNSPECIFIED.,.F.,.F.,(3,3),(0.,1.),.PIECEWISE_BEZIER_KNOTS.);
#637=B_SPLINE_CURVE_WITH_KNOTS('',2,(#11901,#11902,#11903),
 .UNSPECIFIED.,.F.,.F.,(3,3),(0.,1.),.PIECEWISE_BEZIER_KNOTS.);
#638=B_SPLINE_CURVE_WITH_KNOTS('',2,(#11905,#11906,#11907),
 .UNSPECIFIED.,.F.,.F.,(3,3),(0.,1.),.PIECEWISE_BEZIER_KNOTS.);
#639=B_SPLINE_CURVE_WITH_KNOTS('',2,(#11909,#11910,#11911),
 .UNSPECIFIED.,.F.,.F.,(3,3),(0.,1.),.PIECEWISE_BEZIER_KNOTS.);
#640=B_SPLINE_CURVE_WITH_KNOTS('',2,(#11913,#11914,#11915),
 .UNSPECIFIED.,.F.,.F.,(3,3),(0.,1.),.PIECEWISE_BEZIER_KNOTS.);
#641=B_SPLINE_CURVE_WITH_KNOTS('',2,(#11949,#11950,#11951),
 .UNSPECIFIED.,.F.,.F.,(3,3),(0.,1.),.PIECEWISE_BEZIER_KNOTS.);
#642=B_SPLINE_CURVE_WITH_KNOTS('',2,(#11967,#11968,#11969),
 .UNSPECIFIED.,.F.,.F.,(3,3),(0.,1.),.PIECEWISE_BEZIER_KNOTS.);
#643=B_SPLINE_CURVE_WITH_KNOTS('',2,(#11995,#11996,#11997),
 .UNSPECIFIED.,.F.,.F.,(3,3),(0.,1.),.PIECEWISE_BEZIER_KNOTS.);
#644=B_SPLINE_CURVE_WITH_KNOTS('',2,(#12007,#12008,#12009),
 .UNSPECIFIED.,.F.,.F.,(3,3),(0.,1.),.PIECEWISE_BEZIER_KNOTS.);
#645=B_SPLINE_CURVE_WITH_KNOTS('',2,(#12011,#12012,#12013),
 .UNSPECIFIED.,.F.,.F.,(3,3),(0.,1.),.PIECEWISE_BEZIER_KNOTS.);
#646=B_SPLINE_CURVE_WITH_KNOTS('',2,(#12016,#12017,#12018),
 .UNSPECIFIED.,.F.,.F.,(3,3),(0.,1.),.PIECEWISE_BEZIER_KNOTS.);
#647=B_SPLINE_CURVE_WITH_KNOTS('',2,(#12023,#12024,#12025),
 .UNSPECIFIED.,.F.,.F.,(3,3),(0.,1.),.PIECEWISE_BEZIER_KNOTS.);
#648=B_SPLINE_CURVE_WITH_KNOTS('',2,(#12027,#12028,#12029),
 .UNSPECIFIED.,.F.,.F.,(3,3),(0.,1.),.PIECEWISE_BEZIER_KNOTS.);
#649=B_SPLINE_CURVE_WITH_KNOTS('',2,(#12031,#12032,#12033),
 .UNSPECIFIED.,.F.,.F.,(3,3),(0.,1.),.PIECEWISE_BEZIER_KNOTS.);
#650=B_SPLINE_CURVE_WITH_KNOTS('',2,(#12035,#12036,#12037),
 .UNSPECIFIED.,.F.,.F.,(3,3),(0.,1.),.PIECEWISE_BEZIER_KNOTS.);
#651=B_SPLINE_CURVE_WITH_KNOTS('',2,(#12043,#12044,#12045),
 .UNSPECIFIED.,.F.,.F.,(3,3),(0.,1.),.PIECEWISE_BEZIER_KNOTS.);
#652=B_SPLINE_CURVE_WITH_KNOTS('',2,(#12053,#12054,#12055),
 .UNSPECIFIED.,.F.,.F.,(3,3),(0.,1.),.PIECEWISE_BEZIER_KNOTS.);
#653=B_SPLINE_CURVE_WITH_KNOTS('',2,(#12057,#12058,#12059),
 .UNSPECIFIED.,.F.,.F.,(3,3),(0.,1.),.PIECEWISE_BEZIER_KNOTS.);
#654=B_SPLINE_CURVE_WITH_KNOTS('',2,(#12065,#12066,#12067),
 .UNSPECIFIED.,.F.,.F.,(3,3),(0.,1.),.PIECEWISE_BEZIER_KNOTS.);
#655=B_SPLINE_CURVE_WITH_KNOTS('',2,(#12069,#12070,#12071),
 .UNSPECIFIED.,.F.,.F.,(3,3),(0.,1.),.PIECEWISE_BEZIER_KNOTS.);
#656=B_SPLINE_CURVE_WITH_KNOTS('',2,(#12073,#12074,#12075),
 .UNSPECIFIED.,.F.,.F.,(3,3),(0.,1.),.PIECEWISE_BEZIER_KNOTS.);
#657=B_SPLINE_CURVE_WITH_KNOTS('',2,(#12077,#12078,#12079),
 .UNSPECIFIED.,.F.,.F.,(3,3),(0.,1.),.PIECEWISE_BEZIER_KNOTS.);
#658=B_SPLINE_CURVE_WITH_KNOTS('',2,(#12085,#12086,#12087),
 .UNSPECIFIED.,.F.,.F.,(3,3),(0.,1.),.PIECEWISE_BEZIER_KNOTS.);
#659=B_SPLINE_CURVE_WITH_KNOTS('',2,(#12091,#12092,#12093),
 .UNSPECIFIED.,.F.,.F.,(3,3),(0.,1.),.PIECEWISE_BEZIER_KNOTS.);
#660=B_SPLINE_CURVE_WITH_KNOTS('',2,(#12109,#12110,#12111),
 .UNSPECIFIED.,.F.,.F.,(3,3),(0.,1.),.PIECEWISE_BEZIER_KNOTS.);
#661=B_SPLINE_CURVE_WITH_KNOTS('',2,(#12130,#12131,#12132),
 .UNSPECIFIED.,.F.,.F.,(3,3),(0.,1.),.PIECEWISE_BEZIER_KNOTS.);
#662=B_SPLINE_CURVE_WITH_KNOTS('',2,(#12139,#12140,#12141),
 .UNSPECIFIED.,.F.,.F.,(3,3),(0.,1.),.PIECEWISE_BEZIER_KNOTS.);
#663=B_SPLINE_CURVE_WITH_KNOTS('',2,(#12157,#12158,#12159),
 .UNSPECIFIED.,.F.,.F.,(3,3),(0.,0.637856956894713),
 .PIECEWISE_BEZIER_KNOTS.);
#664=B_SPLINE_CURVE_WITH_KNOTS('',2,(#12168,#12169,#12170),
 .UNSPECIFIED.,.F.,.F.,(3,3),(0.,1.),.PIECEWISE_BEZIER_KNOTS.);
#665=B_SPLINE_CURVE_WITH_KNOTS('',2,(#12175,#12176,#12177),
 .UNSPECIFIED.,.F.,.F.,(3,3),(0.,1.),.PIECEWISE_BEZIER_KNOTS.);
#666=B_SPLINE_CURVE_WITH_KNOTS('',2,(#12179,#12180,#12181),
 .UNSPECIFIED.,.F.,.F.,(3,3),(0.,1.),.PIECEWISE_BEZIER_KNOTS.);
#667=B_SPLINE_CURVE_WITH_KNOTS('',2,(#12183,#12184,#12185),
 .UNSPECIFIED.,.F.,.F.,(3,3),(0.,1.),.PIECEWISE_BEZIER_KNOTS.);
#668=B_SPLINE_CURVE_WITH_KNOTS('',2,(#12187,#12188,#12189),
 .UNSPECIFIED.,.F.,.F.,(3,3),(0.,1.),.PIECEWISE_BEZIER_KNOTS.);
#669=B_SPLINE_CURVE_WITH_KNOTS('',2,(#12195,#12196,#12197),
 .UNSPECIFIED.,.F.,.F.,(3,3),(0.,1.),.PIECEWISE_BEZIER_KNOTS.);
#670=B_SPLINE_CURVE_WITH_KNOTS('',2,(#12205,#12206,#12207),
 .UNSPECIFIED.,.F.,.F.,(3,3),(0.,1.),.PIECEWISE_BEZIER_KNOTS.);
#671=B_SPLINE_CURVE_WITH_KNOTS('',2,(#12209,#12210,#12211),
 .UNSPECIFIED.,.F.,.F.,(3,3),(0.,1.),.PIECEWISE_BEZIER_KNOTS.);
#672=B_SPLINE_CURVE_WITH_KNOTS('',2,(#12217,#12218,#12219),
 .UNSPECIFIED.,.F.,.F.,(3,3),(0.,1.),.PIECEWISE_BEZIER_KNOTS.);
#673=B_SPLINE_CURVE_WITH_KNOTS('',2,(#12221,#12222,#12223),
 .UNSPECIFIED.,.F.,.F.,(3,3),(0.,1.),.PIECEWISE_BEZIER_KNOTS.);
#674=B_SPLINE_CURVE_WITH_KNOTS('',2,(#12225,#12226,#12227),
 .UNSPECIFIED.,.F.,.F.,(3,3),(0.,1.),.PIECEWISE_BEZIER_KNOTS.);
#675=B_SPLINE_CURVE_WITH_KNOTS('',2,(#12229,#12230,#12231),
 .UNSPECIFIED.,.F.,.F.,(3,3),(0.,1.),.PIECEWISE_BEZIER_KNOTS.);
#676=B_SPLINE_CURVE_WITH_KNOTS('',2,(#12232,#12233,#12234),
 .UNSPECIFIED.,.F.,.F.,(3,3),(0.,1.),.PIECEWISE_BEZIER_KNOTS.);
#677=B_SPLINE_CURVE_WITH_KNOTS('',2,(#12241,#12242,#12243),
 .UNSPECIFIED.,.F.,.F.,(3,3),(0.,1.),.PIECEWISE_BEZIER_KNOTS.);
#678=B_SPLINE_CURVE_WITH_KNOTS('',2,(#12245,#12246,#12247),
 .UNSPECIFIED.,.F.,.F.,(3,3),(0.,1.),.PIECEWISE_BEZIER_KNOTS.);
#679=B_SPLINE_CURVE_WITH_KNOTS('',2,(#12249,#12250,#12251),
 .UNSPECIFIED.,.F.,.F.,(3,3),(0.,1.),.PIECEWISE_BEZIER_KNOTS.);
#680=B_SPLINE_CURVE_WITH_KNOTS('',2,(#12253,#12254,#12255),
 .UNSPECIFIED.,.F.,.F.,(3,3),(0.,1.),.PIECEWISE_BEZIER_KNOTS.);
#681=B_SPLINE_CURVE_WITH_KNOTS('',2,(#12261,#12262,#12263),
 .UNSPECIFIED.,.F.,.F.,(3,3),(0.,1.),.PIECEWISE_BEZIER_KNOTS.);
#682=B_SPLINE_CURVE_WITH_KNOTS('',2,(#12265,#12266,#12267),
 .UNSPECIFIED.,.F.,.F.,(3,3),(0.,1.),.PIECEWISE_BEZIER_KNOTS.);
#683=B_SPLINE_CURVE_WITH_KNOTS('',2,(#12269,#12270,#12271),
 .UNSPECIFIED.,.F.,.F.,(3,3),(0.,1.),.PIECEWISE_BEZIER_KNOTS.);
#684=B_SPLINE_CURVE_WITH_KNOTS('',2,(#12273,#12274,#12275),
 .UNSPECIFIED.,.F.,.F.,(3,3),(0.,1.),.PIECEWISE_BEZIER_KNOTS.);
#685=B_SPLINE_CURVE_WITH_KNOTS('',2,(#12277,#12278,#12279),
 .UNSPECIFIED.,.F.,.F.,(3,3),(0.,1.),.PIECEWISE_BEZIER_KNOTS.);
#686=B_SPLINE_CURVE_WITH_KNOTS('',2,(#12287,#12288,#12289),
 .UNSPECIFIED.,.F.,.F.,(3,3),(0.,1.),.PIECEWISE_BEZIER_KNOTS.);
#687=B_SPLINE_CURVE_WITH_KNOTS('',2,(#12297,#12298,#12299),
 .UNSPECIFIED.,.F.,.F.,(3,3),(0.,1.),.PIECEWISE_BEZIER_KNOTS.);
#688=B_SPLINE_CURVE_WITH_KNOTS('',2,(#12301,#12302,#12303),
 .UNSPECIFIED.,.F.,.F.,(3,3),(0.,1.),.PIECEWISE_BEZIER_KNOTS.);
#689=B_SPLINE_CURVE_WITH_KNOTS('',2,(#12467,#12468,#12469),
 .UNSPECIFIED.,.F.,.F.,(3,3),(0.,1.),.PIECEWISE_BEZIER_KNOTS.);
#690=B_SPLINE_CURVE_WITH_KNOTS('',2,(#12482,#12483,#12484),
 .UNSPECIFIED.,.F.,.F.,(3,3),(0.,1.),.PIECEWISE_BEZIER_KNOTS.);
#691=B_SPLINE_CURVE_WITH_KNOTS('',2,(#12495,#12496,#12497),
 .UNSPECIFIED.,.F.,.F.,(3,3),(0.,1.),.PIECEWISE_BEZIER_KNOTS.);
#692=B_SPLINE_CURVE_WITH_KNOTS('',2,(#12512,#12513,#12514),
 .UNSPECIFIED.,.F.,.F.,(3,3),(0.,1.),.PIECEWISE_BEZIER_KNOTS.);
#693=B_SPLINE_CURVE_WITH_KNOTS('',2,(#12525,#12526,#12527),
 .UNSPECIFIED.,.F.,.F.,(3,3),(0.,1.),.PIECEWISE_BEZIER_KNOTS.);
#694=B_SPLINE_CURVE_WITH_KNOTS('',2,(#12542,#12543,#12544),
 .UNSPECIFIED.,.F.,.F.,(3,3),(0.,1.),.PIECEWISE_BEZIER_KNOTS.);
#695=B_SPLINE_CURVE_WITH_KNOTS('',2,(#12555,#12556,#12557),
 .UNSPECIFIED.,.F.,.F.,(3,3),(0.,1.),.PIECEWISE_BEZIER_KNOTS.);
#696=B_SPLINE_CURVE_WITH_KNOTS('',2,(#12568,#12569,#12570),
 .UNSPECIFIED.,.F.,.F.,(3,3),(0.,1.),.PIECEWISE_BEZIER_KNOTS.);
#697=B_SPLINE_CURVE_WITH_KNOTS('',2,(#12581,#12582,#12583),
 .UNSPECIFIED.,.F.,.F.,(3,3),(0.,1.),.PIECEWISE_BEZIER_KNOTS.);
#698=B_SPLINE_CURVE_WITH_KNOTS('',2,(#12598,#12599,#12600),
 .UNSPECIFIED.,.F.,.F.,(3,3),(0.,1.),.PIECEWISE_BEZIER_KNOTS.);
#699=B_SPLINE_CURVE_WITH_KNOTS('',2,(#12611,#12612,#12613),
 .UNSPECIFIED.,.F.,.F.,(3,3),(0.,1.),.PIECEWISE_BEZIER_KNOTS.);
#700=B_SPLINE_CURVE_WITH_KNOTS('',2,(#12641,#12642,#12643),
 .UNSPECIFIED.,.F.,.F.,(3,3),(0.,1.),.PIECEWISE_BEZIER_KNOTS.);
#701=B_SPLINE_CURVE_WITH_KNOTS('',2,(#12647,#12648,#12649),
 .UNSPECIFIED.,.F.,.F.,(3,3),(0.,1.),.PIECEWISE_BEZIER_KNOTS.);
#702=B_SPLINE_CURVE_WITH_KNOTS('',2,(#12664,#12665,#12666),
 .UNSPECIFIED.,.F.,.F.,(3,3),(0.,1.),.PIECEWISE_BEZIER_KNOTS.);
#703=B_SPLINE_CURVE_WITH_KNOTS('',2,(#12670,#12671,#12672),
 .UNSPECIFIED.,.F.,.F.,(3,3),(0.,1.),.PIECEWISE_BEZIER_KNOTS.);
#704=B_SPLINE_CURVE_WITH_KNOTS('',2,(#12681,#12682,#12683),
 .UNSPECIFIED.,.F.,.F.,(3,3),(0.,1.),.PIECEWISE_BEZIER_KNOTS.);
#705=B_SPLINE_CURVE_WITH_KNOTS('',2,(#12687,#12688,#12689),
 .UNSPECIFIED.,.F.,.F.,(3,3),(0.,1.),.PIECEWISE_BEZIER_KNOTS.);
#706=B_SPLINE_CURVE_WITH_KNOTS('',2,(#12704,#12705,#12706),
 .UNSPECIFIED.,.F.,.F.,(3,3),(0.,1.),.PIECEWISE_BEZIER_KNOTS.);
#707=B_SPLINE_CURVE_WITH_KNOTS('',2,(#12710,#12711,#12712),
 .UNSPECIFIED.,.F.,.F.,(3,3),(0.,1.),.PIECEWISE_BEZIER_KNOTS.);
#708=B_SPLINE_CURVE_WITH_KNOTS('',2,(#12733,#12734,#12735),
 .UNSPECIFIED.,.F.,.F.,(3,3),(0.,1.),.PIECEWISE_BEZIER_KNOTS.);
#709=B_SPLINE_CURVE_WITH_KNOTS('',2,(#12739,#12740,#12741),
 .UNSPECIFIED.,.F.,.F.,(3,3),(0.,1.),.PIECEWISE_BEZIER_KNOTS.);
#710=B_SPLINE_CURVE_WITH_KNOTS('',2,(#12756,#12757,#12758),
 .UNSPECIFIED.,.F.,.F.,(3,3),(0.,1.),.PIECEWISE_BEZIER_KNOTS.);
#711=B_SPLINE_CURVE_WITH_KNOTS('',2,(#12762,#12763,#12764),
 .UNSPECIFIED.,.F.,.F.,(3,3),(0.,1.),.PIECEWISE_BEZIER_KNOTS.);
#712=B_SPLINE_CURVE_WITH_KNOTS('',2,(#12773,#12774,#12775),
 .UNSPECIFIED.,.F.,.F.,(3,3),(0.,1.),.PIECEWISE_BEZIER_KNOTS.);
#713=B_SPLINE_CURVE_WITH_KNOTS('',2,(#12779,#12780,#12781),
 .UNSPECIFIED.,.F.,.F.,(3,3),(0.,1.),.PIECEWISE_BEZIER_KNOTS.);
#714=B_SPLINE_CURVE_WITH_KNOTS('',2,(#12796,#12797,#12798),
 .UNSPECIFIED.,.F.,.F.,(3,3),(0.,1.),.PIECEWISE_BEZIER_KNOTS.);
#715=B_SPLINE_CURVE_WITH_KNOTS('',2,(#12799,#12800,#12801),
 .UNSPECIFIED.,.F.,.F.,(3,3),(0.,1.),.PIECEWISE_BEZIER_KNOTS.);
#716=B_SPLINE_CURVE_WITH_KNOTS('',2,(#12810,#12811,#12812),
 .UNSPECIFIED.,.F.,.F.,(3,3),(0.,1.),.PIECEWISE_BEZIER_KNOTS.);
#717=B_SPLINE_CURVE_WITH_KNOTS('',2,(#12839,#12840,#12841),
 .UNSPECIFIED.,.F.,.F.,(3,3),(0.,1.),.PIECEWISE_BEZIER_KNOTS.);
#718=B_SPLINE_CURVE_WITH_KNOTS('',2,(#12880,#12881,#12882),
 .UNSPECIFIED.,.F.,.F.,(3,3),(0.,1.),.PIECEWISE_BEZIER_KNOTS.);
#719=B_SPLINE_CURVE_WITH_KNOTS('',2,(#12895,#12896,#12897),
 .UNSPECIFIED.,.F.,.F.,(3,3),(0.,1.),.PIECEWISE_BEZIER_KNOTS.);
#720=B_SPLINE_CURVE_WITH_KNOTS('',2,(#12909,#12910,#12911),
 .UNSPECIFIED.,.F.,.F.,(3,3),(0.,1.),.PIECEWISE_BEZIER_KNOTS.);
#721=B_SPLINE_CURVE_WITH_KNOTS('',2,(#12924,#12925,#12926),
 .UNSPECIFIED.,.F.,.F.,(3,3),(0.,1.),.PIECEWISE_BEZIER_KNOTS.);
#722=B_SPLINE_CURVE_WITH_KNOTS('',2,(#12937,#12938,#12939),
 .UNSPECIFIED.,.F.,.F.,(3,3),(0.,1.),.PIECEWISE_BEZIER_KNOTS.);
#723=B_SPLINE_CURVE_WITH_KNOTS('',2,(#12950,#12951,#12952),
 .UNSPECIFIED.,.F.,.F.,(3,3),(0.,1.),.PIECEWISE_BEZIER_KNOTS.);
#724=B_SPLINE_CURVE_WITH_KNOTS('',2,(#12963,#12964,#12965),
 .UNSPECIFIED.,.F.,.F.,(3,3),(0.,1.),.PIECEWISE_BEZIER_KNOTS.);
#725=B_SPLINE_CURVE_WITH_KNOTS('',2,(#12976,#12977,#12978),
 .UNSPECIFIED.,.F.,.F.,(3,3),(0.,1.),.PIECEWISE_BEZIER_KNOTS.);
#726=B_SPLINE_CURVE_WITH_KNOTS('',2,(#12993,#12994,#12995),
 .UNSPECIFIED.,.F.,.F.,(3,3),(0.,1.),.PIECEWISE_BEZIER_KNOTS.);
#727=B_SPLINE_CURVE_WITH_KNOTS('',2,(#13006,#13007,#13008),
 .UNSPECIFIED.,.F.,.F.,(3,3),(0.,1.),.PIECEWISE_BEZIER_KNOTS.);
#728=B_SPLINE_CURVE_WITH_KNOTS('',2,(#13019,#13020,#13021),
 .UNSPECIFIED.,.F.,.F.,(3,3),(0.,1.),.PIECEWISE_BEZIER_KNOTS.);
#729=B_SPLINE_CURVE_WITH_KNOTS('',2,(#13032,#13033,#13034),
 .UNSPECIFIED.,.F.,.F.,(3,3),(0.,1.),.PIECEWISE_BEZIER_KNOTS.);
#730=B_SPLINE_CURVE_WITH_KNOTS('',2,(#13045,#13046,#13047),
 .UNSPECIFIED.,.F.,.F.,(3,3),(0.,1.),.PIECEWISE_BEZIER_KNOTS.);
#731=B_SPLINE_CURVE_WITH_KNOTS('',2,(#13058,#13059,#13060),
 .UNSPECIFIED.,.F.,.F.,(3,3),(0.,1.),.PIECEWISE_BEZIER_KNOTS.);
#732=B_SPLINE_CURVE_WITH_KNOTS('',2,(#13071,#13072,#13073),
 .UNSPECIFIED.,.F.,.F.,(3,3),(0.,1.),.PIECEWISE_BEZIER_KNOTS.);
#733=B_SPLINE_CURVE_WITH_KNOTS('',2,(#13084,#13085,#13086),
 .UNSPECIFIED.,.F.,.F.,(3,3),(0.,1.),.PIECEWISE_BEZIER_KNOTS.);
#734=B_SPLINE_CURVE_WITH_KNOTS('',2,(#13097,#13098,#13099),
 .UNSPECIFIED.,.F.,.F.,(3,3),(0.,1.),.PIECEWISE_BEZIER_KNOTS.);
#735=B_SPLINE_CURVE_WITH_KNOTS('',2,(#13120,#13121,#13122),
 .UNSPECIFIED.,.F.,.F.,(3,3),(0.,1.),.PIECEWISE_BEZIER_KNOTS.);
#736=B_SPLINE_CURVE_WITH_KNOTS('',2,(#13132,#13133,#13134),
 .UNSPECIFIED.,.F.,.F.,(3,3),(0.,1.),.PIECEWISE_BEZIER_KNOTS.);
#737=B_SPLINE_CURVE_WITH_KNOTS('',2,(#13139,#13140,#13141),
 .UNSPECIFIED.,.F.,.F.,(3,3),(0.,1.),.PIECEWISE_BEZIER_KNOTS.);
#738=B_SPLINE_CURVE_WITH_KNOTS('',2,(#13152,#13153,#13154),
 .UNSPECIFIED.,.F.,.F.,(3,3),(0.,1.),.PIECEWISE_BEZIER_KNOTS.);
#739=B_SPLINE_CURVE_WITH_KNOTS('',2,(#13158,#13159,#13160),
 .UNSPECIFIED.,.F.,.F.,(3,3),(0.,1.),.PIECEWISE_BEZIER_KNOTS.);
#740=B_SPLINE_CURVE_WITH_KNOTS('',2,(#13169,#13170,#13171),
 .UNSPECIFIED.,.F.,.F.,(3,3),(0.,1.),.PIECEWISE_BEZIER_KNOTS.);
#741=B_SPLINE_CURVE_WITH_KNOTS('',2,(#13175,#13176,#13177),
 .UNSPECIFIED.,.F.,.F.,(3,3),(0.,1.),.PIECEWISE_BEZIER_KNOTS.);
#742=B_SPLINE_CURVE_WITH_KNOTS('',2,(#13186,#13187,#13188),
 .UNSPECIFIED.,.F.,.F.,(3,3),(0.,1.),.PIECEWISE_BEZIER_KNOTS.);
#743=B_SPLINE_CURVE_WITH_KNOTS('',2,(#13192,#13193,#13194),
 .UNSPECIFIED.,.F.,.F.,(3,3),(0.,1.),.PIECEWISE_BEZIER_KNOTS.);
#744=B_SPLINE_CURVE_WITH_KNOTS('',2,(#13203,#13204,#13205),
 .UNSPECIFIED.,.F.,.F.,(3,3),(0.,1.),.PIECEWISE_BEZIER_KNOTS.);
#745=B_SPLINE_CURVE_WITH_KNOTS('',2,(#13209,#13210,#13211),
 .UNSPECIFIED.,.F.,.F.,(3,3),(0.,1.),.PIECEWISE_BEZIER_KNOTS.);
#746=B_SPLINE_CURVE_WITH_KNOTS('',2,(#13220,#13221,#13222),
 .UNSPECIFIED.,.F.,.F.,(3,3),(0.,1.),.PIECEWISE_BEZIER_KNOTS.);
#747=B_SPLINE_CURVE_WITH_KNOTS('',2,(#13226,#13227,#13228),
 .UNSPECIFIED.,.F.,.F.,(3,3),(0.,1.),.PIECEWISE_BEZIER_KNOTS.);
#748=B_SPLINE_CURVE_WITH_KNOTS('',2,(#13237,#13238,#13239),
 .UNSPECIFIED.,.F.,.F.,(3,3),(0.,1.),.PIECEWISE_BEZIER_KNOTS.);
#749=B_SPLINE_CURVE_WITH_KNOTS('',2,(#13243,#13244,#13245),
 .UNSPECIFIED.,.F.,.F.,(3,3),(0.,1.),.PIECEWISE_BEZIER_KNOTS.);
#750=B_SPLINE_CURVE_WITH_KNOTS('',2,(#13256,#13257,#13258),
 .UNSPECIFIED.,.F.,.F.,(3,3),(0.,1.),.PIECEWISE_BEZIER_KNOTS.);
#751=B_SPLINE_CURVE_WITH_KNOTS('',2,(#13271,#13272,#13273),
 .UNSPECIFIED.,.F.,.F.,(3,3),(0.,1.),.PIECEWISE_BEZIER_KNOTS.);
#752=B_SPLINE_CURVE_WITH_KNOTS('',2,(#13296,#13297,#13298),
 .UNSPECIFIED.,.F.,.F.,(3,3),(0.,1.),.PIECEWISE_BEZIER_KNOTS.);
#753=B_SPLINE_CURVE_WITH_KNOTS('',2,(#13337,#13338,#13339),
 .UNSPECIFIED.,.F.,.F.,(3,3),(0.,1.),.PIECEWISE_BEZIER_KNOTS.);
#754=B_SPLINE_CURVE_WITH_KNOTS('',2,(#13340,#13341,#13342),
 .UNSPECIFIED.,.F.,.F.,(3,3),(0.,1.),.PIECEWISE_BEZIER_KNOTS.);
#755=B_SPLINE_CURVE_WITH_KNOTS('',2,(#13352,#13353,#13354),
 .UNSPECIFIED.,.F.,.F.,(3,3),(0.,1.),.PIECEWISE_BEZIER_KNOTS.);
#756=B_SPLINE_CURVE_WITH_KNOTS('',2,(#13359,#13360,#13361),
 .UNSPECIFIED.,.F.,.F.,(3,3),(0.,1.),.PIECEWISE_BEZIER_KNOTS.);
#757=B_SPLINE_CURVE_WITH_KNOTS('',2,(#13372,#13373,#13374),
 .UNSPECIFIED.,.F.,.F.,(3,3),(0.,1.),.PIECEWISE_BEZIER_KNOTS.);
#758=B_SPLINE_CURVE_WITH_KNOTS('',2,(#13378,#13379,#13380),
 .UNSPECIFIED.,.F.,.F.,(3,3),(0.,1.),.PIECEWISE_BEZIER_KNOTS.);
#759=B_SPLINE_CURVE_WITH_KNOTS('',2,(#13389,#13390,#13391),
 .UNSPECIFIED.,.F.,.F.,(3,3),(0.,1.),.PIECEWISE_BEZIER_KNOTS.);
#760=B_SPLINE_CURVE_WITH_KNOTS('',2,(#13395,#13396,#13397),
 .UNSPECIFIED.,.F.,.F.,(3,3),(0.,1.),.PIECEWISE_BEZIER_KNOTS.);
#761=B_SPLINE_CURVE_WITH_KNOTS('',2,(#13406,#13407,#13408),
 .UNSPECIFIED.,.F.,.F.,(3,3),(0.,1.),.PIECEWISE_BEZIER_KNOTS.);
#762=B_SPLINE_CURVE_WITH_KNOTS('',2,(#13412,#13413,#13414),
 .UNSPECIFIED.,.F.,.F.,(3,3),(0.,1.),.PIECEWISE_BEZIER_KNOTS.);
#763=B_SPLINE_CURVE_WITH_KNOTS('',2,(#13423,#13424,#13425),
 .UNSPECIFIED.,.F.,.F.,(3,3),(0.,1.),.PIECEWISE_BEZIER_KNOTS.);
#764=B_SPLINE_CURVE_WITH_KNOTS('',2,(#13429,#13430,#13431),
 .UNSPECIFIED.,.F.,.F.,(3,3),(0.,1.),.PIECEWISE_BEZIER_KNOTS.);
#765=B_SPLINE_CURVE_WITH_KNOTS('',2,(#13440,#13441,#13442),
 .UNSPECIFIED.,.F.,.F.,(3,3),(0.,1.),.PIECEWISE_BEZIER_KNOTS.);
#766=B_SPLINE_CURVE_WITH_KNOTS('',2,(#13446,#13447,#13448),
 .UNSPECIFIED.,.F.,.F.,(3,3),(0.,1.),.PIECEWISE_BEZIER_KNOTS.);
#767=B_SPLINE_CURVE_WITH_KNOTS('',2,(#13457,#13458,#13459),
 .UNSPECIFIED.,.F.,.F.,(3,3),(0.,1.),.PIECEWISE_BEZIER_KNOTS.);
#768=B_SPLINE_CURVE_WITH_KNOTS('',2,(#13463,#13464,#13465),
 .UNSPECIFIED.,.F.,.F.,(3,3),(0.,1.),.PIECEWISE_BEZIER_KNOTS.);
#769=B_SPLINE_CURVE_WITH_KNOTS('',2,(#13476,#13477,#13478),
 .UNSPECIFIED.,.F.,.F.,(3,3),(0.,1.),.PIECEWISE_BEZIER_KNOTS.);
#770=B_SPLINE_CURVE_WITH_KNOTS('',2,(#13491,#13492,#13493),
 .UNSPECIFIED.,.F.,.F.,(3,3),(0.,1.),.PIECEWISE_BEZIER_KNOTS.);
#771=B_SPLINE_CURVE_WITH_KNOTS('',2,(#13516,#13517,#13518),
 .UNSPECIFIED.,.F.,.F.,(3,3),(0.,1.),.PIECEWISE_BEZIER_KNOTS.);
#772=B_SPLINE_CURVE_WITH_KNOTS('',2,(#13557,#13558,#13559),
 .UNSPECIFIED.,.F.,.F.,(3,3),(0.,1.),.PIECEWISE_BEZIER_KNOTS.);
#773=B_SPLINE_CURVE_WITH_KNOTS('',2,(#13560,#13561,#13562),
 .UNSPECIFIED.,.F.,.F.,(3,3),(0.,1.),.PIECEWISE_BEZIER_KNOTS.);
#774=B_SPLINE_CURVE_WITH_KNOTS('',2,(#13588,#13589,#13590),
 .UNSPECIFIED.,.F.,.F.,(3,3),(0.,1.),.PIECEWISE_BEZIER_KNOTS.);
#775=B_SPLINE_CURVE_WITH_KNOTS('',2,(#13629,#13630,#13631),
 .UNSPECIFIED.,.F.,.F.,(3,3),(0.,1.),.PIECEWISE_BEZIER_KNOTS.);
#776=B_SPLINE_CURVE_WITH_KNOTS('',2,(#13644,#13645,#13646),
 .UNSPECIFIED.,.F.,.F.,(3,3),(0.,1.),.PIECEWISE_BEZIER_KNOTS.);
#777=B_SPLINE_CURVE_WITH_KNOTS('',2,(#13668,#13669,#13670),
 .UNSPECIFIED.,.F.,.F.,(3,3),(0.,1.),.PIECEWISE_BEZIER_KNOTS.);
#778=B_SPLINE_CURVE_WITH_KNOTS('',2,(#13681,#13682,#13683),
 .UNSPECIFIED.,.F.,.F.,(3,3),(0.,1.),.PIECEWISE_BEZIER_KNOTS.);
#779=B_SPLINE_CURVE_WITH_KNOTS('',2,(#13694,#13695,#13696),
 .UNSPECIFIED.,.F.,.F.,(3,3),(0.,1.),.PIECEWISE_BEZIER_KNOTS.);
#780=B_SPLINE_CURVE_WITH_KNOTS('',2,(#13727,#13728,#13729),
 .UNSPECIFIED.,.F.,.F.,(3,3),(0.,1.),.PIECEWISE_BEZIER_KNOTS.);
#781=B_SPLINE_CURVE_WITH_KNOTS('',2,(#13740,#13741,#13742),
 .UNSPECIFIED.,.F.,.F.,(3,3),(0.,1.),.PIECEWISE_BEZIER_KNOTS.);
#782=B_SPLINE_CURVE_WITH_KNOTS('',2,(#13777,#13778,#13779),
 .UNSPECIFIED.,.F.,.F.,(3,3),(0.,1.),.PIECEWISE_BEZIER_KNOTS.);
#783=B_SPLINE_CURVE_WITH_KNOTS('',2,(#13790,#13791,#13792),
 .UNSPECIFIED.,.F.,.F.,(3,3),(0.,1.),.PIECEWISE_BEZIER_KNOTS.);
#784=B_SPLINE_CURVE_WITH_KNOTS('',2,(#13803,#13804,#13805),
 .UNSPECIFIED.,.F.,.F.,(3,3),(0.,1.),.PIECEWISE_BEZIER_KNOTS.);
#785=B_SPLINE_CURVE_WITH_KNOTS('',2,(#13816,#13817,#13818),
 .UNSPECIFIED.,.F.,.F.,(3,3),(0.,1.),.PIECEWISE_BEZIER_KNOTS.);
#786=B_SPLINE_CURVE_WITH_KNOTS('',2,(#13837,#13838,#13839),
 .UNSPECIFIED.,.F.,.F.,(3,3),(0.,1.),.PIECEWISE_BEZIER_KNOTS.);
#787=B_SPLINE_CURVE_WITH_KNOTS('',2,(#13850,#13851,#13852),
 .UNSPECIFIED.,.F.,.F.,(3,3),(0.,1.),.PIECEWISE_BEZIER_KNOTS.);
#788=B_SPLINE_CURVE_WITH_KNOTS('',2,(#13863,#13864,#13865),
 .UNSPECIFIED.,.F.,.F.,(3,3),(0.,1.),.PIECEWISE_BEZIER_KNOTS.);
#789=B_SPLINE_CURVE_WITH_KNOTS('',2,(#13877,#13878,#13879),
 .UNSPECIFIED.,.F.,.F.,(3,3),(0.,1.),.PIECEWISE_BEZIER_KNOTS.);
#790=B_SPLINE_CURVE_WITH_KNOTS('',2,(#13884,#13885,#13886),
 .UNSPECIFIED.,.F.,.F.,(3,3),(0.,1.),.PIECEWISE_BEZIER_KNOTS.);
#791=B_SPLINE_CURVE_WITH_KNOTS('',2,(#13915,#13916,#13917),
 .UNSPECIFIED.,.F.,.F.,(3,3),(0.,1.),.PIECEWISE_BEZIER_KNOTS.);
#792=B_SPLINE_CURVE_WITH_KNOTS('',2,(#13921,#13922,#13923),
 .UNSPECIFIED.,.F.,.F.,(3,3),(0.,1.),.PIECEWISE_BEZIER_KNOTS.);
#793=B_SPLINE_CURVE_WITH_KNOTS('',2,(#13932,#13933,#13934),
 .UNSPECIFIED.,.F.,.F.,(3,3),(0.,1.),.PIECEWISE_BEZIER_KNOTS.);
#794=B_SPLINE_CURVE_WITH_KNOTS('',2,(#13938,#13939,#13940),
 .UNSPECIFIED.,.F.,.F.,(3,3),(0.,1.),.PIECEWISE_BEZIER_KNOTS.);
#795=B_SPLINE_CURVE_WITH_KNOTS('',2,(#13951,#13952,#13953),
 .UNSPECIFIED.,.F.,.F.,(3,3),(0.,1.),.PIECEWISE_BEZIER_KNOTS.);
#796=B_SPLINE_CURVE_WITH_KNOTS('',2,(#13966,#13967,#13968),
 .UNSPECIFIED.,.F.,.F.,(3,3),(0.,1.),.PIECEWISE_BEZIER_KNOTS.);
#797=B_SPLINE_CURVE_WITH_KNOTS('',2,(#13979,#13980,#13981),
 .UNSPECIFIED.,.F.,.F.,(3,3),(0.,1.),.PIECEWISE_BEZIER_KNOTS.);
#798=B_SPLINE_CURVE_WITH_KNOTS('',2,(#14002,#14003,#14004),
 .UNSPECIFIED.,.F.,.F.,(3,3),(0.,1.),.PIECEWISE_BEZIER_KNOTS.);
#799=B_SPLINE_CURVE_WITH_KNOTS('',2,(#14013,#14014,#14015),
 .UNSPECIFIED.,.F.,.F.,(3,3),(0.,1.),.PIECEWISE_BEZIER_KNOTS.);
#800=B_SPLINE_CURVE_WITH_KNOTS('',2,(#14016,#14017,#14018),
 .UNSPECIFIED.,.F.,.F.,(3,3),(0.,1.),.PIECEWISE_BEZIER_KNOTS.);
#801=B_SPLINE_CURVE_WITH_KNOTS('',2,(#14052,#14053,#14054),
 .UNSPECIFIED.,.F.,.F.,(3,3),(0.,1.),.PIECEWISE_BEZIER_KNOTS.);
#802=B_SPLINE_CURVE_WITH_KNOTS('',2,(#14065,#14066,#14067),
 .UNSPECIFIED.,.F.,.F.,(3,3),(0.,1.),.PIECEWISE_BEZIER_KNOTS.);
#803=B_SPLINE_CURVE_WITH_KNOTS('',2,(#14102,#14103,#14104),
 .UNSPECIFIED.,.F.,.F.,(3,3),(0.,1.),.PIECEWISE_BEZIER_KNOTS.);
#804=B_SPLINE_CURVE_WITH_KNOTS('',2,(#14115,#14116,#14117),
 .UNSPECIFIED.,.F.,.F.,(3,3),(0.,1.),.PIECEWISE_BEZIER_KNOTS.);
#805=B_SPLINE_CURVE_WITH_KNOTS('',2,(#14126,#14127,#14128),
 .UNSPECIFIED.,.F.,.F.,(3,3),(0.,1.),.PIECEWISE_BEZIER_KNOTS.);
#806=B_SPLINE_CURVE_WITH_KNOTS('',2,(#14140,#14141,#14142),
 .UNSPECIFIED.,.F.,.F.,(3,3),(0.,1.),.PIECEWISE_BEZIER_KNOTS.);
#807=B_SPLINE_CURVE_WITH_KNOTS('',2,(#14155,#14156,#14157),
 .UNSPECIFIED.,.F.,.F.,(3,3),(0.,1.),.PIECEWISE_BEZIER_KNOTS.);
#808=B_SPLINE_CURVE_WITH_KNOTS('',2,(#14168,#14169,#14170),
 .UNSPECIFIED.,.F.,.F.,(3,3),(0.,1.),.PIECEWISE_BEZIER_KNOTS.);
#809=B_SPLINE_CURVE_WITH_KNOTS('',2,(#14181,#14182,#14183),
 .UNSPECIFIED.,.F.,.F.,(3,3),(0.,1.),.PIECEWISE_BEZIER_KNOTS.);
#810=B_SPLINE_CURVE_WITH_KNOTS('',2,(#14194,#14195,#14196),
 .UNSPECIFIED.,.F.,.F.,(3,3),(0.,1.),.PIECEWISE_BEZIER_KNOTS.);
#811=B_SPLINE_CURVE_WITH_KNOTS('',2,(#14207,#14208,#14209),
 .UNSPECIFIED.,.F.,.F.,(3,3),(0.,1.),.PIECEWISE_BEZIER_KNOTS.);
#812=B_SPLINE_CURVE_WITH_KNOTS('',2,(#14224,#14225,#14226),
 .UNSPECIFIED.,.F.,.F.,(3,3),(0.,1.),.PIECEWISE_BEZIER_KNOTS.);
#813=B_SPLINE_CURVE_WITH_KNOTS('',2,(#14237,#14238,#14239),
 .UNSPECIFIED.,.F.,.F.,(3,3),(0.,1.),.PIECEWISE_BEZIER_KNOTS.);
#814=B_SPLINE_CURVE_WITH_KNOTS('',2,(#14250,#14251,#14252),
 .UNSPECIFIED.,.F.,.F.,(3,3),(0.,1.),.PIECEWISE_BEZIER_KNOTS.);
#815=B_SPLINE_CURVE_WITH_KNOTS('',2,(#14263,#14264,#14265),
 .UNSPECIFIED.,.F.,.F.,(3,3),(0.,1.),.PIECEWISE_BEZIER_KNOTS.);
#816=B_SPLINE_CURVE_WITH_KNOTS('',2,(#14276,#14277,#14278),
 .UNSPECIFIED.,.F.,.F.,(3,3),(0.,1.),.PIECEWISE_BEZIER_KNOTS.);
#817=B_SPLINE_CURVE_WITH_KNOTS('',2,(#14289,#14290,#14291),
 .UNSPECIFIED.,.F.,.F.,(3,3),(0.,1.),.PIECEWISE_BEZIER_KNOTS.);
#818=B_SPLINE_CURVE_WITH_KNOTS('',2,(#14302,#14303,#14304),
 .UNSPECIFIED.,.F.,.F.,(3,3),(0.,1.),.PIECEWISE_BEZIER_KNOTS.);
#819=B_SPLINE_CURVE_WITH_KNOTS('',2,(#14315,#14316,#14317),
 .UNSPECIFIED.,.F.,.F.,(3,3),(0.,1.),.PIECEWISE_BEZIER_KNOTS.);
#820=B_SPLINE_CURVE_WITH_KNOTS('',2,(#14328,#14329,#14330),
 .UNSPECIFIED.,.F.,.F.,(3,3),(0.,1.),.PIECEWISE_BEZIER_KNOTS.);
#821=B_SPLINE_CURVE_WITH_KNOTS('',2,(#14351,#14352,#14353),
 .UNSPECIFIED.,.F.,.F.,(3,3),(0.,1.),.PIECEWISE_BEZIER_KNOTS.);
#822=B_SPLINE_CURVE_WITH_KNOTS('',2,(#14395,#14396,#14397),
 .UNSPECIFIED.,.F.,.F.,(3,3),(0.,1.),.PIECEWISE_BEZIER_KNOTS.);
#823=B_SPLINE_CURVE_WITH_KNOTS('',2,(#14436,#14437,#14438),
 .UNSPECIFIED.,.F.,.F.,(3,3),(0.,1.),.PIECEWISE_BEZIER_KNOTS.);
#824=B_SPLINE_CURVE_WITH_KNOTS('',2,(#14518,#14519,#14520),
 .UNSPECIFIED.,.F.,.F.,(3,3),(0.,1.),.PIECEWISE_BEZIER_KNOTS.);
#825=B_SPLINE_CURVE_WITH_KNOTS('',2,(#14531,#14532,#14533),
 .UNSPECIFIED.,.F.,.F.,(3,3),(0.,1.),.PIECEWISE_BEZIER_KNOTS.);
#826=B_SPLINE_CURVE_WITH_KNOTS('',2,(#14560,#14561,#14562),
 .UNSPECIFIED.,.F.,.F.,(3,3),(0.,1.),.PIECEWISE_BEZIER_KNOTS.);
#827=B_SPLINE_CURVE_WITH_KNOTS('',2,(#14598,#14599,#14600),
 .UNSPECIFIED.,.F.,.F.,(3,3),(0.,1.),.PIECEWISE_BEZIER_KNOTS.);
#828=B_SPLINE_CURVE_WITH_KNOTS('',2,(#14611,#14612,#14613),
 .UNSPECIFIED.,.F.,.F.,(3,3),(0.,1.),.PIECEWISE_BEZIER_KNOTS.);
#829=B_SPLINE_CURVE_WITH_KNOTS('',2,(#14624,#14625,#14626),
 .UNSPECIFIED.,.F.,.F.,(3,3),(0.,1.),.PIECEWISE_BEZIER_KNOTS.);
#830=B_SPLINE_CURVE_WITH_KNOTS('',2,(#14637,#14638,#14639),
 .UNSPECIFIED.,.F.,.F.,(3,3),(0.,1.),.PIECEWISE_BEZIER_KNOTS.);
#831=B_SPLINE_CURVE_WITH_KNOTS('',2,(#14650,#14651,#14652),
 .UNSPECIFIED.,.F.,.F.,(3,3),(0.,1.),.PIECEWISE_BEZIER_KNOTS.);
#832=B_SPLINE_CURVE_WITH_KNOTS('',2,(#14671,#14672,#14673),
 .UNSPECIFIED.,.F.,.F.,(3,3),(0.,1.),.PIECEWISE_BEZIER_KNOTS.);
#833=B_SPLINE_CURVE_WITH_KNOTS('',2,(#14684,#14685,#14686),
 .UNSPECIFIED.,.F.,.F.,(3,3),(0.,1.),.PIECEWISE_BEZIER_KNOTS.);
#834=B_SPLINE_CURVE_WITH_KNOTS('',2,(#14709,#14710,#14711),
 .UNSPECIFIED.,.F.,.F.,(3,3),(0.,1.),.PIECEWISE_BEZIER_KNOTS.);
#835=B_SPLINE_CURVE_WITH_KNOTS('',2,(#14730,#14731,#14732),
 .UNSPECIFIED.,.F.,.F.,(3,3),(0.,1.),.PIECEWISE_BEZIER_KNOTS.);
#836=B_SPLINE_CURVE_WITH_KNOTS('',2,(#14743,#14744,#14745),
 .UNSPECIFIED.,.F.,.F.,(3,3),(0.,1.),.PIECEWISE_BEZIER_KNOTS.);
#837=B_SPLINE_CURVE_WITH_KNOTS('',2,(#14756,#14757,#14758),
 .UNSPECIFIED.,.F.,.F.,(3,3),(0.,1.),.PIECEWISE_BEZIER_KNOTS.);
#838=B_SPLINE_CURVE_WITH_KNOTS('',2,(#14767,#14768,#14769),
 .UNSPECIFIED.,.F.,.F.,(3,3),(0.,1.),.PIECEWISE_BEZIER_KNOTS.);
#839=B_SPLINE_CURVE_WITH_KNOTS('',2,(#14795,#14796,#14797),
 .UNSPECIFIED.,.F.,.F.,(3,3),(0.,1.),.PIECEWISE_BEZIER_KNOTS.);
#840=B_SPLINE_CURVE_WITH_KNOTS('',2,(#14836,#14837,#14838),
 .UNSPECIFIED.,.F.,.F.,(3,3),(0.,1.),.PIECEWISE_BEZIER_KNOTS.);
#841=B_SPLINE_CURVE_WITH_KNOTS('',2,(#14851,#14852,#14853),
 .UNSPECIFIED.,.F.,.F.,(3,3),(0.,1.),.PIECEWISE_BEZIER_KNOTS.);
#842=B_SPLINE_CURVE_WITH_KNOTS('',2,(#14904,#14905,#14906),
 .UNSPECIFIED.,.F.,.F.,(3,3),(0.,1.),.PIECEWISE_BEZIER_KNOTS.);
#843=B_SPLINE_CURVE_WITH_KNOTS('',2,(#14933,#14934,#14935),
 .UNSPECIFIED.,.F.,.F.,(3,3),(0.,0.637856956894713),
 .PIECEWISE_BEZIER_KNOTS.);
#844=B_SPLINE_CURVE_WITH_KNOTS('',2,(#14974,#14975,#14976),
 .UNSPECIFIED.,.F.,.F.,(3,3),(0.,1.),.PIECEWISE_BEZIER_KNOTS.);
#845=B_SPLINE_CURVE_WITH_KNOTS('',2,(#14996,#14997,#14998),
 .UNSPECIFIED.,.F.,.F.,(3,3),(0.,1.),.PIECEWISE_BEZIER_KNOTS.);
#846=B_SPLINE_CURVE_WITH_KNOTS('',2,(#15009,#15010,#15011),
 .UNSPECIFIED.,.F.,.F.,(3,3),(0.,1.),.PIECEWISE_BEZIER_KNOTS.);
#847=B_SPLINE_CURVE_WITH_KNOTS('',2,(#15022,#15023,#15024),
 .UNSPECIFIED.,.F.,.F.,(3,3),(0.,1.),.PIECEWISE_BEZIER_KNOTS.);
#848=B_SPLINE_CURVE_WITH_KNOTS('',2,(#15035,#15036,#15037),
 .UNSPECIFIED.,.F.,.F.,(3,3),(0.,1.),.PIECEWISE_BEZIER_KNOTS.);
#849=B_SPLINE_CURVE_WITH_KNOTS('',2,(#15048,#15049,#15050),
 .UNSPECIFIED.,.F.,.F.,(3,3),(0.,1.),.PIECEWISE_BEZIER_KNOTS.);
#850=B_SPLINE_CURVE_WITH_KNOTS('',2,(#15069,#15070,#15071),
 .UNSPECIFIED.,.F.,.F.,(3,3),(0.,1.),.PIECEWISE_BEZIER_KNOTS.);
#851=B_SPLINE_CURVE_WITH_KNOTS('',2,(#15082,#15083,#15084),
 .UNSPECIFIED.,.F.,.F.,(3,3),(0.,1.),.PIECEWISE_BEZIER_KNOTS.);
#852=B_SPLINE_CURVE_WITH_KNOTS('',2,(#15107,#15108,#15109),
 .UNSPECIFIED.,.F.,.F.,(3,3),(0.,1.),.PIECEWISE_BEZIER_KNOTS.);
#853=B_SPLINE_CURVE_WITH_KNOTS('',2,(#15128,#15129,#15130),
 .UNSPECIFIED.,.F.,.F.,(3,3),(0.,1.),.PIECEWISE_BEZIER_KNOTS.);
#854=B_SPLINE_CURVE_WITH_KNOTS('',2,(#15141,#15142,#15143),
 .UNSPECIFIED.,.F.,.F.,(3,3),(0.,1.),.PIECEWISE_BEZIER_KNOTS.);
#855=B_SPLINE_CURVE_WITH_KNOTS('',2,(#15154,#15155,#15156),
 .UNSPECIFIED.,.F.,.F.,(3,3),(0.,1.),.PIECEWISE_BEZIER_KNOTS.);
#856=B_SPLINE_CURVE_WITH_KNOTS('',2,(#15165,#15166,#15167),
 .UNSPECIFIED.,.F.,.F.,(3,3),(0.,1.),.PIECEWISE_BEZIER_KNOTS.);
#857=B_SPLINE_CURVE_WITH_KNOTS('',2,(#15185,#15186,#15187),
 .UNSPECIFIED.,.F.,.F.,(3,3),(0.,1.),.PIECEWISE_BEZIER_KNOTS.);
#858=B_SPLINE_CURVE_WITH_KNOTS('',2,(#15198,#15199,#15200),
 .UNSPECIFIED.,.F.,.F.,(3,3),(0.,1.),.PIECEWISE_BEZIER_KNOTS.);
#859=B_SPLINE_CURVE_WITH_KNOTS('',2,(#15211,#15212,#15213),
 .UNSPECIFIED.,.F.,.F.,(3,3),(0.,1.),.PIECEWISE_BEZIER_KNOTS.);
#860=B_SPLINE_CURVE_WITH_KNOTS('',2,(#15224,#15225,#15226),
 .UNSPECIFIED.,.F.,.F.,(3,3),(0.,1.),.PIECEWISE_BEZIER_KNOTS.);
#861=B_SPLINE_CURVE_WITH_KNOTS('',2,(#15237,#15238,#15239),
 .UNSPECIFIED.,.F.,.F.,(3,3),(0.,1.),.PIECEWISE_BEZIER_KNOTS.);
#862=B_SPLINE_CURVE_WITH_KNOTS('',2,(#15250,#15251,#15252),
 .UNSPECIFIED.,.F.,.F.,(3,3),(0.,1.),.PIECEWISE_BEZIER_KNOTS.);
#863=B_SPLINE_CURVE_WITH_KNOTS('',2,(#15271,#15272,#15273),
 .UNSPECIFIED.,.F.,.F.,(3,3),(0.,1.),.PIECEWISE_BEZIER_KNOTS.);
#864=B_SPLINE_CURVE_WITH_KNOTS('',2,(#15284,#15285,#15286),
 .UNSPECIFIED.,.F.,.F.,(3,3),(0.,1.),.PIECEWISE_BEZIER_KNOTS.);
#865=B_SPLINE_CURVE_WITH_KNOTS('',2,(#15297,#15298,#15299),
 .UNSPECIFIED.,.F.,.F.,(3,3),(0.,1.),.PIECEWISE_BEZIER_KNOTS.);
#866=B_SPLINE_CURVE_WITH_KNOTS('',2,(#15310,#15311,#15312),
 .UNSPECIFIED.,.F.,.F.,(3,3),(0.,1.),.PIECEWISE_BEZIER_KNOTS.);
#867=B_SPLINE_CURVE_WITH_KNOTS('',2,(#15364,#15365,#15366),
 .UNSPECIFIED.,.F.,.F.,(3,3),(0.,1.),.PIECEWISE_BEZIER_KNOTS.);
#868=B_SPLINE_CURVE_WITH_KNOTS('',2,(#15377,#15378,#15379),
 .UNSPECIFIED.,.F.,.F.,(3,3),(0.,1.),.PIECEWISE_BEZIER_KNOTS.);
#869=B_SPLINE_CURVE_WITH_KNOTS('',2,(#15402,#15403,#15404),
 .UNSPECIFIED.,.F.,.F.,(3,3),(0.,1.),.PIECEWISE_BEZIER_KNOTS.);
#870=ORIENTED_EDGE('',*,*,#3496,.T.);
#871=ORIENTED_EDGE('',*,*,#3497,.T.);
#872=ORIENTED_EDGE('',*,*,#3498,.T.);
#873=ORIENTED_EDGE('',*,*,#3499,.T.);
#874=ORIENTED_EDGE('',*,*,#3500,.T.);
#875=ORIENTED_EDGE('',*,*,#3501,.T.);
#876=ORIENTED_EDGE('',*,*,#3502,.T.);
#877=ORIENTED_EDGE('',*,*,#3503,.T.);
#878=ORIENTED_EDGE('',*,*,#3504,.T.);
#879=ORIENTED_EDGE('',*,*,#3505,.T.);
#880=ORIENTED_EDGE('',*,*,#3506,.T.);
#881=ORIENTED_EDGE('',*,*,#3507,.T.);
#882=ORIENTED_EDGE('',*,*,#3508,.T.);
#883=ORIENTED_EDGE('',*,*,#3509,.T.);
#884=ORIENTED_EDGE('',*,*,#3510,.T.);
#885=ORIENTED_EDGE('',*,*,#3511,.T.);
#886=ORIENTED_EDGE('',*,*,#3512,.T.);
#887=ORIENTED_EDGE('',*,*,#3513,.T.);
#888=ORIENTED_EDGE('',*,*,#3514,.T.);
#889=ORIENTED_EDGE('',*,*,#3515,.T.);
#890=ORIENTED_EDGE('',*,*,#3516,.T.);
#891=ORIENTED_EDGE('',*,*,#3517,.T.);
#892=ORIENTED_EDGE('',*,*,#3518,.T.);
#893=ORIENTED_EDGE('',*,*,#3519,.T.);
#894=ORIENTED_EDGE('',*,*,#3520,.T.);
#895=ORIENTED_EDGE('',*,*,#3521,.T.);
#896=ORIENTED_EDGE('',*,*,#3522,.T.);
#897=ORIENTED_EDGE('',*,*,#3523,.T.);
#898=ORIENTED_EDGE('',*,*,#3524,.T.);
#899=ORIENTED_EDGE('',*,*,#3525,.T.);
#900=ORIENTED_EDGE('',*,*,#3526,.T.);
#901=ORIENTED_EDGE('',*,*,#3527,.T.);
#902=ORIENTED_EDGE('',*,*,#3528,.T.);
#903=ORIENTED_EDGE('',*,*,#3529,.T.);
#904=ORIENTED_EDGE('',*,*,#3530,.T.);
#905=ORIENTED_EDGE('',*,*,#3531,.T.);
#906=ORIENTED_EDGE('',*,*,#3532,.T.);
#907=ORIENTED_EDGE('',*,*,#3533,.T.);
#908=ORIENTED_EDGE('',*,*,#3534,.T.);
#909=ORIENTED_EDGE('',*,*,#3535,.T.);
#910=ORIENTED_EDGE('',*,*,#3536,.T.);
#911=ORIENTED_EDGE('',*,*,#3537,.T.);
#912=ORIENTED_EDGE('',*,*,#3538,.T.);
#913=ORIENTED_EDGE('',*,*,#3539,.T.);
#914=ORIENTED_EDGE('',*,*,#3540,.T.);
#915=ORIENTED_EDGE('',*,*,#3541,.T.);
#916=ORIENTED_EDGE('',*,*,#3542,.T.);
#917=ORIENTED_EDGE('',*,*,#3543,.T.);
#918=ORIENTED_EDGE('',*,*,#3544,.T.);
#919=ORIENTED_EDGE('',*,*,#3545,.T.);
#920=ORIENTED_EDGE('',*,*,#3546,.T.);
#921=ORIENTED_EDGE('',*,*,#3547,.T.);
#922=ORIENTED_EDGE('',*,*,#3548,.T.);
#923=ORIENTED_EDGE('',*,*,#3549,.T.);
#924=ORIENTED_EDGE('',*,*,#3550,.T.);
#925=ORIENTED_EDGE('',*,*,#3551,.T.);
#926=ORIENTED_EDGE('',*,*,#3552,.T.);
#927=ORIENTED_EDGE('',*,*,#3553,.T.);
#928=ORIENTED_EDGE('',*,*,#3554,.T.);
#929=ORIENTED_EDGE('',*,*,#3555,.T.);
#930=ORIENTED_EDGE('',*,*,#3556,.T.);
#931=ORIENTED_EDGE('',*,*,#3557,.T.);
#932=ORIENTED_EDGE('',*,*,#3558,.T.);
#933=ORIENTED_EDGE('',*,*,#3559,.T.);
#934=ORIENTED_EDGE('',*,*,#3560,.T.);
#935=ORIENTED_EDGE('',*,*,#3561,.T.);
#936=ORIENTED_EDGE('',*,*,#3562,.T.);
#937=ORIENTED_EDGE('',*,*,#3563,.T.);
#938=ORIENTED_EDGE('',*,*,#3564,.T.);
#939=ORIENTED_EDGE('',*,*,#3565,.T.);
#940=ORIENTED_EDGE('',*,*,#3566,.T.);
#941=ORIENTED_EDGE('',*,*,#3567,.T.);
#942=ORIENTED_EDGE('',*,*,#3568,.T.);
#943=ORIENTED_EDGE('',*,*,#3569,.T.);
#944=ORIENTED_EDGE('',*,*,#3570,.T.);
#945=ORIENTED_EDGE('',*,*,#3571,.T.);
#946=ORIENTED_EDGE('',*,*,#3572,.T.);
#947=ORIENTED_EDGE('',*,*,#3573,.T.);
#948=ORIENTED_EDGE('',*,*,#3574,.T.);
#949=ORIENTED_EDGE('',*,*,#3575,.T.);
#950=ORIENTED_EDGE('',*,*,#3576,.T.);
#951=ORIENTED_EDGE('',*,*,#3577,.T.);
#952=ORIENTED_EDGE('',*,*,#3578,.T.);
#953=ORIENTED_EDGE('',*,*,#3579,.T.);
#954=ORIENTED_EDGE('',*,*,#3580,.T.);
#955=ORIENTED_EDGE('',*,*,#3581,.T.);
#956=ORIENTED_EDGE('',*,*,#3582,.T.);
#957=ORIENTED_EDGE('',*,*,#3583,.T.);
#958=ORIENTED_EDGE('',*,*,#3584,.T.);
#959=ORIENTED_EDGE('',*,*,#3585,.T.);
#960=ORIENTED_EDGE('',*,*,#3586,.T.);
#961=ORIENTED_EDGE('',*,*,#3587,.T.);
#962=ORIENTED_EDGE('',*,*,#3588,.T.);
#963=ORIENTED_EDGE('',*,*,#3589,.F.);
#964=ORIENTED_EDGE('',*,*,#3590,.T.);
#965=ORIENTED_EDGE('',*,*,#3591,.F.);
#966=ORIENTED_EDGE('',*,*,#3592,.T.);
#967=ORIENTED_EDGE('',*,*,#3593,.T.);
#968=ORIENTED_EDGE('',*,*,#3594,.T.);
#969=ORIENTED_EDGE('',*,*,#3595,.T.);
#970=ORIENTED_EDGE('',*,*,#3596,.T.);
#971=ORIENTED_EDGE('',*,*,#3597,.T.);
#972=ORIENTED_EDGE('',*,*,#3598,.T.);
#973=ORIENTED_EDGE('',*,*,#3599,.T.);
#974=ORIENTED_EDGE('',*,*,#3600,.T.);
#975=ORIENTED_EDGE('',*,*,#3601,.T.);
#976=ORIENTED_EDGE('',*,*,#3602,.T.);
#977=ORIENTED_EDGE('',*,*,#3603,.T.);
#978=ORIENTED_EDGE('',*,*,#3604,.T.);
#979=ORIENTED_EDGE('',*,*,#3605,.T.);
#980=ORIENTED_EDGE('',*,*,#3606,.T.);
#981=ORIENTED_EDGE('',*,*,#3607,.T.);
#982=ORIENTED_EDGE('',*,*,#3608,.T.);
#983=ORIENTED_EDGE('',*,*,#3609,.T.);
#984=ORIENTED_EDGE('',*,*,#3610,.T.);
#985=ORIENTED_EDGE('',*,*,#3611,.T.);
#986=ORIENTED_EDGE('',*,*,#3612,.T.);
#987=ORIENTED_EDGE('',*,*,#3613,.T.);
#988=ORIENTED_EDGE('',*,*,#3614,.T.);
#989=ORIENTED_EDGE('',*,*,#3615,.T.);
#990=ORIENTED_EDGE('',*,*,#3616,.T.);
#991=ORIENTED_EDGE('',*,*,#3617,.T.);
#992=ORIENTED_EDGE('',*,*,#3618,.T.);
#993=ORIENTED_EDGE('',*,*,#3619,.T.);
#994=ORIENTED_EDGE('',*,*,#3620,.T.);
#995=ORIENTED_EDGE('',*,*,#3621,.T.);
#996=ORIENTED_EDGE('',*,*,#3622,.T.);
#997=ORIENTED_EDGE('',*,*,#3623,.T.);
#998=ORIENTED_EDGE('',*,*,#3624,.T.);
#999=ORIENTED_EDGE('',*,*,#3625,.T.);
#1000=ORIENTED_EDGE('',*,*,#3626,.T.);
#1001=ORIENTED_EDGE('',*,*,#3627,.T.);
#1002=ORIENTED_EDGE('',*,*,#3628,.T.);
#1003=ORIENTED_EDGE('',*,*,#3629,.T.);
#1004=ORIENTED_EDGE('',*,*,#3630,.T.);
#1005=ORIENTED_EDGE('',*,*,#3631,.T.);
#1006=ORIENTED_EDGE('',*,*,#3632,.T.);
#1007=ORIENTED_EDGE('',*,*,#3633,.T.);
#1008=ORIENTED_EDGE('',*,*,#3634,.T.);
#1009=ORIENTED_EDGE('',*,*,#3635,.T.);
#1010=ORIENTED_EDGE('',*,*,#3636,.T.);
#1011=ORIENTED_EDGE('',*,*,#3637,.T.);
#1012=ORIENTED_EDGE('',*,*,#3638,.T.);
#1013=ORIENTED_EDGE('',*,*,#3639,.T.);
#1014=ORIENTED_EDGE('',*,*,#3640,.T.);
#1015=ORIENTED_EDGE('',*,*,#3641,.T.);
#1016=ORIENTED_EDGE('',*,*,#3642,.T.);
#1017=ORIENTED_EDGE('',*,*,#3643,.T.);
#1018=ORIENTED_EDGE('',*,*,#3644,.T.);
#1019=ORIENTED_EDGE('',*,*,#3645,.T.);
#1020=ORIENTED_EDGE('',*,*,#3646,.T.);
#1021=ORIENTED_EDGE('',*,*,#3647,.T.);
#1022=ORIENTED_EDGE('',*,*,#3648,.T.);
#1023=ORIENTED_EDGE('',*,*,#3649,.T.);
#1024=ORIENTED_EDGE('',*,*,#3650,.T.);
#1025=ORIENTED_EDGE('',*,*,#3651,.T.);
#1026=ORIENTED_EDGE('',*,*,#3652,.T.);
#1027=ORIENTED_EDGE('',*,*,#3653,.T.);
#1028=ORIENTED_EDGE('',*,*,#3654,.T.);
#1029=ORIENTED_EDGE('',*,*,#3655,.T.);
#1030=ORIENTED_EDGE('',*,*,#3656,.T.);
#1031=ORIENTED_EDGE('',*,*,#3657,.T.);
#1032=ORIENTED_EDGE('',*,*,#3658,.T.);
#1033=ORIENTED_EDGE('',*,*,#3659,.T.);
#1034=ORIENTED_EDGE('',*,*,#3660,.T.);
#1035=ORIENTED_EDGE('',*,*,#3661,.T.);
#1036=ORIENTED_EDGE('',*,*,#3662,.T.);
#1037=ORIENTED_EDGE('',*,*,#3663,.T.);
#1038=ORIENTED_EDGE('',*,*,#3664,.T.);
#1039=ORIENTED_EDGE('',*,*,#3665,.T.);
#1040=ORIENTED_EDGE('',*,*,#3666,.T.);
#1041=ORIENTED_EDGE('',*,*,#3667,.T.);
#1042=ORIENTED_EDGE('',*,*,#3668,.T.);
#1043=ORIENTED_EDGE('',*,*,#3669,.T.);
#1044=ORIENTED_EDGE('',*,*,#3670,.T.);
#1045=ORIENTED_EDGE('',*,*,#3671,.T.);
#1046=ORIENTED_EDGE('',*,*,#3672,.T.);
#1047=ORIENTED_EDGE('',*,*,#3673,.T.);
#1048=ORIENTED_EDGE('',*,*,#3674,.T.);
#1049=ORIENTED_EDGE('',*,*,#3675,.T.);
#1050=ORIENTED_EDGE('',*,*,#3676,.T.);
#1051=ORIENTED_EDGE('',*,*,#3677,.T.);
#1052=ORIENTED_EDGE('',*,*,#3678,.T.);
#1053=ORIENTED_EDGE('',*,*,#3679,.T.);
#1054=ORIENTED_EDGE('',*,*,#3680,.T.);
#1055=ORIENTED_EDGE('',*,*,#3681,.T.);
#1056=ORIENTED_EDGE('',*,*,#3682,.T.);
#1057=ORIENTED_EDGE('',*,*,#3683,.T.);
#1058=ORIENTED_EDGE('',*,*,#3684,.T.);
#1059=ORIENTED_EDGE('',*,*,#3685,.T.);
#1060=ORIENTED_EDGE('',*,*,#3686,.T.);
#1061=ORIENTED_EDGE('',*,*,#3687,.T.);
#1062=ORIENTED_EDGE('',*,*,#3688,.T.);
#1063=ORIENTED_EDGE('',*,*,#3689,.T.);
#1064=ORIENTED_EDGE('',*,*,#3690,.T.);
#1065=ORIENTED_EDGE('',*,*,#3691,.T.);
#1066=ORIENTED_EDGE('',*,*,#3692,.T.);
#1067=ORIENTED_EDGE('',*,*,#3693,.T.);
#1068=ORIENTED_EDGE('',*,*,#3694,.T.);
#1069=ORIENTED_EDGE('',*,*,#3695,.T.);
#1070=ORIENTED_EDGE('',*,*,#3696,.T.);
#1071=ORIENTED_EDGE('',*,*,#3697,.T.);
#1072=ORIENTED_EDGE('',*,*,#3698,.T.);
#1073=ORIENTED_EDGE('',*,*,#3699,.T.);
#1074=ORIENTED_EDGE('',*,*,#3700,.T.);
#1075=ORIENTED_EDGE('',*,*,#3701,.T.);
#1076=ORIENTED_EDGE('',*,*,#3702,.T.);
#1077=ORIENTED_EDGE('',*,*,#3703,.T.);
#1078=ORIENTED_EDGE('',*,*,#3704,.T.);
#1079=ORIENTED_EDGE('',*,*,#3705,.T.);
#1080=ORIENTED_EDGE('',*,*,#3706,.T.);
#1081=ORIENTED_EDGE('',*,*,#3707,.T.);
#1082=ORIENTED_EDGE('',*,*,#3708,.T.);
#1083=ORIENTED_EDGE('',*,*,#3709,.T.);
#1084=ORIENTED_EDGE('',*,*,#3710,.T.);
#1085=ORIENTED_EDGE('',*,*,#3711,.T.);
#1086=ORIENTED_EDGE('',*,*,#3712,.T.);
#1087=ORIENTED_EDGE('',*,*,#3713,.T.);
#1088=ORIENTED_EDGE('',*,*,#3714,.T.);
#1089=ORIENTED_EDGE('',*,*,#3715,.T.);
#1090=ORIENTED_EDGE('',*,*,#3716,.T.);
#1091=ORIENTED_EDGE('',*,*,#3717,.T.);
#1092=ORIENTED_EDGE('',*,*,#3718,.T.);
#1093=ORIENTED_EDGE('',*,*,#3719,.T.);
#1094=ORIENTED_EDGE('',*,*,#3720,.T.);
#1095=ORIENTED_EDGE('',*,*,#3721,.T.);
#1096=ORIENTED_EDGE('',*,*,#3722,.T.);
#1097=ORIENTED_EDGE('',*,*,#3723,.T.);
#1098=ORIENTED_EDGE('',*,*,#3724,.T.);
#1099=ORIENTED_EDGE('',*,*,#3725,.T.);
#1100=ORIENTED_EDGE('',*,*,#3726,.T.);
#1101=ORIENTED_EDGE('',*,*,#3727,.T.);
#1102=ORIENTED_EDGE('',*,*,#3728,.T.);
#1103=ORIENTED_EDGE('',*,*,#3729,.T.);
#1104=ORIENTED_EDGE('',*,*,#3730,.T.);
#1105=ORIENTED_EDGE('',*,*,#3731,.T.);
#1106=ORIENTED_EDGE('',*,*,#3732,.T.);
#1107=ORIENTED_EDGE('',*,*,#3733,.T.);
#1108=ORIENTED_EDGE('',*,*,#3734,.T.);
#1109=ORIENTED_EDGE('',*,*,#3735,.T.);
#1110=ORIENTED_EDGE('',*,*,#3736,.T.);
#1111=ORIENTED_EDGE('',*,*,#3737,.T.);
#1112=ORIENTED_EDGE('',*,*,#3738,.T.);
#1113=ORIENTED_EDGE('',*,*,#3739,.T.);
#1114=ORIENTED_EDGE('',*,*,#3740,.T.);
#1115=ORIENTED_EDGE('',*,*,#3741,.T.);
#1116=ORIENTED_EDGE('',*,*,#3742,.T.);
#1117=ORIENTED_EDGE('',*,*,#3743,.T.);
#1118=ORIENTED_EDGE('',*,*,#3744,.T.);
#1119=ORIENTED_EDGE('',*,*,#3745,.T.);
#1120=ORIENTED_EDGE('',*,*,#3746,.T.);
#1121=ORIENTED_EDGE('',*,*,#3747,.T.);
#1122=ORIENTED_EDGE('',*,*,#3748,.T.);
#1123=ORIENTED_EDGE('',*,*,#3749,.T.);
#1124=ORIENTED_EDGE('',*,*,#3750,.T.);
#1125=ORIENTED_EDGE('',*,*,#3751,.T.);
#1126=ORIENTED_EDGE('',*,*,#3752,.T.);
#1127=ORIENTED_EDGE('',*,*,#3753,.T.);
#1128=ORIENTED_EDGE('',*,*,#3754,.T.);
#1129=ORIENTED_EDGE('',*,*,#3755,.T.);
#1130=ORIENTED_EDGE('',*,*,#3756,.T.);
#1131=ORIENTED_EDGE('',*,*,#3757,.T.);
#1132=ORIENTED_EDGE('',*,*,#3758,.T.);
#1133=ORIENTED_EDGE('',*,*,#3759,.T.);
#1134=ORIENTED_EDGE('',*,*,#3760,.T.);
#1135=ORIENTED_EDGE('',*,*,#3761,.T.);
#1136=ORIENTED_EDGE('',*,*,#3762,.T.);
#1137=ORIENTED_EDGE('',*,*,#3763,.T.);
#1138=ORIENTED_EDGE('',*,*,#3764,.T.);
#1139=ORIENTED_EDGE('',*,*,#3765,.T.);
#1140=ORIENTED_EDGE('',*,*,#3766,.T.);
#1141=ORIENTED_EDGE('',*,*,#3767,.T.);
#1142=ORIENTED_EDGE('',*,*,#3768,.T.);
#1143=ORIENTED_EDGE('',*,*,#3769,.T.);
#1144=ORIENTED_EDGE('',*,*,#3770,.T.);
#1145=ORIENTED_EDGE('',*,*,#3771,.T.);
#1146=ORIENTED_EDGE('',*,*,#3772,.T.);
#1147=ORIENTED_EDGE('',*,*,#3773,.T.);
#1148=ORIENTED_EDGE('',*,*,#3774,.T.);
#1149=ORIENTED_EDGE('',*,*,#3775,.T.);
#1150=ORIENTED_EDGE('',*,*,#3776,.T.);
#1151=ORIENTED_EDGE('',*,*,#3777,.T.);
#1152=ORIENTED_EDGE('',*,*,#3778,.T.);
#1153=ORIENTED_EDGE('',*,*,#3779,.T.);
#1154=ORIENTED_EDGE('',*,*,#3780,.T.);
#1155=ORIENTED_EDGE('',*,*,#3781,.T.);
#1156=ORIENTED_EDGE('',*,*,#3782,.T.);
#1157=ORIENTED_EDGE('',*,*,#3783,.T.);
#1158=ORIENTED_EDGE('',*,*,#3784,.T.);
#1159=ORIENTED_EDGE('',*,*,#3785,.T.);
#1160=ORIENTED_EDGE('',*,*,#3786,.T.);
#1161=ORIENTED_EDGE('',*,*,#3787,.T.);
#1162=ORIENTED_EDGE('',*,*,#3788,.T.);
#1163=ORIENTED_EDGE('',*,*,#3789,.T.);
#1164=ORIENTED_EDGE('',*,*,#3790,.T.);
#1165=ORIENTED_EDGE('',*,*,#3791,.T.);
#1166=ORIENTED_EDGE('',*,*,#3792,.T.);
#1167=ORIENTED_EDGE('',*,*,#3793,.T.);
#1168=ORIENTED_EDGE('',*,*,#3794,.T.);
#1169=ORIENTED_EDGE('',*,*,#3795,.T.);
#1170=ORIENTED_EDGE('',*,*,#3796,.T.);
#1171=ORIENTED_EDGE('',*,*,#3797,.T.);
#1172=ORIENTED_EDGE('',*,*,#3798,.T.);
#1173=ORIENTED_EDGE('',*,*,#3799,.T.);
#1174=ORIENTED_EDGE('',*,*,#3800,.T.);
#1175=ORIENTED_EDGE('',*,*,#3801,.T.);
#1176=ORIENTED_EDGE('',*,*,#3802,.T.);
#1177=ORIENTED_EDGE('',*,*,#3803,.T.);
#1178=ORIENTED_EDGE('',*,*,#3804,.T.);
#1179=ORIENTED_EDGE('',*,*,#3805,.T.);
#1180=ORIENTED_EDGE('',*,*,#3806,.T.);
#1181=ORIENTED_EDGE('',*,*,#3807,.T.);
#1182=ORIENTED_EDGE('',*,*,#3808,.T.);
#1183=ORIENTED_EDGE('',*,*,#3809,.T.);
#1184=ORIENTED_EDGE('',*,*,#3810,.T.);
#1185=ORIENTED_EDGE('',*,*,#3811,.T.);
#1186=ORIENTED_EDGE('',*,*,#3812,.T.);
#1187=ORIENTED_EDGE('',*,*,#3813,.T.);
#1188=ORIENTED_EDGE('',*,*,#3814,.T.);
#1189=ORIENTED_EDGE('',*,*,#3815,.T.);
#1190=ORIENTED_EDGE('',*,*,#3816,.T.);
#1191=ORIENTED_EDGE('',*,*,#3817,.T.);
#1192=ORIENTED_EDGE('',*,*,#3818,.T.);
#1193=ORIENTED_EDGE('',*,*,#3819,.T.);
#1194=ORIENTED_EDGE('',*,*,#3820,.F.);
#1195=ORIENTED_EDGE('',*,*,#3821,.F.);
#1196=ORIENTED_EDGE('',*,*,#3822,.F.);
#1197=ORIENTED_EDGE('',*,*,#3823,.T.);
#1198=ORIENTED_EDGE('',*,*,#3824,.F.);
#1199=ORIENTED_EDGE('',*,*,#3825,.T.);
#1200=ORIENTED_EDGE('',*,*,#3826,.F.);
#1201=ORIENTED_EDGE('',*,*,#3827,.F.);
#1202=ORIENTED_EDGE('',*,*,#3828,.F.);
#1203=ORIENTED_EDGE('',*,*,#3829,.T.);
#1204=ORIENTED_EDGE('',*,*,#3830,.F.);
#1205=ORIENTED_EDGE('',*,*,#3831,.T.);
#1206=ORIENTED_EDGE('',*,*,#3832,.F.);
#1207=ORIENTED_EDGE('',*,*,#3833,.F.);
#1208=ORIENTED_EDGE('',*,*,#3834,.F.);
#1209=ORIENTED_EDGE('',*,*,#3835,.F.);
#1210=ORIENTED_EDGE('',*,*,#3820,.T.);
#1211=ORIENTED_EDGE('',*,*,#3836,.F.);
#1212=ORIENTED_EDGE('',*,*,#3586,.F.);
#1213=ORIENTED_EDGE('',*,*,#3837,.T.);
#1214=ORIENTED_EDGE('',*,*,#3827,.T.);
#1215=ORIENTED_EDGE('',*,*,#3838,.F.);
#1216=ORIENTED_EDGE('',*,*,#3587,.F.);
#1217=ORIENTED_EDGE('',*,*,#3836,.T.);
#1218=ORIENTED_EDGE('',*,*,#3826,.T.);
#1219=ORIENTED_EDGE('',*,*,#3839,.F.);
#1220=ORIENTED_EDGE('',*,*,#3588,.F.);
#1221=ORIENTED_EDGE('',*,*,#3838,.T.);
#1222=ORIENTED_EDGE('',*,*,#3825,.F.);
#1223=ORIENTED_EDGE('',*,*,#3840,.F.);
#1224=ORIENTED_EDGE('',*,*,#3589,.T.);
#1225=ORIENTED_EDGE('',*,*,#3839,.T.);
#1226=ORIENTED_EDGE('',*,*,#3824,.T.);
#1227=ORIENTED_EDGE('',*,*,#3841,.F.);
#1228=ORIENTED_EDGE('',*,*,#3590,.F.);
#1229=ORIENTED_EDGE('',*,*,#3840,.T.);
#1230=ORIENTED_EDGE('',*,*,#3823,.F.);
#1231=ORIENTED_EDGE('',*,*,#3842,.F.);
#1232=ORIENTED_EDGE('',*,*,#3591,.T.);
#1233=ORIENTED_EDGE('',*,*,#3841,.T.);
#1234=ORIENTED_EDGE('',*,*,#3822,.T.);
#1235=ORIENTED_EDGE('',*,*,#3843,.F.);
#1236=ORIENTED_EDGE('',*,*,#3592,.F.);
#1237=ORIENTED_EDGE('',*,*,#3842,.T.);
#1238=ORIENTED_EDGE('',*,*,#3821,.T.);
#1239=ORIENTED_EDGE('',*,*,#3837,.F.);
#1240=ORIENTED_EDGE('',*,*,#3593,.F.);
#1241=ORIENTED_EDGE('',*,*,#3843,.T.);
#1242=ORIENTED_EDGE('',*,*,#3828,.T.);
#1243=ORIENTED_EDGE('',*,*,#3844,.F.);
#1244=ORIENTED_EDGE('',*,*,#3845,.F.);
#1245=ORIENTED_EDGE('',*,*,#3846,.T.);
#1246=ORIENTED_EDGE('',*,*,#3829,.F.);
#1247=ORIENTED_EDGE('',*,*,#3846,.F.);
#1248=ORIENTED_EDGE('',*,*,#3847,.T.);
#1249=ORIENTED_EDGE('',*,*,#3848,.T.);
#1250=ORIENTED_EDGE('',*,*,#3830,.T.);
#1251=ORIENTED_EDGE('',*,*,#3848,.F.);
#1252=ORIENTED_EDGE('',*,*,#3849,.F.);
#1253=ORIENTED_EDGE('',*,*,#3850,.T.);
#1254=ORIENTED_EDGE('',*,*,#3831,.F.);
#1255=ORIENTED_EDGE('',*,*,#3850,.F.);
#1256=ORIENTED_EDGE('',*,*,#3851,.T.);
#1257=ORIENTED_EDGE('',*,*,#3852,.T.);
#1258=ORIENTED_EDGE('',*,*,#3832,.T.);
#1259=ORIENTED_EDGE('',*,*,#3852,.F.);
#1260=ORIENTED_EDGE('',*,*,#3853,.F.);
#1261=ORIENTED_EDGE('',*,*,#3854,.T.);
#1262=ORIENTED_EDGE('',*,*,#3833,.T.);
#1263=ORIENTED_EDGE('',*,*,#3854,.F.);
#1264=ORIENTED_EDGE('',*,*,#3855,.F.);
#1265=ORIENTED_EDGE('',*,*,#3856,.T.);
#1266=ORIENTED_EDGE('',*,*,#3834,.T.);
#1267=ORIENTED_EDGE('',*,*,#3856,.F.);
#1268=ORIENTED_EDGE('',*,*,#3857,.F.);
#1269=ORIENTED_EDGE('',*,*,#3858,.T.);
#1270=ORIENTED_EDGE('',*,*,#3835,.T.);
#1271=ORIENTED_EDGE('',*,*,#3858,.F.);
#1272=ORIENTED_EDGE('',*,*,#3859,.F.);
#1273=ORIENTED_EDGE('',*,*,#3844,.T.);
#1274=ORIENTED_EDGE('',*,*,#3860,.F.);
#1275=ORIENTED_EDGE('',*,*,#3861,.F.);
#1276=ORIENTED_EDGE('',*,*,#3862,.F.);
#1277=ORIENTED_EDGE('',*,*,#3863,.F.);
#1278=ORIENTED_EDGE('',*,*,#3864,.F.);
#1279=ORIENTED_EDGE('',*,*,#3865,.F.);
#1280=ORIENTED_EDGE('',*,*,#3866,.F.);
#1281=ORIENTED_EDGE('',*,*,#3867,.F.);
#1282=ORIENTED_EDGE('',*,*,#3845,.T.);
#1283=ORIENTED_EDGE('',*,*,#3859,.T.);
#1284=ORIENTED_EDGE('',*,*,#3857,.T.);
#1285=ORIENTED_EDGE('',*,*,#3855,.T.);
#1286=ORIENTED_EDGE('',*,*,#3853,.T.);
#1287=ORIENTED_EDGE('',*,*,#3851,.F.);
#1288=ORIENTED_EDGE('',*,*,#3849,.T.);
#1289=ORIENTED_EDGE('',*,*,#3847,.F.);
#1290=ORIENTED_EDGE('',*,*,#3868,.F.);
#1291=ORIENTED_EDGE('',*,*,#3869,.T.);
#1292=ORIENTED_EDGE('',*,*,#3870,.T.);
#1293=ORIENTED_EDGE('',*,*,#3861,.T.);
#1294=ORIENTED_EDGE('',*,*,#3871,.F.);
#1295=ORIENTED_EDGE('',*,*,#3872,.T.);
#1296=ORIENTED_EDGE('',*,*,#3868,.T.);
#1297=ORIENTED_EDGE('',*,*,#3860,.T.);
#1298=ORIENTED_EDGE('',*,*,#3873,.F.);
#1299=ORIENTED_EDGE('',*,*,#3874,.T.);
#1300=ORIENTED_EDGE('',*,*,#3871,.T.);
#1301=ORIENTED_EDGE('',*,*,#3867,.T.);
#1302=ORIENTED_EDGE('',*,*,#3875,.F.);
#1303=ORIENTED_EDGE('',*,*,#3876,.T.);
#1304=ORIENTED_EDGE('',*,*,#3873,.T.);
#1305=ORIENTED_EDGE('',*,*,#3866,.T.);
#1306=ORIENTED_EDGE('',*,*,#3877,.F.);
#1307=ORIENTED_EDGE('',*,*,#3878,.T.);
#1308=ORIENTED_EDGE('',*,*,#3875,.T.);
#1309=ORIENTED_EDGE('',*,*,#3865,.T.);
#1310=ORIENTED_EDGE('',*,*,#3879,.F.);
#1311=ORIENTED_EDGE('',*,*,#3880,.T.);
#1312=ORIENTED_EDGE('',*,*,#3877,.T.);
#1313=ORIENTED_EDGE('',*,*,#3864,.T.);
#1314=ORIENTED_EDGE('',*,*,#3881,.F.);
#1315=ORIENTED_EDGE('',*,*,#3882,.T.);
#1316=ORIENTED_EDGE('',*,*,#3879,.T.);
#1317=ORIENTED_EDGE('',*,*,#3863,.T.);
#1318=ORIENTED_EDGE('',*,*,#3870,.F.);
#1319=ORIENTED_EDGE('',*,*,#3883,.T.);
#1320=ORIENTED_EDGE('',*,*,#3881,.T.);
#1321=ORIENTED_EDGE('',*,*,#3862,.T.);
#1322=ORIENTED_EDGE('',*,*,#3884,.T.);
#1323=ORIENTED_EDGE('',*,*,#3885,.T.);
#1324=ORIENTED_EDGE('',*,*,#3886,.T.);
#1325=ORIENTED_EDGE('',*,*,#3887,.T.);
#1326=ORIENTED_EDGE('',*,*,#3594,.F.);
#1327=ORIENTED_EDGE('',*,*,#3888,.F.);
#1328=ORIENTED_EDGE('',*,*,#3889,.T.);
#1329=ORIENTED_EDGE('',*,*,#3890,.T.);
#1330=ORIENTED_EDGE('',*,*,#3609,.F.);
#1331=ORIENTED_EDGE('',*,*,#3891,.F.);
#1332=ORIENTED_EDGE('',*,*,#3892,.T.);
#1333=ORIENTED_EDGE('',*,*,#3888,.T.);
#1334=ORIENTED_EDGE('',*,*,#3608,.F.);
#1335=ORIENTED_EDGE('',*,*,#3893,.F.);
#1336=ORIENTED_EDGE('',*,*,#3894,.T.);
#1337=ORIENTED_EDGE('',*,*,#3891,.T.);
#1338=ORIENTED_EDGE('',*,*,#3607,.F.);
#1339=ORIENTED_EDGE('',*,*,#3895,.F.);
#1340=ORIENTED_EDGE('',*,*,#3896,.T.);
#1341=ORIENTED_EDGE('',*,*,#3893,.T.);
#1342=ORIENTED_EDGE('',*,*,#3606,.F.);
#1343=ORIENTED_EDGE('',*,*,#3897,.F.);
#1344=ORIENTED_EDGE('',*,*,#3898,.T.);
#1345=ORIENTED_EDGE('',*,*,#3895,.T.);
#1346=ORIENTED_EDGE('',*,*,#3605,.F.);
#1347=ORIENTED_EDGE('',*,*,#3899,.F.);
#1348=ORIENTED_EDGE('',*,*,#3900,.T.);
#1349=ORIENTED_EDGE('',*,*,#3897,.T.);
#1350=ORIENTED_EDGE('',*,*,#3604,.F.);
#1351=ORIENTED_EDGE('',*,*,#3901,.F.);
#1352=ORIENTED_EDGE('',*,*,#3902,.T.);
#1353=ORIENTED_EDGE('',*,*,#3899,.T.);
#1354=ORIENTED_EDGE('',*,*,#3603,.F.);
#1355=ORIENTED_EDGE('',*,*,#3903,.F.);
#1356=ORIENTED_EDGE('',*,*,#3904,.T.);
#1357=ORIENTED_EDGE('',*,*,#3901,.T.);
#1358=ORIENTED_EDGE('',*,*,#3602,.F.);
#1359=ORIENTED_EDGE('',*,*,#3905,.F.);
#1360=ORIENTED_EDGE('',*,*,#3906,.T.);
#1361=ORIENTED_EDGE('',*,*,#3903,.T.);
#1362=ORIENTED_EDGE('',*,*,#3601,.F.);
#1363=ORIENTED_EDGE('',*,*,#3907,.F.);
#1364=ORIENTED_EDGE('',*,*,#3908,.T.);
#1365=ORIENTED_EDGE('',*,*,#3905,.T.);
#1366=ORIENTED_EDGE('',*,*,#3600,.F.);
#1367=ORIENTED_EDGE('',*,*,#3909,.F.);
#1368=ORIENTED_EDGE('',*,*,#3910,.T.);
#1369=ORIENTED_EDGE('',*,*,#3907,.T.);
#1370=ORIENTED_EDGE('',*,*,#3599,.F.);
#1371=ORIENTED_EDGE('',*,*,#3911,.F.);
#1372=ORIENTED_EDGE('',*,*,#3912,.T.);
#1373=ORIENTED_EDGE('',*,*,#3909,.T.);
#1374=ORIENTED_EDGE('',*,*,#3598,.F.);
#1375=ORIENTED_EDGE('',*,*,#3913,.F.);
#1376=ORIENTED_EDGE('',*,*,#3914,.T.);
#1377=ORIENTED_EDGE('',*,*,#3911,.T.);
#1378=ORIENTED_EDGE('',*,*,#3597,.F.);
#1379=ORIENTED_EDGE('',*,*,#3915,.F.);
#1380=ORIENTED_EDGE('',*,*,#3916,.T.);
#1381=ORIENTED_EDGE('',*,*,#3913,.T.);
#1382=ORIENTED_EDGE('',*,*,#3596,.F.);
#1383=ORIENTED_EDGE('',*,*,#3917,.F.);
#1384=ORIENTED_EDGE('',*,*,#3918,.T.);
#1385=ORIENTED_EDGE('',*,*,#3915,.T.);
#1386=ORIENTED_EDGE('',*,*,#3919,.F.);
#1387=ORIENTED_EDGE('',*,*,#3920,.F.);
#1388=ORIENTED_EDGE('',*,*,#3921,.T.);
#1389=ORIENTED_EDGE('',*,*,#3922,.T.);
#1390=ORIENTED_EDGE('',*,*,#3923,.F.);
#1391=ORIENTED_EDGE('',*,*,#3924,.F.);
#1392=ORIENTED_EDGE('',*,*,#3925,.T.);
#1393=ORIENTED_EDGE('',*,*,#3920,.T.);
#1394=ORIENTED_EDGE('',*,*,#3926,.F.);
#1395=ORIENTED_EDGE('',*,*,#3927,.F.);
#1396=ORIENTED_EDGE('',*,*,#3928,.T.);
#1397=ORIENTED_EDGE('',*,*,#3924,.T.);
#1398=ORIENTED_EDGE('',*,*,#3929,.F.);
#1399=ORIENTED_EDGE('',*,*,#3930,.F.);
#1400=ORIENTED_EDGE('',*,*,#3931,.T.);
#1401=ORIENTED_EDGE('',*,*,#3927,.T.);
#1402=ORIENTED_EDGE('',*,*,#3932,.F.);
#1403=ORIENTED_EDGE('',*,*,#3933,.F.);
#1404=ORIENTED_EDGE('',*,*,#3934,.T.);
#1405=ORIENTED_EDGE('',*,*,#3930,.T.);
#1406=ORIENTED_EDGE('',*,*,#3935,.F.);
#1407=ORIENTED_EDGE('',*,*,#3936,.F.);
#1408=ORIENTED_EDGE('',*,*,#3937,.T.);
#1409=ORIENTED_EDGE('',*,*,#3933,.T.);
#1410=ORIENTED_EDGE('',*,*,#3938,.F.);
#1411=ORIENTED_EDGE('',*,*,#3939,.F.);
#1412=ORIENTED_EDGE('',*,*,#3940,.T.);
#1413=ORIENTED_EDGE('',*,*,#3936,.T.);
#1414=ORIENTED_EDGE('',*,*,#3941,.F.);
#1415=ORIENTED_EDGE('',*,*,#3942,.F.);
#1416=ORIENTED_EDGE('',*,*,#3943,.T.);
#1417=ORIENTED_EDGE('',*,*,#3939,.T.);
#1418=ORIENTED_EDGE('',*,*,#3944,.F.);
#1419=ORIENTED_EDGE('',*,*,#3945,.F.);
#1420=ORIENTED_EDGE('',*,*,#3946,.T.);
#1421=ORIENTED_EDGE('',*,*,#3942,.T.);
#1422=ORIENTED_EDGE('',*,*,#3947,.F.);
#1423=ORIENTED_EDGE('',*,*,#3948,.F.);
#1424=ORIENTED_EDGE('',*,*,#3949,.T.);
#1425=ORIENTED_EDGE('',*,*,#3945,.T.);
#1426=ORIENTED_EDGE('',*,*,#3950,.F.);
#1427=ORIENTED_EDGE('',*,*,#3951,.F.);
#1428=ORIENTED_EDGE('',*,*,#3952,.T.);
#1429=ORIENTED_EDGE('',*,*,#3948,.T.);
#1430=ORIENTED_EDGE('',*,*,#3953,.F.);
#1431=ORIENTED_EDGE('',*,*,#3954,.F.);
#1432=ORIENTED_EDGE('',*,*,#3955,.T.);
#1433=ORIENTED_EDGE('',*,*,#3951,.T.);
#1434=ORIENTED_EDGE('',*,*,#3956,.F.);
#1435=ORIENTED_EDGE('',*,*,#3957,.F.);
#1436=ORIENTED_EDGE('',*,*,#3958,.T.);
#1437=ORIENTED_EDGE('',*,*,#3954,.T.);
#1438=ORIENTED_EDGE('',*,*,#3959,.F.);
#1439=ORIENTED_EDGE('',*,*,#3960,.F.);
#1440=ORIENTED_EDGE('',*,*,#3961,.T.);
#1441=ORIENTED_EDGE('',*,*,#3957,.T.);
#1442=ORIENTED_EDGE('',*,*,#3962,.F.);
#1443=ORIENTED_EDGE('',*,*,#3963,.F.);
#1444=ORIENTED_EDGE('',*,*,#3964,.T.);
#1445=ORIENTED_EDGE('',*,*,#3960,.T.);
#1446=ORIENTED_EDGE('',*,*,#3965,.F.);
#1447=ORIENTED_EDGE('',*,*,#3922,.F.);
#1448=ORIENTED_EDGE('',*,*,#3966,.T.);
#1449=ORIENTED_EDGE('',*,*,#3963,.T.);
#1450=ORIENTED_EDGE('',*,*,#3595,.F.);
#1451=ORIENTED_EDGE('',*,*,#3890,.F.);
#1452=ORIENTED_EDGE('',*,*,#3967,.T.);
#1453=ORIENTED_EDGE('',*,*,#3917,.T.);
#1454=ORIENTED_EDGE('',*,*,#3921,.F.);
#1455=ORIENTED_EDGE('',*,*,#3925,.F.);
#1456=ORIENTED_EDGE('',*,*,#3928,.F.);
#1457=ORIENTED_EDGE('',*,*,#3931,.F.);
#1458=ORIENTED_EDGE('',*,*,#3934,.F.);
#1459=ORIENTED_EDGE('',*,*,#3937,.F.);
#1460=ORIENTED_EDGE('',*,*,#3940,.F.);
#1461=ORIENTED_EDGE('',*,*,#3943,.F.);
#1462=ORIENTED_EDGE('',*,*,#3946,.F.);
#1463=ORIENTED_EDGE('',*,*,#3949,.F.);
#1464=ORIENTED_EDGE('',*,*,#3952,.F.);
#1465=ORIENTED_EDGE('',*,*,#3955,.F.);
#1466=ORIENTED_EDGE('',*,*,#3958,.F.);
#1467=ORIENTED_EDGE('',*,*,#3961,.F.);
#1468=ORIENTED_EDGE('',*,*,#3964,.F.);
#1469=ORIENTED_EDGE('',*,*,#3966,.F.);
#1470=ORIENTED_EDGE('',*,*,#3889,.F.);
#1471=ORIENTED_EDGE('',*,*,#3892,.F.);
#1472=ORIENTED_EDGE('',*,*,#3894,.F.);
#1473=ORIENTED_EDGE('',*,*,#3896,.F.);
#1474=ORIENTED_EDGE('',*,*,#3898,.F.);
#1475=ORIENTED_EDGE('',*,*,#3900,.F.);
#1476=ORIENTED_EDGE('',*,*,#3902,.F.);
#1477=ORIENTED_EDGE('',*,*,#3904,.F.);
#1478=ORIENTED_EDGE('',*,*,#3906,.F.);
#1479=ORIENTED_EDGE('',*,*,#3908,.F.);
#1480=ORIENTED_EDGE('',*,*,#3910,.F.);
#1481=ORIENTED_EDGE('',*,*,#3912,.F.);
#1482=ORIENTED_EDGE('',*,*,#3914,.F.);
#1483=ORIENTED_EDGE('',*,*,#3916,.F.);
#1484=ORIENTED_EDGE('',*,*,#3918,.F.);
#1485=ORIENTED_EDGE('',*,*,#3967,.F.);
#1486=ORIENTED_EDGE('',*,*,#3919,.T.);
#1487=ORIENTED_EDGE('',*,*,#3965,.T.);
#1488=ORIENTED_EDGE('',*,*,#3962,.T.);
#1489=ORIENTED_EDGE('',*,*,#3959,.T.);
#1490=ORIENTED_EDGE('',*,*,#3956,.T.);
#1491=ORIENTED_EDGE('',*,*,#3953,.T.);
#1492=ORIENTED_EDGE('',*,*,#3950,.T.);
#1493=ORIENTED_EDGE('',*,*,#3947,.T.);
#1494=ORIENTED_EDGE('',*,*,#3944,.T.);
#1495=ORIENTED_EDGE('',*,*,#3941,.T.);
#1496=ORIENTED_EDGE('',*,*,#3938,.T.);
#1497=ORIENTED_EDGE('',*,*,#3935,.T.);
#1498=ORIENTED_EDGE('',*,*,#3932,.T.);
#1499=ORIENTED_EDGE('',*,*,#3929,.T.);
#1500=ORIENTED_EDGE('',*,*,#3926,.T.);
#1501=ORIENTED_EDGE('',*,*,#3923,.T.);
#1502=ORIENTED_EDGE('',*,*,#3573,.F.);
#1503=ORIENTED_EDGE('',*,*,#3968,.F.);
#1504=ORIENTED_EDGE('',*,*,#3969,.T.);
#1505=ORIENTED_EDGE('',*,*,#3970,.T.);
#1506=ORIENTED_EDGE('',*,*,#3572,.F.);
#1507=ORIENTED_EDGE('',*,*,#3971,.F.);
#1508=ORIENTED_EDGE('',*,*,#3972,.T.);
#1509=ORIENTED_EDGE('',*,*,#3968,.T.);
#1510=ORIENTED_EDGE('',*,*,#3585,.F.);
#1511=ORIENTED_EDGE('',*,*,#3973,.F.);
#1512=ORIENTED_EDGE('',*,*,#3974,.T.);
#1513=ORIENTED_EDGE('',*,*,#3971,.T.);
#1514=ORIENTED_EDGE('',*,*,#3584,.F.);
#1515=ORIENTED_EDGE('',*,*,#3975,.F.);
#1516=ORIENTED_EDGE('',*,*,#3976,.T.);
#1517=ORIENTED_EDGE('',*,*,#3973,.T.);
#1518=ORIENTED_EDGE('',*,*,#3583,.F.);
#1519=ORIENTED_EDGE('',*,*,#3977,.F.);
#1520=ORIENTED_EDGE('',*,*,#3978,.T.);
#1521=ORIENTED_EDGE('',*,*,#3975,.T.);
#1522=ORIENTED_EDGE('',*,*,#3582,.F.);
#1523=ORIENTED_EDGE('',*,*,#3979,.F.);
#1524=ORIENTED_EDGE('',*,*,#3980,.T.);
#1525=ORIENTED_EDGE('',*,*,#3977,.T.);
#1526=ORIENTED_EDGE('',*,*,#3581,.F.);
#1527=ORIENTED_EDGE('',*,*,#3981,.F.);
#1528=ORIENTED_EDGE('',*,*,#3982,.T.);
#1529=ORIENTED_EDGE('',*,*,#3979,.T.);
#1530=ORIENTED_EDGE('',*,*,#3580,.F.);
#1531=ORIENTED_EDGE('',*,*,#3983,.F.);
#1532=ORIENTED_EDGE('',*,*,#3984,.T.);
#1533=ORIENTED_EDGE('',*,*,#3981,.T.);
#1534=ORIENTED_EDGE('',*,*,#3579,.F.);
#1535=ORIENTED_EDGE('',*,*,#3985,.F.);
#1536=ORIENTED_EDGE('',*,*,#3986,.T.);
#1537=ORIENTED_EDGE('',*,*,#3983,.T.);
#1538=ORIENTED_EDGE('',*,*,#3578,.F.);
#1539=ORIENTED_EDGE('',*,*,#3987,.F.);
#1540=ORIENTED_EDGE('',*,*,#3988,.T.);
#1541=ORIENTED_EDGE('',*,*,#3985,.T.);
#1542=ORIENTED_EDGE('',*,*,#3577,.F.);
#1543=ORIENTED_EDGE('',*,*,#3989,.F.);
#1544=ORIENTED_EDGE('',*,*,#3990,.T.);
#1545=ORIENTED_EDGE('',*,*,#3987,.T.);
#1546=ORIENTED_EDGE('',*,*,#3576,.F.);
#1547=ORIENTED_EDGE('',*,*,#3991,.F.);
#1548=ORIENTED_EDGE('',*,*,#3992,.T.);
#1549=ORIENTED_EDGE('',*,*,#3989,.T.);
#1550=ORIENTED_EDGE('',*,*,#3575,.F.);
#1551=ORIENTED_EDGE('',*,*,#3993,.F.);
#1552=ORIENTED_EDGE('',*,*,#3994,.T.);
#1553=ORIENTED_EDGE('',*,*,#3991,.T.);
#1554=ORIENTED_EDGE('',*,*,#3574,.F.);
#1555=ORIENTED_EDGE('',*,*,#3970,.F.);
#1556=ORIENTED_EDGE('',*,*,#3995,.T.);
#1557=ORIENTED_EDGE('',*,*,#3993,.T.);
#1558=ORIENTED_EDGE('',*,*,#3969,.F.);
#1559=ORIENTED_EDGE('',*,*,#3972,.F.);
#1560=ORIENTED_EDGE('',*,*,#3974,.F.);
#1561=ORIENTED_EDGE('',*,*,#3976,.F.);
#1562=ORIENTED_EDGE('',*,*,#3978,.F.);
#1563=ORIENTED_EDGE('',*,*,#3980,.F.);
#1564=ORIENTED_EDGE('',*,*,#3982,.F.);
#1565=ORIENTED_EDGE('',*,*,#3984,.F.);
#1566=ORIENTED_EDGE('',*,*,#3986,.F.);
#1567=ORIENTED_EDGE('',*,*,#3988,.F.);
#1568=ORIENTED_EDGE('',*,*,#3990,.F.);
#1569=ORIENTED_EDGE('',*,*,#3992,.F.);
#1570=ORIENTED_EDGE('',*,*,#3994,.F.);
#1571=ORIENTED_EDGE('',*,*,#3995,.F.);
#1572=ORIENTED_EDGE('',*,*,#3553,.F.);
#1573=ORIENTED_EDGE('',*,*,#3996,.F.);
#1574=ORIENTED_EDGE('',*,*,#3997,.T.);
#1575=ORIENTED_EDGE('',*,*,#3998,.T.);
#1576=ORIENTED_EDGE('',*,*,#3552,.F.);
#1577=ORIENTED_EDGE('',*,*,#3999,.F.);
#1578=ORIENTED_EDGE('',*,*,#4000,.T.);
#1579=ORIENTED_EDGE('',*,*,#3996,.T.);
#1580=ORIENTED_EDGE('',*,*,#3571,.F.);
#1581=ORIENTED_EDGE('',*,*,#4001,.F.);
#1582=ORIENTED_EDGE('',*,*,#4002,.T.);
#1583=ORIENTED_EDGE('',*,*,#3999,.T.);
#1584=ORIENTED_EDGE('',*,*,#3570,.F.);
#1585=ORIENTED_EDGE('',*,*,#4003,.F.);
#1586=ORIENTED_EDGE('',*,*,#4004,.T.);
#1587=ORIENTED_EDGE('',*,*,#4001,.T.);
#1588=ORIENTED_EDGE('',*,*,#3569,.F.);
#1589=ORIENTED_EDGE('',*,*,#4005,.F.);
#1590=ORIENTED_EDGE('',*,*,#4006,.T.);
#1591=ORIENTED_EDGE('',*,*,#4003,.T.);
#1592=ORIENTED_EDGE('',*,*,#3568,.F.);
#1593=ORIENTED_EDGE('',*,*,#4007,.F.);
#1594=ORIENTED_EDGE('',*,*,#4008,.T.);
#1595=ORIENTED_EDGE('',*,*,#4005,.T.);
#1596=ORIENTED_EDGE('',*,*,#3567,.F.);
#1597=ORIENTED_EDGE('',*,*,#4009,.F.);
#1598=ORIENTED_EDGE('',*,*,#4010,.T.);
#1599=ORIENTED_EDGE('',*,*,#4007,.T.);
#1600=ORIENTED_EDGE('',*,*,#3566,.F.);
#1601=ORIENTED_EDGE('',*,*,#4011,.F.);
#1602=ORIENTED_EDGE('',*,*,#4012,.T.);
#1603=ORIENTED_EDGE('',*,*,#4009,.T.);
#1604=ORIENTED_EDGE('',*,*,#3565,.F.);
#1605=ORIENTED_EDGE('',*,*,#4013,.F.);
#1606=ORIENTED_EDGE('',*,*,#4014,.T.);
#1607=ORIENTED_EDGE('',*,*,#4011,.T.);
#1608=ORIENTED_EDGE('',*,*,#3564,.F.);
#1609=ORIENTED_EDGE('',*,*,#4015,.F.);
#1610=ORIENTED_EDGE('',*,*,#4016,.T.);
#1611=ORIENTED_EDGE('',*,*,#4013,.T.);
#1612=ORIENTED_EDGE('',*,*,#3563,.F.);
#1613=ORIENTED_EDGE('',*,*,#4017,.F.);
#1614=ORIENTED_EDGE('',*,*,#4018,.T.);
#1615=ORIENTED_EDGE('',*,*,#4015,.T.);
#1616=ORIENTED_EDGE('',*,*,#3562,.F.);
#1617=ORIENTED_EDGE('',*,*,#4019,.F.);
#1618=ORIENTED_EDGE('',*,*,#4020,.T.);
#1619=ORIENTED_EDGE('',*,*,#4017,.T.);
#1620=ORIENTED_EDGE('',*,*,#3561,.F.);
#1621=ORIENTED_EDGE('',*,*,#4021,.F.);
#1622=ORIENTED_EDGE('',*,*,#4022,.T.);
#1623=ORIENTED_EDGE('',*,*,#4019,.T.);
#1624=ORIENTED_EDGE('',*,*,#3560,.F.);
#1625=ORIENTED_EDGE('',*,*,#4023,.F.);
#1626=ORIENTED_EDGE('',*,*,#4024,.T.);
#1627=ORIENTED_EDGE('',*,*,#4021,.T.);
#1628=ORIENTED_EDGE('',*,*,#3559,.F.);
#1629=ORIENTED_EDGE('',*,*,#4025,.F.);
#1630=ORIENTED_EDGE('',*,*,#4026,.T.);
#1631=ORIENTED_EDGE('',*,*,#4023,.T.);
#1632=ORIENTED_EDGE('',*,*,#3558,.F.);
#1633=ORIENTED_EDGE('',*,*,#4027,.F.);
#1634=ORIENTED_EDGE('',*,*,#4028,.T.);
#1635=ORIENTED_EDGE('',*,*,#4025,.T.);
#1636=ORIENTED_EDGE('',*,*,#3557,.F.);
#1637=ORIENTED_EDGE('',*,*,#4029,.F.);
#1638=ORIENTED_EDGE('',*,*,#4030,.T.);
#1639=ORIENTED_EDGE('',*,*,#4027,.T.);
#1640=ORIENTED_EDGE('',*,*,#3556,.F.);
#1641=ORIENTED_EDGE('',*,*,#4031,.F.);
#1642=ORIENTED_EDGE('',*,*,#4032,.T.);
#1643=ORIENTED_EDGE('',*,*,#4029,.T.);
#1644=ORIENTED_EDGE('',*,*,#3555,.F.);
#1645=ORIENTED_EDGE('',*,*,#4033,.F.);
#1646=ORIENTED_EDGE('',*,*,#4034,.T.);
#1647=ORIENTED_EDGE('',*,*,#4031,.T.);
#1648=ORIENTED_EDGE('',*,*,#3554,.F.);
#1649=ORIENTED_EDGE('',*,*,#3998,.F.);
#1650=ORIENTED_EDGE('',*,*,#4035,.T.);
#1651=ORIENTED_EDGE('',*,*,#4033,.T.);
#1652=ORIENTED_EDGE('',*,*,#3997,.F.);
#1653=ORIENTED_EDGE('',*,*,#4000,.F.);
#1654=ORIENTED_EDGE('',*,*,#4002,.F.);
#1655=ORIENTED_EDGE('',*,*,#4004,.F.);
#1656=ORIENTED_EDGE('',*,*,#4006,.F.);
#1657=ORIENTED_EDGE('',*,*,#4008,.F.);
#1658=ORIENTED_EDGE('',*,*,#4010,.F.);
#1659=ORIENTED_EDGE('',*,*,#4012,.F.);
#1660=ORIENTED_EDGE('',*,*,#4014,.F.);
#1661=ORIENTED_EDGE('',*,*,#4016,.F.);
#1662=ORIENTED_EDGE('',*,*,#4018,.F.);
#1663=ORIENTED_EDGE('',*,*,#4020,.F.);
#1664=ORIENTED_EDGE('',*,*,#4022,.F.);
#1665=ORIENTED_EDGE('',*,*,#4024,.F.);
#1666=ORIENTED_EDGE('',*,*,#4026,.F.);
#1667=ORIENTED_EDGE('',*,*,#4028,.F.);
#1668=ORIENTED_EDGE('',*,*,#4030,.F.);
#1669=ORIENTED_EDGE('',*,*,#4032,.F.);
#1670=ORIENTED_EDGE('',*,*,#4034,.F.);
#1671=ORIENTED_EDGE('',*,*,#4035,.F.);
#1672=ORIENTED_EDGE('',*,*,#4036,.F.);
#1673=ORIENTED_EDGE('',*,*,#4037,.F.);
#1674=ORIENTED_EDGE('',*,*,#4038,.T.);
#1675=ORIENTED_EDGE('',*,*,#4039,.T.);
#1676=ORIENTED_EDGE('',*,*,#4040,.F.);
#1677=ORIENTED_EDGE('',*,*,#4041,.F.);
#1678=ORIENTED_EDGE('',*,*,#4042,.T.);
#1679=ORIENTED_EDGE('',*,*,#4037,.T.);
#1680=ORIENTED_EDGE('',*,*,#4043,.F.);
#1681=ORIENTED_EDGE('',*,*,#4044,.F.);
#1682=ORIENTED_EDGE('',*,*,#4045,.T.);
#1683=ORIENTED_EDGE('',*,*,#4041,.T.);
#1684=ORIENTED_EDGE('',*,*,#4046,.F.);
#1685=ORIENTED_EDGE('',*,*,#4047,.F.);
#1686=ORIENTED_EDGE('',*,*,#4048,.T.);
#1687=ORIENTED_EDGE('',*,*,#4044,.T.);
#1688=ORIENTED_EDGE('',*,*,#4049,.F.);
#1689=ORIENTED_EDGE('',*,*,#4050,.F.);
#1690=ORIENTED_EDGE('',*,*,#4051,.T.);
#1691=ORIENTED_EDGE('',*,*,#4047,.T.);
#1692=ORIENTED_EDGE('',*,*,#4052,.F.);
#1693=ORIENTED_EDGE('',*,*,#4053,.F.);
#1694=ORIENTED_EDGE('',*,*,#4054,.T.);
#1695=ORIENTED_EDGE('',*,*,#4050,.T.);
#1696=ORIENTED_EDGE('',*,*,#4055,.F.);
#1697=ORIENTED_EDGE('',*,*,#4056,.F.);
#1698=ORIENTED_EDGE('',*,*,#4057,.T.);
#1699=ORIENTED_EDGE('',*,*,#4053,.T.);
#1700=ORIENTED_EDGE('',*,*,#3611,.F.);
#1701=ORIENTED_EDGE('',*,*,#4058,.F.);
#1702=ORIENTED_EDGE('',*,*,#4059,.T.);
#1703=ORIENTED_EDGE('',*,*,#4060,.T.);
#1704=ORIENTED_EDGE('',*,*,#3610,.F.);
#1705=ORIENTED_EDGE('',*,*,#4061,.F.);
#1706=ORIENTED_EDGE('',*,*,#4062,.T.);
#1707=ORIENTED_EDGE('',*,*,#4058,.T.);
#1708=ORIENTED_EDGE('',*,*,#3623,.F.);
#1709=ORIENTED_EDGE('',*,*,#4063,.F.);
#1710=ORIENTED_EDGE('',*,*,#4064,.T.);
#1711=ORIENTED_EDGE('',*,*,#4061,.T.);
#1712=ORIENTED_EDGE('',*,*,#3622,.F.);
#1713=ORIENTED_EDGE('',*,*,#4065,.F.);
#1714=ORIENTED_EDGE('',*,*,#4066,.T.);
#1715=ORIENTED_EDGE('',*,*,#4063,.T.);
#1716=ORIENTED_EDGE('',*,*,#3621,.F.);
#1717=ORIENTED_EDGE('',*,*,#4067,.F.);
#1718=ORIENTED_EDGE('',*,*,#4068,.T.);
#1719=ORIENTED_EDGE('',*,*,#4065,.T.);
#1720=ORIENTED_EDGE('',*,*,#3620,.F.);
#1721=ORIENTED_EDGE('',*,*,#4069,.F.);
#1722=ORIENTED_EDGE('',*,*,#4070,.T.);
#1723=ORIENTED_EDGE('',*,*,#4067,.T.);
#1724=ORIENTED_EDGE('',*,*,#3619,.F.);
#1725=ORIENTED_EDGE('',*,*,#4071,.F.);
#1726=ORIENTED_EDGE('',*,*,#4072,.T.);
#1727=ORIENTED_EDGE('',*,*,#4069,.T.);
#1728=ORIENTED_EDGE('',*,*,#3618,.F.);
#1729=ORIENTED_EDGE('',*,*,#4073,.F.);
#1730=ORIENTED_EDGE('',*,*,#4074,.T.);
#1731=ORIENTED_EDGE('',*,*,#4071,.T.);
#1732=ORIENTED_EDGE('',*,*,#3617,.F.);
#1733=ORIENTED_EDGE('',*,*,#4075,.F.);
#1734=ORIENTED_EDGE('',*,*,#4076,.T.);
#1735=ORIENTED_EDGE('',*,*,#4073,.T.);
#1736=ORIENTED_EDGE('',*,*,#3616,.F.);
#1737=ORIENTED_EDGE('',*,*,#4077,.F.);
#1738=ORIENTED_EDGE('',*,*,#4078,.T.);
#1739=ORIENTED_EDGE('',*,*,#4075,.T.);
#1740=ORIENTED_EDGE('',*,*,#3615,.F.);
#1741=ORIENTED_EDGE('',*,*,#4079,.F.);
#1742=ORIENTED_EDGE('',*,*,#4080,.T.);
#1743=ORIENTED_EDGE('',*,*,#4077,.T.);
#1744=ORIENTED_EDGE('',*,*,#3614,.F.);
#1745=ORIENTED_EDGE('',*,*,#4081,.F.);
#1746=ORIENTED_EDGE('',*,*,#4082,.T.);
#1747=ORIENTED_EDGE('',*,*,#4079,.T.);
#1748=ORIENTED_EDGE('',*,*,#3613,.F.);
#1749=ORIENTED_EDGE('',*,*,#4083,.F.);
#1750=ORIENTED_EDGE('',*,*,#4084,.T.);
#1751=ORIENTED_EDGE('',*,*,#4081,.T.);
#1752=ORIENTED_EDGE('',*,*,#3612,.F.);
#1753=ORIENTED_EDGE('',*,*,#4060,.F.);
#1754=ORIENTED_EDGE('',*,*,#4085,.T.);
#1755=ORIENTED_EDGE('',*,*,#4083,.T.);
#1756=ORIENTED_EDGE('',*,*,#4086,.F.);
#1757=ORIENTED_EDGE('',*,*,#4039,.F.);
#1758=ORIENTED_EDGE('',*,*,#4087,.T.);
#1759=ORIENTED_EDGE('',*,*,#4056,.T.);
#1760=ORIENTED_EDGE('',*,*,#4059,.F.);
#1761=ORIENTED_EDGE('',*,*,#4062,.F.);
#1762=ORIENTED_EDGE('',*,*,#4064,.F.);
#1763=ORIENTED_EDGE('',*,*,#4066,.F.);
#1764=ORIENTED_EDGE('',*,*,#4068,.F.);
#1765=ORIENTED_EDGE('',*,*,#4070,.F.);
#1766=ORIENTED_EDGE('',*,*,#4072,.F.);
#1767=ORIENTED_EDGE('',*,*,#4074,.F.);
#1768=ORIENTED_EDGE('',*,*,#4076,.F.);
#1769=ORIENTED_EDGE('',*,*,#4078,.F.);
#1770=ORIENTED_EDGE('',*,*,#4080,.F.);
#1771=ORIENTED_EDGE('',*,*,#4082,.F.);
#1772=ORIENTED_EDGE('',*,*,#4084,.F.);
#1773=ORIENTED_EDGE('',*,*,#4085,.F.);
#1774=ORIENTED_EDGE('',*,*,#4038,.F.);
#1775=ORIENTED_EDGE('',*,*,#4042,.F.);
#1776=ORIENTED_EDGE('',*,*,#4045,.F.);
#1777=ORIENTED_EDGE('',*,*,#4048,.F.);
#1778=ORIENTED_EDGE('',*,*,#4051,.F.);
#1779=ORIENTED_EDGE('',*,*,#4054,.F.);
#1780=ORIENTED_EDGE('',*,*,#4057,.F.);
#1781=ORIENTED_EDGE('',*,*,#4087,.F.);
#1782=ORIENTED_EDGE('',*,*,#4088,.F.);
#1783=ORIENTED_EDGE('',*,*,#4089,.F.);
#1784=ORIENTED_EDGE('',*,*,#4090,.T.);
#1785=ORIENTED_EDGE('',*,*,#4091,.T.);
#1786=ORIENTED_EDGE('',*,*,#4092,.F.);
#1787=ORIENTED_EDGE('',*,*,#4093,.F.);
#1788=ORIENTED_EDGE('',*,*,#4094,.T.);
#1789=ORIENTED_EDGE('',*,*,#4089,.T.);
#1790=ORIENTED_EDGE('',*,*,#4095,.F.);
#1791=ORIENTED_EDGE('',*,*,#4096,.F.);
#1792=ORIENTED_EDGE('',*,*,#4097,.T.);
#1793=ORIENTED_EDGE('',*,*,#4093,.T.);
#1794=ORIENTED_EDGE('',*,*,#4098,.F.);
#1795=ORIENTED_EDGE('',*,*,#4099,.F.);
#1796=ORIENTED_EDGE('',*,*,#4100,.T.);
#1797=ORIENTED_EDGE('',*,*,#4096,.T.);
#1798=ORIENTED_EDGE('',*,*,#4101,.F.);
#1799=ORIENTED_EDGE('',*,*,#4102,.F.);
#1800=ORIENTED_EDGE('',*,*,#4103,.T.);
#1801=ORIENTED_EDGE('',*,*,#4099,.T.);
#1802=ORIENTED_EDGE('',*,*,#4104,.F.);
#1803=ORIENTED_EDGE('',*,*,#4105,.F.);
#1804=ORIENTED_EDGE('',*,*,#4106,.T.);
#1805=ORIENTED_EDGE('',*,*,#4102,.T.);
#1806=ORIENTED_EDGE('',*,*,#4107,.F.);
#1807=ORIENTED_EDGE('',*,*,#4108,.F.);
#1808=ORIENTED_EDGE('',*,*,#4109,.T.);
#1809=ORIENTED_EDGE('',*,*,#4105,.T.);
#1810=ORIENTED_EDGE('',*,*,#3539,.F.);
#1811=ORIENTED_EDGE('',*,*,#4110,.F.);
#1812=ORIENTED_EDGE('',*,*,#4111,.T.);
#1813=ORIENTED_EDGE('',*,*,#4112,.T.);
#1814=ORIENTED_EDGE('',*,*,#3538,.F.);
#1815=ORIENTED_EDGE('',*,*,#4113,.F.);
#1816=ORIENTED_EDGE('',*,*,#4114,.T.);
#1817=ORIENTED_EDGE('',*,*,#4110,.T.);
#1818=ORIENTED_EDGE('',*,*,#3551,.F.);
#1819=ORIENTED_EDGE('',*,*,#4115,.F.);
#1820=ORIENTED_EDGE('',*,*,#4116,.T.);
#1821=ORIENTED_EDGE('',*,*,#4113,.T.);
#1822=ORIENTED_EDGE('',*,*,#3550,.F.);
#1823=ORIENTED_EDGE('',*,*,#4117,.F.);
#1824=ORIENTED_EDGE('',*,*,#4118,.T.);
#1825=ORIENTED_EDGE('',*,*,#4115,.T.);
#1826=ORIENTED_EDGE('',*,*,#3549,.F.);
#1827=ORIENTED_EDGE('',*,*,#4119,.F.);
#1828=ORIENTED_EDGE('',*,*,#4120,.T.);
#1829=ORIENTED_EDGE('',*,*,#4117,.T.);
#1830=ORIENTED_EDGE('',*,*,#3548,.F.);
#1831=ORIENTED_EDGE('',*,*,#4121,.F.);
#1832=ORIENTED_EDGE('',*,*,#4122,.T.);
#1833=ORIENTED_EDGE('',*,*,#4119,.T.);
#1834=ORIENTED_EDGE('',*,*,#3547,.F.);
#1835=ORIENTED_EDGE('',*,*,#4123,.F.);
#1836=ORIENTED_EDGE('',*,*,#4124,.T.);
#1837=ORIENTED_EDGE('',*,*,#4121,.T.);
#1838=ORIENTED_EDGE('',*,*,#3546,.F.);
#1839=ORIENTED_EDGE('',*,*,#4125,.F.);
#1840=ORIENTED_EDGE('',*,*,#4126,.T.);
#1841=ORIENTED_EDGE('',*,*,#4123,.T.);
#1842=ORIENTED_EDGE('',*,*,#3545,.F.);
#1843=ORIENTED_EDGE('',*,*,#4127,.F.);
#1844=ORIENTED_EDGE('',*,*,#4128,.T.);
#1845=ORIENTED_EDGE('',*,*,#4125,.T.);
#1846=ORIENTED_EDGE('',*,*,#3544,.F.);
#1847=ORIENTED_EDGE('',*,*,#4129,.F.);
#1848=ORIENTED_EDGE('',*,*,#4130,.T.);
#1849=ORIENTED_EDGE('',*,*,#4127,.T.);
#1850=ORIENTED_EDGE('',*,*,#3543,.F.);
#1851=ORIENTED_EDGE('',*,*,#4131,.F.);
#1852=ORIENTED_EDGE('',*,*,#4132,.T.);
#1853=ORIENTED_EDGE('',*,*,#4129,.T.);
#1854=ORIENTED_EDGE('',*,*,#3542,.F.);
#1855=ORIENTED_EDGE('',*,*,#4133,.F.);
#1856=ORIENTED_EDGE('',*,*,#4134,.T.);
#1857=ORIENTED_EDGE('',*,*,#4131,.T.);
#1858=ORIENTED_EDGE('',*,*,#3541,.F.);
#1859=ORIENTED_EDGE('',*,*,#4135,.F.);
#1860=ORIENTED_EDGE('',*,*,#4136,.T.);
#1861=ORIENTED_EDGE('',*,*,#4133,.T.);
#1862=ORIENTED_EDGE('',*,*,#3540,.F.);
#1863=ORIENTED_EDGE('',*,*,#4112,.F.);
#1864=ORIENTED_EDGE('',*,*,#4137,.T.);
#1865=ORIENTED_EDGE('',*,*,#4135,.T.);
#1866=ORIENTED_EDGE('',*,*,#4138,.F.);
#1867=ORIENTED_EDGE('',*,*,#4091,.F.);
#1868=ORIENTED_EDGE('',*,*,#4139,.T.);
#1869=ORIENTED_EDGE('',*,*,#4108,.T.);
#1870=ORIENTED_EDGE('',*,*,#4111,.F.);
#1871=ORIENTED_EDGE('',*,*,#4114,.F.);
#1872=ORIENTED_EDGE('',*,*,#4116,.F.);
#1873=ORIENTED_EDGE('',*,*,#4118,.F.);
#1874=ORIENTED_EDGE('',*,*,#4120,.F.);
#1875=ORIENTED_EDGE('',*,*,#4122,.F.);
#1876=ORIENTED_EDGE('',*,*,#4124,.F.);
#1877=ORIENTED_EDGE('',*,*,#4126,.F.);
#1878=ORIENTED_EDGE('',*,*,#4128,.F.);
#1879=ORIENTED_EDGE('',*,*,#4130,.F.);
#1880=ORIENTED_EDGE('',*,*,#4132,.F.);
#1881=ORIENTED_EDGE('',*,*,#4134,.F.);
#1882=ORIENTED_EDGE('',*,*,#4136,.F.);
#1883=ORIENTED_EDGE('',*,*,#4137,.F.);
#1884=ORIENTED_EDGE('',*,*,#4090,.F.);
#1885=ORIENTED_EDGE('',*,*,#4094,.F.);
#1886=ORIENTED_EDGE('',*,*,#4097,.F.);
#1887=ORIENTED_EDGE('',*,*,#4100,.F.);
#1888=ORIENTED_EDGE('',*,*,#4103,.F.);
#1889=ORIENTED_EDGE('',*,*,#4106,.F.);
#1890=ORIENTED_EDGE('',*,*,#4109,.F.);
#1891=ORIENTED_EDGE('',*,*,#4139,.F.);
#1892=ORIENTED_EDGE('',*,*,#3525,.F.);
#1893=ORIENTED_EDGE('',*,*,#4140,.F.);
#1894=ORIENTED_EDGE('',*,*,#4141,.T.);
#1895=ORIENTED_EDGE('',*,*,#4142,.T.);
#1896=ORIENTED_EDGE('',*,*,#3524,.F.);
#1897=ORIENTED_EDGE('',*,*,#4143,.F.);
#1898=ORIENTED_EDGE('',*,*,#4144,.T.);
#1899=ORIENTED_EDGE('',*,*,#4140,.T.);
#1900=ORIENTED_EDGE('',*,*,#3537,.F.);
#1901=ORIENTED_EDGE('',*,*,#4145,.F.);
#1902=ORIENTED_EDGE('',*,*,#4146,.T.);
#1903=ORIENTED_EDGE('',*,*,#4143,.T.);
#1904=ORIENTED_EDGE('',*,*,#3536,.F.);
#1905=ORIENTED_EDGE('',*,*,#4147,.F.);
#1906=ORIENTED_EDGE('',*,*,#4148,.T.);
#1907=ORIENTED_EDGE('',*,*,#4145,.T.);
#1908=ORIENTED_EDGE('',*,*,#3535,.F.);
#1909=ORIENTED_EDGE('',*,*,#4149,.F.);
#1910=ORIENTED_EDGE('',*,*,#4150,.T.);
#1911=ORIENTED_EDGE('',*,*,#4147,.T.);
#1912=ORIENTED_EDGE('',*,*,#3534,.F.);
#1913=ORIENTED_EDGE('',*,*,#4151,.F.);
#1914=ORIENTED_EDGE('',*,*,#4152,.T.);
#1915=ORIENTED_EDGE('',*,*,#4149,.T.);
#1916=ORIENTED_EDGE('',*,*,#3533,.F.);
#1917=ORIENTED_EDGE('',*,*,#4153,.F.);
#1918=ORIENTED_EDGE('',*,*,#4154,.T.);
#1919=ORIENTED_EDGE('',*,*,#4151,.T.);
#1920=ORIENTED_EDGE('',*,*,#3532,.F.);
#1921=ORIENTED_EDGE('',*,*,#4155,.F.);
#1922=ORIENTED_EDGE('',*,*,#4156,.T.);
#1923=ORIENTED_EDGE('',*,*,#4153,.T.);
#1924=ORIENTED_EDGE('',*,*,#3531,.F.);
#1925=ORIENTED_EDGE('',*,*,#4157,.F.);
#1926=ORIENTED_EDGE('',*,*,#4158,.T.);
#1927=ORIENTED_EDGE('',*,*,#4155,.T.);
#1928=ORIENTED_EDGE('',*,*,#3530,.F.);
#1929=ORIENTED_EDGE('',*,*,#4159,.F.);
#1930=ORIENTED_EDGE('',*,*,#4160,.T.);
#1931=ORIENTED_EDGE('',*,*,#4157,.T.);
#1932=ORIENTED_EDGE('',*,*,#3529,.F.);
#1933=ORIENTED_EDGE('',*,*,#4161,.F.);
#1934=ORIENTED_EDGE('',*,*,#4162,.T.);
#1935=ORIENTED_EDGE('',*,*,#4159,.T.);
#1936=ORIENTED_EDGE('',*,*,#3528,.F.);
#1937=ORIENTED_EDGE('',*,*,#4163,.F.);
#1938=ORIENTED_EDGE('',*,*,#4164,.T.);
#1939=ORIENTED_EDGE('',*,*,#4161,.T.);
#1940=ORIENTED_EDGE('',*,*,#3527,.F.);
#1941=ORIENTED_EDGE('',*,*,#4165,.F.);
#1942=ORIENTED_EDGE('',*,*,#4166,.T.);
#1943=ORIENTED_EDGE('',*,*,#4163,.T.);
#1944=ORIENTED_EDGE('',*,*,#3526,.F.);
#1945=ORIENTED_EDGE('',*,*,#4142,.F.);
#1946=ORIENTED_EDGE('',*,*,#4167,.T.);
#1947=ORIENTED_EDGE('',*,*,#4165,.T.);
#1948=ORIENTED_EDGE('',*,*,#4141,.F.);
#1949=ORIENTED_EDGE('',*,*,#4144,.F.);
#1950=ORIENTED_EDGE('',*,*,#4146,.F.);
#1951=ORIENTED_EDGE('',*,*,#4148,.F.);
#1952=ORIENTED_EDGE('',*,*,#4150,.F.);
#1953=ORIENTED_EDGE('',*,*,#4152,.F.);
#1954=ORIENTED_EDGE('',*,*,#4154,.F.);
#1955=ORIENTED_EDGE('',*,*,#4156,.F.);
#1956=ORIENTED_EDGE('',*,*,#4158,.F.);
#1957=ORIENTED_EDGE('',*,*,#4160,.F.);
#1958=ORIENTED_EDGE('',*,*,#4162,.F.);
#1959=ORIENTED_EDGE('',*,*,#4164,.F.);
#1960=ORIENTED_EDGE('',*,*,#4166,.F.);
#1961=ORIENTED_EDGE('',*,*,#4167,.F.);
#1962=ORIENTED_EDGE('',*,*,#3497,.F.);
#1963=ORIENTED_EDGE('',*,*,#4168,.F.);
#1964=ORIENTED_EDGE('',*,*,#4169,.T.);
#1965=ORIENTED_EDGE('',*,*,#4170,.T.);
#1966=ORIENTED_EDGE('',*,*,#3496,.F.);
#1967=ORIENTED_EDGE('',*,*,#4171,.F.);
#1968=ORIENTED_EDGE('',*,*,#4172,.T.);
#1969=ORIENTED_EDGE('',*,*,#4168,.T.);
#1970=ORIENTED_EDGE('',*,*,#3523,.F.);
#1971=ORIENTED_EDGE('',*,*,#4173,.F.);
#1972=ORIENTED_EDGE('',*,*,#4174,.T.);
#1973=ORIENTED_EDGE('',*,*,#4171,.T.);
#1974=ORIENTED_EDGE('',*,*,#3522,.F.);
#1975=ORIENTED_EDGE('',*,*,#4175,.F.);
#1976=ORIENTED_EDGE('',*,*,#4176,.T.);
#1977=ORIENTED_EDGE('',*,*,#4173,.T.);
#1978=ORIENTED_EDGE('',*,*,#3521,.F.);
#1979=ORIENTED_EDGE('',*,*,#4177,.F.);
#1980=ORIENTED_EDGE('',*,*,#4178,.T.);
#1981=ORIENTED_EDGE('',*,*,#4175,.T.);
#1982=ORIENTED_EDGE('',*,*,#3520,.F.);
#1983=ORIENTED_EDGE('',*,*,#4179,.F.);
#1984=ORIENTED_EDGE('',*,*,#4180,.T.);
#1985=ORIENTED_EDGE('',*,*,#4177,.T.);
#1986=ORIENTED_EDGE('',*,*,#3519,.F.);
#1987=ORIENTED_EDGE('',*,*,#4181,.F.);
#1988=ORIENTED_EDGE('',*,*,#4182,.T.);
#1989=ORIENTED_EDGE('',*,*,#4179,.T.);
#1990=ORIENTED_EDGE('',*,*,#3518,.F.);
#1991=ORIENTED_EDGE('',*,*,#4183,.F.);
#1992=ORIENTED_EDGE('',*,*,#4184,.T.);
#1993=ORIENTED_EDGE('',*,*,#4181,.T.);
#1994=ORIENTED_EDGE('',*,*,#3517,.F.);
#1995=ORIENTED_EDGE('',*,*,#4185,.F.);
#1996=ORIENTED_EDGE('',*,*,#4186,.T.);
#1997=ORIENTED_EDGE('',*,*,#4183,.T.);
#1998=ORIENTED_EDGE('',*,*,#3516,.F.);
#1999=ORIENTED_EDGE('',*,*,#4187,.F.);
#2000=ORIENTED_EDGE('',*,*,#4188,.T.);
#2001=ORIENTED_EDGE('',*,*,#4185,.T.);
#2002=ORIENTED_EDGE('',*,*,#3515,.F.);
#2003=ORIENTED_EDGE('',*,*,#4189,.F.);
#2004=ORIENTED_EDGE('',*,*,#4190,.T.);
#2005=ORIENTED_EDGE('',*,*,#4187,.T.);
#2006=ORIENTED_EDGE('',*,*,#3514,.F.);
#2007=ORIENTED_EDGE('',*,*,#4191,.F.);
#2008=ORIENTED_EDGE('',*,*,#4192,.T.);
#2009=ORIENTED_EDGE('',*,*,#4189,.T.);
#2010=ORIENTED_EDGE('',*,*,#3513,.F.);
#2011=ORIENTED_EDGE('',*,*,#4193,.F.);
#2012=ORIENTED_EDGE('',*,*,#4194,.T.);
#2013=ORIENTED_EDGE('',*,*,#4191,.T.);
#2014=ORIENTED_EDGE('',*,*,#3512,.F.);
#2015=ORIENTED_EDGE('',*,*,#4195,.F.);
#2016=ORIENTED_EDGE('',*,*,#4196,.T.);
#2017=ORIENTED_EDGE('',*,*,#4193,.T.);
#2018=ORIENTED_EDGE('',*,*,#3511,.F.);
#2019=ORIENTED_EDGE('',*,*,#4197,.F.);
#2020=ORIENTED_EDGE('',*,*,#4198,.T.);
#2021=ORIENTED_EDGE('',*,*,#4195,.T.);
#2022=ORIENTED_EDGE('',*,*,#3510,.F.);
#2023=ORIENTED_EDGE('',*,*,#4199,.F.);
#2024=ORIENTED_EDGE('',*,*,#4200,.T.);
#2025=ORIENTED_EDGE('',*,*,#4197,.T.);
#2026=ORIENTED_EDGE('',*,*,#3509,.F.);
#2027=ORIENTED_EDGE('',*,*,#4201,.F.);
#2028=ORIENTED_EDGE('',*,*,#4202,.T.);
#2029=ORIENTED_EDGE('',*,*,#4199,.T.);
#2030=ORIENTED_EDGE('',*,*,#3508,.F.);
#2031=ORIENTED_EDGE('',*,*,#4203,.F.);
#2032=ORIENTED_EDGE('',*,*,#4204,.T.);
#2033=ORIENTED_EDGE('',*,*,#4201,.T.);
#2034=ORIENTED_EDGE('',*,*,#3507,.F.);
#2035=ORIENTED_EDGE('',*,*,#4205,.F.);
#2036=ORIENTED_EDGE('',*,*,#4206,.T.);
#2037=ORIENTED_EDGE('',*,*,#4203,.T.);
#2038=ORIENTED_EDGE('',*,*,#3506,.F.);
#2039=ORIENTED_EDGE('',*,*,#4207,.F.);
#2040=ORIENTED_EDGE('',*,*,#4208,.T.);
#2041=ORIENTED_EDGE('',*,*,#4205,.T.);
#2042=ORIENTED_EDGE('',*,*,#3505,.F.);
#2043=ORIENTED_EDGE('',*,*,#4209,.F.);
#2044=ORIENTED_EDGE('',*,*,#4210,.T.);
#2045=ORIENTED_EDGE('',*,*,#4207,.T.);
#2046=ORIENTED_EDGE('',*,*,#3504,.F.);
#2047=ORIENTED_EDGE('',*,*,#4211,.F.);
#2048=ORIENTED_EDGE('',*,*,#4212,.T.);
#2049=ORIENTED_EDGE('',*,*,#4209,.T.);
#2050=ORIENTED_EDGE('',*,*,#3503,.F.);
#2051=ORIENTED_EDGE('',*,*,#4213,.F.);
#2052=ORIENTED_EDGE('',*,*,#4214,.T.);
#2053=ORIENTED_EDGE('',*,*,#4211,.T.);
#2054=ORIENTED_EDGE('',*,*,#3502,.F.);
#2055=ORIENTED_EDGE('',*,*,#4215,.F.);
#2056=ORIENTED_EDGE('',*,*,#4216,.T.);
#2057=ORIENTED_EDGE('',*,*,#4213,.T.);
#2058=ORIENTED_EDGE('',*,*,#3501,.F.);
#2059=ORIENTED_EDGE('',*,*,#4217,.F.);
#2060=ORIENTED_EDGE('',*,*,#4218,.T.);
#2061=ORIENTED_EDGE('',*,*,#4215,.T.);
#2062=ORIENTED_EDGE('',*,*,#3500,.F.);
#2063=ORIENTED_EDGE('',*,*,#4219,.F.);
#2064=ORIENTED_EDGE('',*,*,#4220,.T.);
#2065=ORIENTED_EDGE('',*,*,#4217,.T.);
#2066=ORIENTED_EDGE('',*,*,#3499,.F.);
#2067=ORIENTED_EDGE('',*,*,#4221,.F.);
#2068=ORIENTED_EDGE('',*,*,#4222,.T.);
#2069=ORIENTED_EDGE('',*,*,#4219,.T.);
#2070=ORIENTED_EDGE('',*,*,#3498,.F.);
#2071=ORIENTED_EDGE('',*,*,#4170,.F.);
#2072=ORIENTED_EDGE('',*,*,#4223,.T.);
#2073=ORIENTED_EDGE('',*,*,#4221,.T.);
#2074=ORIENTED_EDGE('',*,*,#4169,.F.);
#2075=ORIENTED_EDGE('',*,*,#4172,.F.);
#2076=ORIENTED_EDGE('',*,*,#4174,.F.);
#2077=ORIENTED_EDGE('',*,*,#4176,.F.);
#2078=ORIENTED_EDGE('',*,*,#4178,.F.);
#2079=ORIENTED_EDGE('',*,*,#4180,.F.);
#2080=ORIENTED_EDGE('',*,*,#4182,.F.);
#2081=ORIENTED_EDGE('',*,*,#4184,.F.);
#2082=ORIENTED_EDGE('',*,*,#4186,.F.);
#2083=ORIENTED_EDGE('',*,*,#4188,.F.);
#2084=ORIENTED_EDGE('',*,*,#4190,.F.);
#2085=ORIENTED_EDGE('',*,*,#4192,.F.);
#2086=ORIENTED_EDGE('',*,*,#4194,.F.);
#2087=ORIENTED_EDGE('',*,*,#4196,.F.);
#2088=ORIENTED_EDGE('',*,*,#4198,.F.);
#2089=ORIENTED_EDGE('',*,*,#4200,.F.);
#2090=ORIENTED_EDGE('',*,*,#4202,.F.);
#2091=ORIENTED_EDGE('',*,*,#4204,.F.);
#2092=ORIENTED_EDGE('',*,*,#4206,.F.);
#2093=ORIENTED_EDGE('',*,*,#4208,.F.);
#2094=ORIENTED_EDGE('',*,*,#4210,.F.);
#2095=ORIENTED_EDGE('',*,*,#4212,.F.);
#2096=ORIENTED_EDGE('',*,*,#4214,.F.);
#2097=ORIENTED_EDGE('',*,*,#4216,.F.);
#2098=ORIENTED_EDGE('',*,*,#4218,.F.);
#2099=ORIENTED_EDGE('',*,*,#4220,.F.);
#2100=ORIENTED_EDGE('',*,*,#4222,.F.);
#2101=ORIENTED_EDGE('',*,*,#4223,.F.);
#2102=ORIENTED_EDGE('',*,*,#4224,.F.);
#2103=ORIENTED_EDGE('',*,*,#4225,.F.);
#2104=ORIENTED_EDGE('',*,*,#4226,.T.);
#2105=ORIENTED_EDGE('',*,*,#4227,.T.);
#2106=ORIENTED_EDGE('',*,*,#4228,.F.);
#2107=ORIENTED_EDGE('',*,*,#4229,.F.);
#2108=ORIENTED_EDGE('',*,*,#4230,.T.);
#2109=ORIENTED_EDGE('',*,*,#4225,.T.);
#2110=ORIENTED_EDGE('',*,*,#4231,.F.);
#2111=ORIENTED_EDGE('',*,*,#4232,.F.);
#2112=ORIENTED_EDGE('',*,*,#4233,.T.);
#2113=ORIENTED_EDGE('',*,*,#4229,.T.);
#2114=ORIENTED_EDGE('',*,*,#4234,.F.);
#2115=ORIENTED_EDGE('',*,*,#4235,.F.);
#2116=ORIENTED_EDGE('',*,*,#4236,.T.);
#2117=ORIENTED_EDGE('',*,*,#4232,.T.);
#2118=ORIENTED_EDGE('',*,*,#4237,.F.);
#2119=ORIENTED_EDGE('',*,*,#4238,.F.);
#2120=ORIENTED_EDGE('',*,*,#4239,.T.);
#2121=ORIENTED_EDGE('',*,*,#4235,.T.);
#2122=ORIENTED_EDGE('',*,*,#4240,.F.);
#2123=ORIENTED_EDGE('',*,*,#4241,.F.);
#2124=ORIENTED_EDGE('',*,*,#4242,.T.);
#2125=ORIENTED_EDGE('',*,*,#4238,.T.);
#2126=ORIENTED_EDGE('',*,*,#3625,.F.);
#2127=ORIENTED_EDGE('',*,*,#4243,.F.);
#2128=ORIENTED_EDGE('',*,*,#4244,.T.);
#2129=ORIENTED_EDGE('',*,*,#4245,.T.);
#2130=ORIENTED_EDGE('',*,*,#3624,.F.);
#2131=ORIENTED_EDGE('',*,*,#4246,.F.);
#2132=ORIENTED_EDGE('',*,*,#4247,.T.);
#2133=ORIENTED_EDGE('',*,*,#4243,.T.);
#2134=ORIENTED_EDGE('',*,*,#3630,.F.);
#2135=ORIENTED_EDGE('',*,*,#4248,.F.);
#2136=ORIENTED_EDGE('',*,*,#4249,.T.);
#2137=ORIENTED_EDGE('',*,*,#4246,.T.);
#2138=ORIENTED_EDGE('',*,*,#3629,.F.);
#2139=ORIENTED_EDGE('',*,*,#4250,.F.);
#2140=ORIENTED_EDGE('',*,*,#4251,.T.);
#2141=ORIENTED_EDGE('',*,*,#4248,.T.);
#2142=ORIENTED_EDGE('',*,*,#3628,.F.);
#2143=ORIENTED_EDGE('',*,*,#4252,.F.);
#2144=ORIENTED_EDGE('',*,*,#4253,.T.);
#2145=ORIENTED_EDGE('',*,*,#4250,.T.);
#2146=ORIENTED_EDGE('',*,*,#3627,.F.);
#2147=ORIENTED_EDGE('',*,*,#4254,.F.);
#2148=ORIENTED_EDGE('',*,*,#4255,.T.);
#2149=ORIENTED_EDGE('',*,*,#4252,.T.);
#2150=ORIENTED_EDGE('',*,*,#3626,.F.);
#2151=ORIENTED_EDGE('',*,*,#4245,.F.);
#2152=ORIENTED_EDGE('',*,*,#4256,.T.);
#2153=ORIENTED_EDGE('',*,*,#4254,.T.);
#2154=ORIENTED_EDGE('',*,*,#4257,.F.);
#2155=ORIENTED_EDGE('',*,*,#4227,.F.);
#2156=ORIENTED_EDGE('',*,*,#4258,.T.);
#2157=ORIENTED_EDGE('',*,*,#4241,.T.);
#2158=ORIENTED_EDGE('',*,*,#4244,.F.);
#2159=ORIENTED_EDGE('',*,*,#4247,.F.);
#2160=ORIENTED_EDGE('',*,*,#4249,.F.);
#2161=ORIENTED_EDGE('',*,*,#4251,.F.);
#2162=ORIENTED_EDGE('',*,*,#4253,.F.);
#2163=ORIENTED_EDGE('',*,*,#4255,.F.);
#2164=ORIENTED_EDGE('',*,*,#4256,.F.);
#2165=ORIENTED_EDGE('',*,*,#4226,.F.);
#2166=ORIENTED_EDGE('',*,*,#4230,.F.);
#2167=ORIENTED_EDGE('',*,*,#4233,.F.);
#2168=ORIENTED_EDGE('',*,*,#4236,.F.);
#2169=ORIENTED_EDGE('',*,*,#4239,.F.);
#2170=ORIENTED_EDGE('',*,*,#4242,.F.);
#2171=ORIENTED_EDGE('',*,*,#4258,.F.);
#2172=ORIENTED_EDGE('',*,*,#3632,.F.);
#2173=ORIENTED_EDGE('',*,*,#4259,.F.);
#2174=ORIENTED_EDGE('',*,*,#4260,.T.);
#2175=ORIENTED_EDGE('',*,*,#4261,.T.);
#2176=ORIENTED_EDGE('',*,*,#3631,.F.);
#2177=ORIENTED_EDGE('',*,*,#4262,.F.);
#2178=ORIENTED_EDGE('',*,*,#4263,.T.);
#2179=ORIENTED_EDGE('',*,*,#4259,.T.);
#2180=ORIENTED_EDGE('',*,*,#3646,.F.);
#2181=ORIENTED_EDGE('',*,*,#4264,.F.);
#2182=ORIENTED_EDGE('',*,*,#4265,.T.);
#2183=ORIENTED_EDGE('',*,*,#4262,.T.);
#2184=ORIENTED_EDGE('',*,*,#3645,.F.);
#2185=ORIENTED_EDGE('',*,*,#4266,.F.);
#2186=ORIENTED_EDGE('',*,*,#4267,.T.);
#2187=ORIENTED_EDGE('',*,*,#4264,.T.);
#2188=ORIENTED_EDGE('',*,*,#3644,.F.);
#2189=ORIENTED_EDGE('',*,*,#4268,.F.);
#2190=ORIENTED_EDGE('',*,*,#4269,.T.);
#2191=ORIENTED_EDGE('',*,*,#4266,.T.);
#2192=ORIENTED_EDGE('',*,*,#3643,.F.);
#2193=ORIENTED_EDGE('',*,*,#4270,.F.);
#2194=ORIENTED_EDGE('',*,*,#4271,.T.);
#2195=ORIENTED_EDGE('',*,*,#4268,.T.);
#2196=ORIENTED_EDGE('',*,*,#3642,.F.);
#2197=ORIENTED_EDGE('',*,*,#4272,.F.);
#2198=ORIENTED_EDGE('',*,*,#4273,.T.);
#2199=ORIENTED_EDGE('',*,*,#4270,.T.);
#2200=ORIENTED_EDGE('',*,*,#3641,.F.);
#2201=ORIENTED_EDGE('',*,*,#4274,.F.);
#2202=ORIENTED_EDGE('',*,*,#4275,.T.);
#2203=ORIENTED_EDGE('',*,*,#4272,.T.);
#2204=ORIENTED_EDGE('',*,*,#3640,.F.);
#2205=ORIENTED_EDGE('',*,*,#4276,.F.);
#2206=ORIENTED_EDGE('',*,*,#4277,.T.);
#2207=ORIENTED_EDGE('',*,*,#4274,.T.);
#2208=ORIENTED_EDGE('',*,*,#3639,.F.);
#2209=ORIENTED_EDGE('',*,*,#4278,.F.);
#2210=ORIENTED_EDGE('',*,*,#4279,.T.);
#2211=ORIENTED_EDGE('',*,*,#4276,.T.);
#2212=ORIENTED_EDGE('',*,*,#3638,.F.);
#2213=ORIENTED_EDGE('',*,*,#4280,.F.);
#2214=ORIENTED_EDGE('',*,*,#4281,.T.);
#2215=ORIENTED_EDGE('',*,*,#4278,.T.);
#2216=ORIENTED_EDGE('',*,*,#3637,.F.);
#2217=ORIENTED_EDGE('',*,*,#4282,.F.);
#2218=ORIENTED_EDGE('',*,*,#4283,.T.);
#2219=ORIENTED_EDGE('',*,*,#4280,.T.);
#2220=ORIENTED_EDGE('',*,*,#3636,.F.);
#2221=ORIENTED_EDGE('',*,*,#4284,.F.);
#2222=ORIENTED_EDGE('',*,*,#4285,.T.);
#2223=ORIENTED_EDGE('',*,*,#4282,.T.);
#2224=ORIENTED_EDGE('',*,*,#3635,.F.);
#2225=ORIENTED_EDGE('',*,*,#4286,.F.);
#2226=ORIENTED_EDGE('',*,*,#4287,.T.);
#2227=ORIENTED_EDGE('',*,*,#4284,.T.);
#2228=ORIENTED_EDGE('',*,*,#3634,.F.);
#2229=ORIENTED_EDGE('',*,*,#4288,.F.);
#2230=ORIENTED_EDGE('',*,*,#4289,.T.);
#2231=ORIENTED_EDGE('',*,*,#4286,.T.);
#2232=ORIENTED_EDGE('',*,*,#3633,.F.);
#2233=ORIENTED_EDGE('',*,*,#4261,.F.);
#2234=ORIENTED_EDGE('',*,*,#4290,.T.);
#2235=ORIENTED_EDGE('',*,*,#4288,.T.);
#2236=ORIENTED_EDGE('',*,*,#4260,.F.);
#2237=ORIENTED_EDGE('',*,*,#4263,.F.);
#2238=ORIENTED_EDGE('',*,*,#4265,.F.);
#2239=ORIENTED_EDGE('',*,*,#4267,.F.);
#2240=ORIENTED_EDGE('',*,*,#4269,.F.);
#2241=ORIENTED_EDGE('',*,*,#4271,.F.);
#2242=ORIENTED_EDGE('',*,*,#4273,.F.);
#2243=ORIENTED_EDGE('',*,*,#4275,.F.);
#2244=ORIENTED_EDGE('',*,*,#4277,.F.);
#2245=ORIENTED_EDGE('',*,*,#4279,.F.);
#2246=ORIENTED_EDGE('',*,*,#4281,.F.);
#2247=ORIENTED_EDGE('',*,*,#4283,.F.);
#2248=ORIENTED_EDGE('',*,*,#4285,.F.);
#2249=ORIENTED_EDGE('',*,*,#4287,.F.);
#2250=ORIENTED_EDGE('',*,*,#4289,.F.);
#2251=ORIENTED_EDGE('',*,*,#4290,.F.);
#2252=ORIENTED_EDGE('',*,*,#3648,.F.);
#2253=ORIENTED_EDGE('',*,*,#4291,.F.);
#2254=ORIENTED_EDGE('',*,*,#4292,.T.);
#2255=ORIENTED_EDGE('',*,*,#4293,.T.);
#2256=ORIENTED_EDGE('',*,*,#3647,.F.);
#2257=ORIENTED_EDGE('',*,*,#4294,.F.);
#2258=ORIENTED_EDGE('',*,*,#4295,.T.);
#2259=ORIENTED_EDGE('',*,*,#4291,.T.);
#2260=ORIENTED_EDGE('',*,*,#3666,.F.);
#2261=ORIENTED_EDGE('',*,*,#4296,.F.);
#2262=ORIENTED_EDGE('',*,*,#4297,.T.);
#2263=ORIENTED_EDGE('',*,*,#4294,.T.);
#2264=ORIENTED_EDGE('',*,*,#3665,.F.);
#2265=ORIENTED_EDGE('',*,*,#4298,.F.);
#2266=ORIENTED_EDGE('',*,*,#4299,.T.);
#2267=ORIENTED_EDGE('',*,*,#4296,.T.);
#2268=ORIENTED_EDGE('',*,*,#3664,.F.);
#2269=ORIENTED_EDGE('',*,*,#4300,.F.);
#2270=ORIENTED_EDGE('',*,*,#4301,.T.);
#2271=ORIENTED_EDGE('',*,*,#4298,.T.);
#2272=ORIENTED_EDGE('',*,*,#3663,.F.);
#2273=ORIENTED_EDGE('',*,*,#4302,.F.);
#2274=ORIENTED_EDGE('',*,*,#4303,.T.);
#2275=ORIENTED_EDGE('',*,*,#4300,.T.);
#2276=ORIENTED_EDGE('',*,*,#3662,.F.);
#2277=ORIENTED_EDGE('',*,*,#4304,.F.);
#2278=ORIENTED_EDGE('',*,*,#4305,.T.);
#2279=ORIENTED_EDGE('',*,*,#4302,.T.);
#2280=ORIENTED_EDGE('',*,*,#3661,.F.);
#2281=ORIENTED_EDGE('',*,*,#4306,.F.);
#2282=ORIENTED_EDGE('',*,*,#4307,.T.);
#2283=ORIENTED_EDGE('',*,*,#4304,.T.);
#2284=ORIENTED_EDGE('',*,*,#3660,.F.);
#2285=ORIENTED_EDGE('',*,*,#4308,.F.);
#2286=ORIENTED_EDGE('',*,*,#4309,.T.);
#2287=ORIENTED_EDGE('',*,*,#4306,.T.);
#2288=ORIENTED_EDGE('',*,*,#3659,.F.);
#2289=ORIENTED_EDGE('',*,*,#4310,.F.);
#2290=ORIENTED_EDGE('',*,*,#4311,.T.);
#2291=ORIENTED_EDGE('',*,*,#4308,.T.);
#2292=ORIENTED_EDGE('',*,*,#3658,.F.);
#2293=ORIENTED_EDGE('',*,*,#4312,.F.);
#2294=ORIENTED_EDGE('',*,*,#4313,.T.);
#2295=ORIENTED_EDGE('',*,*,#4310,.T.);
#2296=ORIENTED_EDGE('',*,*,#3657,.F.);
#2297=ORIENTED_EDGE('',*,*,#4314,.F.);
#2298=ORIENTED_EDGE('',*,*,#4315,.T.);
#2299=ORIENTED_EDGE('',*,*,#4312,.T.);
#2300=ORIENTED_EDGE('',*,*,#3656,.F.);
#2301=ORIENTED_EDGE('',*,*,#4316,.F.);
#2302=ORIENTED_EDGE('',*,*,#4317,.T.);
#2303=ORIENTED_EDGE('',*,*,#4314,.T.);
#2304=ORIENTED_EDGE('',*,*,#3655,.F.);
#2305=ORIENTED_EDGE('',*,*,#4318,.F.);
#2306=ORIENTED_EDGE('',*,*,#4319,.T.);
#2307=ORIENTED_EDGE('',*,*,#4316,.T.);
#2308=ORIENTED_EDGE('',*,*,#3654,.F.);
#2309=ORIENTED_EDGE('',*,*,#4320,.F.);
#2310=ORIENTED_EDGE('',*,*,#4321,.T.);
#2311=ORIENTED_EDGE('',*,*,#4318,.T.);
#2312=ORIENTED_EDGE('',*,*,#3653,.F.);
#2313=ORIENTED_EDGE('',*,*,#4322,.F.);
#2314=ORIENTED_EDGE('',*,*,#4323,.T.);
#2315=ORIENTED_EDGE('',*,*,#4320,.T.);
#2316=ORIENTED_EDGE('',*,*,#3652,.F.);
#2317=ORIENTED_EDGE('',*,*,#4324,.F.);
#2318=ORIENTED_EDGE('',*,*,#4325,.T.);
#2319=ORIENTED_EDGE('',*,*,#4322,.T.);
#2320=ORIENTED_EDGE('',*,*,#3651,.F.);
#2321=ORIENTED_EDGE('',*,*,#4326,.F.);
#2322=ORIENTED_EDGE('',*,*,#4327,.T.);
#2323=ORIENTED_EDGE('',*,*,#4324,.T.);
#2324=ORIENTED_EDGE('',*,*,#3650,.F.);
#2325=ORIENTED_EDGE('',*,*,#4328,.F.);
#2326=ORIENTED_EDGE('',*,*,#4329,.T.);
#2327=ORIENTED_EDGE('',*,*,#4326,.T.);
#2328=ORIENTED_EDGE('',*,*,#3649,.F.);
#2329=ORIENTED_EDGE('',*,*,#4293,.F.);
#2330=ORIENTED_EDGE('',*,*,#4330,.T.);
#2331=ORIENTED_EDGE('',*,*,#4328,.T.);
#2332=ORIENTED_EDGE('',*,*,#4292,.F.);
#2333=ORIENTED_EDGE('',*,*,#4295,.F.);
#2334=ORIENTED_EDGE('',*,*,#4297,.F.);
#2335=ORIENTED_EDGE('',*,*,#4299,.F.);
#2336=ORIENTED_EDGE('',*,*,#4301,.F.);
#2337=ORIENTED_EDGE('',*,*,#4303,.F.);
#2338=ORIENTED_EDGE('',*,*,#4305,.F.);
#2339=ORIENTED_EDGE('',*,*,#4307,.F.);
#2340=ORIENTED_EDGE('',*,*,#4309,.F.);
#2341=ORIENTED_EDGE('',*,*,#4311,.F.);
#2342=ORIENTED_EDGE('',*,*,#4313,.F.);
#2343=ORIENTED_EDGE('',*,*,#4315,.F.);
#2344=ORIENTED_EDGE('',*,*,#4317,.F.);
#2345=ORIENTED_EDGE('',*,*,#4319,.F.);
#2346=ORIENTED_EDGE('',*,*,#4321,.F.);
#2347=ORIENTED_EDGE('',*,*,#4323,.F.);
#2348=ORIENTED_EDGE('',*,*,#4325,.F.);
#2349=ORIENTED_EDGE('',*,*,#4327,.F.);
#2350=ORIENTED_EDGE('',*,*,#4329,.F.);
#2351=ORIENTED_EDGE('',*,*,#4330,.F.);
#2352=ORIENTED_EDGE('',*,*,#3668,.F.);
#2353=ORIENTED_EDGE('',*,*,#4331,.F.);
#2354=ORIENTED_EDGE('',*,*,#4332,.T.);
#2355=ORIENTED_EDGE('',*,*,#4333,.T.);
#2356=ORIENTED_EDGE('',*,*,#3667,.F.);
#2357=ORIENTED_EDGE('',*,*,#4334,.F.);
#2358=ORIENTED_EDGE('',*,*,#4335,.T.);
#2359=ORIENTED_EDGE('',*,*,#4331,.T.);
#2360=ORIENTED_EDGE('',*,*,#3696,.F.);
#2361=ORIENTED_EDGE('',*,*,#4336,.F.);
#2362=ORIENTED_EDGE('',*,*,#4337,.T.);
#2363=ORIENTED_EDGE('',*,*,#4334,.T.);
#2364=ORIENTED_EDGE('',*,*,#3695,.F.);
#2365=ORIENTED_EDGE('',*,*,#4338,.F.);
#2366=ORIENTED_EDGE('',*,*,#4339,.T.);
#2367=ORIENTED_EDGE('',*,*,#4336,.T.);
#2368=ORIENTED_EDGE('',*,*,#3694,.F.);
#2369=ORIENTED_EDGE('',*,*,#4340,.F.);
#2370=ORIENTED_EDGE('',*,*,#4341,.T.);
#2371=ORIENTED_EDGE('',*,*,#4338,.T.);
#2372=ORIENTED_EDGE('',*,*,#3693,.F.);
#2373=ORIENTED_EDGE('',*,*,#4342,.F.);
#2374=ORIENTED_EDGE('',*,*,#4343,.T.);
#2375=ORIENTED_EDGE('',*,*,#4340,.T.);
#2376=ORIENTED_EDGE('',*,*,#3692,.F.);
#2377=ORIENTED_EDGE('',*,*,#4344,.F.);
#2378=ORIENTED_EDGE('',*,*,#4345,.T.);
#2379=ORIENTED_EDGE('',*,*,#4342,.T.);
#2380=ORIENTED_EDGE('',*,*,#3691,.F.);
#2381=ORIENTED_EDGE('',*,*,#4346,.F.);
#2382=ORIENTED_EDGE('',*,*,#4347,.T.);
#2383=ORIENTED_EDGE('',*,*,#4344,.T.);
#2384=ORIENTED_EDGE('',*,*,#3690,.F.);
#2385=ORIENTED_EDGE('',*,*,#4348,.F.);
#2386=ORIENTED_EDGE('',*,*,#4349,.T.);
#2387=ORIENTED_EDGE('',*,*,#4346,.T.);
#2388=ORIENTED_EDGE('',*,*,#3689,.F.);
#2389=ORIENTED_EDGE('',*,*,#4350,.F.);
#2390=ORIENTED_EDGE('',*,*,#4351,.T.);
#2391=ORIENTED_EDGE('',*,*,#4348,.T.);
#2392=ORIENTED_EDGE('',*,*,#3688,.F.);
#2393=ORIENTED_EDGE('',*,*,#4352,.F.);
#2394=ORIENTED_EDGE('',*,*,#4353,.T.);
#2395=ORIENTED_EDGE('',*,*,#4350,.T.);
#2396=ORIENTED_EDGE('',*,*,#3687,.F.);
#2397=ORIENTED_EDGE('',*,*,#4354,.F.);
#2398=ORIENTED_EDGE('',*,*,#4355,.T.);
#2399=ORIENTED_EDGE('',*,*,#4352,.T.);
#2400=ORIENTED_EDGE('',*,*,#3686,.F.);
#2401=ORIENTED_EDGE('',*,*,#4356,.F.);
#2402=ORIENTED_EDGE('',*,*,#4357,.T.);
#2403=ORIENTED_EDGE('',*,*,#4354,.T.);
#2404=ORIENTED_EDGE('',*,*,#3685,.F.);
#2405=ORIENTED_EDGE('',*,*,#4358,.F.);
#2406=ORIENTED_EDGE('',*,*,#4359,.T.);
#2407=ORIENTED_EDGE('',*,*,#4356,.T.);
#2408=ORIENTED_EDGE('',*,*,#3684,.F.);
#2409=ORIENTED_EDGE('',*,*,#4360,.F.);
#2410=ORIENTED_EDGE('',*,*,#4361,.T.);
#2411=ORIENTED_EDGE('',*,*,#4358,.T.);
#2412=ORIENTED_EDGE('',*,*,#3683,.F.);
#2413=ORIENTED_EDGE('',*,*,#4362,.F.);
#2414=ORIENTED_EDGE('',*,*,#4363,.T.);
#2415=ORIENTED_EDGE('',*,*,#4360,.T.);
#2416=ORIENTED_EDGE('',*,*,#3682,.F.);
#2417=ORIENTED_EDGE('',*,*,#4364,.F.);
#2418=ORIENTED_EDGE('',*,*,#4365,.T.);
#2419=ORIENTED_EDGE('',*,*,#4362,.T.);
#2420=ORIENTED_EDGE('',*,*,#3681,.F.);
#2421=ORIENTED_EDGE('',*,*,#4366,.F.);
#2422=ORIENTED_EDGE('',*,*,#4367,.T.);
#2423=ORIENTED_EDGE('',*,*,#4364,.T.);
#2424=ORIENTED_EDGE('',*,*,#3680,.F.);
#2425=ORIENTED_EDGE('',*,*,#4368,.F.);
#2426=ORIENTED_EDGE('',*,*,#4369,.T.);
#2427=ORIENTED_EDGE('',*,*,#4366,.T.);
#2428=ORIENTED_EDGE('',*,*,#3679,.F.);
#2429=ORIENTED_EDGE('',*,*,#4370,.F.);
#2430=ORIENTED_EDGE('',*,*,#4371,.T.);
#2431=ORIENTED_EDGE('',*,*,#4368,.T.);
#2432=ORIENTED_EDGE('',*,*,#3678,.F.);
#2433=ORIENTED_EDGE('',*,*,#4372,.F.);
#2434=ORIENTED_EDGE('',*,*,#4373,.T.);
#2435=ORIENTED_EDGE('',*,*,#4370,.T.);
#2436=ORIENTED_EDGE('',*,*,#3677,.F.);
#2437=ORIENTED_EDGE('',*,*,#4374,.F.);
#2438=ORIENTED_EDGE('',*,*,#4375,.T.);
#2439=ORIENTED_EDGE('',*,*,#4372,.T.);
#2440=ORIENTED_EDGE('',*,*,#3676,.F.);
#2441=ORIENTED_EDGE('',*,*,#4376,.F.);
#2442=ORIENTED_EDGE('',*,*,#4377,.T.);
#2443=ORIENTED_EDGE('',*,*,#4374,.T.);
#2444=ORIENTED_EDGE('',*,*,#3675,.F.);
#2445=ORIENTED_EDGE('',*,*,#4378,.F.);
#2446=ORIENTED_EDGE('',*,*,#4379,.T.);
#2447=ORIENTED_EDGE('',*,*,#4376,.T.);
#2448=ORIENTED_EDGE('',*,*,#3674,.F.);
#2449=ORIENTED_EDGE('',*,*,#4380,.F.);
#2450=ORIENTED_EDGE('',*,*,#4381,.T.);
#2451=ORIENTED_EDGE('',*,*,#4378,.T.);
#2452=ORIENTED_EDGE('',*,*,#3673,.F.);
#2453=ORIENTED_EDGE('',*,*,#4382,.F.);
#2454=ORIENTED_EDGE('',*,*,#4383,.T.);
#2455=ORIENTED_EDGE('',*,*,#4380,.T.);
#2456=ORIENTED_EDGE('',*,*,#3672,.F.);
#2457=ORIENTED_EDGE('',*,*,#4384,.F.);
#2458=ORIENTED_EDGE('',*,*,#4385,.T.);
#2459=ORIENTED_EDGE('',*,*,#4382,.T.);
#2460=ORIENTED_EDGE('',*,*,#3671,.F.);
#2461=ORIENTED_EDGE('',*,*,#4386,.F.);
#2462=ORIENTED_EDGE('',*,*,#4387,.T.);
#2463=ORIENTED_EDGE('',*,*,#4384,.T.);
#2464=ORIENTED_EDGE('',*,*,#3670,.F.);
#2465=ORIENTED_EDGE('',*,*,#4388,.F.);
#2466=ORIENTED_EDGE('',*,*,#4389,.T.);
#2467=ORIENTED_EDGE('',*,*,#4386,.T.);
#2468=ORIENTED_EDGE('',*,*,#3669,.F.);
#2469=ORIENTED_EDGE('',*,*,#4333,.F.);
#2470=ORIENTED_EDGE('',*,*,#4390,.T.);
#2471=ORIENTED_EDGE('',*,*,#4388,.T.);
#2472=ORIENTED_EDGE('',*,*,#4332,.F.);
#2473=ORIENTED_EDGE('',*,*,#4335,.F.);
#2474=ORIENTED_EDGE('',*,*,#4337,.F.);
#2475=ORIENTED_EDGE('',*,*,#4339,.F.);
#2476=ORIENTED_EDGE('',*,*,#4341,.F.);
#2477=ORIENTED_EDGE('',*,*,#4343,.F.);
#2478=ORIENTED_EDGE('',*,*,#4345,.F.);
#2479=ORIENTED_EDGE('',*,*,#4347,.F.);
#2480=ORIENTED_EDGE('',*,*,#4349,.F.);
#2481=ORIENTED_EDGE('',*,*,#4351,.F.);
#2482=ORIENTED_EDGE('',*,*,#4353,.F.);
#2483=ORIENTED_EDGE('',*,*,#4355,.F.);
#2484=ORIENTED_EDGE('',*,*,#4357,.F.);
#2485=ORIENTED_EDGE('',*,*,#4359,.F.);
#2486=ORIENTED_EDGE('',*,*,#4361,.F.);
#2487=ORIENTED_EDGE('',*,*,#4363,.F.);
#2488=ORIENTED_EDGE('',*,*,#4365,.F.);
#2489=ORIENTED_EDGE('',*,*,#4367,.F.);
#2490=ORIENTED_EDGE('',*,*,#4369,.F.);
#2491=ORIENTED_EDGE('',*,*,#4371,.F.);
#2492=ORIENTED_EDGE('',*,*,#4373,.F.);
#2493=ORIENTED_EDGE('',*,*,#4375,.F.);
#2494=ORIENTED_EDGE('',*,*,#4377,.F.);
#2495=ORIENTED_EDGE('',*,*,#4379,.F.);
#2496=ORIENTED_EDGE('',*,*,#4381,.F.);
#2497=ORIENTED_EDGE('',*,*,#4383,.F.);
#2498=ORIENTED_EDGE('',*,*,#4385,.F.);
#2499=ORIENTED_EDGE('',*,*,#4387,.F.);
#2500=ORIENTED_EDGE('',*,*,#4389,.F.);
#2501=ORIENTED_EDGE('',*,*,#4390,.F.);
#2502=ORIENTED_EDGE('',*,*,#3698,.F.);
#2503=ORIENTED_EDGE('',*,*,#4391,.F.);
#2504=ORIENTED_EDGE('',*,*,#4392,.T.);
#2505=ORIENTED_EDGE('',*,*,#4393,.T.);
#2506=ORIENTED_EDGE('',*,*,#3697,.F.);
#2507=ORIENTED_EDGE('',*,*,#4394,.F.);
#2508=ORIENTED_EDGE('',*,*,#4395,.T.);
#2509=ORIENTED_EDGE('',*,*,#4391,.T.);
#2510=ORIENTED_EDGE('',*,*,#3711,.F.);
#2511=ORIENTED_EDGE('',*,*,#4396,.F.);
#2512=ORIENTED_EDGE('',*,*,#4397,.T.);
#2513=ORIENTED_EDGE('',*,*,#4394,.T.);
#2514=ORIENTED_EDGE('',*,*,#3710,.F.);
#2515=ORIENTED_EDGE('',*,*,#4398,.F.);
#2516=ORIENTED_EDGE('',*,*,#4399,.T.);
#2517=ORIENTED_EDGE('',*,*,#4396,.T.);
#2518=ORIENTED_EDGE('',*,*,#3709,.F.);
#2519=ORIENTED_EDGE('',*,*,#4400,.F.);
#2520=ORIENTED_EDGE('',*,*,#4401,.T.);
#2521=ORIENTED_EDGE('',*,*,#4398,.T.);
#2522=ORIENTED_EDGE('',*,*,#3708,.F.);
#2523=ORIENTED_EDGE('',*,*,#4402,.F.);
#2524=ORIENTED_EDGE('',*,*,#4403,.T.);
#2525=ORIENTED_EDGE('',*,*,#4400,.T.);
#2526=ORIENTED_EDGE('',*,*,#3707,.F.);
#2527=ORIENTED_EDGE('',*,*,#4404,.F.);
#2528=ORIENTED_EDGE('',*,*,#4405,.T.);
#2529=ORIENTED_EDGE('',*,*,#4402,.T.);
#2530=ORIENTED_EDGE('',*,*,#3706,.F.);
#2531=ORIENTED_EDGE('',*,*,#4406,.F.);
#2532=ORIENTED_EDGE('',*,*,#4407,.T.);
#2533=ORIENTED_EDGE('',*,*,#4404,.T.);
#2534=ORIENTED_EDGE('',*,*,#3705,.F.);
#2535=ORIENTED_EDGE('',*,*,#4408,.F.);
#2536=ORIENTED_EDGE('',*,*,#4409,.T.);
#2537=ORIENTED_EDGE('',*,*,#4406,.T.);
#2538=ORIENTED_EDGE('',*,*,#3704,.F.);
#2539=ORIENTED_EDGE('',*,*,#4410,.F.);
#2540=ORIENTED_EDGE('',*,*,#4411,.T.);
#2541=ORIENTED_EDGE('',*,*,#4408,.T.);
#2542=ORIENTED_EDGE('',*,*,#3703,.F.);
#2543=ORIENTED_EDGE('',*,*,#4412,.F.);
#2544=ORIENTED_EDGE('',*,*,#4413,.T.);
#2545=ORIENTED_EDGE('',*,*,#4410,.T.);
#2546=ORIENTED_EDGE('',*,*,#3702,.F.);
#2547=ORIENTED_EDGE('',*,*,#4414,.F.);
#2548=ORIENTED_EDGE('',*,*,#4415,.T.);
#2549=ORIENTED_EDGE('',*,*,#4412,.T.);
#2550=ORIENTED_EDGE('',*,*,#3701,.F.);
#2551=ORIENTED_EDGE('',*,*,#4416,.F.);
#2552=ORIENTED_EDGE('',*,*,#4417,.T.);
#2553=ORIENTED_EDGE('',*,*,#4414,.T.);
#2554=ORIENTED_EDGE('',*,*,#3700,.F.);
#2555=ORIENTED_EDGE('',*,*,#4418,.F.);
#2556=ORIENTED_EDGE('',*,*,#4419,.T.);
#2557=ORIENTED_EDGE('',*,*,#4416,.T.);
#2558=ORIENTED_EDGE('',*,*,#3699,.F.);
#2559=ORIENTED_EDGE('',*,*,#4393,.F.);
#2560=ORIENTED_EDGE('',*,*,#4420,.T.);
#2561=ORIENTED_EDGE('',*,*,#4418,.T.);
#2562=ORIENTED_EDGE('',*,*,#4392,.F.);
#2563=ORIENTED_EDGE('',*,*,#4395,.F.);
#2564=ORIENTED_EDGE('',*,*,#4397,.F.);
#2565=ORIENTED_EDGE('',*,*,#4399,.F.);
#2566=ORIENTED_EDGE('',*,*,#4401,.F.);
#2567=ORIENTED_EDGE('',*,*,#4403,.F.);
#2568=ORIENTED_EDGE('',*,*,#4405,.F.);
#2569=ORIENTED_EDGE('',*,*,#4407,.F.);
#2570=ORIENTED_EDGE('',*,*,#4409,.F.);
#2571=ORIENTED_EDGE('',*,*,#4411,.F.);
#2572=ORIENTED_EDGE('',*,*,#4413,.F.);
#2573=ORIENTED_EDGE('',*,*,#4415,.F.);
#2574=ORIENTED_EDGE('',*,*,#4417,.F.);
#2575=ORIENTED_EDGE('',*,*,#4419,.F.);
#2576=ORIENTED_EDGE('',*,*,#4420,.F.);
#2577=ORIENTED_EDGE('',*,*,#3713,.F.);
#2578=ORIENTED_EDGE('',*,*,#4421,.F.);
#2579=ORIENTED_EDGE('',*,*,#4422,.T.);
#2580=ORIENTED_EDGE('',*,*,#4423,.T.);
#2581=ORIENTED_EDGE('',*,*,#3712,.F.);
#2582=ORIENTED_EDGE('',*,*,#4424,.F.);
#2583=ORIENTED_EDGE('',*,*,#4425,.T.);
#2584=ORIENTED_EDGE('',*,*,#4421,.T.);
#2585=ORIENTED_EDGE('',*,*,#3731,.F.);
#2586=ORIENTED_EDGE('',*,*,#4426,.F.);
#2587=ORIENTED_EDGE('',*,*,#4427,.T.);
#2588=ORIENTED_EDGE('',*,*,#4424,.T.);
#2589=ORIENTED_EDGE('',*,*,#3730,.F.);
#2590=ORIENTED_EDGE('',*,*,#4428,.F.);
#2591=ORIENTED_EDGE('',*,*,#4429,.T.);
#2592=ORIENTED_EDGE('',*,*,#4426,.T.);
#2593=ORIENTED_EDGE('',*,*,#3729,.F.);
#2594=ORIENTED_EDGE('',*,*,#4430,.F.);
#2595=ORIENTED_EDGE('',*,*,#4431,.T.);
#2596=ORIENTED_EDGE('',*,*,#4428,.T.);
#2597=ORIENTED_EDGE('',*,*,#3728,.F.);
#2598=ORIENTED_EDGE('',*,*,#4432,.F.);
#2599=ORIENTED_EDGE('',*,*,#4433,.T.);
#2600=ORIENTED_EDGE('',*,*,#4430,.T.);
#2601=ORIENTED_EDGE('',*,*,#3727,.F.);
#2602=ORIENTED_EDGE('',*,*,#4434,.F.);
#2603=ORIENTED_EDGE('',*,*,#4435,.T.);
#2604=ORIENTED_EDGE('',*,*,#4432,.T.);
#2605=ORIENTED_EDGE('',*,*,#3726,.F.);
#2606=ORIENTED_EDGE('',*,*,#4436,.F.);
#2607=ORIENTED_EDGE('',*,*,#4437,.T.);
#2608=ORIENTED_EDGE('',*,*,#4434,.T.);
#2609=ORIENTED_EDGE('',*,*,#3725,.F.);
#2610=ORIENTED_EDGE('',*,*,#4438,.F.);
#2611=ORIENTED_EDGE('',*,*,#4439,.T.);
#2612=ORIENTED_EDGE('',*,*,#4436,.T.);
#2613=ORIENTED_EDGE('',*,*,#3724,.F.);
#2614=ORIENTED_EDGE('',*,*,#4440,.F.);
#2615=ORIENTED_EDGE('',*,*,#4441,.T.);
#2616=ORIENTED_EDGE('',*,*,#4438,.T.);
#2617=ORIENTED_EDGE('',*,*,#3723,.F.);
#2618=ORIENTED_EDGE('',*,*,#4442,.F.);
#2619=ORIENTED_EDGE('',*,*,#4443,.T.);
#2620=ORIENTED_EDGE('',*,*,#4440,.T.);
#2621=ORIENTED_EDGE('',*,*,#3722,.F.);
#2622=ORIENTED_EDGE('',*,*,#4444,.F.);
#2623=ORIENTED_EDGE('',*,*,#4445,.T.);
#2624=ORIENTED_EDGE('',*,*,#4442,.T.);
#2625=ORIENTED_EDGE('',*,*,#3721,.F.);
#2626=ORIENTED_EDGE('',*,*,#4446,.F.);
#2627=ORIENTED_EDGE('',*,*,#4447,.T.);
#2628=ORIENTED_EDGE('',*,*,#4444,.T.);
#2629=ORIENTED_EDGE('',*,*,#3720,.F.);
#2630=ORIENTED_EDGE('',*,*,#4448,.F.);
#2631=ORIENTED_EDGE('',*,*,#4449,.T.);
#2632=ORIENTED_EDGE('',*,*,#4446,.T.);
#2633=ORIENTED_EDGE('',*,*,#3719,.F.);
#2634=ORIENTED_EDGE('',*,*,#4450,.F.);
#2635=ORIENTED_EDGE('',*,*,#4451,.T.);
#2636=ORIENTED_EDGE('',*,*,#4448,.T.);
#2637=ORIENTED_EDGE('',*,*,#3718,.F.);
#2638=ORIENTED_EDGE('',*,*,#4452,.F.);
#2639=ORIENTED_EDGE('',*,*,#4453,.T.);
#2640=ORIENTED_EDGE('',*,*,#4450,.T.);
#2641=ORIENTED_EDGE('',*,*,#3717,.F.);
#2642=ORIENTED_EDGE('',*,*,#4454,.F.);
#2643=ORIENTED_EDGE('',*,*,#4455,.T.);
#2644=ORIENTED_EDGE('',*,*,#4452,.T.);
#2645=ORIENTED_EDGE('',*,*,#3716,.F.);
#2646=ORIENTED_EDGE('',*,*,#4456,.F.);
#2647=ORIENTED_EDGE('',*,*,#4457,.T.);
#2648=ORIENTED_EDGE('',*,*,#4454,.T.);
#2649=ORIENTED_EDGE('',*,*,#3715,.F.);
#2650=ORIENTED_EDGE('',*,*,#4458,.F.);
#2651=ORIENTED_EDGE('',*,*,#4459,.T.);
#2652=ORIENTED_EDGE('',*,*,#4456,.T.);
#2653=ORIENTED_EDGE('',*,*,#3714,.F.);
#2654=ORIENTED_EDGE('',*,*,#4423,.F.);
#2655=ORIENTED_EDGE('',*,*,#4460,.T.);
#2656=ORIENTED_EDGE('',*,*,#4458,.T.);
#2657=ORIENTED_EDGE('',*,*,#4422,.F.);
#2658=ORIENTED_EDGE('',*,*,#4425,.F.);
#2659=ORIENTED_EDGE('',*,*,#4427,.F.);
#2660=ORIENTED_EDGE('',*,*,#4429,.F.);
#2661=ORIENTED_EDGE('',*,*,#4431,.F.);
#2662=ORIENTED_EDGE('',*,*,#4433,.F.);
#2663=ORIENTED_EDGE('',*,*,#4435,.F.);
#2664=ORIENTED_EDGE('',*,*,#4437,.F.);
#2665=ORIENTED_EDGE('',*,*,#4439,.F.);
#2666=ORIENTED_EDGE('',*,*,#4441,.F.);
#2667=ORIENTED_EDGE('',*,*,#4443,.F.);
#2668=ORIENTED_EDGE('',*,*,#4445,.F.);
#2669=ORIENTED_EDGE('',*,*,#4447,.F.);
#2670=ORIENTED_EDGE('',*,*,#4449,.F.);
#2671=ORIENTED_EDGE('',*,*,#4451,.F.);
#2672=ORIENTED_EDGE('',*,*,#4453,.F.);
#2673=ORIENTED_EDGE('',*,*,#4455,.F.);
#2674=ORIENTED_EDGE('',*,*,#4457,.F.);
#2675=ORIENTED_EDGE('',*,*,#4459,.F.);
#2676=ORIENTED_EDGE('',*,*,#4460,.F.);
#2677=ORIENTED_EDGE('',*,*,#3733,.F.);
#2678=ORIENTED_EDGE('',*,*,#4461,.F.);
#2679=ORIENTED_EDGE('',*,*,#4462,.T.);
#2680=ORIENTED_EDGE('',*,*,#4463,.T.);
#2681=ORIENTED_EDGE('',*,*,#3732,.F.);
#2682=ORIENTED_EDGE('',*,*,#4464,.F.);
#2683=ORIENTED_EDGE('',*,*,#4465,.T.);
#2684=ORIENTED_EDGE('',*,*,#4461,.T.);
#2685=ORIENTED_EDGE('',*,*,#3745,.F.);
#2686=ORIENTED_EDGE('',*,*,#4466,.F.);
#2687=ORIENTED_EDGE('',*,*,#4467,.T.);
#2688=ORIENTED_EDGE('',*,*,#4464,.T.);
#2689=ORIENTED_EDGE('',*,*,#3744,.F.);
#2690=ORIENTED_EDGE('',*,*,#4468,.F.);
#2691=ORIENTED_EDGE('',*,*,#4469,.T.);
#2692=ORIENTED_EDGE('',*,*,#4466,.T.);
#2693=ORIENTED_EDGE('',*,*,#3743,.F.);
#2694=ORIENTED_EDGE('',*,*,#4470,.F.);
#2695=ORIENTED_EDGE('',*,*,#4471,.T.);
#2696=ORIENTED_EDGE('',*,*,#4468,.T.);
#2697=ORIENTED_EDGE('',*,*,#3742,.F.);
#2698=ORIENTED_EDGE('',*,*,#4472,.F.);
#2699=ORIENTED_EDGE('',*,*,#4473,.T.);
#2700=ORIENTED_EDGE('',*,*,#4470,.T.);
#2701=ORIENTED_EDGE('',*,*,#3741,.F.);
#2702=ORIENTED_EDGE('',*,*,#4474,.F.);
#2703=ORIENTED_EDGE('',*,*,#4475,.T.);
#2704=ORIENTED_EDGE('',*,*,#4472,.T.);
#2705=ORIENTED_EDGE('',*,*,#3740,.F.);
#2706=ORIENTED_EDGE('',*,*,#4476,.F.);
#2707=ORIENTED_EDGE('',*,*,#4477,.T.);
#2708=ORIENTED_EDGE('',*,*,#4474,.T.);
#2709=ORIENTED_EDGE('',*,*,#3739,.F.);
#2710=ORIENTED_EDGE('',*,*,#4478,.F.);
#2711=ORIENTED_EDGE('',*,*,#4479,.T.);
#2712=ORIENTED_EDGE('',*,*,#4476,.T.);
#2713=ORIENTED_EDGE('',*,*,#3738,.F.);
#2714=ORIENTED_EDGE('',*,*,#4480,.F.);
#2715=ORIENTED_EDGE('',*,*,#4481,.T.);
#2716=ORIENTED_EDGE('',*,*,#4478,.T.);
#2717=ORIENTED_EDGE('',*,*,#3737,.F.);
#2718=ORIENTED_EDGE('',*,*,#4482,.F.);
#2719=ORIENTED_EDGE('',*,*,#4483,.T.);
#2720=ORIENTED_EDGE('',*,*,#4480,.T.);
#2721=ORIENTED_EDGE('',*,*,#3736,.F.);
#2722=ORIENTED_EDGE('',*,*,#4484,.F.);
#2723=ORIENTED_EDGE('',*,*,#4485,.T.);
#2724=ORIENTED_EDGE('',*,*,#4482,.T.);
#2725=ORIENTED_EDGE('',*,*,#3735,.F.);
#2726=ORIENTED_EDGE('',*,*,#4486,.F.);
#2727=ORIENTED_EDGE('',*,*,#4487,.T.);
#2728=ORIENTED_EDGE('',*,*,#4484,.T.);
#2729=ORIENTED_EDGE('',*,*,#3734,.F.);
#2730=ORIENTED_EDGE('',*,*,#4463,.F.);
#2731=ORIENTED_EDGE('',*,*,#4488,.T.);
#2732=ORIENTED_EDGE('',*,*,#4486,.T.);
#2733=ORIENTED_EDGE('',*,*,#4462,.F.);
#2734=ORIENTED_EDGE('',*,*,#4465,.F.);
#2735=ORIENTED_EDGE('',*,*,#4467,.F.);
#2736=ORIENTED_EDGE('',*,*,#4469,.F.);
#2737=ORIENTED_EDGE('',*,*,#4471,.F.);
#2738=ORIENTED_EDGE('',*,*,#4473,.F.);
#2739=ORIENTED_EDGE('',*,*,#4475,.F.);
#2740=ORIENTED_EDGE('',*,*,#4477,.F.);
#2741=ORIENTED_EDGE('',*,*,#4479,.F.);
#2742=ORIENTED_EDGE('',*,*,#4481,.F.);
#2743=ORIENTED_EDGE('',*,*,#4483,.F.);
#2744=ORIENTED_EDGE('',*,*,#4485,.F.);
#2745=ORIENTED_EDGE('',*,*,#4487,.F.);
#2746=ORIENTED_EDGE('',*,*,#4488,.F.);
#2747=ORIENTED_EDGE('',*,*,#3747,.F.);
#2748=ORIENTED_EDGE('',*,*,#4489,.F.);
#2749=ORIENTED_EDGE('',*,*,#4490,.T.);
#2750=ORIENTED_EDGE('',*,*,#4491,.T.);
#2751=ORIENTED_EDGE('',*,*,#3746,.F.);
#2752=ORIENTED_EDGE('',*,*,#4492,.F.);
#2753=ORIENTED_EDGE('',*,*,#4493,.T.);
#2754=ORIENTED_EDGE('',*,*,#4489,.T.);
#2755=ORIENTED_EDGE('',*,*,#3753,.F.);
#2756=ORIENTED_EDGE('',*,*,#4494,.F.);
#2757=ORIENTED_EDGE('',*,*,#4495,.T.);
#2758=ORIENTED_EDGE('',*,*,#4492,.T.);
#2759=ORIENTED_EDGE('',*,*,#3752,.F.);
#2760=ORIENTED_EDGE('',*,*,#4496,.F.);
#2761=ORIENTED_EDGE('',*,*,#4497,.T.);
#2762=ORIENTED_EDGE('',*,*,#4494,.T.);
#2763=ORIENTED_EDGE('',*,*,#3751,.F.);
#2764=ORIENTED_EDGE('',*,*,#4498,.F.);
#2765=ORIENTED_EDGE('',*,*,#4499,.T.);
#2766=ORIENTED_EDGE('',*,*,#4496,.T.);
#2767=ORIENTED_EDGE('',*,*,#3750,.F.);
#2768=ORIENTED_EDGE('',*,*,#4500,.F.);
#2769=ORIENTED_EDGE('',*,*,#4501,.T.);
#2770=ORIENTED_EDGE('',*,*,#4498,.T.);
#2771=ORIENTED_EDGE('',*,*,#3749,.F.);
#2772=ORIENTED_EDGE('',*,*,#4502,.F.);
#2773=ORIENTED_EDGE('',*,*,#4503,.T.);
#2774=ORIENTED_EDGE('',*,*,#4500,.T.);
#2775=ORIENTED_EDGE('',*,*,#3748,.F.);
#2776=ORIENTED_EDGE('',*,*,#4491,.F.);
#2777=ORIENTED_EDGE('',*,*,#4504,.T.);
#2778=ORIENTED_EDGE('',*,*,#4502,.T.);
#2779=ORIENTED_EDGE('',*,*,#4490,.F.);
#2780=ORIENTED_EDGE('',*,*,#4493,.F.);
#2781=ORIENTED_EDGE('',*,*,#4495,.F.);
#2782=ORIENTED_EDGE('',*,*,#4497,.F.);
#2783=ORIENTED_EDGE('',*,*,#4499,.F.);
#2784=ORIENTED_EDGE('',*,*,#4501,.F.);
#2785=ORIENTED_EDGE('',*,*,#4503,.F.);
#2786=ORIENTED_EDGE('',*,*,#4504,.F.);
#2787=ORIENTED_EDGE('',*,*,#3755,.F.);
#2788=ORIENTED_EDGE('',*,*,#4505,.F.);
#2789=ORIENTED_EDGE('',*,*,#4506,.T.);
#2790=ORIENTED_EDGE('',*,*,#4507,.T.);
#2791=ORIENTED_EDGE('',*,*,#3754,.F.);
#2792=ORIENTED_EDGE('',*,*,#4508,.F.);
#2793=ORIENTED_EDGE('',*,*,#4509,.T.);
#2794=ORIENTED_EDGE('',*,*,#4505,.T.);
#2795=ORIENTED_EDGE('',*,*,#3769,.F.);
#2796=ORIENTED_EDGE('',*,*,#4510,.F.);
#2797=ORIENTED_EDGE('',*,*,#4511,.T.);
#2798=ORIENTED_EDGE('',*,*,#4508,.T.);
#2799=ORIENTED_EDGE('',*,*,#3768,.F.);
#2800=ORIENTED_EDGE('',*,*,#4512,.F.);
#2801=ORIENTED_EDGE('',*,*,#4513,.T.);
#2802=ORIENTED_EDGE('',*,*,#4510,.T.);
#2803=ORIENTED_EDGE('',*,*,#3767,.F.);
#2804=ORIENTED_EDGE('',*,*,#4514,.F.);
#2805=ORIENTED_EDGE('',*,*,#4515,.T.);
#2806=ORIENTED_EDGE('',*,*,#4512,.T.);
#2807=ORIENTED_EDGE('',*,*,#3766,.F.);
#2808=ORIENTED_EDGE('',*,*,#4516,.F.);
#2809=ORIENTED_EDGE('',*,*,#4517,.T.);
#2810=ORIENTED_EDGE('',*,*,#4514,.T.);
#2811=ORIENTED_EDGE('',*,*,#3765,.F.);
#2812=ORIENTED_EDGE('',*,*,#4518,.F.);
#2813=ORIENTED_EDGE('',*,*,#4519,.T.);
#2814=ORIENTED_EDGE('',*,*,#4516,.T.);
#2815=ORIENTED_EDGE('',*,*,#3764,.F.);
#2816=ORIENTED_EDGE('',*,*,#4520,.F.);
#2817=ORIENTED_EDGE('',*,*,#4521,.T.);
#2818=ORIENTED_EDGE('',*,*,#4518,.T.);
#2819=ORIENTED_EDGE('',*,*,#3763,.F.);
#2820=ORIENTED_EDGE('',*,*,#4522,.F.);
#2821=ORIENTED_EDGE('',*,*,#4523,.T.);
#2822=ORIENTED_EDGE('',*,*,#4520,.T.);
#2823=ORIENTED_EDGE('',*,*,#3762,.F.);
#2824=ORIENTED_EDGE('',*,*,#4524,.F.);
#2825=ORIENTED_EDGE('',*,*,#4525,.T.);
#2826=ORIENTED_EDGE('',*,*,#4522,.T.);
#2827=ORIENTED_EDGE('',*,*,#3761,.F.);
#2828=ORIENTED_EDGE('',*,*,#4526,.F.);
#2829=ORIENTED_EDGE('',*,*,#4527,.T.);
#2830=ORIENTED_EDGE('',*,*,#4524,.T.);
#2831=ORIENTED_EDGE('',*,*,#3760,.F.);
#2832=ORIENTED_EDGE('',*,*,#4528,.F.);
#2833=ORIENTED_EDGE('',*,*,#4529,.T.);
#2834=ORIENTED_EDGE('',*,*,#4526,.T.);
#2835=ORIENTED_EDGE('',*,*,#3759,.F.);
#2836=ORIENTED_EDGE('',*,*,#4530,.F.);
#2837=ORIENTED_EDGE('',*,*,#4531,.T.);
#2838=ORIENTED_EDGE('',*,*,#4528,.T.);
#2839=ORIENTED_EDGE('',*,*,#3758,.F.);
#2840=ORIENTED_EDGE('',*,*,#4532,.F.);
#2841=ORIENTED_EDGE('',*,*,#4533,.T.);
#2842=ORIENTED_EDGE('',*,*,#4530,.T.);
#2843=ORIENTED_EDGE('',*,*,#3757,.F.);
#2844=ORIENTED_EDGE('',*,*,#4534,.F.);
#2845=ORIENTED_EDGE('',*,*,#4535,.T.);
#2846=ORIENTED_EDGE('',*,*,#4532,.T.);
#2847=ORIENTED_EDGE('',*,*,#3756,.F.);
#2848=ORIENTED_EDGE('',*,*,#4507,.F.);
#2849=ORIENTED_EDGE('',*,*,#4536,.T.);
#2850=ORIENTED_EDGE('',*,*,#4534,.T.);
#2851=ORIENTED_EDGE('',*,*,#4506,.F.);
#2852=ORIENTED_EDGE('',*,*,#4509,.F.);
#2853=ORIENTED_EDGE('',*,*,#4511,.F.);
#2854=ORIENTED_EDGE('',*,*,#4513,.F.);
#2855=ORIENTED_EDGE('',*,*,#4515,.F.);
#2856=ORIENTED_EDGE('',*,*,#4517,.F.);
#2857=ORIENTED_EDGE('',*,*,#4519,.F.);
#2858=ORIENTED_EDGE('',*,*,#4521,.F.);
#2859=ORIENTED_EDGE('',*,*,#4523,.F.);
#2860=ORIENTED_EDGE('',*,*,#4525,.F.);
#2861=ORIENTED_EDGE('',*,*,#4527,.F.);
#2862=ORIENTED_EDGE('',*,*,#4529,.F.);
#2863=ORIENTED_EDGE('',*,*,#4531,.F.);
#2864=ORIENTED_EDGE('',*,*,#4533,.F.);
#2865=ORIENTED_EDGE('',*,*,#4535,.F.);
#2866=ORIENTED_EDGE('',*,*,#4536,.F.);
#2867=ORIENTED_EDGE('',*,*,#3771,.F.);
#2868=ORIENTED_EDGE('',*,*,#4537,.F.);
#2869=ORIENTED_EDGE('',*,*,#4538,.T.);
#2870=ORIENTED_EDGE('',*,*,#4539,.T.);
#2871=ORIENTED_EDGE('',*,*,#3770,.F.);
#2872=ORIENTED_EDGE('',*,*,#4540,.F.);
#2873=ORIENTED_EDGE('',*,*,#4541,.T.);
#2874=ORIENTED_EDGE('',*,*,#4537,.T.);
#2875=ORIENTED_EDGE('',*,*,#3789,.F.);
#2876=ORIENTED_EDGE('',*,*,#4542,.F.);
#2877=ORIENTED_EDGE('',*,*,#4543,.T.);
#2878=ORIENTED_EDGE('',*,*,#4540,.T.);
#2879=ORIENTED_EDGE('',*,*,#3788,.F.);
#2880=ORIENTED_EDGE('',*,*,#4544,.F.);
#2881=ORIENTED_EDGE('',*,*,#4545,.T.);
#2882=ORIENTED_EDGE('',*,*,#4542,.T.);
#2883=ORIENTED_EDGE('',*,*,#3787,.F.);
#2884=ORIENTED_EDGE('',*,*,#4546,.F.);
#2885=ORIENTED_EDGE('',*,*,#4547,.T.);
#2886=ORIENTED_EDGE('',*,*,#4544,.T.);
#2887=ORIENTED_EDGE('',*,*,#3786,.F.);
#2888=ORIENTED_EDGE('',*,*,#4548,.F.);
#2889=ORIENTED_EDGE('',*,*,#4549,.T.);
#2890=ORIENTED_EDGE('',*,*,#4546,.T.);
#2891=ORIENTED_EDGE('',*,*,#3785,.F.);
#2892=ORIENTED_EDGE('',*,*,#4550,.F.);
#2893=ORIENTED_EDGE('',*,*,#4551,.T.);
#2894=ORIENTED_EDGE('',*,*,#4548,.T.);
#2895=ORIENTED_EDGE('',*,*,#3784,.F.);
#2896=ORIENTED_EDGE('',*,*,#4552,.F.);
#2897=ORIENTED_EDGE('',*,*,#4553,.T.);
#2898=ORIENTED_EDGE('',*,*,#4550,.T.);
#2899=ORIENTED_EDGE('',*,*,#3783,.F.);
#2900=ORIENTED_EDGE('',*,*,#4554,.F.);
#2901=ORIENTED_EDGE('',*,*,#4555,.T.);
#2902=ORIENTED_EDGE('',*,*,#4552,.T.);
#2903=ORIENTED_EDGE('',*,*,#3782,.F.);
#2904=ORIENTED_EDGE('',*,*,#4556,.F.);
#2905=ORIENTED_EDGE('',*,*,#4557,.T.);
#2906=ORIENTED_EDGE('',*,*,#4554,.T.);
#2907=ORIENTED_EDGE('',*,*,#3781,.F.);
#2908=ORIENTED_EDGE('',*,*,#4558,.F.);
#2909=ORIENTED_EDGE('',*,*,#4559,.T.);
#2910=ORIENTED_EDGE('',*,*,#4556,.T.);
#2911=ORIENTED_EDGE('',*,*,#3780,.F.);
#2912=ORIENTED_EDGE('',*,*,#4560,.F.);
#2913=ORIENTED_EDGE('',*,*,#4561,.T.);
#2914=ORIENTED_EDGE('',*,*,#4558,.T.);
#2915=ORIENTED_EDGE('',*,*,#3779,.F.);
#2916=ORIENTED_EDGE('',*,*,#4562,.F.);
#2917=ORIENTED_EDGE('',*,*,#4563,.T.);
#2918=ORIENTED_EDGE('',*,*,#4560,.T.);
#2919=ORIENTED_EDGE('',*,*,#3778,.F.);
#2920=ORIENTED_EDGE('',*,*,#4564,.F.);
#2921=ORIENTED_EDGE('',*,*,#4565,.T.);
#2922=ORIENTED_EDGE('',*,*,#4562,.T.);
#2923=ORIENTED_EDGE('',*,*,#3777,.F.);
#2924=ORIENTED_EDGE('',*,*,#4566,.F.);
#2925=ORIENTED_EDGE('',*,*,#4567,.T.);
#2926=ORIENTED_EDGE('',*,*,#4564,.T.);
#2927=ORIENTED_EDGE('',*,*,#3776,.F.);
#2928=ORIENTED_EDGE('',*,*,#4568,.F.);
#2929=ORIENTED_EDGE('',*,*,#4569,.T.);
#2930=ORIENTED_EDGE('',*,*,#4566,.T.);
#2931=ORIENTED_EDGE('',*,*,#3775,.F.);
#2932=ORIENTED_EDGE('',*,*,#4570,.F.);
#2933=ORIENTED_EDGE('',*,*,#4571,.T.);
#2934=ORIENTED_EDGE('',*,*,#4568,.T.);
#2935=ORIENTED_EDGE('',*,*,#3774,.F.);
#2936=ORIENTED_EDGE('',*,*,#4572,.F.);
#2937=ORIENTED_EDGE('',*,*,#4573,.T.);
#2938=ORIENTED_EDGE('',*,*,#4570,.T.);
#2939=ORIENTED_EDGE('',*,*,#3773,.F.);
#2940=ORIENTED_EDGE('',*,*,#4574,.F.);
#2941=ORIENTED_EDGE('',*,*,#4575,.T.);
#2942=ORIENTED_EDGE('',*,*,#4572,.T.);
#2943=ORIENTED_EDGE('',*,*,#3772,.F.);
#2944=ORIENTED_EDGE('',*,*,#4539,.F.);
#2945=ORIENTED_EDGE('',*,*,#4576,.T.);
#2946=ORIENTED_EDGE('',*,*,#4574,.T.);
#2947=ORIENTED_EDGE('',*,*,#4538,.F.);
#2948=ORIENTED_EDGE('',*,*,#4541,.F.);
#2949=ORIENTED_EDGE('',*,*,#4543,.F.);
#2950=ORIENTED_EDGE('',*,*,#4545,.F.);
#2951=ORIENTED_EDGE('',*,*,#4547,.F.);
#2952=ORIENTED_EDGE('',*,*,#4549,.F.);
#2953=ORIENTED_EDGE('',*,*,#4551,.F.);
#2954=ORIENTED_EDGE('',*,*,#4553,.F.);
#2955=ORIENTED_EDGE('',*,*,#4555,.F.);
#2956=ORIENTED_EDGE('',*,*,#4557,.F.);
#2957=ORIENTED_EDGE('',*,*,#4559,.F.);
#2958=ORIENTED_EDGE('',*,*,#4561,.F.);
#2959=ORIENTED_EDGE('',*,*,#4563,.F.);
#2960=ORIENTED_EDGE('',*,*,#4565,.F.);
#2961=ORIENTED_EDGE('',*,*,#4567,.F.);
#2962=ORIENTED_EDGE('',*,*,#4569,.F.);
#2963=ORIENTED_EDGE('',*,*,#4571,.F.);
#2964=ORIENTED_EDGE('',*,*,#4573,.F.);
#2965=ORIENTED_EDGE('',*,*,#4575,.F.);
#2966=ORIENTED_EDGE('',*,*,#4576,.F.);
#2967=ORIENTED_EDGE('',*,*,#3791,.F.);
#2968=ORIENTED_EDGE('',*,*,#4577,.F.);
#2969=ORIENTED_EDGE('',*,*,#4578,.T.);
#2970=ORIENTED_EDGE('',*,*,#4579,.T.);
#2971=ORIENTED_EDGE('',*,*,#3790,.F.);
#2972=ORIENTED_EDGE('',*,*,#4580,.F.);
#2973=ORIENTED_EDGE('',*,*,#4581,.T.);
#2974=ORIENTED_EDGE('',*,*,#4577,.T.);
#2975=ORIENTED_EDGE('',*,*,#3803,.F.);
#2976=ORIENTED_EDGE('',*,*,#4582,.F.);
#2977=ORIENTED_EDGE('',*,*,#4583,.T.);
#2978=ORIENTED_EDGE('',*,*,#4580,.T.);
#2979=ORIENTED_EDGE('',*,*,#3802,.F.);
#2980=ORIENTED_EDGE('',*,*,#4584,.F.);
#2981=ORIENTED_EDGE('',*,*,#4585,.T.);
#2982=ORIENTED_EDGE('',*,*,#4582,.T.);
#2983=ORIENTED_EDGE('',*,*,#3801,.F.);
#2984=ORIENTED_EDGE('',*,*,#4586,.F.);
#2985=ORIENTED_EDGE('',*,*,#4587,.T.);
#2986=ORIENTED_EDGE('',*,*,#4584,.T.);
#2987=ORIENTED_EDGE('',*,*,#3800,.F.);
#2988=ORIENTED_EDGE('',*,*,#4588,.F.);
#2989=ORIENTED_EDGE('',*,*,#4589,.T.);
#2990=ORIENTED_EDGE('',*,*,#4586,.T.);
#2991=ORIENTED_EDGE('',*,*,#3799,.F.);
#2992=ORIENTED_EDGE('',*,*,#4590,.F.);
#2993=ORIENTED_EDGE('',*,*,#4591,.T.);
#2994=ORIENTED_EDGE('',*,*,#4588,.T.);
#2995=ORIENTED_EDGE('',*,*,#3798,.F.);
#2996=ORIENTED_EDGE('',*,*,#4592,.F.);
#2997=ORIENTED_EDGE('',*,*,#4593,.T.);
#2998=ORIENTED_EDGE('',*,*,#4590,.T.);
#2999=ORIENTED_EDGE('',*,*,#3797,.F.);
#3000=ORIENTED_EDGE('',*,*,#4594,.F.);
#3001=ORIENTED_EDGE('',*,*,#4595,.T.);
#3002=ORIENTED_EDGE('',*,*,#4592,.T.);
#3003=ORIENTED_EDGE('',*,*,#3796,.F.);
#3004=ORIENTED_EDGE('',*,*,#4596,.F.);
#3005=ORIENTED_EDGE('',*,*,#4597,.T.);
#3006=ORIENTED_EDGE('',*,*,#4594,.T.);
#3007=ORIENTED_EDGE('',*,*,#3795,.F.);
#3008=ORIENTED_EDGE('',*,*,#4598,.F.);
#3009=ORIENTED_EDGE('',*,*,#4599,.T.);
#3010=ORIENTED_EDGE('',*,*,#4596,.T.);
#3011=ORIENTED_EDGE('',*,*,#3794,.F.);
#3012=ORIENTED_EDGE('',*,*,#4600,.F.);
#3013=ORIENTED_EDGE('',*,*,#4601,.T.);
#3014=ORIENTED_EDGE('',*,*,#4598,.T.);
#3015=ORIENTED_EDGE('',*,*,#3793,.F.);
#3016=ORIENTED_EDGE('',*,*,#4602,.F.);
#3017=ORIENTED_EDGE('',*,*,#4603,.T.);
#3018=ORIENTED_EDGE('',*,*,#4600,.T.);
#3019=ORIENTED_EDGE('',*,*,#3792,.F.);
#3020=ORIENTED_EDGE('',*,*,#4579,.F.);
#3021=ORIENTED_EDGE('',*,*,#4604,.T.);
#3022=ORIENTED_EDGE('',*,*,#4602,.T.);
#3023=ORIENTED_EDGE('',*,*,#4578,.F.);
#3024=ORIENTED_EDGE('',*,*,#4581,.F.);
#3025=ORIENTED_EDGE('',*,*,#4583,.F.);
#3026=ORIENTED_EDGE('',*,*,#4585,.F.);
#3027=ORIENTED_EDGE('',*,*,#4587,.F.);
#3028=ORIENTED_EDGE('',*,*,#4589,.F.);
#3029=ORIENTED_EDGE('',*,*,#4591,.F.);
#3030=ORIENTED_EDGE('',*,*,#4593,.F.);
#3031=ORIENTED_EDGE('',*,*,#4595,.F.);
#3032=ORIENTED_EDGE('',*,*,#4597,.F.);
#3033=ORIENTED_EDGE('',*,*,#4599,.F.);
#3034=ORIENTED_EDGE('',*,*,#4601,.F.);
#3035=ORIENTED_EDGE('',*,*,#4603,.F.);
#3036=ORIENTED_EDGE('',*,*,#4604,.F.);
#3037=ORIENTED_EDGE('',*,*,#3805,.F.);
#3038=ORIENTED_EDGE('',*,*,#4605,.F.);
#3039=ORIENTED_EDGE('',*,*,#4606,.T.);
#3040=ORIENTED_EDGE('',*,*,#4607,.T.);
#3041=ORIENTED_EDGE('',*,*,#3804,.F.);
#3042=ORIENTED_EDGE('',*,*,#4608,.F.);
#3043=ORIENTED_EDGE('',*,*,#4609,.T.);
#3044=ORIENTED_EDGE('',*,*,#4605,.T.);
#3045=ORIENTED_EDGE('',*,*,#3819,.F.);
#3046=ORIENTED_EDGE('',*,*,#4610,.F.);
#3047=ORIENTED_EDGE('',*,*,#4611,.T.);
#3048=ORIENTED_EDGE('',*,*,#4608,.T.);
#3049=ORIENTED_EDGE('',*,*,#3818,.F.);
#3050=ORIENTED_EDGE('',*,*,#4612,.F.);
#3051=ORIENTED_EDGE('',*,*,#4613,.T.);
#3052=ORIENTED_EDGE('',*,*,#4610,.T.);
#3053=ORIENTED_EDGE('',*,*,#3817,.F.);
#3054=ORIENTED_EDGE('',*,*,#4614,.F.);
#3055=ORIENTED_EDGE('',*,*,#4615,.T.);
#3056=ORIENTED_EDGE('',*,*,#4612,.T.);
#3057=ORIENTED_EDGE('',*,*,#3816,.F.);
#3058=ORIENTED_EDGE('',*,*,#4616,.F.);
#3059=ORIENTED_EDGE('',*,*,#4617,.T.);
#3060=ORIENTED_EDGE('',*,*,#4614,.T.);
#3061=ORIENTED_EDGE('',*,*,#3815,.F.);
#3062=ORIENTED_EDGE('',*,*,#4618,.F.);
#3063=ORIENTED_EDGE('',*,*,#4619,.T.);
#3064=ORIENTED_EDGE('',*,*,#4616,.T.);
#3065=ORIENTED_EDGE('',*,*,#3814,.F.);
#3066=ORIENTED_EDGE('',*,*,#4620,.F.);
#3067=ORIENTED_EDGE('',*,*,#4621,.T.);
#3068=ORIENTED_EDGE('',*,*,#4618,.T.);
#3069=ORIENTED_EDGE('',*,*,#3813,.F.);
#3070=ORIENTED_EDGE('',*,*,#4622,.F.);
#3071=ORIENTED_EDGE('',*,*,#4623,.T.);
#3072=ORIENTED_EDGE('',*,*,#4620,.T.);
#3073=ORIENTED_EDGE('',*,*,#3812,.F.);
#3074=ORIENTED_EDGE('',*,*,#4624,.F.);
#3075=ORIENTED_EDGE('',*,*,#4625,.T.);
#3076=ORIENTED_EDGE('',*,*,#4622,.T.);
#3077=ORIENTED_EDGE('',*,*,#3811,.F.);
#3078=ORIENTED_EDGE('',*,*,#4626,.F.);
#3079=ORIENTED_EDGE('',*,*,#4627,.T.);
#3080=ORIENTED_EDGE('',*,*,#4624,.T.);
#3081=ORIENTED_EDGE('',*,*,#3810,.F.);
#3082=ORIENTED_EDGE('',*,*,#4628,.F.);
#3083=ORIENTED_EDGE('',*,*,#4629,.T.);
#3084=ORIENTED_EDGE('',*,*,#4626,.T.);
#3085=ORIENTED_EDGE('',*,*,#3809,.F.);
#3086=ORIENTED_EDGE('',*,*,#4630,.F.);
#3087=ORIENTED_EDGE('',*,*,#4631,.T.);
#3088=ORIENTED_EDGE('',*,*,#4628,.T.);
#3089=ORIENTED_EDGE('',*,*,#3808,.F.);
#3090=ORIENTED_EDGE('',*,*,#4632,.F.);
#3091=ORIENTED_EDGE('',*,*,#4633,.T.);
#3092=ORIENTED_EDGE('',*,*,#4630,.T.);
#3093=ORIENTED_EDGE('',*,*,#3807,.F.);
#3094=ORIENTED_EDGE('',*,*,#4634,.F.);
#3095=ORIENTED_EDGE('',*,*,#4635,.T.);
#3096=ORIENTED_EDGE('',*,*,#4632,.T.);
#3097=ORIENTED_EDGE('',*,*,#3806,.F.);
#3098=ORIENTED_EDGE('',*,*,#4607,.F.);
#3099=ORIENTED_EDGE('',*,*,#4636,.T.);
#3100=ORIENTED_EDGE('',*,*,#4634,.T.);
#3101=ORIENTED_EDGE('',*,*,#4606,.F.);
#3102=ORIENTED_EDGE('',*,*,#4609,.F.);
#3103=ORIENTED_EDGE('',*,*,#4611,.F.);
#3104=ORIENTED_EDGE('',*,*,#4613,.F.);
#3105=ORIENTED_EDGE('',*,*,#4615,.F.);
#3106=ORIENTED_EDGE('',*,*,#4617,.F.);
#3107=ORIENTED_EDGE('',*,*,#4619,.F.);
#3108=ORIENTED_EDGE('',*,*,#4621,.F.);
#3109=ORIENTED_EDGE('',*,*,#4623,.F.);
#3110=ORIENTED_EDGE('',*,*,#4625,.F.);
#3111=ORIENTED_EDGE('',*,*,#4627,.F.);
#3112=ORIENTED_EDGE('',*,*,#4629,.F.);
#3113=ORIENTED_EDGE('',*,*,#4631,.F.);
#3114=ORIENTED_EDGE('',*,*,#4633,.F.);
#3115=ORIENTED_EDGE('',*,*,#4635,.F.);
#3116=ORIENTED_EDGE('',*,*,#4636,.F.);
#3117=ORIENTED_EDGE('',*,*,#4040,.T.);
#3118=ORIENTED_EDGE('',*,*,#4036,.T.);
#3119=ORIENTED_EDGE('',*,*,#4086,.T.);
#3120=ORIENTED_EDGE('',*,*,#4055,.T.);
#3121=ORIENTED_EDGE('',*,*,#4052,.T.);
#3122=ORIENTED_EDGE('',*,*,#4049,.T.);
#3123=ORIENTED_EDGE('',*,*,#4046,.T.);
#3124=ORIENTED_EDGE('',*,*,#4043,.T.);
#3125=ORIENTED_EDGE('',*,*,#4092,.T.);
#3126=ORIENTED_EDGE('',*,*,#4088,.T.);
#3127=ORIENTED_EDGE('',*,*,#4138,.T.);
#3128=ORIENTED_EDGE('',*,*,#4107,.T.);
#3129=ORIENTED_EDGE('',*,*,#4104,.T.);
#3130=ORIENTED_EDGE('',*,*,#4101,.T.);
#3131=ORIENTED_EDGE('',*,*,#4098,.T.);
#3132=ORIENTED_EDGE('',*,*,#4095,.T.);
#3133=ORIENTED_EDGE('',*,*,#4228,.T.);
#3134=ORIENTED_EDGE('',*,*,#4224,.T.);
#3135=ORIENTED_EDGE('',*,*,#4257,.T.);
#3136=ORIENTED_EDGE('',*,*,#4240,.T.);
#3137=ORIENTED_EDGE('',*,*,#4237,.T.);
#3138=ORIENTED_EDGE('',*,*,#4234,.T.);
#3139=ORIENTED_EDGE('',*,*,#4231,.T.);
#3140=ORIENTED_EDGE('',*,*,#4637,.F.);
#3141=ORIENTED_EDGE('',*,*,#3878,.F.);
#3142=ORIENTED_EDGE('',*,*,#4638,.F.);
#3143=ORIENTED_EDGE('',*,*,#4638,.T.);
#3144=ORIENTED_EDGE('',*,*,#3880,.F.);
#3145=ORIENTED_EDGE('',*,*,#4639,.F.);
#3146=ORIENTED_EDGE('',*,*,#3884,.F.);
#3147=ORIENTED_EDGE('',*,*,#4637,.T.);
#3148=ORIENTED_EDGE('',*,*,#3887,.F.);
#3149=ORIENTED_EDGE('',*,*,#4640,.F.);
#3150=ORIENTED_EDGE('',*,*,#3876,.F.);
#3151=ORIENTED_EDGE('',*,*,#4639,.T.);
#3152=ORIENTED_EDGE('',*,*,#3882,.F.);
#3153=ORIENTED_EDGE('',*,*,#4641,.F.);
#3154=ORIENTED_EDGE('',*,*,#3874,.F.);
#3155=ORIENTED_EDGE('',*,*,#4640,.T.);
#3156=ORIENTED_EDGE('',*,*,#4642,.F.);
#3157=ORIENTED_EDGE('',*,*,#4641,.T.);
#3158=ORIENTED_EDGE('',*,*,#3883,.F.);
#3159=ORIENTED_EDGE('',*,*,#4643,.F.);
#3160=ORIENTED_EDGE('',*,*,#3885,.F.);
#3161=ORIENTED_EDGE('',*,*,#4642,.T.);
#3162=ORIENTED_EDGE('',*,*,#3886,.F.);
#3163=ORIENTED_EDGE('',*,*,#4644,.F.);
#3164=ORIENTED_EDGE('',*,*,#3872,.F.);
#3165=ORIENTED_EDGE('',*,*,#4643,.T.);
#3166=ORIENTED_EDGE('',*,*,#3869,.F.);
#3167=ORIENTED_EDGE('',*,*,#4644,.T.);
#3168=ORIENTED_EDGE('',*,*,#4645,.T.);
#3169=ORIENTED_EDGE('',*,*,#4646,.T.);
#3170=ORIENTED_EDGE('',*,*,#4647,.F.);
#3171=ORIENTED_EDGE('',*,*,#4648,.T.);
#3172=ORIENTED_EDGE('',*,*,#4649,.F.);
#3173=ORIENTED_EDGE('',*,*,#4650,.T.);
#3174=ORIENTED_EDGE('',*,*,#4651,.T.);
#3175=ORIENTED_EDGE('',*,*,#4652,.T.);
#3176=ORIENTED_EDGE('',*,*,#4653,.T.);
#3177=ORIENTED_EDGE('',*,*,#4654,.T.);
#3178=ORIENTED_EDGE('',*,*,#4655,.F.);
#3179=ORIENTED_EDGE('',*,*,#4656,.T.);
#3180=ORIENTED_EDGE('',*,*,#4657,.F.);
#3181=ORIENTED_EDGE('',*,*,#4658,.T.);
#3182=ORIENTED_EDGE('',*,*,#4659,.F.);
#3183=ORIENTED_EDGE('',*,*,#4660,.T.);
#3184=ORIENTED_EDGE('',*,*,#4661,.F.);
#3185=ORIENTED_EDGE('',*,*,#4662,.T.);
#3186=ORIENTED_EDGE('',*,*,#4663,.T.);
#3187=ORIENTED_EDGE('',*,*,#4664,.T.);
#3188=ORIENTED_EDGE('',*,*,#4665,.T.);
#3189=ORIENTED_EDGE('',*,*,#4666,.T.);
#3190=ORIENTED_EDGE('',*,*,#4667,.F.);
#3191=ORIENTED_EDGE('',*,*,#4668,.T.);
#3192=ORIENTED_EDGE('',*,*,#4669,.F.);
#3193=ORIENTED_EDGE('',*,*,#4670,.T.);
#3194=ORIENTED_EDGE('',*,*,#4671,.T.);
#3195=ORIENTED_EDGE('',*,*,#4672,.T.);
#3196=ORIENTED_EDGE('',*,*,#4673,.F.);
#3197=ORIENTED_EDGE('',*,*,#4674,.T.);
#3198=ORIENTED_EDGE('',*,*,#4675,.T.);
#3199=ORIENTED_EDGE('',*,*,#4676,.T.);
#3200=ORIENTED_EDGE('',*,*,#4677,.T.);
#3201=ORIENTED_EDGE('',*,*,#4678,.T.);
#3202=ORIENTED_EDGE('',*,*,#4679,.F.);
#3203=ORIENTED_EDGE('',*,*,#4680,.T.);
#3204=ORIENTED_EDGE('',*,*,#4681,.F.);
#3205=ORIENTED_EDGE('',*,*,#4682,.T.);
#3206=ORIENTED_EDGE('',*,*,#4683,.F.);
#3207=ORIENTED_EDGE('',*,*,#4684,.T.);
#3208=ORIENTED_EDGE('',*,*,#4685,.F.);
#3209=ORIENTED_EDGE('',*,*,#4686,.T.);
#3210=ORIENTED_EDGE('',*,*,#4687,.T.);
#3211=ORIENTED_EDGE('',*,*,#4688,.T.);
#3212=ORIENTED_EDGE('',*,*,#4689,.T.);
#3213=ORIENTED_EDGE('',*,*,#4690,.T.);
#3214=ORIENTED_EDGE('',*,*,#4691,.F.);
#3215=ORIENTED_EDGE('',*,*,#4692,.T.);
#3216=ORIENTED_EDGE('',*,*,#4693,.F.);
#3217=ORIENTED_EDGE('',*,*,#4694,.F.);
#3218=ORIENTED_EDGE('',*,*,#4695,.F.);
#3219=ORIENTED_EDGE('',*,*,#4696,.F.);
#3220=ORIENTED_EDGE('',*,*,#4697,.F.);
#3221=ORIENTED_EDGE('',*,*,#4698,.T.);
#3222=ORIENTED_EDGE('',*,*,#4699,.F.);
#3223=ORIENTED_EDGE('',*,*,#4700,.T.);
#3224=ORIENTED_EDGE('',*,*,#4659,.T.);
#3225=ORIENTED_EDGE('',*,*,#4701,.T.);
#3226=ORIENTED_EDGE('',*,*,#4683,.T.);
#3227=ORIENTED_EDGE('',*,*,#4702,.T.);
#3228=ORIENTED_EDGE('',*,*,#4703,.F.);
#3229=ORIENTED_EDGE('',*,*,#4704,.T.);
#3230=ORIENTED_EDGE('',*,*,#4705,.T.);
#3231=ORIENTED_EDGE('',*,*,#4706,.F.);
#3232=ORIENTED_EDGE('',*,*,#4707,.T.);
#3233=ORIENTED_EDGE('',*,*,#4708,.T.);
#3234=ORIENTED_EDGE('',*,*,#4709,.F.);
#3235=ORIENTED_EDGE('',*,*,#4710,.T.);
#3236=ORIENTED_EDGE('',*,*,#4711,.T.);
#3237=ORIENTED_EDGE('',*,*,#4712,.T.);
#3238=ORIENTED_EDGE('',*,*,#4713,.F.);
#3239=ORIENTED_EDGE('',*,*,#4714,.T.);
#3240=ORIENTED_EDGE('',*,*,#4715,.T.);
#3241=ORIENTED_EDGE('',*,*,#4716,.T.);
#3242=ORIENTED_EDGE('',*,*,#4717,.T.);
#3243=ORIENTED_EDGE('',*,*,#4718,.T.);
#3244=ORIENTED_EDGE('',*,*,#4647,.T.);
#3245=ORIENTED_EDGE('',*,*,#4719,.T.);
#3246=ORIENTED_EDGE('',*,*,#4711,.F.);
#3247=ORIENTED_EDGE('',*,*,#4720,.T.);
#3248=ORIENTED_EDGE('',*,*,#4707,.F.);
#3249=ORIENTED_EDGE('',*,*,#4721,.T.);
#3250=ORIENTED_EDGE('',*,*,#4669,.T.);
#3251=ORIENTED_EDGE('',*,*,#4722,.T.);
#3252=ORIENTED_EDGE('',*,*,#4723,.T.);
#3253=ORIENTED_EDGE('',*,*,#4724,.T.);
#3254=ORIENTED_EDGE('',*,*,#4697,.T.);
#3255=ORIENTED_EDGE('',*,*,#4725,.F.);
#3256=ORIENTED_EDGE('',*,*,#4726,.T.);
#3257=ORIENTED_EDGE('',*,*,#4727,.T.);
#3258=ORIENTED_EDGE('',*,*,#4703,.T.);
#3259=ORIENTED_EDGE('',*,*,#4728,.T.);
#3260=ORIENTED_EDGE('',*,*,#4699,.T.);
#3261=ORIENTED_EDGE('',*,*,#4729,.T.);
#3262=ORIENTED_EDGE('',*,*,#4730,.T.);
#3263=ORIENTED_EDGE('',*,*,#4731,.T.);
#3264=ORIENTED_EDGE('',*,*,#4723,.F.);
#3265=ORIENTED_EDGE('',*,*,#4732,.T.);
#3266=ORIENTED_EDGE('',*,*,#4681,.T.);
#3267=ORIENTED_EDGE('',*,*,#4733,.T.);
#3268=ORIENTED_EDGE('',*,*,#4657,.T.);
#3269=ORIENTED_EDGE('',*,*,#4734,.T.);
#3270=ORIENTED_EDGE('',*,*,#4730,.F.);
#3271=ORIENTED_EDGE('',*,*,#4735,.T.);
#3272=ORIENTED_EDGE('',*,*,#4713,.T.);
#3273=ORIENTED_EDGE('',*,*,#4736,.T.);
#3274=ORIENTED_EDGE('',*,*,#4645,.F.);
#3275=ORIENTED_EDGE('',*,*,#4737,.T.);
#3276=ORIENTED_EDGE('',*,*,#4671,.F.);
#3277=ORIENTED_EDGE('',*,*,#4738,.T.);
#3278=ORIENTED_EDGE('',*,*,#4709,.T.);
#3279=ORIENTED_EDGE('',*,*,#4739,.T.);
#3280=ORIENTED_EDGE('',*,*,#4740,.F.);
#3281=ORIENTED_EDGE('',*,*,#4741,.F.);
#3282=ORIENTED_EDGE('',*,*,#4742,.T.);
#3283=ORIENTED_EDGE('',*,*,#4743,.T.);
#3284=ORIENTED_EDGE('',*,*,#4744,.T.);
#3285=ORIENTED_EDGE('',*,*,#4745,.F.);
#3286=ORIENTED_EDGE('',*,*,#4746,.F.);
#3287=ORIENTED_EDGE('',*,*,#4741,.T.);
#3288=ORIENTED_EDGE('',*,*,#4747,.T.);
#3289=ORIENTED_EDGE('',*,*,#4748,.F.);
#3290=ORIENTED_EDGE('',*,*,#4749,.F.);
#3291=ORIENTED_EDGE('',*,*,#4745,.T.);
#3292=ORIENTED_EDGE('',*,*,#4750,.F.);
#3293=ORIENTED_EDGE('',*,*,#4751,.F.);
#3294=ORIENTED_EDGE('',*,*,#4752,.T.);
#3295=ORIENTED_EDGE('',*,*,#4753,.T.);
#3296=ORIENTED_EDGE('',*,*,#4754,.T.);
#3297=ORIENTED_EDGE('',*,*,#4755,.F.);
#3298=ORIENTED_EDGE('',*,*,#4756,.F.);
#3299=ORIENTED_EDGE('',*,*,#4751,.T.);
#3300=ORIENTED_EDGE('',*,*,#4757,.T.);
#3301=ORIENTED_EDGE('',*,*,#4758,.F.);
#3302=ORIENTED_EDGE('',*,*,#4759,.F.);
#3303=ORIENTED_EDGE('',*,*,#4755,.T.);
#3304=ORIENTED_EDGE('',*,*,#4760,.F.);
#3305=ORIENTED_EDGE('',*,*,#4761,.F.);
#3306=ORIENTED_EDGE('',*,*,#4762,.T.);
#3307=ORIENTED_EDGE('',*,*,#4763,.T.);
#3308=ORIENTED_EDGE('',*,*,#4764,.T.);
#3309=ORIENTED_EDGE('',*,*,#4765,.F.);
#3310=ORIENTED_EDGE('',*,*,#4766,.F.);
#3311=ORIENTED_EDGE('',*,*,#4761,.T.);
#3312=ORIENTED_EDGE('',*,*,#4767,.T.);
#3313=ORIENTED_EDGE('',*,*,#4768,.F.);
#3314=ORIENTED_EDGE('',*,*,#4769,.F.);
#3315=ORIENTED_EDGE('',*,*,#4765,.T.);
#3316=ORIENTED_EDGE('',*,*,#4770,.F.);
#3317=ORIENTED_EDGE('',*,*,#4771,.F.);
#3318=ORIENTED_EDGE('',*,*,#4772,.T.);
#3319=ORIENTED_EDGE('',*,*,#4773,.T.);
#3320=ORIENTED_EDGE('',*,*,#4774,.T.);
#3321=ORIENTED_EDGE('',*,*,#4775,.F.);
#3322=ORIENTED_EDGE('',*,*,#4776,.F.);
#3323=ORIENTED_EDGE('',*,*,#4771,.T.);
#3324=ORIENTED_EDGE('',*,*,#4777,.T.);
#3325=ORIENTED_EDGE('',*,*,#4778,.F.);
#3326=ORIENTED_EDGE('',*,*,#4779,.F.);
#3327=ORIENTED_EDGE('',*,*,#4775,.T.);
#3328=ORIENTED_EDGE('',*,*,#4704,.F.);
#3329=ORIENTED_EDGE('',*,*,#4727,.F.);
#3330=ORIENTED_EDGE('',*,*,#4780,.T.);
#3331=ORIENTED_EDGE('',*,*,#4781,.T.);
#3332=ORIENTED_EDGE('',*,*,#4706,.T.);
#3333=ORIENTED_EDGE('',*,*,#4782,.F.);
#3334=ORIENTED_EDGE('',*,*,#4783,.F.);
#3335=ORIENTED_EDGE('',*,*,#4725,.T.);
#3336=ORIENTED_EDGE('',*,*,#4784,.F.);
#3337=ORIENTED_EDGE('',*,*,#4753,.F.);
#3338=ORIENTED_EDGE('',*,*,#4785,.T.);
#3339=ORIENTED_EDGE('',*,*,#4758,.T.);
#3340=ORIENTED_EDGE('',*,*,#4786,.F.);
#3341=ORIENTED_EDGE('',*,*,#4763,.F.);
#3342=ORIENTED_EDGE('',*,*,#4787,.T.);
#3343=ORIENTED_EDGE('',*,*,#4768,.T.);
#3344=ORIENTED_EDGE('',*,*,#4788,.F.);
#3345=ORIENTED_EDGE('',*,*,#4773,.F.);
#3346=ORIENTED_EDGE('',*,*,#4789,.T.);
#3347=ORIENTED_EDGE('',*,*,#4778,.T.);
#3348=ORIENTED_EDGE('',*,*,#4705,.F.);
#3349=ORIENTED_EDGE('',*,*,#4781,.F.);
#3350=ORIENTED_EDGE('',*,*,#4790,.T.);
#3351=ORIENTED_EDGE('',*,*,#4782,.T.);
#3352=ORIENTED_EDGE('',*,*,#4791,.F.);
#3353=ORIENTED_EDGE('',*,*,#4743,.F.);
#3354=ORIENTED_EDGE('',*,*,#4792,.T.);
#3355=ORIENTED_EDGE('',*,*,#4748,.T.);
#3356=ORIENTED_EDGE('',*,*,#4780,.F.);
#3357=ORIENTED_EDGE('',*,*,#4726,.F.);
#3358=ORIENTED_EDGE('',*,*,#4783,.T.);
#3359=ORIENTED_EDGE('',*,*,#4790,.F.);
#3360=ORIENTED_EDGE('',*,*,#4772,.F.);
#3361=ORIENTED_EDGE('',*,*,#4776,.T.);
#3362=ORIENTED_EDGE('',*,*,#4779,.T.);
#3363=ORIENTED_EDGE('',*,*,#4789,.F.);
#3364=ORIENTED_EDGE('',*,*,#4762,.F.);
#3365=ORIENTED_EDGE('',*,*,#4766,.T.);
#3366=ORIENTED_EDGE('',*,*,#4769,.T.);
#3367=ORIENTED_EDGE('',*,*,#4787,.F.);
#3368=ORIENTED_EDGE('',*,*,#4752,.F.);
#3369=ORIENTED_EDGE('',*,*,#4756,.T.);
#3370=ORIENTED_EDGE('',*,*,#4759,.T.);
#3371=ORIENTED_EDGE('',*,*,#4785,.F.);
#3372=ORIENTED_EDGE('',*,*,#4742,.F.);
#3373=ORIENTED_EDGE('',*,*,#4746,.T.);
#3374=ORIENTED_EDGE('',*,*,#4749,.T.);
#3375=ORIENTED_EDGE('',*,*,#4792,.F.);
#3376=ORIENTED_EDGE('',*,*,#4740,.T.);
#3377=ORIENTED_EDGE('',*,*,#4791,.T.);
#3378=ORIENTED_EDGE('',*,*,#4747,.F.);
#3379=ORIENTED_EDGE('',*,*,#4744,.F.);
#3380=ORIENTED_EDGE('',*,*,#4770,.T.);
#3381=ORIENTED_EDGE('',*,*,#4788,.T.);
#3382=ORIENTED_EDGE('',*,*,#4777,.F.);
#3383=ORIENTED_EDGE('',*,*,#4774,.F.);
#3384=ORIENTED_EDGE('',*,*,#4760,.T.);
#3385=ORIENTED_EDGE('',*,*,#4786,.T.);
#3386=ORIENTED_EDGE('',*,*,#4767,.F.);
#3387=ORIENTED_EDGE('',*,*,#4764,.F.);
#3388=ORIENTED_EDGE('',*,*,#4750,.T.);
#3389=ORIENTED_EDGE('',*,*,#4784,.T.);
#3390=ORIENTED_EDGE('',*,*,#4757,.F.);
#3391=ORIENTED_EDGE('',*,*,#4754,.F.);
#3392=ORIENTED_EDGE('',*,*,#4675,.F.);
#3393=ORIENTED_EDGE('',*,*,#4793,.T.);
#3394=ORIENTED_EDGE('',*,*,#4685,.T.);
#3395=ORIENTED_EDGE('',*,*,#4794,.T.);
#3396=ORIENTED_EDGE('',*,*,#4687,.F.);
#3397=ORIENTED_EDGE('',*,*,#4795,.T.);
#3398=ORIENTED_EDGE('',*,*,#4673,.T.);
#3399=ORIENTED_EDGE('',*,*,#4796,.T.);
#3400=ORIENTED_EDGE('',*,*,#4679,.T.);
#3401=ORIENTED_EDGE('',*,*,#4797,.T.);
#3402=ORIENTED_EDGE('',*,*,#4689,.F.);
#3403=ORIENTED_EDGE('',*,*,#4798,.T.);
#3404=ORIENTED_EDGE('',*,*,#4677,.F.);
#3405=ORIENTED_EDGE('',*,*,#4799,.T.);
#3406=ORIENTED_EDGE('',*,*,#4691,.T.);
#3407=ORIENTED_EDGE('',*,*,#4800,.T.);
#3408=ORIENTED_EDGE('',*,*,#4686,.F.);
#3409=ORIENTED_EDGE('',*,*,#4793,.F.);
#3410=ORIENTED_EDGE('',*,*,#4674,.F.);
#3411=ORIENTED_EDGE('',*,*,#4795,.F.);
#3412=ORIENTED_EDGE('',*,*,#4692,.F.);
#3413=ORIENTED_EDGE('',*,*,#4799,.F.);
#3414=ORIENTED_EDGE('',*,*,#4676,.F.);
#3415=ORIENTED_EDGE('',*,*,#4794,.F.);
#3416=ORIENTED_EDGE('',*,*,#4690,.F.);
#3417=ORIENTED_EDGE('',*,*,#4797,.F.);
#3418=ORIENTED_EDGE('',*,*,#4678,.F.);
#3419=ORIENTED_EDGE('',*,*,#4800,.F.);
#3420=ORIENTED_EDGE('',*,*,#4688,.F.);
#3421=ORIENTED_EDGE('',*,*,#4796,.F.);
#3422=ORIENTED_EDGE('',*,*,#4680,.F.);
#3423=ORIENTED_EDGE('',*,*,#4798,.F.);
#3424=ORIENTED_EDGE('',*,*,#4735,.F.);
#3425=ORIENTED_EDGE('',*,*,#4729,.F.);
#3426=ORIENTED_EDGE('',*,*,#4698,.F.);
#3427=ORIENTED_EDGE('',*,*,#4724,.F.);
#3428=ORIENTED_EDGE('',*,*,#4732,.F.);
#3429=ORIENTED_EDGE('',*,*,#4728,.F.);
#3430=ORIENTED_EDGE('',*,*,#4702,.F.);
#3431=ORIENTED_EDGE('',*,*,#4682,.F.);
#3432=ORIENTED_EDGE('',*,*,#4733,.F.);
#3433=ORIENTED_EDGE('',*,*,#4684,.F.);
#3434=ORIENTED_EDGE('',*,*,#4701,.F.);
#3435=ORIENTED_EDGE('',*,*,#4658,.F.);
#3436=ORIENTED_EDGE('',*,*,#4734,.F.);
#3437=ORIENTED_EDGE('',*,*,#4660,.F.);
#3438=ORIENTED_EDGE('',*,*,#4700,.F.);
#3439=ORIENTED_EDGE('',*,*,#4731,.F.);
#3440=ORIENTED_EDGE('',*,*,#4736,.F.);
#3441=ORIENTED_EDGE('',*,*,#4712,.F.);
#3442=ORIENTED_EDGE('',*,*,#4719,.F.);
#3443=ORIENTED_EDGE('',*,*,#4646,.F.);
#3444=ORIENTED_EDGE('',*,*,#4739,.F.);
#3445=ORIENTED_EDGE('',*,*,#4708,.F.);
#3446=ORIENTED_EDGE('',*,*,#4720,.F.);
#3447=ORIENTED_EDGE('',*,*,#4714,.F.);
#3448=ORIENTED_EDGE('',*,*,#4738,.F.);
#3449=ORIENTED_EDGE('',*,*,#4670,.F.);
#3450=ORIENTED_EDGE('',*,*,#4721,.F.);
#3451=ORIENTED_EDGE('',*,*,#4710,.F.);
#3452=ORIENTED_EDGE('',*,*,#4737,.F.);
#3453=ORIENTED_EDGE('',*,*,#4648,.F.);
#3454=ORIENTED_EDGE('',*,*,#4722,.F.);
#3455=ORIENTED_EDGE('',*,*,#4672,.F.);
#3456=ORIENTED_EDGE('',*,*,#4696,.T.);
#3457=ORIENTED_EDGE('',*,*,#4718,.F.);
#3458=ORIENTED_EDGE('',*,*,#4695,.T.);
#3459=ORIENTED_EDGE('',*,*,#4717,.F.);
#3460=ORIENTED_EDGE('',*,*,#4694,.T.);
#3461=ORIENTED_EDGE('',*,*,#4716,.F.);
#3462=ORIENTED_EDGE('',*,*,#4693,.T.);
#3463=ORIENTED_EDGE('',*,*,#4715,.F.);
#3464=ORIENTED_EDGE('',*,*,#4661,.T.);
#3465=ORIENTED_EDGE('',*,*,#4801,.T.);
#3466=ORIENTED_EDGE('',*,*,#4651,.F.);
#3467=ORIENTED_EDGE('',*,*,#4802,.T.);
#3468=ORIENTED_EDGE('',*,*,#4649,.T.);
#3469=ORIENTED_EDGE('',*,*,#4803,.T.);
#3470=ORIENTED_EDGE('',*,*,#4663,.F.);
#3471=ORIENTED_EDGE('',*,*,#4804,.T.);
#3472=ORIENTED_EDGE('',*,*,#4655,.T.);
#3473=ORIENTED_EDGE('',*,*,#4805,.T.);
#3474=ORIENTED_EDGE('',*,*,#4665,.F.);
#3475=ORIENTED_EDGE('',*,*,#4806,.T.);
#3476=ORIENTED_EDGE('',*,*,#4653,.F.);
#3477=ORIENTED_EDGE('',*,*,#4807,.T.);
#3478=ORIENTED_EDGE('',*,*,#4667,.T.);
#3479=ORIENTED_EDGE('',*,*,#4808,.T.);
#3480=ORIENTED_EDGE('',*,*,#4668,.F.);
#3481=ORIENTED_EDGE('',*,*,#4807,.F.);
#3482=ORIENTED_EDGE('',*,*,#4652,.F.);
#3483=ORIENTED_EDGE('',*,*,#4801,.F.);
#3484=ORIENTED_EDGE('',*,*,#4666,.F.);
#3485=ORIENTED_EDGE('',*,*,#4805,.F.);
#3486=ORIENTED_EDGE('',*,*,#4654,.F.);
#3487=ORIENTED_EDGE('',*,*,#4808,.F.);
#3488=ORIENTED_EDGE('',*,*,#4664,.F.);
#3489=ORIENTED_EDGE('',*,*,#4803,.F.);
#3490=ORIENTED_EDGE('',*,*,#4656,.F.);
#3491=ORIENTED_EDGE('',*,*,#4806,.F.);
#3492=ORIENTED_EDGE('',*,*,#4662,.F.);
#3493=ORIENTED_EDGE('',*,*,#4802,.F.);
#3494=ORIENTED_EDGE('',*,*,#4650,.F.);
#3495=ORIENTED_EDGE('',*,*,#4804,.F.);
#3496=EDGE_CURVE('',#4809,#4810,#5683,.T.);
#3497=EDGE_CURVE('',#4810,#4811,#5684,.T.);
#3498=EDGE_CURVE('',#4811,#4812,#5685,.T.);
#3499=EDGE_CURVE('',#4812,#4813,#564,.T.);
#3500=EDGE_CURVE('',#4813,#4814,#565,.T.);
#3501=EDGE_CURVE('',#4814,#4815,#566,.T.);
#3502=EDGE_CURVE('',#4815,#4816,#302,.T.);
#3503=EDGE_CURVE('',#4816,#4817,#303,.T.);
#3504=EDGE_CURVE('',#4817,#4818,#567,.T.);
#3505=EDGE_CURVE('',#4818,#4819,#568,.T.);
#3506=EDGE_CURVE('',#4819,#4820,#569,.T.);
#3507=EDGE_CURVE('',#4820,#4821,#570,.T.);
#3508=EDGE_CURVE('',#4821,#4822,#304,.T.);
#3509=EDGE_CURVE('',#4822,#4823,#305,.T.);
#3510=EDGE_CURVE('',#4823,#4824,#306,.T.);
#3511=EDGE_CURVE('',#4824,#4825,#5686,.T.);
#3512=EDGE_CURVE('',#4825,#4826,#5687,.T.);
#3513=EDGE_CURVE('',#4826,#4827,#5688,.T.);
#3514=EDGE_CURVE('',#4827,#4828,#571,.T.);
#3515=EDGE_CURVE('',#4828,#4829,#572,.T.);
#3516=EDGE_CURVE('',#4829,#4830,#307,.F.);
#3517=EDGE_CURVE('',#4830,#4831,#308,.F.);
#3518=EDGE_CURVE('',#4831,#4832,#309,.F.);
#3519=EDGE_CURVE('',#4832,#4833,#310,.F.);
#3520=EDGE_CURVE('',#4833,#4834,#311,.T.);
#3521=EDGE_CURVE('',#4834,#4835,#573,.T.);
#3522=EDGE_CURVE('',#4835,#4836,#574,.T.);
#3523=EDGE_CURVE('',#4836,#4809,#575,.T.);
#3524=EDGE_CURVE('',#4837,#4838,#5689,.T.);
#3525=EDGE_CURVE('',#4838,#4839,#5690,.T.);
#3526=EDGE_CURVE('',#4839,#4840,#576,.T.);
#3527=EDGE_CURVE('',#4840,#4841,#312,.T.);
#3528=EDGE_CURVE('',#4841,#4842,#577,.T.);
#3529=EDGE_CURVE('',#4842,#4843,#313,.T.);
#3530=EDGE_CURVE('',#4843,#4844,#5691,.T.);
#3531=EDGE_CURVE('',#4844,#4845,#5692,.T.);
#3532=EDGE_CURVE('',#4845,#4846,#5693,.T.);
#3533=EDGE_CURVE('',#4846,#4847,#314,.F.);
#3534=EDGE_CURVE('',#4847,#4848,#315,.F.);
#3535=EDGE_CURVE('',#4848,#4849,#316,.F.);
#3536=EDGE_CURVE('',#4849,#4850,#578,.T.);
#3537=EDGE_CURVE('',#4850,#4837,#5694,.T.);
#3538=EDGE_CURVE('',#4851,#4852,#579,.T.);
#3539=EDGE_CURVE('',#4852,#4853,#580,.T.);
#3540=EDGE_CURVE('',#4853,#4854,#317,.T.);
#3541=EDGE_CURVE('',#4854,#4855,#318,.T.);
#3542=EDGE_CURVE('',#4855,#4856,#319,.T.);
#3543=EDGE_CURVE('',#4856,#4857,#320,.T.);
#3544=EDGE_CURVE('',#4857,#4858,#321,.T.);
#3545=EDGE_CURVE('',#4858,#4859,#322,.T.);
#3546=EDGE_CURVE('',#4859,#4860,#323,.T.);
#3547=EDGE_CURVE('',#4860,#4861,#324,.T.);
#3548=EDGE_CURVE('',#4861,#4862,#581,.T.);
#3549=EDGE_CURVE('',#4862,#4863,#325,.T.);
#3550=EDGE_CURVE('',#4863,#4864,#326,.T.);
#3551=EDGE_CURVE('',#4864,#4851,#327,.T.);
#3552=EDGE_CURVE('',#4865,#4866,#582,.T.);
#3553=EDGE_CURVE('',#4866,#4867,#583,.T.);
#3554=EDGE_CURVE('',#4867,#4868,#584,.T.);
#3555=EDGE_CURVE('',#4868,#4869,#5695,.T.);
#3556=EDGE_CURVE('',#4869,#4870,#5696,.T.);
#3557=EDGE_CURVE('',#4870,#4871,#5697,.T.);
#3558=EDGE_CURVE('',#4871,#4872,#585,.T.);
#3559=EDGE_CURVE('',#4872,#4873,#586,.T.);
#3560=EDGE_CURVE('',#4873,#4874,#587,.T.);
#3561=EDGE_CURVE('',#4874,#4875,#588,.T.);
#3562=EDGE_CURVE('',#4875,#4876,#589,.T.);
#3563=EDGE_CURVE('',#4876,#4877,#590,.T.);
#3564=EDGE_CURVE('',#4877,#4878,#591,.T.);
#3565=EDGE_CURVE('',#4878,#4879,#592,.T.);
#3566=EDGE_CURVE('',#4879,#4880,#593,.T.);
#3567=EDGE_CURVE('',#4880,#4881,#5698,.T.);
#3568=EDGE_CURVE('',#4881,#4882,#594,.T.);
#3569=EDGE_CURVE('',#4882,#4883,#595,.T.);
#3570=EDGE_CURVE('',#4883,#4884,#596,.T.);
#3571=EDGE_CURVE('',#4884,#4865,#597,.T.);
#3572=EDGE_CURVE('',#4885,#4886,#5699,.T.);
#3573=EDGE_CURVE('',#4886,#4887,#5700,.T.);
#3574=EDGE_CURVE('',#4887,#4888,#598,.T.);
#3575=EDGE_CURVE('',#4888,#4889,#328,.T.);
#3576=EDGE_CURVE('',#4889,#4890,#599,.T.);
#3577=EDGE_CURVE('',#4890,#4891,#329,.T.);
#3578=EDGE_CURVE('',#4891,#4892,#5701,.T.);
#3579=EDGE_CURVE('',#4892,#4893,#5702,.T.);
#3580=EDGE_CURVE('',#4893,#4894,#5703,.T.);
#3581=EDGE_CURVE('',#4894,#4895,#330,.F.);
#3582=EDGE_CURVE('',#4895,#4896,#331,.F.);
#3583=EDGE_CURVE('',#4896,#4897,#332,.F.);
#3584=EDGE_CURVE('',#4897,#4898,#600,.T.);
#3585=EDGE_CURVE('',#4898,#4885,#5704,.T.);
#3586=EDGE_CURVE('',#4899,#4900,#333,.T.);
#3587=EDGE_CURVE('',#4900,#4901,#5705,.T.);
#3588=EDGE_CURVE('',#4901,#4902,#334,.T.);
#3589=EDGE_CURVE('',#4903,#4902,#5706,.T.);
#3590=EDGE_CURVE('',#4903,#4904,#335,.T.);
#3591=EDGE_CURVE('',#4905,#4904,#5707,.T.);
#3592=EDGE_CURVE('',#4905,#4906,#336,.T.);
#3593=EDGE_CURVE('',#4906,#4899,#5708,.T.);
#3594=EDGE_CURVE('',#4907,#4908,#601,.T.);
#3595=EDGE_CURVE('',#4908,#4909,#602,.T.);
#3596=EDGE_CURVE('',#4909,#4910,#337,.T.);
#3597=EDGE_CURVE('',#4910,#4911,#603,.T.);
#3598=EDGE_CURVE('',#4911,#4912,#604,.T.);
#3599=EDGE_CURVE('',#4912,#4913,#338,.T.);
#3600=EDGE_CURVE('',#4913,#4914,#605,.T.);
#3601=EDGE_CURVE('',#4914,#4915,#606,.T.);
#3602=EDGE_CURVE('',#4915,#4916,#607,.T.);
#3603=EDGE_CURVE('',#4916,#4917,#608,.T.);
#3604=EDGE_CURVE('',#4917,#4918,#339,.T.);
#3605=EDGE_CURVE('',#4918,#4919,#609,.T.);
#3606=EDGE_CURVE('',#4919,#4920,#610,.T.);
#3607=EDGE_CURVE('',#4920,#4921,#340,.T.);
#3608=EDGE_CURVE('',#4921,#4922,#611,.T.);
#3609=EDGE_CURVE('',#4922,#4907,#612,.T.);
#3610=EDGE_CURVE('',#4923,#4924,#613,.T.);
#3611=EDGE_CURVE('',#4924,#4925,#614,.T.);
#3612=EDGE_CURVE('',#4925,#4926,#341,.T.);
#3613=EDGE_CURVE('',#4926,#4927,#342,.T.);
#3614=EDGE_CURVE('',#4927,#4928,#343,.T.);
#3615=EDGE_CURVE('',#4928,#4929,#344,.T.);
#3616=EDGE_CURVE('',#4929,#4930,#345,.T.);
#3617=EDGE_CURVE('',#4930,#4931,#346,.T.);
#3618=EDGE_CURVE('',#4931,#4932,#347,.T.);
#3619=EDGE_CURVE('',#4932,#4933,#348,.T.);
#3620=EDGE_CURVE('',#4933,#4934,#615,.T.);
#3621=EDGE_CURVE('',#4934,#4935,#349,.T.);
#3622=EDGE_CURVE('',#4935,#4936,#350,.T.);
#3623=EDGE_CURVE('',#4936,#4923,#351,.T.);
#3624=EDGE_CURVE('',#4937,#4938,#616,.T.);
#3625=EDGE_CURVE('',#4938,#4939,#617,.T.);
#3626=EDGE_CURVE('',#4939,#4940,#618,.T.);
#3627=EDGE_CURVE('',#4940,#4941,#5709,.T.);
#3628=EDGE_CURVE('',#4941,#4942,#5710,.T.);
#3629=EDGE_CURVE('',#4942,#4943,#5711,.T.);
#3630=EDGE_CURVE('',#4943,#4937,#619,.T.);
#3631=EDGE_CURVE('',#4944,#4945,#5712,.T.);
#3632=EDGE_CURVE('',#4945,#4946,#5713,.T.);
#3633=EDGE_CURVE('',#4946,#4947,#620,.T.);
#3634=EDGE_CURVE('',#4947,#4948,#621,.T.);
#3635=EDGE_CURVE('',#4948,#4949,#622,.T.);
#3636=EDGE_CURVE('',#4949,#4950,#5714,.T.);
#3637=EDGE_CURVE('',#4950,#4951,#5715,.T.);
#3638=EDGE_CURVE('',#4951,#4952,#5716,.T.);
#3639=EDGE_CURVE('',#4952,#4953,#352,.F.);
#3640=EDGE_CURVE('',#4953,#4954,#353,.F.);
#3641=EDGE_CURVE('',#4954,#4955,#354,.F.);
#3642=EDGE_CURVE('',#4955,#4956,#623,.T.);
#3643=EDGE_CURVE('',#4956,#4957,#624,.T.);
#3644=EDGE_CURVE('',#4957,#4958,#5717,.T.);
#3645=EDGE_CURVE('',#4958,#4959,#5718,.T.);
#3646=EDGE_CURVE('',#4959,#4944,#5719,.T.);
#3647=EDGE_CURVE('',#4960,#4961,#625,.T.);
#3648=EDGE_CURVE('',#4961,#4962,#626,.T.);
#3649=EDGE_CURVE('',#4962,#4963,#627,.T.);
#3650=EDGE_CURVE('',#4963,#4964,#5720,.T.);
#3651=EDGE_CURVE('',#4964,#4965,#5721,.T.);
#3652=EDGE_CURVE('',#4965,#4966,#5722,.T.);
#3653=EDGE_CURVE('',#4966,#4967,#628,.T.);
#3654=EDGE_CURVE('',#4967,#4968,#629,.T.);
#3655=EDGE_CURVE('',#4968,#4969,#630,.T.);
#3656=EDGE_CURVE('',#4969,#4970,#631,.T.);
#3657=EDGE_CURVE('',#4970,#4971,#632,.T.);
#3658=EDGE_CURVE('',#4971,#4972,#633,.T.);
#3659=EDGE_CURVE('',#4972,#4973,#634,.T.);
#3660=EDGE_CURVE('',#4973,#4974,#635,.T.);
#3661=EDGE_CURVE('',#4974,#4975,#636,.T.);
#3662=EDGE_CURVE('',#4975,#4976,#5723,.T.);
#3663=EDGE_CURVE('',#4976,#4977,#637,.T.);
#3664=EDGE_CURVE('',#4977,#4978,#638,.T.);
#3665=EDGE_CURVE('',#4978,#4979,#639,.T.);
#3666=EDGE_CURVE('',#4979,#4960,#640,.T.);
#3667=EDGE_CURVE('',#4980,#4981,#5724,.T.);
#3668=EDGE_CURVE('',#4981,#4982,#5725,.T.);
#3669=EDGE_CURVE('',#4982,#4983,#355,.T.);
#3670=EDGE_CURVE('',#4983,#4984,#356,.T.);
#3671=EDGE_CURVE('',#4984,#4985,#357,.T.);
#3672=EDGE_CURVE('',#4985,#4986,#358,.T.);
#3673=EDGE_CURVE('',#4986,#4987,#359,.T.);
#3674=EDGE_CURVE('',#4987,#4988,#360,.T.);
#3675=EDGE_CURVE('',#4988,#4989,#361,.T.);
#3676=EDGE_CURVE('',#4989,#4990,#362,.T.);
#3677=EDGE_CURVE('',#4990,#4991,#363,.T.);
#3678=EDGE_CURVE('',#4991,#4992,#364,.T.);
#3679=EDGE_CURVE('',#4992,#4993,#365,.T.);
#3680=EDGE_CURVE('',#4993,#4994,#366,.T.);
#3681=EDGE_CURVE('',#4994,#4995,#367,.T.);
#3682=EDGE_CURVE('',#4995,#4996,#5726,.T.);
#3683=EDGE_CURVE('',#4996,#4997,#641,.T.);
#3684=EDGE_CURVE('',#4997,#4998,#368,.F.);
#3685=EDGE_CURVE('',#4998,#4999,#369,.F.);
#3686=EDGE_CURVE('',#4999,#5000,#370,.F.);
#3687=EDGE_CURVE('',#5000,#5001,#371,.F.);
#3688=EDGE_CURVE('',#5001,#5002,#372,.F.);
#3689=EDGE_CURVE('',#5002,#5003,#373,.F.);
#3690=EDGE_CURVE('',#5003,#5004,#374,.F.);
#3691=EDGE_CURVE('',#5004,#5005,#642,.T.);
#3692=EDGE_CURVE('',#5005,#5006,#375,.F.);
#3693=EDGE_CURVE('',#5006,#5007,#376,.F.);
#3694=EDGE_CURVE('',#5007,#5008,#377,.F.);
#3695=EDGE_CURVE('',#5008,#5009,#378,.F.);
#3696=EDGE_CURVE('',#5009,#4980,#5727,.T.);
#3697=EDGE_CURVE('',#5010,#5011,#5728,.T.);
#3698=EDGE_CURVE('',#5011,#5012,#5729,.T.);
#3699=EDGE_CURVE('',#5012,#5013,#5730,.T.);
#3700=EDGE_CURVE('',#5013,#5014,#5731,.T.);
#3701=EDGE_CURVE('',#5014,#5015,#5732,.T.);
#3702=EDGE_CURVE('',#5015,#5016,#5733,.T.);
#3703=EDGE_CURVE('',#5016,#5017,#5734,.T.);
#3704=EDGE_CURVE('',#5017,#5018,#643,.T.);
#3705=EDGE_CURVE('',#5018,#5019,#379,.F.);
#3706=EDGE_CURVE('',#5019,#5020,#380,.F.);
#3707=EDGE_CURVE('',#5020,#5021,#381,.F.);
#3708=EDGE_CURVE('',#5021,#5022,#5735,.T.);
#3709=EDGE_CURVE('',#5022,#5023,#644,.T.);
#3710=EDGE_CURVE('',#5023,#5024,#645,.T.);
#3711=EDGE_CURVE('',#5024,#5010,#5736,.T.);
#3712=EDGE_CURVE('',#5025,#5026,#646,.T.);
#3713=EDGE_CURVE('',#5026,#5027,#5737,.T.);
#3714=EDGE_CURVE('',#5027,#5028,#647,.T.);
#3715=EDGE_CURVE('',#5028,#5029,#648,.T.);
#3716=EDGE_CURVE('',#5029,#5030,#649,.T.);
#3717=EDGE_CURVE('',#5030,#5031,#650,.T.);
#3718=EDGE_CURVE('',#5031,#5032,#5738,.T.);
#3719=EDGE_CURVE('',#5032,#5033,#5739,.T.);
#3720=EDGE_CURVE('',#5033,#5034,#651,.T.);
#3721=EDGE_CURVE('',#5034,#5035,#5740,.T.);
#3722=EDGE_CURVE('',#5035,#5036,#5741,.T.);
#3723=EDGE_CURVE('',#5036,#5037,#5742,.T.);
#3724=EDGE_CURVE('',#5037,#5038,#652,.T.);
#3725=EDGE_CURVE('',#5038,#5039,#653,.T.);
#3726=EDGE_CURVE('',#5039,#5040,#5743,.T.);
#3727=EDGE_CURVE('',#5040,#5041,#5744,.T.);
#3728=EDGE_CURVE('',#5041,#5042,#654,.T.);
#3729=EDGE_CURVE('',#5042,#5043,#655,.T.);
#3730=EDGE_CURVE('',#5043,#5044,#656,.T.);
#3731=EDGE_CURVE('',#5044,#5025,#657,.T.);
#3732=EDGE_CURVE('',#5045,#5046,#5745,.T.);
#3733=EDGE_CURVE('',#5046,#5047,#5746,.T.);
#3734=EDGE_CURVE('',#5047,#5048,#658,.T.);
#3735=EDGE_CURVE('',#5048,#5049,#382,.T.);
#3736=EDGE_CURVE('',#5049,#5050,#659,.T.);
#3737=EDGE_CURVE('',#5050,#5051,#383,.T.);
#3738=EDGE_CURVE('',#5051,#5052,#5747,.T.);
#3739=EDGE_CURVE('',#5052,#5053,#5748,.T.);
#3740=EDGE_CURVE('',#5053,#5054,#5749,.T.);
#3741=EDGE_CURVE('',#5054,#5055,#384,.F.);
#3742=EDGE_CURVE('',#5055,#5056,#385,.F.);
#3743=EDGE_CURVE('',#5056,#5057,#386,.F.);
#3744=EDGE_CURVE('',#5057,#5058,#660,.T.);
#3745=EDGE_CURVE('',#5058,#5045,#5750,.T.);
#3746=EDGE_CURVE('',#5059,#5060,#5751,.T.);
#3747=EDGE_CURVE('',#5060,#5061,#5752,.T.);
#3748=EDGE_CURVE('',#5061,#5062,#5753,.T.);
#3749=EDGE_CURVE('',#5062,#5063,#5754,.T.);
#3750=EDGE_CURVE('',#5063,#5064,#5755,.T.);
#3751=EDGE_CURVE('',#5064,#5065,#5756,.T.);
#3752=EDGE_CURVE('',#5065,#5066,#5757,.T.);
#3753=EDGE_CURVE('',#5066,#5059,#5758,.T.);
#3754=EDGE_CURVE('',#5067,#5068,#661,.T.);
#3755=EDGE_CURVE('',#5068,#5069,#387,.T.);
#3756=EDGE_CURVE('',#5069,#5070,#5759,.T.);
#3757=EDGE_CURVE('',#5070,#5071,#662,.T.);
#3758=EDGE_CURVE('',#5071,#5072,#388,.T.);
#3759=EDGE_CURVE('',#5072,#5073,#5760,.T.);
#3760=EDGE_CURVE('',#5073,#5074,#5761,.T.);
#3761=EDGE_CURVE('',#5074,#5075,#5762,.T.);
#3762=EDGE_CURVE('',#5075,#5076,#389,.F.);
#3763=EDGE_CURVE('',#5076,#5077,#390,.F.);
#3764=EDGE_CURVE('',#5077,#5078,#391,.F.);
#3765=EDGE_CURVE('',#5078,#5079,#663,.T.);
#3766=EDGE_CURVE('',#5079,#5080,#392,.F.);
#3767=EDGE_CURVE('',#5080,#5081,#5763,.T.);
#3768=EDGE_CURVE('',#5081,#5082,#5764,.T.);
#3769=EDGE_CURVE('',#5082,#5067,#5765,.T.);
#3770=EDGE_CURVE('',#5083,#5084,#664,.T.);
#3771=EDGE_CURVE('',#5084,#5085,#5766,.T.);
#3772=EDGE_CURVE('',#5085,#5086,#665,.T.);
#3773=EDGE_CURVE('',#5086,#5087,#666,.T.);
#3774=EDGE_CURVE('',#5087,#5088,#667,.T.);
#3775=EDGE_CURVE('',#5088,#5089,#668,.T.);
#3776=EDGE_CURVE('',#5089,#5090,#5767,.T.);
#3777=EDGE_CURVE('',#5090,#5091,#5768,.T.);
#3778=EDGE_CURVE('',#5091,#5092,#669,.T.);
#3779=EDGE_CURVE('',#5092,#5093,#5769,.T.);
#3780=EDGE_CURVE('',#5093,#5094,#5770,.T.);
#3781=EDGE_CURVE('',#5094,#5095,#5771,.T.);
#3782=EDGE_CURVE('',#5095,#5096,#670,.T.);
#3783=EDGE_CURVE('',#5096,#5097,#671,.T.);
#3784=EDGE_CURVE('',#5097,#5098,#5772,.T.);
#3785=EDGE_CURVE('',#5098,#5099,#5773,.T.);
#3786=EDGE_CURVE('',#5099,#5100,#672,.T.);
#3787=EDGE_CURVE('',#5100,#5101,#673,.T.);
#3788=EDGE_CURVE('',#5101,#5102,#674,.T.);
#3789=EDGE_CURVE('',#5102,#5083,#675,.T.);
#3790=EDGE_CURVE('',#5103,#5104,#676,.T.);
#3791=EDGE_CURVE('',#5104,#5105,#5774,.T.);
#3792=EDGE_CURVE('',#5105,#5106,#393,.T.);
#3793=EDGE_CURVE('',#5106,#5107,#677,.T.);
#3794=EDGE_CURVE('',#5107,#5108,#678,.T.);
#3795=EDGE_CURVE('',#5108,#5109,#679,.T.);
#3796=EDGE_CURVE('',#5109,#5110,#680,.T.);
#3797=EDGE_CURVE('',#5110,#5111,#394,.T.);
#3798=EDGE_CURVE('',#5111,#5112,#5775,.T.);
#3799=EDGE_CURVE('',#5112,#5113,#681,.T.);
#3800=EDGE_CURVE('',#5113,#5114,#682,.T.);
#3801=EDGE_CURVE('',#5114,#5115,#683,.T.);
#3802=EDGE_CURVE('',#5115,#5116,#684,.T.);
#3803=EDGE_CURVE('',#5116,#5103,#685,.T.);
#3804=EDGE_CURVE('',#5117,#5118,#5776,.T.);
#3805=EDGE_CURVE('',#5118,#5119,#5777,.T.);
#3806=EDGE_CURVE('',#5119,#5120,#5778,.T.);
#3807=EDGE_CURVE('',#5120,#5121,#686,.T.);
#3808=EDGE_CURVE('',#5121,#5122,#5779,.T.);
#3809=EDGE_CURVE('',#5122,#5123,#5780,.T.);
#3810=EDGE_CURVE('',#5123,#5124,#5781,.T.);
#3811=EDGE_CURVE('',#5124,#5125,#687,.T.);
#3812=EDGE_CURVE('',#5125,#5126,#688,.T.);
#3813=EDGE_CURVE('',#5126,#5127,#395,.F.);
#3814=EDGE_CURVE('',#5127,#5128,#5782,.T.);
#3815=EDGE_CURVE('',#5128,#5129,#5783,.T.);
#3816=EDGE_CURVE('',#5129,#5130,#5784,.T.);
#3817=EDGE_CURVE('',#5130,#5131,#5785,.T.);
#3818=EDGE_CURVE('',#5131,#5132,#5786,.T.);
#3819=EDGE_CURVE('',#5132,#5117,#396,.T.);
#3820=EDGE_CURVE('',#5133,#5134,#397,.T.);
#3821=EDGE_CURVE('',#5135,#5133,#5787,.T.);
#3822=EDGE_CURVE('',#5136,#5135,#398,.T.);
#3823=EDGE_CURVE('',#5136,#5137,#5788,.T.);
#3824=EDGE_CURVE('',#5138,#5137,#399,.T.);
#3825=EDGE_CURVE('',#5138,#5139,#5789,.T.);
#3826=EDGE_CURVE('',#5140,#5139,#400,.T.);
#3827=EDGE_CURVE('',#5134,#5140,#5790,.T.);
#3828=EDGE_CURVE('',#5141,#5142,#401,.F.);
#3829=EDGE_CURVE('',#5141,#5143,#5791,.T.);
#3830=EDGE_CURVE('',#5144,#5143,#402,.F.);
#3831=EDGE_CURVE('',#5144,#5145,#5792,.T.);
#3832=EDGE_CURVE('',#5146,#5145,#403,.F.);
#3833=EDGE_CURVE('',#5147,#5146,#5793,.T.);
#3834=EDGE_CURVE('',#5148,#5147,#404,.F.);
#3835=EDGE_CURVE('',#5142,#5148,#5794,.T.);
#3836=EDGE_CURVE('',#4900,#5134,#5795,.T.);
#3837=EDGE_CURVE('',#4899,#5133,#5796,.T.);
#3838=EDGE_CURVE('',#4901,#5140,#5797,.T.);
#3839=EDGE_CURVE('',#4902,#5139,#5798,.T.);
#3840=EDGE_CURVE('',#4903,#5138,#5799,.T.);
#3841=EDGE_CURVE('',#4904,#5137,#5800,.T.);
#3842=EDGE_CURVE('',#4905,#5136,#5801,.T.);
#3843=EDGE_CURVE('',#4906,#5135,#5802,.T.);
#3844=EDGE_CURVE('',#5149,#5142,#5803,.T.);
#3845=EDGE_CURVE('',#5150,#5149,#405,.F.);
#3846=EDGE_CURVE('',#5150,#5141,#5804,.T.);
#3847=EDGE_CURVE('',#5150,#5151,#5805,.T.);
#3848=EDGE_CURVE('',#5151,#5143,#5806,.T.);
#3849=EDGE_CURVE('',#5152,#5151,#406,.F.);
#3850=EDGE_CURVE('',#5152,#5144,#5807,.T.);
#3851=EDGE_CURVE('',#5152,#5153,#5808,.T.);
#3852=EDGE_CURVE('',#5153,#5145,#5809,.T.);
#3853=EDGE_CURVE('',#5154,#5153,#407,.F.);
#3854=EDGE_CURVE('',#5154,#5146,#5810,.T.);
#3855=EDGE_CURVE('',#5155,#5154,#5811,.T.);
#3856=EDGE_CURVE('',#5155,#5147,#5812,.T.);
#3857=EDGE_CURVE('',#5156,#5155,#408,.F.);
#3858=EDGE_CURVE('',#5156,#5148,#5813,.T.);
#3859=EDGE_CURVE('',#5149,#5156,#5814,.T.);
#3860=EDGE_CURVE('',#5157,#5158,#5815,.T.);
#3861=EDGE_CURVE('',#5159,#5157,#409,.T.);
#3862=EDGE_CURVE('',#5160,#5159,#5816,.T.);
#3863=EDGE_CURVE('',#5161,#5160,#410,.T.);
#3864=EDGE_CURVE('',#5162,#5161,#5817,.T.);
#3865=EDGE_CURVE('',#5163,#5162,#411,.T.);
#3866=EDGE_CURVE('',#5164,#5163,#5818,.T.);
#3867=EDGE_CURVE('',#5158,#5164,#412,.T.);
#3868=EDGE_CURVE('',#5165,#5157,#5819,.T.);
#3869=EDGE_CURVE('',#5165,#5166,#413,.F.);
#3870=EDGE_CURVE('',#5166,#5159,#5820,.T.);
#3871=EDGE_CURVE('',#5167,#5158,#5821,.T.);
#3872=EDGE_CURVE('',#5167,#5165,#5822,.T.);
#3873=EDGE_CURVE('',#5168,#5164,#5823,.T.);
#3874=EDGE_CURVE('',#5168,#5167,#414,.F.);
#3875=EDGE_CURVE('',#5169,#5163,#5824,.T.);
#3876=EDGE_CURVE('',#5169,#5168,#5825,.T.);
#3877=EDGE_CURVE('',#5170,#5162,#5826,.T.);
#3878=EDGE_CURVE('',#5170,#5169,#415,.F.);
#3879=EDGE_CURVE('',#5171,#5161,#5827,.T.);
#3880=EDGE_CURVE('',#5171,#5170,#5828,.T.);
#3881=EDGE_CURVE('',#5172,#5160,#5829,.T.);
#3882=EDGE_CURVE('',#5172,#5171,#416,.F.);
#3883=EDGE_CURVE('',#5166,#5172,#5830,.T.);
#3884=EDGE_CURVE('',#5173,#5174,#5831,.T.);
#3885=EDGE_CURVE('',#5174,#5175,#5832,.T.);
#3886=EDGE_CURVE('',#5175,#5176,#5833,.T.);
#3887=EDGE_CURVE('',#5176,#5173,#5834,.T.);
#3888=EDGE_CURVE('',#5177,#4907,#5835,.T.);
#3889=EDGE_CURVE('',#5177,#5178,#689,.T.);
#3890=EDGE_CURVE('',#5178,#4908,#5836,.T.);
#3891=EDGE_CURVE('',#5179,#4922,#5837,.T.);
#3892=EDGE_CURVE('',#5179,#5177,#690,.T.);
#3893=EDGE_CURVE('',#5180,#4921,#5838,.T.);
#3894=EDGE_CURVE('',#5180,#5179,#691,.T.);
#3895=EDGE_CURVE('',#5181,#4920,#5839,.T.);
#3896=EDGE_CURVE('',#5181,#5180,#417,.T.);
#3897=EDGE_CURVE('',#5182,#4919,#5840,.T.);
#3898=EDGE_CURVE('',#5182,#5181,#692,.T.);
#3899=EDGE_CURVE('',#5183,#4918,#5841,.T.);
#3900=EDGE_CURVE('',#5183,#5182,#693,.T.);
#3901=EDGE_CURVE('',#5184,#4917,#5842,.T.);
#3902=EDGE_CURVE('',#5184,#5183,#418,.T.);
#3903=EDGE_CURVE('',#5185,#4916,#5843,.T.);
#3904=EDGE_CURVE('',#5185,#5184,#694,.T.);
#3905=EDGE_CURVE('',#5186,#4915,#5844,.T.);
#3906=EDGE_CURVE('',#5186,#5185,#695,.T.);
#3907=EDGE_CURVE('',#5187,#4914,#5845,.T.);
#3908=EDGE_CURVE('',#5187,#5186,#696,.T.);
#3909=EDGE_CURVE('',#5188,#4913,#5846,.T.);
#3910=EDGE_CURVE('',#5188,#5187,#697,.T.);
#3911=EDGE_CURVE('',#5189,#4912,#5847,.T.);
#3912=EDGE_CURVE('',#5189,#5188,#419,.T.);
#3913=EDGE_CURVE('',#5190,#4911,#5848,.T.);
#3914=EDGE_CURVE('',#5190,#5189,#698,.T.);
#3915=EDGE_CURVE('',#5191,#4910,#5849,.T.);
#3916=EDGE_CURVE('',#5191,#5190,#699,.T.);
#3917=EDGE_CURVE('',#5192,#4909,#5850,.T.);
#3918=EDGE_CURVE('',#5192,#5191,#420,.T.);
#3919=EDGE_CURVE('',#5193,#5194,#421,.F.);
#3920=EDGE_CURVE('',#5195,#5193,#5851,.T.);
#3921=EDGE_CURVE('',#5195,#5196,#422,.F.);
#3922=EDGE_CURVE('',#5196,#5194,#5852,.T.);
#3923=EDGE_CURVE('',#5197,#5193,#423,.F.);
#3924=EDGE_CURVE('',#5198,#5197,#5853,.T.);
#3925=EDGE_CURVE('',#5198,#5195,#424,.F.);
#3926=EDGE_CURVE('',#5199,#5197,#700,.T.);
#3927=EDGE_CURVE('',#5200,#5199,#5854,.T.);
#3928=EDGE_CURVE('',#5200,#5198,#701,.T.);
#3929=EDGE_CURVE('',#5201,#5199,#425,.F.);
#3930=EDGE_CURVE('',#5202,#5201,#5855,.T.);
#3931=EDGE_CURVE('',#5202,#5200,#426,.F.);
#3932=EDGE_CURVE('',#5203,#5201,#702,.T.);
#3933=EDGE_CURVE('',#5204,#5203,#5856,.T.);
#3934=EDGE_CURVE('',#5204,#5202,#703,.T.);
#3935=EDGE_CURVE('',#5205,#5203,#704,.T.);
#3936=EDGE_CURVE('',#5206,#5205,#5857,.T.);
#3937=EDGE_CURVE('',#5206,#5204,#705,.T.);
#3938=EDGE_CURVE('',#5207,#5205,#427,.F.);
#3939=EDGE_CURVE('',#5208,#5207,#5858,.T.);
#3940=EDGE_CURVE('',#5208,#5206,#428,.F.);
#3941=EDGE_CURVE('',#5209,#5207,#706,.T.);
#3942=EDGE_CURVE('',#5210,#5209,#5859,.T.);
#3943=EDGE_CURVE('',#5210,#5208,#707,.T.);
#3944=EDGE_CURVE('',#5211,#5209,#429,.F.);
#3945=EDGE_CURVE('',#5212,#5211,#5860,.T.);
#3946=EDGE_CURVE('',#5212,#5210,#430,.F.);
#3947=EDGE_CURVE('',#5213,#5211,#431,.F.);
#3948=EDGE_CURVE('',#5214,#5213,#5861,.T.);
#3949=EDGE_CURVE('',#5214,#5212,#432,.F.);
#3950=EDGE_CURVE('',#5215,#5213,#708,.T.);
#3951=EDGE_CURVE('',#5216,#5215,#5862,.T.);
#3952=EDGE_CURVE('',#5216,#5214,#709,.T.);
#3953=EDGE_CURVE('',#5217,#5215,#433,.F.);
#3954=EDGE_CURVE('',#5218,#5217,#5863,.T.);
#3955=EDGE_CURVE('',#5218,#5216,#434,.F.);
#3956=EDGE_CURVE('',#5219,#5217,#710,.T.);
#3957=EDGE_CURVE('',#5220,#5219,#5864,.T.);
#3958=EDGE_CURVE('',#5220,#5218,#711,.T.);
#3959=EDGE_CURVE('',#5221,#5219,#712,.T.);
#3960=EDGE_CURVE('',#5222,#5221,#5865,.T.);
#3961=EDGE_CURVE('',#5222,#5220,#713,.T.);
#3962=EDGE_CURVE('',#5223,#5221,#435,.F.);
#3963=EDGE_CURVE('',#5224,#5223,#5866,.T.);
#3964=EDGE_CURVE('',#5224,#5222,#436,.F.);
#3965=EDGE_CURVE('',#5194,#5223,#714,.T.);
#3966=EDGE_CURVE('',#5196,#5224,#715,.T.);
#3967=EDGE_CURVE('',#5178,#5192,#716,.T.);
#3968=EDGE_CURVE('',#5225,#4886,#5867,.T.);
#3969=EDGE_CURVE('',#5225,#5226,#5868,.T.);
#3970=EDGE_CURVE('',#5226,#4887,#5869,.T.);
#3971=EDGE_CURVE('',#5227,#4885,#5870,.T.);
#3972=EDGE_CURVE('',#5227,#5225,#5871,.T.);
#3973=EDGE_CURVE('',#5228,#4898,#5872,.T.);
#3974=EDGE_CURVE('',#5228,#5227,#5873,.T.);
#3975=EDGE_CURVE('',#5229,#4897,#5874,.T.);
#3976=EDGE_CURVE('',#5229,#5228,#717,.T.);
#3977=EDGE_CURVE('',#5230,#4896,#5875,.T.);
#3978=EDGE_CURVE('',#5230,#5229,#437,.F.);
#3979=EDGE_CURVE('',#5231,#4895,#5876,.T.);
#3980=EDGE_CURVE('',#5231,#5230,#438,.F.);
#3981=EDGE_CURVE('',#5232,#4894,#5877,.T.);
#3982=EDGE_CURVE('',#5232,#5231,#439,.F.);
#3983=EDGE_CURVE('',#5233,#4893,#5878,.T.);
#3984=EDGE_CURVE('',#5233,#5232,#5879,.T.);
#3985=EDGE_CURVE('',#5234,#4892,#5880,.T.);
#3986=EDGE_CURVE('',#5234,#5233,#5881,.T.);
#3987=EDGE_CURVE('',#5235,#4891,#5882,.T.);
#3988=EDGE_CURVE('',#5235,#5234,#5883,.T.);
#3989=EDGE_CURVE('',#5236,#4890,#5884,.T.);
#3990=EDGE_CURVE('',#5236,#5235,#440,.T.);
#3991=EDGE_CURVE('',#5237,#4889,#5885,.T.);
#3992=EDGE_CURVE('',#5237,#5236,#718,.T.);
#3993=EDGE_CURVE('',#5238,#4888,#5886,.T.);
#3994=EDGE_CURVE('',#5238,#5237,#441,.T.);
#3995=EDGE_CURVE('',#5226,#5238,#719,.T.);
#3996=EDGE_CURVE('',#5239,#4866,#5887,.T.);
#3997=EDGE_CURVE('',#5239,#5240,#720,.T.);
#3998=EDGE_CURVE('',#5240,#4867,#5888,.T.);
#3999=EDGE_CURVE('',#5241,#4865,#5889,.T.);
#4000=EDGE_CURVE('',#5241,#5239,#721,.T.);
#4001=EDGE_CURVE('',#5242,#4884,#5890,.T.);
#4002=EDGE_CURVE('',#5242,#5241,#722,.T.);
#4003=EDGE_CURVE('',#5243,#4883,#5891,.T.);
#4004=EDGE_CURVE('',#5243,#5242,#723,.T.);
#4005=EDGE_CURVE('',#5244,#4882,#5892,.T.);
#4006=EDGE_CURVE('',#5244,#5243,#724,.T.);
#4007=EDGE_CURVE('',#5245,#4881,#5893,.T.);
#4008=EDGE_CURVE('',#5245,#5244,#725,.T.);
#4009=EDGE_CURVE('',#5246,#4880,#5894,.T.);
#4010=EDGE_CURVE('',#5246,#5245,#5895,.T.);
#4011=EDGE_CURVE('',#5247,#4879,#5896,.T.);
#4012=EDGE_CURVE('',#5247,#5246,#726,.T.);
#4013=EDGE_CURVE('',#5248,#4878,#5897,.T.);
#4014=EDGE_CURVE('',#5248,#5247,#727,.T.);
#4015=EDGE_CURVE('',#5249,#4877,#5898,.T.);
#4016=EDGE_CURVE('',#5249,#5248,#728,.T.);
#4017=EDGE_CURVE('',#5250,#4876,#5899,.T.);
#4018=EDGE_CURVE('',#5250,#5249,#729,.T.);
#4019=EDGE_CURVE('',#5251,#4875,#5900,.T.);
#4020=EDGE_CURVE('',#5251,#5250,#730,.T.);
#4021=EDGE_CURVE('',#5252,#4874,#5901,.T.);
#4022=EDGE_CURVE('',#5252,#5251,#731,.T.);
#4023=EDGE_CURVE('',#5253,#4873,#5902,.T.);
#4024=EDGE_CURVE('',#5253,#5252,#732,.T.);
#4025=EDGE_CURVE('',#5254,#4872,#5903,.T.);
#4026=EDGE_CURVE('',#5254,#5253,#733,.T.);
#4027=EDGE_CURVE('',#5255,#4871,#5904,.T.);
#4028=EDGE_CURVE('',#5255,#5254,#734,.T.);
#4029=EDGE_CURVE('',#5256,#4870,#5905,.T.);
#4030=EDGE_CURVE('',#5256,#5255,#5906,.T.);
#4031=EDGE_CURVE('',#5257,#4869,#5907,.T.);
#4032=EDGE_CURVE('',#5257,#5256,#5908,.T.);
#4033=EDGE_CURVE('',#5258,#4868,#5909,.T.);
#4034=EDGE_CURVE('',#5258,#5257,#5910,.T.);
#4035=EDGE_CURVE('',#5240,#5258,#735,.T.);
#4036=EDGE_CURVE('',#5259,#5260,#736,.T.);
#4037=EDGE_CURVE('',#5261,#5259,#5911,.T.);
#4038=EDGE_CURVE('',#5261,#5262,#737,.T.);
#4039=EDGE_CURVE('',#5262,#5260,#5912,.T.);
#4040=EDGE_CURVE('',#5263,#5259,#738,.T.);
#4041=EDGE_CURVE('',#5264,#5263,#5913,.T.);
#4042=EDGE_CURVE('',#5264,#5261,#739,.T.);
#4043=EDGE_CURVE('',#5265,#5263,#740,.T.);
#4044=EDGE_CURVE('',#5266,#5265,#5914,.T.);
#4045=EDGE_CURVE('',#5266,#5264,#741,.T.);
#4046=EDGE_CURVE('',#5267,#5265,#742,.T.);
#4047=EDGE_CURVE('',#5268,#5267,#5915,.T.);
#4048=EDGE_CURVE('',#5268,#5266,#743,.T.);
#4049=EDGE_CURVE('',#5269,#5267,#744,.T.);
#4050=EDGE_CURVE('',#5270,#5269,#5916,.T.);
#4051=EDGE_CURVE('',#5270,#5268,#745,.T.);
#4052=EDGE_CURVE('',#5271,#5269,#746,.T.);
#4053=EDGE_CURVE('',#5272,#5271,#5917,.T.);
#4054=EDGE_CURVE('',#5272,#5270,#747,.T.);
#4055=EDGE_CURVE('',#5273,#5271,#748,.T.);
#4056=EDGE_CURVE('',#5274,#5273,#5918,.T.);
#4057=EDGE_CURVE('',#5274,#5272,#749,.T.);
#4058=EDGE_CURVE('',#5275,#4924,#5919,.T.);
#4059=EDGE_CURVE('',#5275,#5276,#750,.T.);
#4060=EDGE_CURVE('',#5276,#4925,#5920,.T.);
#4061=EDGE_CURVE('',#5277,#4923,#5921,.T.);
#4062=EDGE_CURVE('',#5277,#5275,#751,.T.);
#4063=EDGE_CURVE('',#5278,#4936,#5922,.T.);
#4064=EDGE_CURVE('',#5278,#5277,#442,.T.);
#4065=EDGE_CURVE('',#5279,#4935,#5923,.T.);
#4066=EDGE_CURVE('',#5279,#5278,#443,.T.);
#4067=EDGE_CURVE('',#5280,#4934,#5924,.T.);
#4068=EDGE_CURVE('',#5280,#5279,#444,.T.);
#4069=EDGE_CURVE('',#5281,#4933,#5925,.T.);
#4070=EDGE_CURVE('',#5281,#5280,#752,.T.);
#4071=EDGE_CURVE('',#5282,#4932,#5926,.T.);
#4072=EDGE_CURVE('',#5282,#5281,#445,.T.);
#4073=EDGE_CURVE('',#5283,#4931,#5927,.T.);
#4074=EDGE_CURVE('',#5283,#5282,#446,.T.);
#4075=EDGE_CURVE('',#5284,#4930,#5928,.T.);
#4076=EDGE_CURVE('',#5284,#5283,#447,.T.);
#4077=EDGE_CURVE('',#5285,#4929,#5929,.T.);
#4078=EDGE_CURVE('',#5285,#5284,#448,.T.);
#4079=EDGE_CURVE('',#5286,#4928,#5930,.T.);
#4080=EDGE_CURVE('',#5286,#5285,#449,.T.);
#4081=EDGE_CURVE('',#5287,#4927,#5931,.T.);
#4082=EDGE_CURVE('',#5287,#5286,#450,.T.);
#4083=EDGE_CURVE('',#5288,#4926,#5932,.T.);
#4084=EDGE_CURVE('',#5288,#5287,#451,.T.);
#4085=EDGE_CURVE('',#5276,#5288,#452,.T.);
#4086=EDGE_CURVE('',#5260,#5273,#753,.T.);
#4087=EDGE_CURVE('',#5262,#5274,#754,.T.);
#4088=EDGE_CURVE('',#5289,#5290,#755,.T.);
#4089=EDGE_CURVE('',#5291,#5289,#5933,.T.);
#4090=EDGE_CURVE('',#5291,#5292,#756,.T.);
#4091=EDGE_CURVE('',#5292,#5290,#5934,.T.);
#4092=EDGE_CURVE('',#5293,#5289,#757,.T.);
#4093=EDGE_CURVE('',#5294,#5293,#5935,.T.);
#4094=EDGE_CURVE('',#5294,#5291,#758,.T.);
#4095=EDGE_CURVE('',#5295,#5293,#759,.T.);
#4096=EDGE_CURVE('',#5296,#5295,#5936,.T.);
#4097=EDGE_CURVE('',#5296,#5294,#760,.T.);
#4098=EDGE_CURVE('',#5297,#5295,#761,.T.);
#4099=EDGE_CURVE('',#5298,#5297,#5937,.T.);
#4100=EDGE_CURVE('',#5298,#5296,#762,.T.);
#4101=EDGE_CURVE('',#5299,#5297,#763,.T.);
#4102=EDGE_CURVE('',#5300,#5299,#5938,.T.);
#4103=EDGE_CURVE('',#5300,#5298,#764,.T.);
#4104=EDGE_CURVE('',#5301,#5299,#765,.T.);
#4105=EDGE_CURVE('',#5302,#5301,#5939,.T.);
#4106=EDGE_CURVE('',#5302,#5300,#766,.T.);
#4107=EDGE_CURVE('',#5303,#5301,#767,.T.);
#4108=EDGE_CURVE('',#5304,#5303,#5940,.T.);
#4109=EDGE_CURVE('',#5304,#5302,#768,.T.);
#4110=EDGE_CURVE('',#5305,#4852,#5941,.T.);
#4111=EDGE_CURVE('',#5305,#5306,#769,.T.);
#4112=EDGE_CURVE('',#5306,#4853,#5942,.T.);
#4113=EDGE_CURVE('',#5307,#4851,#5943,.T.);
#4114=EDGE_CURVE('',#5307,#5305,#770,.T.);
#4115=EDGE_CURVE('',#5308,#4864,#5944,.T.);
#4116=EDGE_CURVE('',#5308,#5307,#453,.T.);
#4117=EDGE_CURVE('',#5309,#4863,#5945,.T.);
#4118=EDGE_CURVE('',#5309,#5308,#454,.T.);
#4119=EDGE_CURVE('',#5310,#4862,#5946,.T.);
#4120=EDGE_CURVE('',#5310,#5309,#455,.T.);
#4121=EDGE_CURVE('',#5311,#4861,#5947,.T.);
#4122=EDGE_CURVE('',#5311,#5310,#771,.T.);
#4123=EDGE_CURVE('',#5312,#4860,#5948,.T.);
#4124=EDGE_CURVE('',#5312,#5311,#456,.T.);
#4125=EDGE_CURVE('',#5313,#4859,#5949,.T.);
#4126=EDGE_CURVE('',#5313,#5312,#457,.T.);
#4127=EDGE_CURVE('',#5314,#4858,#5950,.T.);
#4128=EDGE_CURVE('',#5314,#5313,#458,.T.);
#4129=EDGE_CURVE('',#5315,#4857,#5951,.T.);
#4130=EDGE_CURVE('',#5315,#5314,#459,.T.);
#4131=EDGE_CURVE('',#5316,#4856,#5952,.T.);
#4132=EDGE_CURVE('',#5316,#5315,#460,.T.);
#4133=EDGE_CURVE('',#5317,#4855,#5953,.T.);
#4134=EDGE_CURVE('',#5317,#5316,#461,.T.);
#4135=EDGE_CURVE('',#5318,#4854,#5954,.T.);
#4136=EDGE_CURVE('',#5318,#5317,#462,.T.);
#4137=EDGE_CURVE('',#5306,#5318,#463,.T.);
#4138=EDGE_CURVE('',#5290,#5303,#772,.T.);
#4139=EDGE_CURVE('',#5292,#5304,#773,.T.);
#4140=EDGE_CURVE('',#5319,#4838,#5955,.T.);
#4141=EDGE_CURVE('',#5319,#5320,#5956,.T.);
#4142=EDGE_CURVE('',#5320,#4839,#5957,.T.);
#4143=EDGE_CURVE('',#5321,#4837,#5958,.T.);
#4144=EDGE_CURVE('',#5321,#5319,#5959,.T.);
#4145=EDGE_CURVE('',#5322,#4850,#5960,.T.);
#4146=EDGE_CURVE('',#5322,#5321,#5961,.T.);
#4147=EDGE_CURVE('',#5323,#4849,#5962,.T.);
#4148=EDGE_CURVE('',#5323,#5322,#774,.T.);
#4149=EDGE_CURVE('',#5324,#4848,#5963,.T.);
#4150=EDGE_CURVE('',#5324,#5323,#464,.F.);
#4151=EDGE_CURVE('',#5325,#4847,#5964,.T.);
#4152=EDGE_CURVE('',#5325,#5324,#465,.F.);
#4153=EDGE_CURVE('',#5326,#4846,#5965,.T.);
#4154=EDGE_CURVE('',#5326,#5325,#466,.F.);
#4155=EDGE_CURVE('',#5327,#4845,#5966,.T.);
#4156=EDGE_CURVE('',#5327,#5326,#5967,.T.);
#4157=EDGE_CURVE('',#5328,#4844,#5968,.T.);
#4158=EDGE_CURVE('',#5328,#5327,#5969,.T.);
#4159=EDGE_CURVE('',#5329,#4843,#5970,.T.);
#4160=EDGE_CURVE('',#5329,#5328,#5971,.T.);
#4161=EDGE_CURVE('',#5330,#4842,#5972,.T.);
#4162=EDGE_CURVE('',#5330,#5329,#467,.T.);
#4163=EDGE_CURVE('',#5331,#4841,#5973,.T.);
#4164=EDGE_CURVE('',#5331,#5330,#775,.T.);
#4165=EDGE_CURVE('',#5332,#4840,#5974,.T.);
#4166=EDGE_CURVE('',#5332,#5331,#468,.T.);
#4167=EDGE_CURVE('',#5320,#5332,#776,.T.);
#4168=EDGE_CURVE('',#5333,#4810,#5975,.T.);
#4169=EDGE_CURVE('',#5333,#5334,#5976,.T.);
#4170=EDGE_CURVE('',#5334,#4811,#5977,.T.);
#4171=EDGE_CURVE('',#5335,#4809,#5978,.T.);
#4172=EDGE_CURVE('',#5335,#5333,#5979,.T.);
#4173=EDGE_CURVE('',#5336,#4836,#5980,.T.);
#4174=EDGE_CURVE('',#5336,#5335,#777,.T.);
#4175=EDGE_CURVE('',#5337,#4835,#5981,.T.);
#4176=EDGE_CURVE('',#5337,#5336,#778,.T.);
#4177=EDGE_CURVE('',#5338,#4834,#5982,.T.);
#4178=EDGE_CURVE('',#5338,#5337,#779,.T.);
#4179=EDGE_CURVE('',#5339,#4833,#5983,.T.);
#4180=EDGE_CURVE('',#5339,#5338,#469,.T.);
#4181=EDGE_CURVE('',#5340,#4832,#5984,.T.);
#4182=EDGE_CURVE('',#5340,#5339,#470,.F.);
#4183=EDGE_CURVE('',#5341,#4831,#5985,.T.);
#4184=EDGE_CURVE('',#5341,#5340,#471,.F.);
#4185=EDGE_CURVE('',#5342,#4830,#5986,.T.);
#4186=EDGE_CURVE('',#5342,#5341,#472,.F.);
#4187=EDGE_CURVE('',#5343,#4829,#5987,.T.);
#4188=EDGE_CURVE('',#5343,#5342,#473,.F.);
#4189=EDGE_CURVE('',#5344,#4828,#5988,.T.);
#4190=EDGE_CURVE('',#5344,#5343,#780,.T.);
#4191=EDGE_CURVE('',#5345,#4827,#5989,.T.);
#4192=EDGE_CURVE('',#5345,#5344,#781,.T.);
#4193=EDGE_CURVE('',#5346,#4826,#5990,.T.);
#4194=EDGE_CURVE('',#5346,#5345,#5991,.T.);
#4195=EDGE_CURVE('',#5347,#4825,#5992,.T.);
#4196=EDGE_CURVE('',#5347,#5346,#5993,.T.);
#4197=EDGE_CURVE('',#5348,#4824,#5994,.T.);
#4198=EDGE_CURVE('',#5348,#5347,#5995,.T.);
#4199=EDGE_CURVE('',#5349,#4823,#5996,.T.);
#4200=EDGE_CURVE('',#5349,#5348,#474,.T.);
#4201=EDGE_CURVE('',#5350,#4822,#5997,.T.);
#4202=EDGE_CURVE('',#5350,#5349,#475,.T.);
#4203=EDGE_CURVE('',#5351,#4821,#5998,.T.);
#4204=EDGE_CURVE('',#5351,#5350,#476,.T.);
#4205=EDGE_CURVE('',#5352,#4820,#5999,.T.);
#4206=EDGE_CURVE('',#5352,#5351,#782,.T.);
#4207=EDGE_CURVE('',#5353,#4819,#6000,.T.);
#4208=EDGE_CURVE('',#5353,#5352,#783,.T.);
#4209=EDGE_CURVE('',#5354,#4818,#6001,.T.);
#4210=EDGE_CURVE('',#5354,#5353,#784,.T.);
#4211=EDGE_CURVE('',#5355,#4817,#6002,.T.);
#4212=EDGE_CURVE('',#5355,#5354,#785,.T.);
#4213=EDGE_CURVE('',#5356,#4816,#6003,.T.);
#4214=EDGE_CURVE('',#5356,#5355,#477,.T.);
#4215=EDGE_CURVE('',#5357,#4815,#6004,.T.);
#4216=EDGE_CURVE('',#5357,#5356,#478,.T.);
#4217=EDGE_CURVE('',#5358,#4814,#6005,.T.);
#4218=EDGE_CURVE('',#5358,#5357,#786,.T.);
#4219=EDGE_CURVE('',#5359,#4813,#6006,.T.);
#4220=EDGE_CURVE('',#5359,#5358,#787,.T.);
#4221=EDGE_CURVE('',#5360,#4812,#6007,.T.);
#4222=EDGE_CURVE('',#5360,#5359,#788,.T.);
#4223=EDGE_CURVE('',#5334,#5360,#6008,.T.);
#4224=EDGE_CURVE('',#5361,#5362,#789,.T.);
#4225=EDGE_CURVE('',#5363,#5361,#6009,.T.);
#4226=EDGE_CURVE('',#5363,#5364,#790,.T.);
#4227=EDGE_CURVE('',#5364,#5362,#6010,.T.);
#4228=EDGE_CURVE('',#5365,#5361,#6011,.T.);
#4229=EDGE_CURVE('',#5366,#5365,#6012,.T.);
#4230=EDGE_CURVE('',#5366,#5363,#6013,.T.);
#4231=EDGE_CURVE('',#5367,#5365,#6014,.T.);
#4232=EDGE_CURVE('',#5368,#5367,#6015,.T.);
#4233=EDGE_CURVE('',#5368,#5366,#6016,.T.);
#4234=EDGE_CURVE('',#5369,#5367,#6017,.T.);
#4235=EDGE_CURVE('',#5370,#5369,#6018,.T.);
#4236=EDGE_CURVE('',#5370,#5368,#6019,.T.);
#4237=EDGE_CURVE('',#5371,#5369,#791,.T.);
#4238=EDGE_CURVE('',#5372,#5371,#6020,.T.);
#4239=EDGE_CURVE('',#5372,#5370,#792,.T.);
#4240=EDGE_CURVE('',#5373,#5371,#793,.T.);
#4241=EDGE_CURVE('',#5374,#5373,#6021,.T.);
#4242=EDGE_CURVE('',#5374,#5372,#794,.T.);
#4243=EDGE_CURVE('',#5375,#4938,#6022,.T.);
#4244=EDGE_CURVE('',#5375,#5376,#795,.T.);
#4245=EDGE_CURVE('',#5376,#4939,#6023,.T.);
#4246=EDGE_CURVE('',#5377,#4937,#6024,.T.);
#4247=EDGE_CURVE('',#5377,#5375,#796,.T.);
#4248=EDGE_CURVE('',#5378,#4943,#6025,.T.);
#4249=EDGE_CURVE('',#5378,#5377,#797,.T.);
#4250=EDGE_CURVE('',#5379,#4942,#6026,.T.);
#4251=EDGE_CURVE('',#5379,#5378,#6027,.T.);
#4252=EDGE_CURVE('',#5380,#4941,#6028,.T.);
#4253=EDGE_CURVE('',#5380,#5379,#6029,.T.);
#4254=EDGE_CURVE('',#5381,#4940,#6030,.T.);
#4255=EDGE_CURVE('',#5381,#5380,#6031,.T.);
#4256=EDGE_CURVE('',#5376,#5381,#798,.T.);
#4257=EDGE_CURVE('',#5362,#5373,#799,.T.);
#4258=EDGE_CURVE('',#5364,#5374,#800,.T.);
#4259=EDGE_CURVE('',#5382,#4945,#6032,.T.);
#4260=EDGE_CURVE('',#5382,#5383,#6033,.T.);
#4261=EDGE_CURVE('',#5383,#4946,#6034,.T.);
#4262=EDGE_CURVE('',#5384,#4944,#6035,.T.);
#4263=EDGE_CURVE('',#5384,#5382,#6036,.T.);
#4264=EDGE_CURVE('',#5385,#4959,#6037,.T.);
#4265=EDGE_CURVE('',#5385,#5384,#6038,.T.);
#4266=EDGE_CURVE('',#5386,#4958,#6039,.T.);
#4267=EDGE_CURVE('',#5386,#5385,#6040,.T.);
#4268=EDGE_CURVE('',#5387,#4957,#6041,.T.);
#4269=EDGE_CURVE('',#5387,#5386,#6042,.T.);
#4270=EDGE_CURVE('',#5388,#4956,#6043,.T.);
#4271=EDGE_CURVE('',#5388,#5387,#801,.T.);
#4272=EDGE_CURVE('',#5389,#4955,#6044,.T.);
#4273=EDGE_CURVE('',#5389,#5388,#802,.T.);
#4274=EDGE_CURVE('',#5390,#4954,#6045,.T.);
#4275=EDGE_CURVE('',#5390,#5389,#479,.F.);
#4276=EDGE_CURVE('',#5391,#4953,#6046,.T.);
#4277=EDGE_CURVE('',#5391,#5390,#480,.F.);
#4278=EDGE_CURVE('',#5392,#4952,#6047,.T.);
#4279=EDGE_CURVE('',#5392,#5391,#481,.F.);
#4280=EDGE_CURVE('',#5393,#4951,#6048,.T.);
#4281=EDGE_CURVE('',#5393,#5392,#6049,.T.);
#4282=EDGE_CURVE('',#5394,#4950,#6050,.T.);
#4283=EDGE_CURVE('',#5394,#5393,#6051,.T.);
#4284=EDGE_CURVE('',#5395,#4949,#6052,.T.);
#4285=EDGE_CURVE('',#5395,#5394,#6053,.T.);
#4286=EDGE_CURVE('',#5396,#4948,#6054,.T.);
#4287=EDGE_CURVE('',#5396,#5395,#803,.T.);
#4288=EDGE_CURVE('',#5397,#4947,#6055,.T.);
#4289=EDGE_CURVE('',#5397,#5396,#804,.T.);
#4290=EDGE_CURVE('',#5383,#5397,#805,.T.);
#4291=EDGE_CURVE('',#5398,#4961,#6056,.T.);
#4292=EDGE_CURVE('',#5398,#5399,#806,.T.);
#4293=EDGE_CURVE('',#5399,#4962,#6057,.T.);
#4294=EDGE_CURVE('',#5400,#4960,#6058,.T.);
#4295=EDGE_CURVE('',#5400,#5398,#807,.T.);
#4296=EDGE_CURVE('',#5401,#4979,#6059,.T.);
#4297=EDGE_CURVE('',#5401,#5400,#808,.T.);
#4298=EDGE_CURVE('',#5402,#4978,#6060,.T.);
#4299=EDGE_CURVE('',#5402,#5401,#809,.T.);
#4300=EDGE_CURVE('',#5403,#4977,#6061,.T.);
#4301=EDGE_CURVE('',#5403,#5402,#810,.T.);
#4302=EDGE_CURVE('',#5404,#4976,#6062,.T.);
#4303=EDGE_CURVE('',#5404,#5403,#811,.T.);
#4304=EDGE_CURVE('',#5405,#4975,#6063,.T.);
#4305=EDGE_CURVE('',#5405,#5404,#6064,.T.);
#4306=EDGE_CURVE('',#5406,#4974,#6065,.T.);
#4307=EDGE_CURVE('',#5406,#5405,#812,.T.);
#4308=EDGE_CURVE('',#5407,#4973,#6066,.T.);
#4309=EDGE_CURVE('',#5407,#5406,#813,.T.);
#4310=EDGE_CURVE('',#5408,#4972,#6067,.T.);
#4311=EDGE_CURVE('',#5408,#5407,#814,.T.);
#4312=EDGE_CURVE('',#5409,#4971,#6068,.T.);
#4313=EDGE_CURVE('',#5409,#5408,#815,.T.);
#4314=EDGE_CURVE('',#5410,#4970,#6069,.T.);
#4315=EDGE_CURVE('',#5410,#5409,#816,.T.);
#4316=EDGE_CURVE('',#5411,#4969,#6070,.T.);
#4317=EDGE_CURVE('',#5411,#5410,#817,.T.);
#4318=EDGE_CURVE('',#5412,#4968,#6071,.T.);
#4319=EDGE_CURVE('',#5412,#5411,#818,.T.);
#4320=EDGE_CURVE('',#5413,#4967,#6072,.T.);
#4321=EDGE_CURVE('',#5413,#5412,#819,.T.);
#4322=EDGE_CURVE('',#5414,#4966,#6073,.T.);
#4323=EDGE_CURVE('',#5414,#5413,#820,.T.);
#4324=EDGE_CURVE('',#5415,#4965,#6074,.T.);
#4325=EDGE_CURVE('',#5415,#5414,#6075,.T.);
#4326=EDGE_CURVE('',#5416,#4964,#6076,.T.);
#4327=EDGE_CURVE('',#5416,#5415,#6077,.T.);
#4328=EDGE_CURVE('',#5417,#4963,#6078,.T.);
#4329=EDGE_CURVE('',#5417,#5416,#6079,.T.);
#4330=EDGE_CURVE('',#5399,#5417,#821,.T.);
#4331=EDGE_CURVE('',#5418,#4981,#6080,.T.);
#4332=EDGE_CURVE('',#5418,#5419,#6081,.T.);
#4333=EDGE_CURVE('',#5419,#4982,#6082,.T.);
#4334=EDGE_CURVE('',#5420,#4980,#6083,.T.);
#4335=EDGE_CURVE('',#5420,#5418,#6084,.T.);
#4336=EDGE_CURVE('',#5421,#5009,#6085,.T.);
#4337=EDGE_CURVE('',#5421,#5420,#6086,.T.);
#4338=EDGE_CURVE('',#5422,#5008,#6087,.T.);
#4339=EDGE_CURVE('',#5422,#5421,#482,.F.);
#4340=EDGE_CURVE('',#5423,#5007,#6088,.T.);
#4341=EDGE_CURVE('',#5423,#5422,#483,.F.);
#4342=EDGE_CURVE('',#5424,#5006,#6089,.T.);
#4343=EDGE_CURVE('',#5424,#5423,#484,.F.);
#4344=EDGE_CURVE('',#5425,#5005,#6090,.T.);
#4345=EDGE_CURVE('',#5425,#5424,#485,.F.);
#4346=EDGE_CURVE('',#5426,#5004,#6091,.T.);
#4347=EDGE_CURVE('',#5426,#5425,#822,.T.);
#4348=EDGE_CURVE('',#5427,#5003,#6092,.T.);
#4349=EDGE_CURVE('',#5427,#5426,#486,.F.);
#4350=EDGE_CURVE('',#5428,#5002,#6093,.T.);
#4351=EDGE_CURVE('',#5428,#5427,#487,.F.);
#4352=EDGE_CURVE('',#5429,#5001,#6094,.T.);
#4353=EDGE_CURVE('',#5429,#5428,#488,.F.);
#4354=EDGE_CURVE('',#5430,#5000,#6095,.T.);
#4355=EDGE_CURVE('',#5430,#5429,#489,.F.);
#4356=EDGE_CURVE('',#5431,#4999,#6096,.T.);
#4357=EDGE_CURVE('',#5431,#5430,#490,.F.);
#4358=EDGE_CURVE('',#5432,#4998,#6097,.T.);
#4359=EDGE_CURVE('',#5432,#5431,#491,.F.);
#4360=EDGE_CURVE('',#5433,#4997,#6098,.T.);
#4361=EDGE_CURVE('',#5433,#5432,#492,.F.);
#4362=EDGE_CURVE('',#5434,#4996,#6099,.T.);
#4363=EDGE_CURVE('',#5434,#5433,#823,.T.);
#4364=EDGE_CURVE('',#5435,#4995,#6100,.T.);
#4365=EDGE_CURVE('',#5435,#5434,#6101,.T.);
#4366=EDGE_CURVE('',#5436,#4994,#6102,.T.);
#4367=EDGE_CURVE('',#5436,#5435,#493,.T.);
#4368=EDGE_CURVE('',#5437,#4993,#6103,.T.);
#4369=EDGE_CURVE('',#5437,#5436,#494,.T.);
#4370=EDGE_CURVE('',#5438,#4992,#6104,.T.);
#4371=EDGE_CURVE('',#5438,#5437,#495,.T.);
#4372=EDGE_CURVE('',#5439,#4991,#6105,.T.);
#4373=EDGE_CURVE('',#5439,#5438,#496,.T.);
#4374=EDGE_CURVE('',#5440,#4990,#6106,.T.);
#4375=EDGE_CURVE('',#5440,#5439,#497,.T.);
#4376=EDGE_CURVE('',#5441,#4989,#6107,.T.);
#4377=EDGE_CURVE('',#5441,#5440,#498,.T.);
#4378=EDGE_CURVE('',#5442,#4988,#6108,.T.);
#4379=EDGE_CURVE('',#5442,#5441,#499,.T.);
#4380=EDGE_CURVE('',#5443,#4987,#6109,.T.);
#4381=EDGE_CURVE('',#5443,#5442,#500,.T.);
#4382=EDGE_CURVE('',#5444,#4986,#6110,.T.);
#4383=EDGE_CURVE('',#5444,#5443,#501,.T.);
#4384=EDGE_CURVE('',#5445,#4985,#6111,.T.);
#4385=EDGE_CURVE('',#5445,#5444,#502,.T.);
#4386=EDGE_CURVE('',#5446,#4984,#6112,.T.);
#4387=EDGE_CURVE('',#5446,#5445,#503,.T.);
#4388=EDGE_CURVE('',#5447,#4983,#6113,.T.);
#4389=EDGE_CURVE('',#5447,#5446,#504,.T.);
#4390=EDGE_CURVE('',#5419,#5447,#505,.T.);
#4391=EDGE_CURVE('',#5448,#5011,#6114,.T.);
#4392=EDGE_CURVE('',#5448,#5449,#6115,.T.);
#4393=EDGE_CURVE('',#5449,#5012,#6116,.T.);
#4394=EDGE_CURVE('',#5450,#5010,#6117,.T.);
#4395=EDGE_CURVE('',#5450,#5448,#6118,.T.);
#4396=EDGE_CURVE('',#5451,#5024,#6119,.T.);
#4397=EDGE_CURVE('',#5451,#5450,#6120,.T.);
#4398=EDGE_CURVE('',#5452,#5023,#6121,.T.);
#4399=EDGE_CURVE('',#5452,#5451,#824,.T.);
#4400=EDGE_CURVE('',#5453,#5022,#6122,.T.);
#4401=EDGE_CURVE('',#5453,#5452,#825,.T.);
#4402=EDGE_CURVE('',#5454,#5021,#6123,.T.);
#4403=EDGE_CURVE('',#5454,#5453,#6124,.T.);
#4404=EDGE_CURVE('',#5455,#5020,#6125,.T.);
#4405=EDGE_CURVE('',#5455,#5454,#506,.F.);
#4406=EDGE_CURVE('',#5456,#5019,#6126,.T.);
#4407=EDGE_CURVE('',#5456,#5455,#507,.F.);
#4408=EDGE_CURVE('',#5457,#5018,#6127,.T.);
#4409=EDGE_CURVE('',#5457,#5456,#508,.F.);
#4410=EDGE_CURVE('',#5458,#5017,#6128,.T.);
#4411=EDGE_CURVE('',#5458,#5457,#826,.T.);
#4412=EDGE_CURVE('',#5459,#5016,#6129,.T.);
#4413=EDGE_CURVE('',#5459,#5458,#6130,.T.);
#4414=EDGE_CURVE('',#5460,#5015,#6131,.T.);
#4415=EDGE_CURVE('',#5460,#5459,#6132,.T.);
#4416=EDGE_CURVE('',#5461,#5014,#6133,.T.);
#4417=EDGE_CURVE('',#5461,#5460,#6134,.T.);
#4418=EDGE_CURVE('',#5462,#5013,#6135,.T.);
#4419=EDGE_CURVE('',#5462,#5461,#6136,.T.);
#4420=EDGE_CURVE('',#5449,#5462,#6137,.T.);
#4421=EDGE_CURVE('',#5463,#5026,#6138,.T.);
#4422=EDGE_CURVE('',#5463,#5464,#6139,.T.);
#4423=EDGE_CURVE('',#5464,#5027,#6140,.T.);
#4424=EDGE_CURVE('',#5465,#5025,#6141,.T.);
#4425=EDGE_CURVE('',#5465,#5463,#827,.T.);
#4426=EDGE_CURVE('',#5466,#5044,#6142,.T.);
#4427=EDGE_CURVE('',#5466,#5465,#828,.T.);
#4428=EDGE_CURVE('',#5467,#5043,#6143,.T.);
#4429=EDGE_CURVE('',#5467,#5466,#829,.T.);
#4430=EDGE_CURVE('',#5468,#5042,#6144,.T.);
#4431=EDGE_CURVE('',#5468,#5467,#830,.T.);
#4432=EDGE_CURVE('',#5469,#5041,#6145,.T.);
#4433=EDGE_CURVE('',#5469,#5468,#831,.T.);
#4434=EDGE_CURVE('',#5470,#5040,#6146,.T.);
#4435=EDGE_CURVE('',#5470,#5469,#6147,.T.);
#4436=EDGE_CURVE('',#5471,#5039,#6148,.T.);
#4437=EDGE_CURVE('',#5471,#5470,#6149,.T.);
#4438=EDGE_CURVE('',#5472,#5038,#6150,.T.);
#4439=EDGE_CURVE('',#5472,#5471,#832,.T.);
#4440=EDGE_CURVE('',#5473,#5037,#6151,.T.);
#4441=EDGE_CURVE('',#5473,#5472,#833,.T.);
#4442=EDGE_CURVE('',#5474,#5036,#6152,.T.);
#4443=EDGE_CURVE('',#5474,#5473,#6153,.T.);
#4444=EDGE_CURVE('',#5475,#5035,#6154,.T.);
#4445=EDGE_CURVE('',#5475,#5474,#6155,.T.);
#4446=EDGE_CURVE('',#5476,#5034,#6156,.T.);
#4447=EDGE_CURVE('',#5476,#5475,#6157,.T.);
#4448=EDGE_CURVE('',#5477,#5033,#6158,.T.);
#4449=EDGE_CURVE('',#5477,#5476,#834,.T.);
#4450=EDGE_CURVE('',#5478,#5032,#6159,.T.);
#4451=EDGE_CURVE('',#5478,#5477,#6160,.T.);
#4452=EDGE_CURVE('',#5479,#5031,#6161,.T.);
#4453=EDGE_CURVE('',#5479,#5478,#6162,.T.);
#4454=EDGE_CURVE('',#5480,#5030,#6163,.T.);
#4455=EDGE_CURVE('',#5480,#5479,#835,.T.);
#4456=EDGE_CURVE('',#5481,#5029,#6164,.T.);
#4457=EDGE_CURVE('',#5481,#5480,#836,.T.);
#4458=EDGE_CURVE('',#5482,#5028,#6165,.T.);
#4459=EDGE_CURVE('',#5482,#5481,#837,.T.);
#4460=EDGE_CURVE('',#5464,#5482,#838,.T.);
#4461=EDGE_CURVE('',#5483,#5046,#6166,.T.);
#4462=EDGE_CURVE('',#5483,#5484,#6167,.T.);
#4463=EDGE_CURVE('',#5484,#5047,#6168,.T.);
#4464=EDGE_CURVE('',#5485,#5045,#6169,.T.);
#4465=EDGE_CURVE('',#5485,#5483,#6170,.T.);
#4466=EDGE_CURVE('',#5486,#5058,#6171,.T.);
#4467=EDGE_CURVE('',#5486,#5485,#6172,.T.);
#4468=EDGE_CURVE('',#5487,#5057,#6173,.T.);
#4469=EDGE_CURVE('',#5487,#5486,#839,.T.);
#4470=EDGE_CURVE('',#5488,#5056,#6174,.T.);
#4471=EDGE_CURVE('',#5488,#5487,#509,.F.);
#4472=EDGE_CURVE('',#5489,#5055,#6175,.T.);
#4473=EDGE_CURVE('',#5489,#5488,#510,.F.);
#4474=EDGE_CURVE('',#5490,#5054,#6176,.T.);
#4475=EDGE_CURVE('',#5490,#5489,#511,.F.);
#4476=EDGE_CURVE('',#5491,#5053,#6177,.T.);
#4477=EDGE_CURVE('',#5491,#5490,#6178,.T.);
#4478=EDGE_CURVE('',#5492,#5052,#6179,.T.);
#4479=EDGE_CURVE('',#5492,#5491,#6180,.T.);
#4480=EDGE_CURVE('',#5493,#5051,#6181,.T.);
#4481=EDGE_CURVE('',#5493,#5492,#6182,.T.);
#4482=EDGE_CURVE('',#5494,#5050,#6183,.T.);
#4483=EDGE_CURVE('',#5494,#5493,#512,.T.);
#4484=EDGE_CURVE('',#5495,#5049,#6184,.T.);
#4485=EDGE_CURVE('',#5495,#5494,#840,.T.);
#4486=EDGE_CURVE('',#5496,#5048,#6185,.T.);
#4487=EDGE_CURVE('',#5496,#5495,#513,.T.);
#4488=EDGE_CURVE('',#5484,#5496,#841,.T.);
#4489=EDGE_CURVE('',#5497,#5060,#6186,.T.);
#4490=EDGE_CURVE('',#5497,#5498,#6187,.T.);
#4491=EDGE_CURVE('',#5498,#5061,#6188,.T.);
#4492=EDGE_CURVE('',#5499,#5059,#6189,.T.);
#4493=EDGE_CURVE('',#5499,#5497,#6190,.T.);
#4494=EDGE_CURVE('',#5500,#5066,#6191,.T.);
#4495=EDGE_CURVE('',#5500,#5499,#6192,.T.);
#4496=EDGE_CURVE('',#5501,#5065,#6193,.T.);
#4497=EDGE_CURVE('',#5501,#5500,#6194,.T.);
#4498=EDGE_CURVE('',#5502,#5064,#6195,.T.);
#4499=EDGE_CURVE('',#5502,#5501,#6196,.T.);
#4500=EDGE_CURVE('',#5503,#5063,#6197,.T.);
#4501=EDGE_CURVE('',#5503,#5502,#6198,.T.);
#4502=EDGE_CURVE('',#5504,#5062,#6199,.T.);
#4503=EDGE_CURVE('',#5504,#5503,#6200,.T.);
#4504=EDGE_CURVE('',#5498,#5504,#6201,.T.);
#4505=EDGE_CURVE('',#5505,#5068,#6202,.T.);
#4506=EDGE_CURVE('',#5505,#5506,#514,.T.);
#4507=EDGE_CURVE('',#5506,#5069,#6203,.T.);
#4508=EDGE_CURVE('',#5507,#5067,#6204,.T.);
#4509=EDGE_CURVE('',#5507,#5505,#842,.T.);
#4510=EDGE_CURVE('',#5508,#5082,#6205,.T.);
#4511=EDGE_CURVE('',#5508,#5507,#6206,.T.);
#4512=EDGE_CURVE('',#5509,#5081,#6207,.T.);
#4513=EDGE_CURVE('',#5509,#5508,#6208,.T.);
#4514=EDGE_CURVE('',#5510,#5080,#6209,.T.);
#4515=EDGE_CURVE('',#5510,#5509,#6210,.T.);
#4516=EDGE_CURVE('',#5511,#5079,#6211,.T.);
#4517=EDGE_CURVE('',#5511,#5510,#515,.F.);
#4518=EDGE_CURVE('',#5512,#5078,#6212,.T.);
#4519=EDGE_CURVE('',#5512,#5511,#843,.T.);
#4520=EDGE_CURVE('',#5513,#5077,#6213,.T.);
#4521=EDGE_CURVE('',#5513,#5512,#516,.F.);
#4522=EDGE_CURVE('',#5514,#5076,#6214,.T.);
#4523=EDGE_CURVE('',#5514,#5513,#517,.F.);
#4524=EDGE_CURVE('',#5515,#5075,#6215,.T.);
#4525=EDGE_CURVE('',#5515,#5514,#518,.F.);
#4526=EDGE_CURVE('',#5516,#5074,#6216,.T.);
#4527=EDGE_CURVE('',#5516,#5515,#6217,.T.);
#4528=EDGE_CURVE('',#5517,#5073,#6218,.T.);
#4529=EDGE_CURVE('',#5517,#5516,#6219,.T.);
#4530=EDGE_CURVE('',#5518,#5072,#6220,.T.);
#4531=EDGE_CURVE('',#5518,#5517,#6221,.T.);
#4532=EDGE_CURVE('',#5519,#5071,#6222,.T.);
#4533=EDGE_CURVE('',#5519,#5518,#519,.T.);
#4534=EDGE_CURVE('',#5520,#5070,#6223,.T.);
#4535=EDGE_CURVE('',#5520,#5519,#844,.T.);
#4536=EDGE_CURVE('',#5506,#5520,#6224,.F.);
#4537=EDGE_CURVE('',#5521,#5084,#6225,.T.);
#4538=EDGE_CURVE('',#5521,#5522,#6226,.T.);
#4539=EDGE_CURVE('',#5522,#5085,#6227,.T.);
#4540=EDGE_CURVE('',#5523,#5083,#6228,.T.);
#4541=EDGE_CURVE('',#5523,#5521,#845,.T.);
#4542=EDGE_CURVE('',#5524,#5102,#6229,.T.);
#4543=EDGE_CURVE('',#5524,#5523,#846,.T.);
#4544=EDGE_CURVE('',#5525,#5101,#6230,.T.);
#4545=EDGE_CURVE('',#5525,#5524,#847,.T.);
#4546=EDGE_CURVE('',#5526,#5100,#6231,.T.);
#4547=EDGE_CURVE('',#5526,#5525,#848,.T.);
#4548=EDGE_CURVE('',#5527,#5099,#6232,.T.);
#4549=EDGE_CURVE('',#5527,#5526,#849,.T.);
#4550=EDGE_CURVE('',#5528,#5098,#6233,.T.);
#4551=EDGE_CURVE('',#5528,#5527,#6234,.T.);
#4552=EDGE_CURVE('',#5529,#5097,#6235,.T.);
#4553=EDGE_CURVE('',#5529,#5528,#6236,.T.);
#4554=EDGE_CURVE('',#5530,#5096,#6237,.T.);
#4555=EDGE_CURVE('',#5530,#5529,#850,.T.);
#4556=EDGE_CURVE('',#5531,#5095,#6238,.T.);
#4557=EDGE_CURVE('',#5531,#5530,#851,.T.);
#4558=EDGE_CURVE('',#5532,#5094,#6239,.T.);
#4559=EDGE_CURVE('',#5532,#5531,#6240,.T.);
#4560=EDGE_CURVE('',#5533,#5093,#6241,.T.);
#4561=EDGE_CURVE('',#5533,#5532,#6242,.T.);
#4562=EDGE_CURVE('',#5534,#5092,#6243,.T.);
#4563=EDGE_CURVE('',#5534,#5533,#6244,.T.);
#4564=EDGE_CURVE('',#5535,#5091,#6245,.T.);
#4565=EDGE_CURVE('',#5535,#5534,#852,.T.);
#4566=EDGE_CURVE('',#5536,#5090,#6246,.T.);
#4567=EDGE_CURVE('',#5536,#5535,#6247,.T.);
#4568=EDGE_CURVE('',#5537,#5089,#6248,.T.);
#4569=EDGE_CURVE('',#5537,#5536,#6249,.T.);
#4570=EDGE_CURVE('',#5538,#5088,#6250,.T.);
#4571=EDGE_CURVE('',#5538,#5537,#853,.T.);
#4572=EDGE_CURVE('',#5539,#5087,#6251,.T.);
#4573=EDGE_CURVE('',#5539,#5538,#854,.T.);
#4574=EDGE_CURVE('',#5540,#5086,#6252,.T.);
#4575=EDGE_CURVE('',#5540,#5539,#855,.T.);
#4576=EDGE_CURVE('',#5522,#5540,#856,.T.);
#4577=EDGE_CURVE('',#5541,#5104,#6253,.T.);
#4578=EDGE_CURVE('',#5541,#5542,#6254,.T.);
#4579=EDGE_CURVE('',#5542,#5105,#6255,.T.);
#4580=EDGE_CURVE('',#5543,#5103,#6256,.T.);
#4581=EDGE_CURVE('',#5543,#5541,#857,.T.);
#4582=EDGE_CURVE('',#5544,#5116,#6257,.T.);
#4583=EDGE_CURVE('',#5544,#5543,#858,.T.);
#4584=EDGE_CURVE('',#5545,#5115,#6258,.T.);
#4585=EDGE_CURVE('',#5545,#5544,#859,.T.);
#4586=EDGE_CURVE('',#5546,#5114,#6259,.T.);
#4587=EDGE_CURVE('',#5546,#5545,#860,.T.);
#4588=EDGE_CURVE('',#5547,#5113,#6260,.T.);
#4589=EDGE_CURVE('',#5547,#5546,#861,.T.);
#4590=EDGE_CURVE('',#5548,#5112,#6261,.T.);
#4591=EDGE_CURVE('',#5548,#5547,#862,.T.);
#4592=EDGE_CURVE('',#5549,#5111,#6262,.T.);
#4593=EDGE_CURVE('',#5549,#5548,#6263,.T.);
#4594=EDGE_CURVE('',#5550,#5110,#6264,.T.);
#4595=EDGE_CURVE('',#5550,#5549,#520,.T.);
#4596=EDGE_CURVE('',#5551,#5109,#6265,.T.);
#4597=EDGE_CURVE('',#5551,#5550,#863,.T.);
#4598=EDGE_CURVE('',#5552,#5108,#6266,.T.);
#4599=EDGE_CURVE('',#5552,#5551,#864,.T.);
#4600=EDGE_CURVE('',#5553,#5107,#6267,.T.);
#4601=EDGE_CURVE('',#5553,#5552,#865,.T.);
#4602=EDGE_CURVE('',#5554,#5106,#6268,.T.);
#4603=EDGE_CURVE('',#5554,#5553,#866,.T.);
#4604=EDGE_CURVE('',#5542,#5554,#521,.T.);
#4605=EDGE_CURVE('',#5555,#5118,#6269,.T.);
#4606=EDGE_CURVE('',#5555,#5556,#6270,.T.);
#4607=EDGE_CURVE('',#5556,#5119,#6271,.T.);
#4608=EDGE_CURVE('',#5557,#5117,#6272,.T.);
#4609=EDGE_CURVE('',#5557,#5555,#6273,.T.);
#4610=EDGE_CURVE('',#5558,#5132,#6274,.T.);
#4611=EDGE_CURVE('',#5558,#5557,#522,.T.);
#4612=EDGE_CURVE('',#5559,#5131,#6275,.T.);
#4613=EDGE_CURVE('',#5559,#5558,#6276,.T.);
#4614=EDGE_CURVE('',#5560,#5130,#6277,.T.);
#4615=EDGE_CURVE('',#5560,#5559,#6278,.T.);
#4616=EDGE_CURVE('',#5561,#5129,#6279,.T.);
#4617=EDGE_CURVE('',#5561,#5560,#6280,.T.);
#4618=EDGE_CURVE('',#5562,#5128,#6281,.T.);
#4619=EDGE_CURVE('',#5562,#5561,#6282,.T.);
#4620=EDGE_CURVE('',#5563,#5127,#6283,.T.);
#4621=EDGE_CURVE('',#5563,#5562,#6284,.T.);
#4622=EDGE_CURVE('',#5564,#5126,#6285,.T.);
#4623=EDGE_CURVE('',#5564,#5563,#523,.F.);
#4624=EDGE_CURVE('',#5565,#5125,#6286,.T.);
#4625=EDGE_CURVE('',#5565,#5564,#867,.T.);
#4626=EDGE_CURVE('',#5566,#5124,#6287,.T.);
#4627=EDGE_CURVE('',#5566,#5565,#868,.T.);
#4628=EDGE_CURVE('',#5567,#5123,#6288,.T.);
#4629=EDGE_CURVE('',#5567,#5566,#6289,.T.);
#4630=EDGE_CURVE('',#5568,#5122,#6290,.T.);
#4631=EDGE_CURVE('',#5568,#5567,#6291,.T.);
#4632=EDGE_CURVE('',#5569,#5121,#6292,.T.);
#4633=EDGE_CURVE('',#5569,#5568,#6293,.T.);
#4634=EDGE_CURVE('',#5570,#5120,#6294,.T.);
#4635=EDGE_CURVE('',#5570,#5569,#869,.T.);
#4636=EDGE_CURVE('',#5556,#5570,#6295,.T.);
#4637=EDGE_CURVE('',#5169,#5173,#6296,.T.);
#4638=EDGE_CURVE('',#5173,#5170,#6297,.T.);
#4639=EDGE_CURVE('',#5174,#5171,#6298,.T.);
#4640=EDGE_CURVE('',#5168,#5176,#6299,.T.);
#4641=EDGE_CURVE('',#5174,#5172,#6300,.T.);
#4642=EDGE_CURVE('',#5167,#5176,#6301,.T.);
#4643=EDGE_CURVE('',#5175,#5166,#6302,.T.);
#4644=EDGE_CURVE('',#5165,#5175,#6303,.T.);
#4645=EDGE_CURVE('',#5571,#5572,#6304,.T.);
#4646=EDGE_CURVE('',#5572,#5573,#6305,.T.);
#4647=EDGE_CURVE('',#5574,#5573,#6306,.T.);
#4648=EDGE_CURVE('',#5574,#5571,#6307,.F.);
#4649=EDGE_CURVE('',#5575,#5576,#6308,.T.);
#4650=EDGE_CURVE('',#5575,#5577,#524,.F.);
#4651=EDGE_CURVE('',#5577,#5578,#6309,.T.);
#4652=EDGE_CURVE('',#5578,#5579,#525,.F.);
#4653=EDGE_CURVE('',#5579,#5580,#6310,.T.);
#4654=EDGE_CURVE('',#5580,#5581,#526,.F.);
#4655=EDGE_CURVE('',#5582,#5581,#6311,.T.);
#4656=EDGE_CURVE('',#5582,#5576,#527,.F.);
#4657=EDGE_CURVE('',#5583,#5584,#6312,.T.);
#4658=EDGE_CURVE('',#5583,#5585,#6313,.T.);
#4659=EDGE_CURVE('',#5586,#5585,#6314,.T.);
#4660=EDGE_CURVE('',#5586,#5584,#6315,.F.);
#4661=EDGE_CURVE('',#5587,#5588,#6316,.T.);
#4662=EDGE_CURVE('',#5587,#5589,#528,.T.);
#4663=EDGE_CURVE('',#5589,#5590,#6317,.T.);
#4664=EDGE_CURVE('',#5590,#5591,#529,.T.);
#4665=EDGE_CURVE('',#5591,#5592,#6318,.T.);
#4666=EDGE_CURVE('',#5592,#5593,#530,.T.);
#4667=EDGE_CURVE('',#5594,#5593,#6319,.T.);
#4668=EDGE_CURVE('',#5594,#5588,#531,.T.);
#4669=EDGE_CURVE('',#5595,#5596,#6320,.T.);
#4670=EDGE_CURVE('',#5595,#5597,#6321,.F.);
#4671=EDGE_CURVE('',#5597,#5598,#6322,.T.);
#4672=EDGE_CURVE('',#5598,#5596,#6323,.T.);
#4673=EDGE_CURVE('',#5599,#5600,#6324,.T.);
#4674=EDGE_CURVE('',#5599,#5601,#532,.F.);
#4675=EDGE_CURVE('',#5601,#5602,#6325,.T.);
#4676=EDGE_CURVE('',#5602,#5603,#533,.F.);
#4677=EDGE_CURVE('',#5603,#5604,#6326,.T.);
#4678=EDGE_CURVE('',#5604,#5605,#534,.F.);
#4679=EDGE_CURVE('',#5606,#5605,#6327,.T.);
#4680=EDGE_CURVE('',#5606,#5600,#535,.F.);
#4681=EDGE_CURVE('',#5607,#5608,#6328,.T.);
#4682=EDGE_CURVE('',#5607,#5609,#6329,.T.);
#4683=EDGE_CURVE('',#5610,#5609,#6330,.T.);
#4684=EDGE_CURVE('',#5610,#5608,#6331,.F.);
#4685=EDGE_CURVE('',#5611,#5612,#6332,.T.);
#4686=EDGE_CURVE('',#5611,#5613,#536,.T.);
#4687=EDGE_CURVE('',#5613,#5614,#6333,.T.);
#4688=EDGE_CURVE('',#5614,#5615,#537,.T.);
#4689=EDGE_CURVE('',#5615,#5616,#6334,.T.);
#4690=EDGE_CURVE('',#5616,#5617,#538,.T.);
#4691=EDGE_CURVE('',#5618,#5617,#6335,.T.);
#4692=EDGE_CURVE('',#5618,#5612,#539,.T.);
#4693=EDGE_CURVE('',#5619,#5619,#540,.T.);
#4694=EDGE_CURVE('',#5620,#5620,#541,.T.);
#4695=EDGE_CURVE('',#5621,#5621,#542,.T.);
#4696=EDGE_CURVE('',#5622,#5622,#543,.T.);
#4697=EDGE_CURVE('',#5623,#5624,#6336,.T.);
#4698=EDGE_CURVE('',#5623,#5625,#544,.T.);
#4699=EDGE_CURVE('',#5626,#5625,#6337,.T.);
#4700=EDGE_CURVE('',#5626,#5586,#545,.T.);
#4701=EDGE_CURVE('',#5585,#5610,#546,.T.);
#4702=EDGE_CURVE('',#5609,#5627,#547,.T.);
#4703=EDGE_CURVE('',#5628,#5627,#6338,.T.);
#4704=EDGE_CURVE('',#5628,#5629,#6339,.T.);
#4705=EDGE_CURVE('',#5629,#5630,#6340,.T.);
#4706=EDGE_CURVE('',#5624,#5630,#6341,.T.);
#4707=EDGE_CURVE('',#5631,#5632,#6342,.T.);
#4708=EDGE_CURVE('',#5632,#5633,#6343,.F.);
#4709=EDGE_CURVE('',#5634,#5633,#6344,.T.);
#4710=EDGE_CURVE('',#5634,#5631,#6345,.T.);
#4711=EDGE_CURVE('',#5635,#5636,#6346,.T.);
#4712=EDGE_CURVE('',#5636,#5637,#6347,.F.);
#4713=EDGE_CURVE('',#5638,#5637,#6348,.T.);
#4714=EDGE_CURVE('',#5638,#5635,#6349,.T.);
#4715=EDGE_CURVE('',#5639,#5639,#548,.T.);
#4716=EDGE_CURVE('',#5640,#5640,#549,.T.);
#4717=EDGE_CURVE('',#5641,#5641,#550,.T.);
#4718=EDGE_CURVE('',#5642,#5642,#551,.T.);
#4719=EDGE_CURVE('',#5573,#5636,#552,.F.);
#4720=EDGE_CURVE('',#5635,#5632,#553,.F.);
#4721=EDGE_CURVE('',#5631,#5595,#554,.F.);
#4722=EDGE_CURVE('',#5596,#5574,#555,.F.);
#4723=EDGE_CURVE('',#5643,#5644,#6350,.T.);
#4724=EDGE_CURVE('',#5644,#5623,#6351,.T.);
#4725=EDGE_CURVE('',#5645,#5624,#6352,.T.);
#4726=EDGE_CURVE('',#5645,#5646,#6353,.T.);
#4727=EDGE_CURVE('',#5646,#5628,#6354,.T.);
#4728=EDGE_CURVE('',#5627,#5643,#6355,.F.);
#4729=EDGE_CURVE('',#5625,#5647,#6356,.F.);
#4730=EDGE_CURVE('',#5647,#5648,#6357,.T.);
#4731=EDGE_CURVE('',#5648,#5626,#6358,.T.);
#4732=EDGE_CURVE('',#5643,#5607,#556,.F.);
#4733=EDGE_CURVE('',#5608,#5583,#557,.F.);
#4734=EDGE_CURVE('',#5584,#5648,#558,.F.);
#4735=EDGE_CURVE('',#5647,#5644,#559,.F.);
#4736=EDGE_CURVE('',#5637,#5572,#560,.T.);
#4737=EDGE_CURVE('',#5571,#5598,#561,.T.);
#4738=EDGE_CURVE('',#5597,#5634,#562,.T.);
#4739=EDGE_CURVE('',#5633,#5638,#563,.T.);
#4740=EDGE_CURVE('',#5649,#5650,#6359,.T.);
#4741=EDGE_CURVE('',#5651,#5649,#6360,.T.);
#4742=EDGE_CURVE('',#5651,#5652,#6361,.T.);
#4743=EDGE_CURVE('',#5652,#5650,#6362,.T.);
#4744=EDGE_CURVE('',#5649,#5653,#6363,.T.);
#4745=EDGE_CURVE('',#5654,#5653,#6364,.T.);
#4746=EDGE_CURVE('',#5651,#5654,#6365,.T.);
#4747=EDGE_CURVE('',#5653,#5655,#6366,.T.);
#4748=EDGE_CURVE('',#5656,#5655,#6367,.T.);
#4749=EDGE_CURVE('',#5654,#5656,#6368,.T.);
#4750=EDGE_CURVE('',#5657,#5658,#6369,.T.);
#4751=EDGE_CURVE('',#5659,#5657,#6370,.T.);
#4752=EDGE_CURVE('',#5659,#5660,#6371,.T.);
#4753=EDGE_CURVE('',#5660,#5658,#6372,.T.);
#4754=EDGE_CURVE('',#5657,#5661,#6373,.T.);
#4755=EDGE_CURVE('',#5662,#5661,#6374,.T.);
#4756=EDGE_CURVE('',#5659,#5662,#6375,.T.);
#4757=EDGE_CURVE('',#5661,#5663,#6376,.T.);
#4758=EDGE_CURVE('',#5664,#5663,#6377,.T.);
#4759=EDGE_CURVE('',#5662,#5664,#6378,.T.);
#4760=EDGE_CURVE('',#5665,#5666,#6379,.T.);
#4761=EDGE_CURVE('',#5667,#5665,#6380,.T.);
#4762=EDGE_CURVE('',#5667,#5668,#6381,.T.);
#4763=EDGE_CURVE('',#5668,#5666,#6382,.T.);
#4764=EDGE_CURVE('',#5665,#5669,#6383,.T.);
#4765=EDGE_CURVE('',#5670,#5669,#6384,.T.);
#4766=EDGE_CURVE('',#5667,#5670,#6385,.T.);
#4767=EDGE_CURVE('',#5669,#5671,#6386,.T.);
#4768=EDGE_CURVE('',#5672,#5671,#6387,.T.);
#4769=EDGE_CURVE('',#5670,#5672,#6388,.T.);
#4770=EDGE_CURVE('',#5673,#5674,#6389,.T.);
#4771=EDGE_CURVE('',#5675,#5673,#6390,.T.);
#4772=EDGE_CURVE('',#5675,#5676,#6391,.T.);
#4773=EDGE_CURVE('',#5676,#5674,#6392,.T.);
#4774=EDGE_CURVE('',#5673,#5677,#6393,.T.);
#4775=EDGE_CURVE('',#5678,#5677,#6394,.T.);
#4776=EDGE_CURVE('',#5675,#5678,#6395,.T.);
#4777=EDGE_CURVE('',#5677,#5679,#6396,.T.);
#4778=EDGE_CURVE('',#5680,#5679,#6397,.T.);
#4779=EDGE_CURVE('',#5678,#5680,#6398,.T.);
#4780=EDGE_CURVE('',#5646,#5681,#6399,.T.);
#4781=EDGE_CURVE('',#5681,#5629,#6400,.T.);
#4782=EDGE_CURVE('',#5682,#5630,#6401,.T.);
#4783=EDGE_CURVE('',#5645,#5682,#6402,.T.);
#4784=EDGE_CURVE('',#5658,#5663,#6403,.T.);
#4785=EDGE_CURVE('',#5660,#5664,#6404,.T.);
#4786=EDGE_CURVE('',#5666,#5671,#6405,.T.);
#4787=EDGE_CURVE('',#5668,#5672,#6406,.T.);
#4788=EDGE_CURVE('',#5674,#5679,#6407,.T.);
#4789=EDGE_CURVE('',#5676,#5680,#6408,.T.);
#4790=EDGE_CURVE('',#5681,#5682,#6409,.T.);
#4791=EDGE_CURVE('',#5650,#5655,#6410,.T.);
#4792=EDGE_CURVE('',#5652,#5656,#6411,.T.);
#4793=EDGE_CURVE('',#5601,#5611,#6412,.F.);
#4794=EDGE_CURVE('',#5612,#5602,#6413,.T.);
#4795=EDGE_CURVE('',#5613,#5599,#6414,.T.);
#4796=EDGE_CURVE('',#5600,#5614,#6415,.F.);
#4797=EDGE_CURVE('',#5605,#5616,#6416,.F.);
#4798=EDGE_CURVE('',#5615,#5606,#6417,.T.);
#4799=EDGE_CURVE('',#5603,#5618,#6418,.F.);
#4800=EDGE_CURVE('',#5617,#5604,#6419,.T.);
#4801=EDGE_CURVE('',#5588,#5578,#6420,.T.);
#4802=EDGE_CURVE('',#5577,#5587,#6421,.F.);
#4803=EDGE_CURVE('',#5576,#5590,#6422,.F.);
#4804=EDGE_CURVE('',#5589,#5575,#6423,.T.);
#4805=EDGE_CURVE('',#5581,#5592,#6424,.F.);
#4806=EDGE_CURVE('',#5591,#5582,#6425,.T.);
#4807=EDGE_CURVE('',#5579,#5594,#6426,.F.);
#4808=EDGE_CURVE('',#5593,#5580,#6427,.T.);
#4809=VERTEX_POINT('',#11421);
#4810=VERTEX_POINT('',#11422);
#4811=VERTEX_POINT('',#11424);
#4812=VERTEX_POINT('',#11426);
#4813=VERTEX_POINT('',#11430);
#4814=VERTEX_POINT('',#11434);
#4815=VERTEX_POINT('',#11438);
#4816=VERTEX_POINT('',#11440);
#4817=VERTEX_POINT('',#11442);
#4818=VERTEX_POINT('',#11446);
#4819=VERTEX_POINT('',#11450);
#4820=VERTEX_POINT('',#11454);
#4821=VERTEX_POINT('',#11458);
#4822=VERTEX_POINT('',#11460);
#4823=VERTEX_POINT('',#11462);
#4824=VERTEX_POINT('',#11464);
#4825=VERTEX_POINT('',#11466);
#4826=VERTEX_POINT('',#11468);
#4827=VERTEX_POINT('',#11470);
#4828=VERTEX_POINT('',#11474);
#4829=VERTEX_POINT('',#11478);
#4830=VERTEX_POINT('',#11480);
#4831=VERTEX_POINT('',#11482);
#4832=VERTEX_POINT('',#11484);
#4833=VERTEX_POINT('',#11486);
#4834=VERTEX_POINT('',#11488);
#4835=VERTEX_POINT('',#11492);
#4836=VERTEX_POINT('',#11496);
#4837=VERTEX_POINT('',#11501);
#4838=VERTEX_POINT('',#11502);
#4839=VERTEX_POINT('',#11504);
#4840=VERTEX_POINT('',#11508);
#4841=VERTEX_POINT('',#11510);
#4842=VERTEX_POINT('',#11514);
#4843=VERTEX_POINT('',#11516);
#4844=VERTEX_POINT('',#11518);
#4845=VERTEX_POINT('',#11520);
#4846=VERTEX_POINT('',#11522);
#4847=VERTEX_POINT('',#11524);
#4848=VERTEX_POINT('',#11526);
#4849=VERTEX_POINT('',#11528);
#4850=VERTEX_POINT('',#11532);
#4851=VERTEX_POINT('',#11537);
#4852=VERTEX_POINT('',#11538);
#4853=VERTEX_POINT('',#11542);
#4854=VERTEX_POINT('',#11544);
#4855=VERTEX_POINT('',#11546);
#4856=VERTEX_POINT('',#11548);
#4857=VERTEX_POINT('',#11550);
#4858=VERTEX_POINT('',#11552);
#4859=VERTEX_POINT('',#11554);
#4860=VERTEX_POINT('',#11556);
#4861=VERTEX_POINT('',#11558);
#4862=VERTEX_POINT('',#11562);
#4863=VERTEX_POINT('',#11564);
#4864=VERTEX_POINT('',#11566);
#4865=VERTEX_POINT('',#11571);
#4866=VERTEX_POINT('',#11572);
#4867=VERTEX_POINT('',#11576);
#4868=VERTEX_POINT('',#11580);
#4869=VERTEX_POINT('',#11582);
#4870=VERTEX_POINT('',#11584);
#4871=VERTEX_POINT('',#11586);
#4872=VERTEX_POINT('',#11590);
#4873=VERTEX_POINT('',#11594);
#4874=VERTEX_POINT('',#11598);
#4875=VERTEX_POINT('',#11602);
#4876=VERTEX_POINT('',#11606);
#4877=VERTEX_POINT('',#11610);
#4878=VERTEX_POINT('',#11614);
#4879=VERTEX_POINT('',#11618);
#4880=VERTEX_POINT('',#11622);
#4881=VERTEX_POINT('',#11624);
#4882=VERTEX_POINT('',#11628);
#4883=VERTEX_POINT('',#11632);
#4884=VERTEX_POINT('',#11636);
#4885=VERTEX_POINT('',#11641);
#4886=VERTEX_POINT('',#11642);
#4887=VERTEX_POINT('',#11644);
#4888=VERTEX_POINT('',#11648);
#4889=VERTEX_POINT('',#11650);
#4890=VERTEX_POINT('',#11654);
#4891=VERTEX_POINT('',#11656);
#4892=VERTEX_POINT('',#11658);
#4893=VERTEX_POINT('',#11660);
#4894=VERTEX_POINT('',#11662);
#4895=VERTEX_POINT('',#11664);
#4896=VERTEX_POINT('',#11666);
#4897=VERTEX_POINT('',#11668);
#4898=VERTEX_POINT('',#11672);
#4899=VERTEX_POINT('',#11675);
#4900=VERTEX_POINT('',#11676);
#4901=VERTEX_POINT('',#11678);
#4902=VERTEX_POINT('',#11680);
#4903=VERTEX_POINT('',#11682);
#4904=VERTEX_POINT('',#11684);
#4905=VERTEX_POINT('',#11686);
#4906=VERTEX_POINT('',#11688);
#4907=VERTEX_POINT('',#11693);
#4908=VERTEX_POINT('',#11694);
#4909=VERTEX_POINT('',#11698);
#4910=VERTEX_POINT('',#11700);
#4911=VERTEX_POINT('',#11704);
#4912=VERTEX_POINT('',#11708);
#4913=VERTEX_POINT('',#11710);
#4914=VERTEX_POINT('',#11714);
#4915=VERTEX_POINT('',#11718);
#4916=VERTEX_POINT('',#11722);
#4917=VERTEX_POINT('',#11726);
#4918=VERTEX_POINT('',#11728);
#4919=VERTEX_POINT('',#11732);
#4920=VERTEX_POINT('',#11736);
#4921=VERTEX_POINT('',#11738);
#4922=VERTEX_POINT('',#11742);
#4923=VERTEX_POINT('',#11749);
#4924=VERTEX_POINT('',#11750);
#4925=VERTEX_POINT('',#11754);
#4926=VERTEX_POINT('',#11756);
#4927=VERTEX_POINT('',#11758);
#4928=VERTEX_POINT('',#11760);
#4929=VERTEX_POINT('',#11762);
#4930=VERTEX_POINT('',#11764);
#4931=VERTEX_POINT('',#11766);
#4932=VERTEX_POINT('',#11768);
#4933=VERTEX_POINT('',#11770);
#4934=VERTEX_POINT('',#11774);
#4935=VERTEX_POINT('',#11776);
#4936=VERTEX_POINT('',#11778);
#4937=VERTEX_POINT('',#11783);
#4938=VERTEX_POINT('',#11784);
#4939=VERTEX_POINT('',#11788);
#4940=VERTEX_POINT('',#11792);
#4941=VERTEX_POINT('',#11794);
#4942=VERTEX_POINT('',#11796);
#4943=VERTEX_POINT('',#11798);
#4944=VERTEX_POINT('',#11803);
#4945=VERTEX_POINT('',#11804);
#4946=VERTEX_POINT('',#11806);
#4947=VERTEX_POINT('',#11810);
#4948=VERTEX_POINT('',#11814);
#4949=VERTEX_POINT('',#11818);
#4950=VERTEX_POINT('',#11820);
#4951=VERTEX_POINT('',#11822);
#4952=VERTEX_POINT('',#11824);
#4953=VERTEX_POINT('',#11826);
#4954=VERTEX_POINT('',#11828);
#4955=VERTEX_POINT('',#11830);
#4956=VERTEX_POINT('',#11834);
#4957=VERTEX_POINT('',#11838);
#4958=VERTEX_POINT('',#11840);
#4959=VERTEX_POINT('',#11842);
#4960=VERTEX_POINT('',#11847);
#4961=VERTEX_POINT('',#11848);
#4962=VERTEX_POINT('',#11852);
#4963=VERTEX_POINT('',#11856);
#4964=VERTEX_POINT('',#11858);
#4965=VERTEX_POINT('',#11860);
#4966=VERTEX_POINT('',#11862);
#4967=VERTEX_POINT('',#11866);
#4968=VERTEX_POINT('',#11870);
#4969=VERTEX_POINT('',#11874);
#4970=VERTEX_POINT('',#11878);
#4971=VERTEX_POINT('',#11882);
#4972=VERTEX_POINT('',#11886);
#4973=VERTEX_POINT('',#11890);
#4974=VERTEX_POINT('',#11894);
#4975=VERTEX_POINT('',#11898);
#4976=VERTEX_POINT('',#11900);
#4977=VERTEX_POINT('',#11904);
#4978=VERTEX_POINT('',#11908);
#4979=VERTEX_POINT('',#11912);
#4980=VERTEX_POINT('',#11917);
#4981=VERTEX_POINT('',#11918);
#4982=VERTEX_POINT('',#11920);
#4983=VERTEX_POINT('',#11922);
#4984=VERTEX_POINT('',#11924);
#4985=VERTEX_POINT('',#11926);
#4986=VERTEX_POINT('',#11928);
#4987=VERTEX_POINT('',#11930);
#4988=VERTEX_POINT('',#11932);
#4989=VERTEX_POINT('',#11934);
#4990=VERTEX_POINT('',#11936);
#4991=VERTEX_POINT('',#11938);
#4992=VERTEX_POINT('',#11940);
#4993=VERTEX_POINT('',#11942);
#4994=VERTEX_POINT('',#11944);
#4995=VERTEX_POINT('',#11946);
#4996=VERTEX_POINT('',#11948);
#4997=VERTEX_POINT('',#11952);
#4998=VERTEX_POINT('',#11954);
#4999=VERTEX_POINT('',#11956);
#5000=VERTEX_POINT('',#11958);
#5001=VERTEX_POINT('',#11960);
#5002=VERTEX_POINT('',#11962);
#5003=VERTEX_POINT('',#11964);
#5004=VERTEX_POINT('',#11966);
#5005=VERTEX_POINT('',#11970);
#5006=VERTEX_POINT('',#11972);
#5007=VERTEX_POINT('',#11974);
#5008=VERTEX_POINT('',#11976);
#5009=VERTEX_POINT('',#11978);
#5010=VERTEX_POINT('',#11981);
#5011=VERTEX_POINT('',#11982);
#5012=VERTEX_POINT('',#11984);
#5013=VERTEX_POINT('',#11986);
#5014=VERTEX_POINT('',#11988);
#5015=VERTEX_POINT('',#11990);
#5016=VERTEX_POINT('',#11992);
#5017=VERTEX_POINT('',#11994);
#5018=VERTEX_POINT('',#11998);
#5019=VERTEX_POINT('',#12000);
#5020=VERTEX_POINT('',#12002);
#5021=VERTEX_POINT('',#12004);
#5022=VERTEX_POINT('',#12006);
#5023=VERTEX_POINT('',#12010);
#5024=VERTEX_POINT('',#12014);
#5025=VERTEX_POINT('',#12019);
#5026=VERTEX_POINT('',#12020);
#5027=VERTEX_POINT('',#12022);
#5028=VERTEX_POINT('',#12026);
#5029=VERTEX_POINT('',#12030);
#5030=VERTEX_POINT('',#12034);
#5031=VERTEX_POINT('',#12038);
#5032=VERTEX_POINT('',#12040);
#5033=VERTEX_POINT('',#12042);
#5034=VERTEX_POINT('',#12046);
#5035=VERTEX_POINT('',#12048);
#5036=VERTEX_POINT('',#12050);
#5037=VERTEX_POINT('',#12052);
#5038=VERTEX_POINT('',#12056);
#5039=VERTEX_POINT('',#12060);
#5040=VERTEX_POINT('',#12062);
#5041=VERTEX_POINT('',#12064);
#5042=VERTEX_POINT('',#12068);
#5043=VERTEX_POINT('',#12072);
#5044=VERTEX_POINT('',#12076);
#5045=VERTEX_POINT('',#12081);
#5046=VERTEX_POINT('',#12082);
#5047=VERTEX_POINT('',#12084);
#5048=VERTEX_POINT('',#12088);
#5049=VERTEX_POINT('',#12090);
#5050=VERTEX_POINT('',#12094);
#5051=VERTEX_POINT('',#12096);
#5052=VERTEX_POINT('',#12098);
#5053=VERTEX_POINT('',#12100);
#5054=VERTEX_POINT('',#12102);
#5055=VERTEX_POINT('',#12104);
#5056=VERTEX_POINT('',#12106);
#5057=VERTEX_POINT('',#12108);
#5058=VERTEX_POINT('',#12112);
#5059=VERTEX_POINT('',#12115);
#5060=VERTEX_POINT('',#12116);
#5061=VERTEX_POINT('',#12118);
#5062=VERTEX_POINT('',#12120);
#5063=VERTEX_POINT('',#12122);
#5064=VERTEX_POINT('',#12124);
#5065=VERTEX_POINT('',#12126);
#5066=VERTEX_POINT('',#12128);
#5067=VERTEX_POINT('',#12133);
#5068=VERTEX_POINT('',#12134);
#5069=VERTEX_POINT('',#12136);
#5070=VERTEX_POINT('',#12138);
#5071=VERTEX_POINT('',#12142);
#5072=VERTEX_POINT('',#12144);
#5073=VERTEX_POINT('',#12146);
#5074=VERTEX_POINT('',#12148);
#5075=VERTEX_POINT('',#12150);
#5076=VERTEX_POINT('',#12152);
#5077=VERTEX_POINT('',#12154);
#5078=VERTEX_POINT('',#12156);
#5079=VERTEX_POINT('',#12160);
#5080=VERTEX_POINT('',#12162);
#5081=VERTEX_POINT('',#12164);
#5082=VERTEX_POINT('',#12166);
#5083=VERTEX_POINT('',#12171);
#5084=VERTEX_POINT('',#12172);
#5085=VERTEX_POINT('',#12174);
#5086=VERTEX_POINT('',#12178);
#5087=VERTEX_POINT('',#12182);
#5088=VERTEX_POINT('',#12186);
#5089=VERTEX_POINT('',#12190);
#5090=VERTEX_POINT('',#12192);
#5091=VERTEX_POINT('',#12194);
#5092=VERTEX_POINT('',#12198);
#5093=VERTEX_POINT('',#12200);
#5094=VERTEX_POINT('',#12202);
#5095=VERTEX_POINT('',#12204);
#5096=VERTEX_POINT('',#12208);
#5097=VERTEX_POINT('',#12212);
#5098=VERTEX_POINT('',#12214);
#5099=VERTEX_POINT('',#12216);
#5100=VERTEX_POINT('',#12220);
#5101=VERTEX_POINT('',#12224);
#5102=VERTEX_POINT('',#12228);
#5103=VERTEX_POINT('',#12235);
#5104=VERTEX_POINT('',#12236);
#5105=VERTEX_POINT('',#12238);
#5106=VERTEX_POINT('',#12240);
#5107=VERTEX_POINT('',#12244);
#5108=VERTEX_POINT('',#12248);
#5109=VERTEX_POINT('',#12252);
#5110=VERTEX_POINT('',#12256);
#5111=VERTEX_POINT('',#12258);
#5112=VERTEX_POINT('',#12260);
#5113=VERTEX_POINT('',#12264);
#5114=VERTEX_POINT('',#12268);
#5115=VERTEX_POINT('',#12272);
#5116=VERTEX_POINT('',#12276);
#5117=VERTEX_POINT('',#12281);
#5118=VERTEX_POINT('',#12282);
#5119=VERTEX_POINT('',#12284);
#5120=VERTEX_POINT('',#12286);
#5121=VERTEX_POINT('',#12290);
#5122=VERTEX_POINT('',#12292);
#5123=VERTEX_POINT('',#12294);
#5124=VERTEX_POINT('',#12296);
#5125=VERTEX_POINT('',#12300);
#5126=VERTEX_POINT('',#12304);
#5127=VERTEX_POINT('',#12306);
#5128=VERTEX_POINT('',#12308);
#5129=VERTEX_POINT('',#12310);
#5130=VERTEX_POINT('',#12312);
#5131=VERTEX_POINT('',#12314);
#5132=VERTEX_POINT('',#12316);
#5133=VERTEX_POINT('',#12320);
#5134=VERTEX_POINT('',#12321);
#5135=VERTEX_POINT('',#12323);
#5136=VERTEX_POINT('',#12325);
#5137=VERTEX_POINT('',#12327);
#5138=VERTEX_POINT('',#12329);
#5139=VERTEX_POINT('',#12331);
#5140=VERTEX_POINT('',#12333);
#5141=VERTEX_POINT('',#12336);
#5142=VERTEX_POINT('',#12337);
#5143=VERTEX_POINT('',#12339);
#5144=VERTEX_POINT('',#12341);
#5145=VERTEX_POINT('',#12343);
#5146=VERTEX_POINT('',#12345);
#5147=VERTEX_POINT('',#12347);
#5148=VERTEX_POINT('',#12349);
#5149=VERTEX_POINT('',#12369);
#5150=VERTEX_POINT('',#12371);
#5151=VERTEX_POINT('',#12375);
#5152=VERTEX_POINT('',#12379);
#5153=VERTEX_POINT('',#12383);
#5154=VERTEX_POINT('',#12387);
#5155=VERTEX_POINT('',#12391);
#5156=VERTEX_POINT('',#12395);
#5157=VERTEX_POINT('',#12401);
#5158=VERTEX_POINT('',#12402);
#5159=VERTEX_POINT('',#12404);
#5160=VERTEX_POINT('',#12406);
#5161=VERTEX_POINT('',#12408);
#5162=VERTEX_POINT('',#12410);
#5163=VERTEX_POINT('',#12412);
#5164=VERTEX_POINT('',#12414);
#5165=VERTEX_POINT('',#12418);
#5166=VERTEX_POINT('',#12420);
#5167=VERTEX_POINT('',#12424);
#5168=VERTEX_POINT('',#12428);
#5169=VERTEX_POINT('',#12432);
#5170=VERTEX_POINT('',#12436);
#5171=VERTEX_POINT('',#12440);
#5172=VERTEX_POINT('',#12444);
#5173=VERTEX_POINT('',#12450);
#5174=VERTEX_POINT('',#12451);
#5175=VERTEX_POINT('',#12453);
#5176=VERTEX_POINT('',#12455);
#5177=VERTEX_POINT('',#12466);
#5178=VERTEX_POINT('',#12470);
#5179=VERTEX_POINT('',#12481);
#5180=VERTEX_POINT('',#12494);
#5181=VERTEX_POINT('',#12500);
#5182=VERTEX_POINT('',#12511);
#5183=VERTEX_POINT('',#12524);
#5184=VERTEX_POINT('',#12530);
#5185=VERTEX_POINT('',#12541);
#5186=VERTEX_POINT('',#12554);
#5187=VERTEX_POINT('',#12567);
#5188=VERTEX_POINT('',#12580);
#5189=VERTEX_POINT('',#12586);
#5190=VERTEX_POINT('',#12597);
#5191=VERTEX_POINT('',#12610);
#5192=VERTEX_POINT('',#12616);
#5193=VERTEX_POINT('',#12620);
#5194=VERTEX_POINT('',#12621);
#5195=VERTEX_POINT('',#12623);
#5196=VERTEX_POINT('',#12625);
#5197=VERTEX_POINT('',#12629);
#5198=VERTEX_POINT('',#12631);
#5199=VERTEX_POINT('',#12644);
#5200=VERTEX_POINT('',#12646);
#5201=VERTEX_POINT('',#12652);
#5202=VERTEX_POINT('',#12654);
#5203=VERTEX_POINT('',#12667);
#5204=VERTEX_POINT('',#12669);
#5205=VERTEX_POINT('',#12684);
#5206=VERTEX_POINT('',#12686);
#5207=VERTEX_POINT('',#12692);
#5208=VERTEX_POINT('',#12694);
#5209=VERTEX_POINT('',#12707);
#5210=VERTEX_POINT('',#12709);
#5211=VERTEX_POINT('',#12715);
#5212=VERTEX_POINT('',#12717);
#5213=VERTEX_POINT('',#12721);
#5214=VERTEX_POINT('',#12723);
#5215=VERTEX_POINT('',#12736);
#5216=VERTEX_POINT('',#12738);
#5217=VERTEX_POINT('',#12744);
#5218=VERTEX_POINT('',#12746);
#5219=VERTEX_POINT('',#12759);
#5220=VERTEX_POINT('',#12761);
#5221=VERTEX_POINT('',#12776);
#5222=VERTEX_POINT('',#12778);
#5223=VERTEX_POINT('',#12784);
#5224=VERTEX_POINT('',#12786);
#5225=VERTEX_POINT('',#12817);
#5226=VERTEX_POINT('',#12819);
#5227=VERTEX_POINT('',#12823);
#5228=VERTEX_POINT('',#12827);
#5229=VERTEX_POINT('',#12838);
#5230=VERTEX_POINT('',#12844);
#5231=VERTEX_POINT('',#12848);
#5232=VERTEX_POINT('',#12852);
#5233=VERTEX_POINT('',#12856);
#5234=VERTEX_POINT('',#12860);
#5235=VERTEX_POINT('',#12864);
#5236=VERTEX_POINT('',#12868);
#5237=VERTEX_POINT('',#12879);
#5238=VERTEX_POINT('',#12885);
#5239=VERTEX_POINT('',#12908);
#5240=VERTEX_POINT('',#12912);
#5241=VERTEX_POINT('',#12923);
#5242=VERTEX_POINT('',#12936);
#5243=VERTEX_POINT('',#12949);
#5244=VERTEX_POINT('',#12962);
#5245=VERTEX_POINT('',#12975);
#5246=VERTEX_POINT('',#12981);
#5247=VERTEX_POINT('',#12992);
#5248=VERTEX_POINT('',#13005);
#5249=VERTEX_POINT('',#13018);
#5250=VERTEX_POINT('',#13031);
#5251=VERTEX_POINT('',#13044);
#5252=VERTEX_POINT('',#13057);
#5253=VERTEX_POINT('',#13070);
#5254=VERTEX_POINT('',#13083);
#5255=VERTEX_POINT('',#13096);
#5256=VERTEX_POINT('',#13102);
#5257=VERTEX_POINT('',#13106);
#5258=VERTEX_POINT('',#13110);
#5259=VERTEX_POINT('',#13135);
#5260=VERTEX_POINT('',#13136);
#5261=VERTEX_POINT('',#13138);
#5262=VERTEX_POINT('',#13142);
#5263=VERTEX_POINT('',#13155);
#5264=VERTEX_POINT('',#13157);
#5265=VERTEX_POINT('',#13172);
#5266=VERTEX_POINT('',#13174);
#5267=VERTEX_POINT('',#13189);
#5268=VERTEX_POINT('',#13191);
#5269=VERTEX_POINT('',#13206);
#5270=VERTEX_POINT('',#13208);
#5271=VERTEX_POINT('',#13223);
#5272=VERTEX_POINT('',#13225);
#5273=VERTEX_POINT('',#13240);
#5274=VERTEX_POINT('',#13242);
#5275=VERTEX_POINT('',#13255);
#5276=VERTEX_POINT('',#13259);
#5277=VERTEX_POINT('',#13270);
#5278=VERTEX_POINT('',#13276);
#5279=VERTEX_POINT('',#13280);
#5280=VERTEX_POINT('',#13284);
#5281=VERTEX_POINT('',#13295);
#5282=VERTEX_POINT('',#13301);
#5283=VERTEX_POINT('',#13305);
#5284=VERTEX_POINT('',#13309);
#5285=VERTEX_POINT('',#13313);
#5286=VERTEX_POINT('',#13317);
#5287=VERTEX_POINT('',#13321);
#5288=VERTEX_POINT('',#13325);
#5289=VERTEX_POINT('',#13355);
#5290=VERTEX_POINT('',#13356);
#5291=VERTEX_POINT('',#13358);
#5292=VERTEX_POINT('',#13362);
#5293=VERTEX_POINT('',#13375);
#5294=VERTEX_POINT('',#13377);
#5295=VERTEX_POINT('',#13392);
#5296=VERTEX_POINT('',#13394);
#5297=VERTEX_POINT('',#13409);
#5298=VERTEX_POINT('',#13411);
#5299=VERTEX_POINT('',#13426);
#5300=VERTEX_POINT('',#13428);
#5301=VERTEX_POINT('',#13443);
#5302=VERTEX_POINT('',#13445);
#5303=VERTEX_POINT('',#13460);
#5304=VERTEX_POINT('',#13462);
#5305=VERTEX_POINT('',#13475);
#5306=VERTEX_POINT('',#13479);
#5307=VERTEX_POINT('',#13490);
#5308=VERTEX_POINT('',#13496);
#5309=VERTEX_POINT('',#13500);
#5310=VERTEX_POINT('',#13504);
#5311=VERTEX_POINT('',#13515);
#5312=VERTEX_POINT('',#13521);
#5313=VERTEX_POINT('',#13525);
#5314=VERTEX_POINT('',#13529);
#5315=VERTEX_POINT('',#13533);
#5316=VERTEX_POINT('',#13537);
#5317=VERTEX_POINT('',#13541);
#5318=VERTEX_POINT('',#13545);
#5319=VERTEX_POINT('',#13566);
#5320=VERTEX_POINT('',#13568);
#5321=VERTEX_POINT('',#13572);
#5322=VERTEX_POINT('',#13576);
#5323=VERTEX_POINT('',#13587);
#5324=VERTEX_POINT('',#13593);
#5325=VERTEX_POINT('',#13597);
#5326=VERTEX_POINT('',#13601);
#5327=VERTEX_POINT('',#13605);
#5328=VERTEX_POINT('',#13609);
#5329=VERTEX_POINT('',#13613);
#5330=VERTEX_POINT('',#13617);
#5331=VERTEX_POINT('',#13628);
#5332=VERTEX_POINT('',#13634);
#5333=VERTEX_POINT('',#13650);
#5334=VERTEX_POINT('',#13652);
#5335=VERTEX_POINT('',#13656);
#5336=VERTEX_POINT('',#13667);
#5337=VERTEX_POINT('',#13680);
#5338=VERTEX_POINT('',#13693);
#5339=VERTEX_POINT('',#13699);
#5340=VERTEX_POINT('',#13703);
#5341=VERTEX_POINT('',#13707);
#5342=VERTEX_POINT('',#13711);
#5343=VERTEX_POINT('',#13715);
#5344=VERTEX_POINT('',#13726);
#5345=VERTEX_POINT('',#13739);
#5346=VERTEX_POINT('',#13745);
#5347=VERTEX_POINT('',#13749);
#5348=VERTEX_POINT('',#13753);
#5349=VERTEX_POINT('',#13757);
#5350=VERTEX_POINT('',#13761);
#5351=VERTEX_POINT('',#13765);
#5352=VERTEX_POINT('',#13776);
#5353=VERTEX_POINT('',#13789);
#5354=VERTEX_POINT('',#13802);
#5355=VERTEX_POINT('',#13815);
#5356=VERTEX_POINT('',#13821);
#5357=VERTEX_POINT('',#13825);
#5358=VERTEX_POINT('',#13836);
#5359=VERTEX_POINT('',#13849);
#5360=VERTEX_POINT('',#13862);
#5361=VERTEX_POINT('',#13880);
#5362=VERTEX_POINT('',#13881);
#5363=VERTEX_POINT('',#13883);
#5364=VERTEX_POINT('',#13887);
#5365=VERTEX_POINT('',#13891);
#5366=VERTEX_POINT('',#13893);
#5367=VERTEX_POINT('',#13897);
#5368=VERTEX_POINT('',#13899);
#5369=VERTEX_POINT('',#13903);
#5370=VERTEX_POINT('',#13905);
#5371=VERTEX_POINT('',#13918);
#5372=VERTEX_POINT('',#13920);
#5373=VERTEX_POINT('',#13935);
#5374=VERTEX_POINT('',#13937);
#5375=VERTEX_POINT('',#13950);
#5376=VERTEX_POINT('',#13954);
#5377=VERTEX_POINT('',#13965);
#5378=VERTEX_POINT('',#13978);
#5379=VERTEX_POINT('',#13984);
#5380=VERTEX_POINT('',#13988);
#5381=VERTEX_POINT('',#13992);
#5382=VERTEX_POINT('',#14022);
#5383=VERTEX_POINT('',#14024);
#5384=VERTEX_POINT('',#14028);
#5385=VERTEX_POINT('',#14032);
#5386=VERTEX_POINT('',#14036);
#5387=VERTEX_POINT('',#14040);
#5388=VERTEX_POINT('',#14051);
#5389=VERTEX_POINT('',#14064);
#5390=VERTEX_POINT('',#14070);
#5391=VERTEX_POINT('',#14074);
#5392=VERTEX_POINT('',#14078);
#5393=VERTEX_POINT('',#14082);
#5394=VERTEX_POINT('',#14086);
#5395=VERTEX_POINT('',#14090);
#5396=VERTEX_POINT('',#14101);
#5397=VERTEX_POINT('',#14114);
#5398=VERTEX_POINT('',#14139);
#5399=VERTEX_POINT('',#14143);
#5400=VERTEX_POINT('',#14154);
#5401=VERTEX_POINT('',#14167);
#5402=VERTEX_POINT('',#14180);
#5403=VERTEX_POINT('',#14193);
#5404=VERTEX_POINT('',#14206);
#5405=VERTEX_POINT('',#14212);
#5406=VERTEX_POINT('',#14223);
#5407=VERTEX_POINT('',#14236);
#5408=VERTEX_POINT('',#14249);
#5409=VERTEX_POINT('',#14262);
#5410=VERTEX_POINT('',#14275);
#5411=VERTEX_POINT('',#14288);
#5412=VERTEX_POINT('',#14301);
#5413=VERTEX_POINT('',#14314);
#5414=VERTEX_POINT('',#14327);
#5415=VERTEX_POINT('',#14333);
#5416=VERTEX_POINT('',#14337);
#5417=VERTEX_POINT('',#14341);
#5418=VERTEX_POINT('',#14357);
#5419=VERTEX_POINT('',#14359);
#5420=VERTEX_POINT('',#14363);
#5421=VERTEX_POINT('',#14367);
#5422=VERTEX_POINT('',#14371);
#5423=VERTEX_POINT('',#14375);
#5424=VERTEX_POINT('',#14379);
#5425=VERTEX_POINT('',#14383);
#5426=VERTEX_POINT('',#14394);
#5427=VERTEX_POINT('',#14400);
#5428=VERTEX_POINT('',#14404);
#5429=VERTEX_POINT('',#14408);
#5430=VERTEX_POINT('',#14412);
#5431=VERTEX_POINT('',#14416);
#5432=VERTEX_POINT('',#14420);
#5433=VERTEX_POINT('',#14424);
#5434=VERTEX_POINT('',#14435);
#5435=VERTEX_POINT('',#14441);
#5436=VERTEX_POINT('',#14445);
#5437=VERTEX_POINT('',#14449);
#5438=VERTEX_POINT('',#14453);
#5439=VERTEX_POINT('',#14457);
#5440=VERTEX_POINT('',#14461);
#5441=VERTEX_POINT('',#14465);
#5442=VERTEX_POINT('',#14469);
#5443=VERTEX_POINT('',#14473);
#5444=VERTEX_POINT('',#14477);
#5445=VERTEX_POINT('',#14481);
#5446=VERTEX_POINT('',#14485);
#5447=VERTEX_POINT('',#14489);
#5448=VERTEX_POINT('',#14496);
#5449=VERTEX_POINT('',#14498);
#5450=VERTEX_POINT('',#14502);
#5451=VERTEX_POINT('',#14506);
#5452=VERTEX_POINT('',#14517);
#5453=VERTEX_POINT('',#14530);
#5454=VERTEX_POINT('',#14536);
#5455=VERTEX_POINT('',#14540);
#5456=VERTEX_POINT('',#14544);
#5457=VERTEX_POINT('',#14548);
#5458=VERTEX_POINT('',#14559);
#5459=VERTEX_POINT('',#14565);
#5460=VERTEX_POINT('',#14569);
#5461=VERTEX_POINT('',#14573);
#5462=VERTEX_POINT('',#14577);
#5463=VERTEX_POINT('',#14584);
#5464=VERTEX_POINT('',#14586);
#5465=VERTEX_POINT('',#14597);
#5466=VERTEX_POINT('',#14610);
#5467=VERTEX_POINT('',#14623);
#5468=VERTEX_POINT('',#14636);
#5469=VERTEX_POINT('',#14649);
#5470=VERTEX_POINT('',#14655);
#5471=VERTEX_POINT('',#14659);
#5472=VERTEX_POINT('',#14670);
#5473=VERTEX_POINT('',#14683);
#5474=VERTEX_POINT('',#14689);
#5475=VERTEX_POINT('',#14693);
#5476=VERTEX_POINT('',#14697);
#5477=VERTEX_POINT('',#14708);
#5478=VERTEX_POINT('',#14714);
#5479=VERTEX_POINT('',#14718);
#5480=VERTEX_POINT('',#14729);
#5481=VERTEX_POINT('',#14742);
#5482=VERTEX_POINT('',#14755);
#5483=VERTEX_POINT('',#14773);
#5484=VERTEX_POINT('',#14775);
#5485=VERTEX_POINT('',#14779);
#5486=VERTEX_POINT('',#14783);
#5487=VERTEX_POINT('',#14794);
#5488=VERTEX_POINT('',#14800);
#5489=VERTEX_POINT('',#14804);
#5490=VERTEX_POINT('',#14808);
#5491=VERTEX_POINT('',#14812);
#5492=VERTEX_POINT('',#14816);
#5493=VERTEX_POINT('',#14820);
#5494=VERTEX_POINT('',#14824);
#5495=VERTEX_POINT('',#14835);
#5496=VERTEX_POINT('',#14841);
#5497=VERTEX_POINT('',#14857);
#5498=VERTEX_POINT('',#14859);
#5499=VERTEX_POINT('',#14863);
#5500=VERTEX_POINT('',#14867);
#5501=VERTEX_POINT('',#14871);
#5502=VERTEX_POINT('',#14875);
#5503=VERTEX_POINT('',#14879);
#5504=VERTEX_POINT('',#14883);
#5505=VERTEX_POINT('',#14890);
#5506=VERTEX_POINT('',#14892);
#5507=VERTEX_POINT('',#14903);
#5508=VERTEX_POINT('',#14909);
#5509=VERTEX_POINT('',#14913);
#5510=VERTEX_POINT('',#14917);
#5511=VERTEX_POINT('',#14921);
#5512=VERTEX_POINT('',#14932);
#5513=VERTEX_POINT('',#14938);
#5514=VERTEX_POINT('',#14942);
#5515=VERTEX_POINT('',#14946);
#5516=VERTEX_POINT('',#14950);
#5517=VERTEX_POINT('',#14954);
#5518=VERTEX_POINT('',#14958);
#5519=VERTEX_POINT('',#14962);
#5520=VERTEX_POINT('',#14973);
#5521=VERTEX_POINT('',#14982);
#5522=VERTEX_POINT('',#14984);
#5523=VERTEX_POINT('',#14995);
#5524=VERTEX_POINT('',#15008);
#5525=VERTEX_POINT('',#15021);
#5526=VERTEX_POINT('',#15034);
#5527=VERTEX_POINT('',#15047);
#5528=VERTEX_POINT('',#15053);
#5529=VERTEX_POINT('',#15057);
#5530=VERTEX_POINT('',#15068);
#5531=VERTEX_POINT('',#15081);
#5532=VERTEX_POINT('',#15087);
#5533=VERTEX_POINT('',#15091);
#5534=VERTEX_POINT('',#15095);
#5535=VERTEX_POINT('',#15106);
#5536=VERTEX_POINT('',#15112);
#5537=VERTEX_POINT('',#15116);
#5538=VERTEX_POINT('',#15127);
#5539=VERTEX_POINT('',#15140);
#5540=VERTEX_POINT('',#15153);
#5541=VERTEX_POINT('',#15171);
#5542=VERTEX_POINT('',#15173);
#5543=VERTEX_POINT('',#15184);
#5544=VERTEX_POINT('',#15197);
#5545=VERTEX_POINT('',#15210);
#5546=VERTEX_POINT('',#15223);
#5547=VERTEX_POINT('',#15236);
#5548=VERTEX_POINT('',#15249);
#5549=VERTEX_POINT('',#15255);
#5550=VERTEX_POINT('',#15259);
#5551=VERTEX_POINT('',#15270);
#5552=VERTEX_POINT('',#15283);
#5553=VERTEX_POINT('',#15296);
#5554=VERTEX_POINT('',#15309);
#5555=VERTEX_POINT('',#15318);
#5556=VERTEX_POINT('',#15320);
#5557=VERTEX_POINT('',#15324);
#5558=VERTEX_POINT('',#15328);
#5559=VERTEX_POINT('',#15332);
#5560=VERTEX_POINT('',#15336);
#5561=VERTEX_POINT('',#15340);
#5562=VERTEX_POINT('',#15344);
#5563=VERTEX_POINT('',#15348);
#5564=VERTEX_POINT('',#15352);
#5565=VERTEX_POINT('',#15363);
#5566=VERTEX_POINT('',#15376);
#5567=VERTEX_POINT('',#15382);
#5568=VERTEX_POINT('',#15386);
#5569=VERTEX_POINT('',#15390);
#5570=VERTEX_POINT('',#15401);
#5571=VERTEX_POINT('',#15430);
#5572=VERTEX_POINT('',#15431);
#5573=VERTEX_POINT('',#15433);
#5574=VERTEX_POINT('',#15435);
#5575=VERTEX_POINT('',#15438);
#5576=VERTEX_POINT('',#15439);
#5577=VERTEX_POINT('',#15441);
#5578=VERTEX_POINT('',#15443);
#5579=VERTEX_POINT('',#15445);
#5580=VERTEX_POINT('',#15447);
#5581=VERTEX_POINT('',#15449);
#5582=VERTEX_POINT('',#15451);
#5583=VERTEX_POINT('',#15455);
#5584=VERTEX_POINT('',#15456);
#5585=VERTEX_POINT('',#15458);
#5586=VERTEX_POINT('',#15460);
#5587=VERTEX_POINT('',#15463);
#5588=VERTEX_POINT('',#15464);
#5589=VERTEX_POINT('',#15466);
#5590=VERTEX_POINT('',#15468);
#5591=VERTEX_POINT('',#15470);
#5592=VERTEX_POINT('',#15472);
#5593=VERTEX_POINT('',#15474);
#5594=VERTEX_POINT('',#15476);
#5595=VERTEX_POINT('',#15480);
#5596=VERTEX_POINT('',#15481);
#5597=VERTEX_POINT('',#15483);
#5598=VERTEX_POINT('',#15485);
#5599=VERTEX_POINT('',#15488);
#5600=VERTEX_POINT('',#15489);
#5601=VERTEX_POINT('',#15491);
#5602=VERTEX_POINT('',#15493);
#5603=VERTEX_POINT('',#15495);
#5604=VERTEX_POINT('',#15497);
#5605=VERTEX_POINT('',#15499);
#5606=VERTEX_POINT('',#15501);
#5607=VERTEX_POINT('',#15505);
#5608=VERTEX_POINT('',#15506);
#5609=VERTEX_POINT('',#15508);
#5610=VERTEX_POINT('',#15510);
#5611=VERTEX_POINT('',#15513);
#5612=VERTEX_POINT('',#15514);
#5613=VERTEX_POINT('',#15516);
#5614=VERTEX_POINT('',#15518);
#5615=VERTEX_POINT('',#15520);
#5616=VERTEX_POINT('',#15522);
#5617=VERTEX_POINT('',#15524);
#5618=VERTEX_POINT('',#15526);
#5619=VERTEX_POINT('',#15530);
#5620=VERTEX_POINT('',#15532);
#5621=VERTEX_POINT('',#15534);
#5622=VERTEX_POINT('',#15536);
#5623=VERTEX_POINT('',#15538);
#5624=VERTEX_POINT('',#15539);
#5625=VERTEX_POINT('',#15541);
#5626=VERTEX_POINT('',#15543);
#5627=VERTEX_POINT('',#15547);
#5628=VERTEX_POINT('',#15549);
#5629=VERTEX_POINT('',#15551);
#5630=VERTEX_POINT('',#15553);
#5631=VERTEX_POINT('',#15557);
#5632=VERTEX_POINT('',#15558);
#5633=VERTEX_POINT('',#15560);
#5634=VERTEX_POINT('',#15562);
#5635=VERTEX_POINT('',#15566);
#5636=VERTEX_POINT('',#15567);
#5637=VERTEX_POINT('',#15569);
#5638=VERTEX_POINT('',#15571);
#5639=VERTEX_POINT('',#15575);
#5640=VERTEX_POINT('',#15577);
#5641=VERTEX_POINT('',#15579);
#5642=VERTEX_POINT('',#15581);
#5643=VERTEX_POINT('',#15588);
#5644=VERTEX_POINT('',#15589);
#5645=VERTEX_POINT('',#15592);
#5646=VERTEX_POINT('',#15594);
#5647=VERTEX_POINT('',#15599);
#5648=VERTEX_POINT('',#15601);
#5649=VERTEX_POINT('',#15614);
#5650=VERTEX_POINT('',#15615);
#5651=VERTEX_POINT('',#15617);
#5652=VERTEX_POINT('',#15619);
#5653=VERTEX_POINT('',#15623);
#5654=VERTEX_POINT('',#15625);
#5655=VERTEX_POINT('',#15629);
#5656=VERTEX_POINT('',#15631);
#5657=VERTEX_POINT('',#15635);
#5658=VERTEX_POINT('',#15636);
#5659=VERTEX_POINT('',#15638);
#5660=VERTEX_POINT('',#15640);
#5661=VERTEX_POINT('',#15644);
#5662=VERTEX_POINT('',#15646);
#5663=VERTEX_POINT('',#15650);
#5664=VERTEX_POINT('',#15652);
#5665=VERTEX_POINT('',#15656);
#5666=VERTEX_POINT('',#15657);
#5667=VERTEX_POINT('',#15659);
#5668=VERTEX_POINT('',#15661);
#5669=VERTEX_POINT('',#15665);
#5670=VERTEX_POINT('',#15667);
#5671=VERTEX_POINT('',#15671);
#5672=VERTEX_POINT('',#15673);
#5673=VERTEX_POINT('',#15677);
#5674=VERTEX_POINT('',#15678);
#5675=VERTEX_POINT('',#15680);
#5676=VERTEX_POINT('',#15682);
#5677=VERTEX_POINT('',#15686);
#5678=VERTEX_POINT('',#15688);
#5679=VERTEX_POINT('',#15692);
#5680=VERTEX_POINT('',#15694);
#5681=VERTEX_POINT('',#15698);
#5682=VERTEX_POINT('',#15702);
#5683=LINE('',#11420,#6428);
#5684=LINE('',#11423,#6429);
#5685=LINE('',#11425,#6430);
#5686=LINE('',#11465,#6431);
#5687=LINE('',#11467,#6432);
#5688=LINE('',#11469,#6433);
#5689=LINE('',#11500,#6434);
#5690=LINE('',#11503,#6435);
#5691=LINE('',#11517,#6436);
#5692=LINE('',#11519,#6437);
#5693=LINE('',#11521,#6438);
#5694=LINE('',#11533,#6439);
#5695=LINE('',#11581,#6440);
#5696=LINE('',#11583,#6441);
#5697=LINE('',#11585,#6442);
#5698=LINE('',#11623,#6443);
#5699=LINE('',#11640,#6444);
#5700=LINE('',#11643,#6445);
#5701=LINE('',#11657,#6446);
#5702=LINE('',#11659,#6447);
#5703=LINE('',#11661,#6448);
#5704=LINE('',#11673,#6449);
#5705=LINE('',#11677,#6450);
#5706=LINE('',#11681,#6451);
#5707=LINE('',#11685,#6452);
#5708=LINE('',#11689,#6453);
#5709=LINE('',#11793,#6454);
#5710=LINE('',#11795,#6455);
#5711=LINE('',#11797,#6456);
#5712=LINE('',#11802,#6457);
#5713=LINE('',#11805,#6458);
#5714=LINE('',#11819,#6459);
#5715=LINE('',#11821,#6460);
#5716=LINE('',#11823,#6461);
#5717=LINE('',#11839,#6462);
#5718=LINE('',#11841,#6463);
#5719=LINE('',#11843,#6464);
#5720=LINE('',#11857,#6465);
#5721=LINE('',#11859,#6466);
#5722=LINE('',#11861,#6467);
#5723=LINE('',#11899,#6468);
#5724=LINE('',#11916,#6469);
#5725=LINE('',#11919,#6470);
#5726=LINE('',#11947,#6471);
#5727=LINE('',#11979,#6472);
#5728=LINE('',#11980,#6473);
#5729=LINE('',#11983,#6474);
#5730=LINE('',#11985,#6475);
#5731=LINE('',#11987,#6476);
#5732=LINE('',#11989,#6477);
#5733=LINE('',#11991,#6478);
#5734=LINE('',#11993,#6479);
#5735=LINE('',#12005,#6480);
#5736=LINE('',#12015,#6481);
#5737=LINE('',#12021,#6482);
#5738=LINE('',#12039,#6483);
#5739=LINE('',#12041,#6484);
#5740=LINE('',#12047,#6485);
#5741=LINE('',#12049,#6486);
#5742=LINE('',#12051,#6487);
#5743=LINE('',#12061,#6488);
#5744=LINE('',#12063,#6489);
#5745=LINE('',#12080,#6490);
#5746=LINE('',#12083,#6491);
#5747=LINE('',#12097,#6492);
#5748=LINE('',#12099,#6493);
#5749=LINE('',#12101,#6494);
#5750=LINE('',#12113,#6495);
#5751=LINE('',#12114,#6496);
#5752=LINE('',#12117,#6497);
#5753=LINE('',#12119,#6498);
#5754=LINE('',#12121,#6499);
#5755=LINE('',#12123,#6500);
#5756=LINE('',#12125,#6501);
#5757=LINE('',#12127,#6502);
#5758=LINE('',#12129,#6503);
#5759=LINE('',#12137,#6504);
#5760=LINE('',#12145,#6505);
#5761=LINE('',#12147,#6506);
#5762=LINE('',#12149,#6507);
#5763=LINE('',#12163,#6508);
#5764=LINE('',#12165,#6509);
#5765=LINE('',#12167,#6510);
#5766=LINE('',#12173,#6511);
#5767=LINE('',#12191,#6512);
#5768=LINE('',#12193,#6513);
#5769=LINE('',#12199,#6514);
#5770=LINE('',#12201,#6515);
#5771=LINE('',#12203,#6516);
#5772=LINE('',#12213,#6517);
#5773=LINE('',#12215,#6518);
#5774=LINE('',#12237,#6519);
#5775=LINE('',#12259,#6520);
#5776=LINE('',#12280,#6521);
#5777=LINE('',#12283,#6522);
#5778=LINE('',#12285,#6523);
#5779=LINE('',#12291,#6524);
#5780=LINE('',#12293,#6525);
#5781=LINE('',#12295,#6526);
#5782=LINE('',#12307,#6527);
#5783=LINE('',#12309,#6528);
#5784=LINE('',#12311,#6529);
#5785=LINE('',#12313,#6530);
#5786=LINE('',#12315,#6531);
#5787=LINE('',#12322,#6532);
#5788=LINE('',#12326,#6533);
#5789=LINE('',#12330,#6534);
#5790=LINE('',#12334,#6535);
#5791=LINE('',#12338,#6536);
#5792=LINE('',#12342,#6537);
#5793=LINE('',#12346,#6538);
#5794=LINE('',#12350,#6539);
#5795=LINE('',#12352,#6540);
#5796=LINE('',#12353,#6541);
#5797=LINE('',#12355,#6542);
#5798=LINE('',#12357,#6543);
#5799=LINE('',#12359,#6544);
#5800=LINE('',#12361,#6545);
#5801=LINE('',#12363,#6546);
#5802=LINE('',#12365,#6547);
#5803=LINE('',#12368,#6548);
#5804=LINE('',#12372,#6549);
#5805=LINE('',#12374,#6550);
#5806=LINE('',#12376,#6551);
#5807=LINE('',#12380,#6552);
#5808=LINE('',#12382,#6553);
#5809=LINE('',#12384,#6554);
#5810=LINE('',#12388,#6555);
#5811=LINE('',#12390,#6556);
#5812=LINE('',#12392,#6557);
#5813=LINE('',#12396,#6558);
#5814=LINE('',#12398,#6559);
#5815=LINE('',#12400,#6560);
#5816=LINE('',#12405,#6561);
#5817=LINE('',#12409,#6562);
#5818=LINE('',#12413,#6563);
#5819=LINE('',#12417,#6564);
#5820=LINE('',#12421,#6565);
#5821=LINE('',#12423,#6566);
#5822=LINE('',#12425,#6567);
#5823=LINE('',#12427,#6568);
#5824=LINE('',#12431,#6569);
#5825=LINE('',#12433,#6570);
#5826=LINE('',#12435,#6571);
#5827=LINE('',#12439,#6572);
#5828=LINE('',#12441,#6573);
#5829=LINE('',#12443,#6574);
#5830=LINE('',#12447,#6575);
#5831=LINE('',#12449,#6576);
#5832=LINE('',#12452,#6577);
#5833=LINE('',#12454,#6578);
#5834=LINE('',#12456,#6579);
#5835=LINE('',#12465,#6580);
#5836=LINE('',#12471,#6581);
#5837=LINE('',#12480,#6582);
#5838=LINE('',#12493,#6583);
#5839=LINE('',#12499,#6584);
#5840=LINE('',#12510,#6585);
#5841=LINE('',#12523,#6586);
#5842=LINE('',#12529,#6587);
#5843=LINE('',#12540,#6588);
#5844=LINE('',#12553,#6589);
#5845=LINE('',#12566,#6590);
#5846=LINE('',#12579,#6591);
#5847=LINE('',#12585,#6592);
#5848=LINE('',#12596,#6593);
#5849=LINE('',#12609,#6594);
#5850=LINE('',#12615,#6595);
#5851=LINE('',#12622,#6596);
#5852=LINE('',#12626,#6597);
#5853=LINE('',#12630,#6598);
#5854=LINE('',#12645,#6599);
#5855=LINE('',#12653,#6600);
#5856=LINE('',#12668,#6601);
#5857=LINE('',#12685,#6602);
#5858=LINE('',#12693,#6603);
#5859=LINE('',#12708,#6604);
#5860=LINE('',#12716,#6605);
#5861=LINE('',#12722,#6606);
#5862=LINE('',#12737,#6607);
#5863=LINE('',#12745,#6608);
#5864=LINE('',#12760,#6609);
#5865=LINE('',#12777,#6610);
#5866=LINE('',#12785,#6611);
#5867=LINE('',#12816,#6612);
#5868=LINE('',#12818,#6613);
#5869=LINE('',#12820,#6614);
#5870=LINE('',#12822,#6615);
#5871=LINE('',#12824,#6616);
#5872=LINE('',#12826,#6617);
#5873=LINE('',#12828,#6618);
#5874=LINE('',#12837,#6619);
#5875=LINE('',#12843,#6620);
#5876=LINE('',#12847,#6621);
#5877=LINE('',#12851,#6622);
#5878=LINE('',#12855,#6623);
#5879=LINE('',#12857,#6624);
#5880=LINE('',#12859,#6625);
#5881=LINE('',#12861,#6626);
#5882=LINE('',#12863,#6627);
#5883=LINE('',#12865,#6628);
#5884=LINE('',#12867,#6629);
#5885=LINE('',#12878,#6630);
#5886=LINE('',#12884,#6631);
#5887=LINE('',#12907,#6632);
#5888=LINE('',#12913,#6633);
#5889=LINE('',#12922,#6634);
#5890=LINE('',#12935,#6635);
#5891=LINE('',#12948,#6636);
#5892=LINE('',#12961,#6637);
#5893=LINE('',#12974,#6638);
#5894=LINE('',#12980,#6639);
#5895=LINE('',#12982,#6640);
#5896=LINE('',#12991,#6641);
#5897=LINE('',#13004,#6642);
#5898=LINE('',#13017,#6643);
#5899=LINE('',#13030,#6644);
#5900=LINE('',#13043,#6645);
#5901=LINE('',#13056,#6646);
#5902=LINE('',#13069,#6647);
#5903=LINE('',#13082,#6648);
#5904=LINE('',#13095,#6649);
#5905=LINE('',#13101,#6650);
#5906=LINE('',#13103,#6651);
#5907=LINE('',#13105,#6652);
#5908=LINE('',#13107,#6653);
#5909=LINE('',#13109,#6654);
#5910=LINE('',#13111,#6655);
#5911=LINE('',#13137,#6656);
#5912=LINE('',#13143,#6657);
#5913=LINE('',#13156,#6658);
#5914=LINE('',#13173,#6659);
#5915=LINE('',#13190,#6660);
#5916=LINE('',#13207,#6661);
#5917=LINE('',#13224,#6662);
#5918=LINE('',#13241,#6663);
#5919=LINE('',#13254,#6664);
#5920=LINE('',#13260,#6665);
#5921=LINE('',#13269,#6666);
#5922=LINE('',#13275,#6667);
#5923=LINE('',#13279,#6668);
#5924=LINE('',#13283,#6669);
#5925=LINE('',#13294,#6670);
#5926=LINE('',#13300,#6671);
#5927=LINE('',#13304,#6672);
#5928=LINE('',#13308,#6673);
#5929=LINE('',#13312,#6674);
#5930=LINE('',#13316,#6675);
#5931=LINE('',#13320,#6676);
#5932=LINE('',#13324,#6677);
#5933=LINE('',#13357,#6678);
#5934=LINE('',#13363,#6679);
#5935=LINE('',#13376,#6680);
#5936=LINE('',#13393,#6681);
#5937=LINE('',#13410,#6682);
#5938=LINE('',#13427,#6683);
#5939=LINE('',#13444,#6684);
#5940=LINE('',#13461,#6685);
#5941=LINE('',#13474,#6686);
#5942=LINE('',#13480,#6687);
#5943=LINE('',#13489,#6688);
#5944=LINE('',#13495,#6689);
#5945=LINE('',#13499,#6690);
#5946=LINE('',#13503,#6691);
#5947=LINE('',#13514,#6692);
#5948=LINE('',#13520,#6693);
#5949=LINE('',#13524,#6694);
#5950=LINE('',#13528,#6695);
#5951=LINE('',#13532,#6696);
#5952=LINE('',#13536,#6697);
#5953=LINE('',#13540,#6698);
#5954=LINE('',#13544,#6699);
#5955=LINE('',#13565,#6700);
#5956=LINE('',#13567,#6701);
#5957=LINE('',#13569,#6702);
#5958=LINE('',#13571,#6703);
#5959=LINE('',#13573,#6704);
#5960=LINE('',#13575,#6705);
#5961=LINE('',#13577,#6706);
#5962=LINE('',#13586,#6707);
#5963=LINE('',#13592,#6708);
#5964=LINE('',#13596,#6709);
#5965=LINE('',#13600,#6710);
#5966=LINE('',#13604,#6711);
#5967=LINE('',#13606,#6712);
#5968=LINE('',#13608,#6713);
#5969=LINE('',#13610,#6714);
#5970=LINE('',#13612,#6715);
#5971=LINE('',#13614,#6716);
#5972=LINE('',#13616,#6717);
#5973=LINE('',#13627,#6718);
#5974=LINE('',#13633,#6719);
#5975=LINE('',#13649,#6720);
#5976=LINE('',#13651,#6721);
#5977=LINE('',#13653,#6722);
#5978=LINE('',#13655,#6723);
#5979=LINE('',#13657,#6724);
#5980=LINE('',#13666,#6725);
#5981=LINE('',#13679,#6726);
#5982=LINE('',#13692,#6727);
#5983=LINE('',#13698,#6728);
#5984=LINE('',#13702,#6729);
#5985=LINE('',#13706,#6730);
#5986=LINE('',#13710,#6731);
#5987=LINE('',#13714,#6732);
#5988=LINE('',#13725,#6733);
#5989=LINE('',#13738,#6734);
#5990=LINE('',#13744,#6735);
#5991=LINE('',#13746,#6736);
#5992=LINE('',#13748,#6737);
#5993=LINE('',#13750,#6738);
#5994=LINE('',#13752,#6739);
#5995=LINE('',#13754,#6740);
#5996=LINE('',#13756,#6741);
#5997=LINE('',#13760,#6742);
#5998=LINE('',#13764,#6743);
#5999=LINE('',#13775,#6744);
#6000=LINE('',#13788,#6745);
#6001=LINE('',#13801,#6746);
#6002=LINE('',#13814,#6747);
#6003=LINE('',#13820,#6748);
#6004=LINE('',#13824,#6749);
#6005=LINE('',#13835,#6750);
#6006=LINE('',#13848,#6751);
#6007=LINE('',#13861,#6752);
#6008=LINE('',#13867,#6753);
#6009=LINE('',#13882,#6754);
#6010=LINE('',#13888,#6755);
#6011=LINE('',#13890,#6756);
#6012=LINE('',#13892,#6757);
#6013=LINE('',#13894,#6758);
#6014=LINE('',#13896,#6759);
#6015=LINE('',#13898,#6760);
#6016=LINE('',#13900,#6761);
#6017=LINE('',#13902,#6762);
#6018=LINE('',#13904,#6763);
#6019=LINE('',#13906,#6764);
#6020=LINE('',#13919,#6765);
#6021=LINE('',#13936,#6766);
#6022=LINE('',#13949,#6767);
#6023=LINE('',#13955,#6768);
#6024=LINE('',#13964,#6769);
#6025=LINE('',#13977,#6770);
#6026=LINE('',#13983,#6771);
#6027=LINE('',#13985,#6772);
#6028=LINE('',#13987,#6773);
#6029=LINE('',#13989,#6774);
#6030=LINE('',#13991,#6775);
#6031=LINE('',#13993,#6776);
#6032=LINE('',#14021,#6777);
#6033=LINE('',#14023,#6778);
#6034=LINE('',#14025,#6779);
#6035=LINE('',#14027,#6780);
#6036=LINE('',#14029,#6781);
#6037=LINE('',#14031,#6782);
#6038=LINE('',#14033,#6783);
#6039=LINE('',#14035,#6784);
#6040=LINE('',#14037,#6785);
#6041=LINE('',#14039,#6786);
#6042=LINE('',#14041,#6787);
#6043=LINE('',#14050,#6788);
#6044=LINE('',#14063,#6789);
#6045=LINE('',#14069,#6790);
#6046=LINE('',#14073,#6791);
#6047=LINE('',#14077,#6792);
#6048=LINE('',#14081,#6793);
#6049=LINE('',#14083,#6794);
#6050=LINE('',#14085,#6795);
#6051=LINE('',#14087,#6796);
#6052=LINE('',#14089,#6797);
#6053=LINE('',#14091,#6798);
#6054=LINE('',#14100,#6799);
#6055=LINE('',#14113,#6800);
#6056=LINE('',#14138,#6801);
#6057=LINE('',#14144,#6802);
#6058=LINE('',#14153,#6803);
#6059=LINE('',#14166,#6804);
#6060=LINE('',#14179,#6805);
#6061=LINE('',#14192,#6806);
#6062=LINE('',#14205,#6807);
#6063=LINE('',#14211,#6808);
#6064=LINE('',#14213,#6809);
#6065=LINE('',#14222,#6810);
#6066=LINE('',#14235,#6811);
#6067=LINE('',#14248,#6812);
#6068=LINE('',#14261,#6813);
#6069=LINE('',#14274,#6814);
#6070=LINE('',#14287,#6815);
#6071=LINE('',#14300,#6816);
#6072=LINE('',#14313,#6817);
#6073=LINE('',#14326,#6818);
#6074=LINE('',#14332,#6819);
#6075=LINE('',#14334,#6820);
#6076=LINE('',#14336,#6821);
#6077=LINE('',#14338,#6822);
#6078=LINE('',#14340,#6823);
#6079=LINE('',#14342,#6824);
#6080=LINE('',#14356,#6825);
#6081=LINE('',#14358,#6826);
#6082=LINE('',#14360,#6827);
#6083=LINE('',#14362,#6828);
#6084=LINE('',#14364,#6829);
#6085=LINE('',#14366,#6830);
#6086=LINE('',#14368,#6831);
#6087=LINE('',#14370,#6832);
#6088=LINE('',#14374,#6833);
#6089=LINE('',#14378,#6834);
#6090=LINE('',#14382,#6835);
#6091=LINE('',#14393,#6836);
#6092=LINE('',#14399,#6837);
#6093=LINE('',#14403,#6838);
#6094=LINE('',#14407,#6839);
#6095=LINE('',#14411,#6840);
#6096=LINE('',#14415,#6841);
#6097=LINE('',#14419,#6842);
#6098=LINE('',#14423,#6843);
#6099=LINE('',#14434,#6844);
#6100=LINE('',#14440,#6845);
#6101=LINE('',#14442,#6846);
#6102=LINE('',#14444,#6847);
#6103=LINE('',#14448,#6848);
#6104=LINE('',#14452,#6849);
#6105=LINE('',#14456,#6850);
#6106=LINE('',#14460,#6851);
#6107=LINE('',#14464,#6852);
#6108=LINE('',#14468,#6853);
#6109=LINE('',#14472,#6854);
#6110=LINE('',#14476,#6855);
#6111=LINE('',#14480,#6856);
#6112=LINE('',#14484,#6857);
#6113=LINE('',#14488,#6858);
#6114=LINE('',#14495,#6859);
#6115=LINE('',#14497,#6860);
#6116=LINE('',#14499,#6861);
#6117=LINE('',#14501,#6862);
#6118=LINE('',#14503,#6863);
#6119=LINE('',#14505,#6864);
#6120=LINE('',#14507,#6865);
#6121=LINE('',#14516,#6866);
#6122=LINE('',#14529,#6867);
#6123=LINE('',#14535,#6868);
#6124=LINE('',#14537,#6869);
#6125=LINE('',#14539,#6870);
#6126=LINE('',#14543,#6871);
#6127=LINE('',#14547,#6872);
#6128=LINE('',#14558,#6873);
#6129=LINE('',#14564,#6874);
#6130=LINE('',#14566,#6875);
#6131=LINE('',#14568,#6876);
#6132=LINE('',#14570,#6877);
#6133=LINE('',#14572,#6878);
#6134=LINE('',#14574,#6879);
#6135=LINE('',#14576,#6880);
#6136=LINE('',#14578,#6881);
#6137=LINE('',#14580,#6882);
#6138=LINE('',#14583,#6883);
#6139=LINE('',#14585,#6884);
#6140=LINE('',#14587,#6885);
#6141=LINE('',#14596,#6886);
#6142=LINE('',#14609,#6887);
#6143=LINE('',#14622,#6888);
#6144=LINE('',#14635,#6889);
#6145=LINE('',#14648,#6890);
#6146=LINE('',#14654,#6891);
#6147=LINE('',#14656,#6892);
#6148=LINE('',#14658,#6893);
#6149=LINE('',#14660,#6894);
#6150=LINE('',#14669,#6895);
#6151=LINE('',#14682,#6896);
#6152=LINE('',#14688,#6897);
#6153=LINE('',#14690,#6898);
#6154=LINE('',#14692,#6899);
#6155=LINE('',#14694,#6900);
#6156=LINE('',#14696,#6901);
#6157=LINE('',#14698,#6902);
#6158=LINE('',#14707,#6903);
#6159=LINE('',#14713,#6904);
#6160=LINE('',#14715,#6905);
#6161=LINE('',#14717,#6906);
#6162=LINE('',#14719,#6907);
#6163=LINE('',#14728,#6908);
#6164=LINE('',#14741,#6909);
#6165=LINE('',#14754,#6910);
#6166=LINE('',#14772,#6911);
#6167=LINE('',#14774,#6912);
#6168=LINE('',#14776,#6913);
#6169=LINE('',#14778,#6914);
#6170=LINE('',#14780,#6915);
#6171=LINE('',#14782,#6916);
#6172=LINE('',#14784,#6917);
#6173=LINE('',#14793,#6918);
#6174=LINE('',#14799,#6919);
#6175=LINE('',#14803,#6920);
#6176=LINE('',#14807,#6921);
#6177=LINE('',#14811,#6922);
#6178=LINE('',#14813,#6923);
#6179=LINE('',#14815,#6924);
#6180=LINE('',#14817,#6925);
#6181=LINE('',#14819,#6926);
#6182=LINE('',#14821,#6927);
#6183=LINE('',#14823,#6928);
#6184=LINE('',#14834,#6929);
#6185=LINE('',#14840,#6930);
#6186=LINE('',#14856,#6931);
#6187=LINE('',#14858,#6932);
#6188=LINE('',#14860,#6933);
#6189=LINE('',#14862,#6934);
#6190=LINE('',#14864,#6935);
#6191=LINE('',#14866,#6936);
#6192=LINE('',#14868,#6937);
#6193=LINE('',#14870,#6938);
#6194=LINE('',#14872,#6939);
#6195=LINE('',#14874,#6940);
#6196=LINE('',#14876,#6941);
#6197=LINE('',#14878,#6942);
#6198=LINE('',#14880,#6943);
#6199=LINE('',#14882,#6944);
#6200=LINE('',#14884,#6945);
#6201=LINE('',#14886,#6946);
#6202=LINE('',#14889,#6947);
#6203=LINE('',#14893,#6948);
#6204=LINE('',#14902,#6949);
#6205=LINE('',#14908,#6950);
#6206=LINE('',#14910,#6951);
#6207=LINE('',#14912,#6952);
#6208=LINE('',#14914,#6953);
#6209=LINE('',#14916,#6954);
#6210=LINE('',#14918,#6955);
#6211=LINE('',#14920,#6956);
#6212=LINE('',#14931,#6957);
#6213=LINE('',#14937,#6958);
#6214=LINE('',#14941,#6959);
#6215=LINE('',#14945,#6960);
#6216=LINE('',#14949,#6961);
#6217=LINE('',#14951,#6962);
#6218=LINE('',#14953,#6963);
#6219=LINE('',#14955,#6964);
#6220=LINE('',#14957,#6965);
#6221=LINE('',#14959,#6966);
#6222=LINE('',#14961,#6967);
#6223=LINE('',#14972,#6968);
#6224=LINE('',#14978,#6969);
#6225=LINE('',#14981,#6970);
#6226=LINE('',#14983,#6971);
#6227=LINE('',#14985,#6972);
#6228=LINE('',#14994,#6973);
#6229=LINE('',#15007,#6974);
#6230=LINE('',#15020,#6975);
#6231=LINE('',#15033,#6976);
#6232=LINE('',#15046,#6977);
#6233=LINE('',#15052,#6978);
#6234=LINE('',#15054,#6979);
#6235=LINE('',#15056,#6980);
#6236=LINE('',#15058,#6981);
#6237=LINE('',#15067,#6982);
#6238=LINE('',#15080,#6983);
#6239=LINE('',#15086,#6984);
#6240=LINE('',#15088,#6985);
#6241=LINE('',#15090,#6986);
#6242=LINE('',#15092,#6987);
#6243=LINE('',#15094,#6988);
#6244=LINE('',#15096,#6989);
#6245=LINE('',#15105,#6990);
#6246=LINE('',#15111,#6991);
#6247=LINE('',#15113,#6992);
#6248=LINE('',#15115,#6993);
#6249=LINE('',#15117,#6994);
#6250=LINE('',#15126,#6995);
#6251=LINE('',#15139,#6996);
#6252=LINE('',#15152,#6997);
#6253=LINE('',#15170,#6998);
#6254=LINE('',#15172,#6999);
#6255=LINE('',#15174,#7000);
#6256=LINE('',#15183,#7001);
#6257=LINE('',#15196,#7002);
#6258=LINE('',#15209,#7003);
#6259=LINE('',#15222,#7004);
#6260=LINE('',#15235,#7005);
#6261=LINE('',#15248,#7006);
#6262=LINE('',#15254,#7007);
#6263=LINE('',#15256,#7008);
#6264=LINE('',#15258,#7009);
#6265=LINE('',#15269,#7010);
#6266=LINE('',#15282,#7011);
#6267=LINE('',#15295,#7012);
#6268=LINE('',#15308,#7013);
#6269=LINE('',#15317,#7014);
#6270=LINE('',#15319,#7015);
#6271=LINE('',#15321,#7016);
#6272=LINE('',#15323,#7017);
#6273=LINE('',#15325,#7018);
#6274=LINE('',#15327,#7019);
#6275=LINE('',#15331,#7020);
#6276=LINE('',#15333,#7021);
#6277=LINE('',#15335,#7022);
#6278=LINE('',#15337,#7023);
#6279=LINE('',#15339,#7024);
#6280=LINE('',#15341,#7025);
#6281=LINE('',#15343,#7026);
#6282=LINE('',#15345,#7027);
#6283=LINE('',#15347,#7028);
#6284=LINE('',#15349,#7029);
#6285=LINE('',#15351,#7030);
#6286=LINE('',#15362,#7031);
#6287=LINE('',#15375,#7032);
#6288=LINE('',#15381,#7033);
#6289=LINE('',#15383,#7034);
#6290=LINE('',#15385,#7035);
#6291=LINE('',#15387,#7036);
#6292=LINE('',#15389,#7037);
#6293=LINE('',#15391,#7038);
#6294=LINE('',#15400,#7039);
#6295=LINE('',#15406,#7040);
#6296=LINE('',#15412,#7041);
#6297=LINE('',#15413,#7042);
#6298=LINE('',#15415,#7043);
#6299=LINE('',#15417,#7044);
#6300=LINE('',#15419,#7045);
#6301=LINE('',#15421,#7046);
#6302=LINE('',#15423,#7047);
#6303=LINE('',#15425,#7048);
#6304=LINE('',#15429,#7049);
#6305=LINE('',#15432,#7050);
#6306=LINE('',#15434,#7051);
#6307=LINE('',#15436,#7052);
#6308=LINE('',#15437,#7053);
#6309=LINE('',#15442,#7054);
#6310=LINE('',#15446,#7055);
#6311=LINE('',#15450,#7056);
#6312=LINE('',#15454,#7057);
#6313=LINE('',#15457,#7058);
#6314=LINE('',#15459,#7059);
#6315=LINE('',#15461,#7060);
#6316=LINE('',#15462,#7061);
#6317=LINE('',#15467,#7062);
#6318=LINE('',#15471,#7063);
#6319=LINE('',#15475,#7064);
#6320=LINE('',#15479,#7065);
#6321=LINE('',#15482,#7066);
#6322=LINE('',#15484,#7067);
#6323=LINE('',#15486,#7068);
#6324=LINE('',#15487,#7069);
#6325=LINE('',#15492,#7070);
#6326=LINE('',#15496,#7071);
#6327=LINE('',#15500,#7072);
#6328=LINE('',#15504,#7073);
#6329=LINE('',#15507,#7074);
#6330=LINE('',#15509,#7075);
#6331=LINE('',#15511,#7076);
#6332=LINE('',#15512,#7077);
#6333=LINE('',#15517,#7078);
#6334=LINE('',#15521,#7079);
#6335=LINE('',#15525,#7080);
#6336=LINE('',#15537,#7081);
#6337=LINE('',#15542,#7082);
#6338=LINE('',#15548,#7083);
#6339=LINE('',#15550,#7084);
#6340=LINE('',#15552,#7085);
#6341=LINE('',#15554,#7086);
#6342=LINE('',#15556,#7087);
#6343=LINE('',#15559,#7088);
#6344=LINE('',#15561,#7089);
#6345=LINE('',#15563,#7090);
#6346=LINE('',#15565,#7091);
#6347=LINE('',#15568,#7092);
#6348=LINE('',#15570,#7093);
#6349=LINE('',#15572,#7094);
#6350=LINE('',#15587,#7095);
#6351=LINE('',#15590,#7096);
#6352=LINE('',#15591,#7097);
#6353=LINE('',#15593,#7098);
#6354=LINE('',#15595,#7099);
#6355=LINE('',#15596,#7100);
#6356=LINE('',#15598,#7101);
#6357=LINE('',#15600,#7102);
#6358=LINE('',#15602,#7103);
#6359=LINE('',#15613,#7104);
#6360=LINE('',#15616,#7105);
#6361=LINE('',#15618,#7106);
#6362=LINE('',#15620,#7107);
#6363=LINE('',#15622,#7108);
#6364=LINE('',#15624,#7109);
#6365=LINE('',#15626,#7110);
#6366=LINE('',#15628,#7111);
#6367=LINE('',#15630,#7112);
#6368=LINE('',#15632,#7113);
#6369=LINE('',#15634,#7114);
#6370=LINE('',#15637,#7115);
#6371=LINE('',#15639,#7116);
#6372=LINE('',#15641,#7117);
#6373=LINE('',#15643,#7118);
#6374=LINE('',#15645,#7119);
#6375=LINE('',#15647,#7120);
#6376=LINE('',#15649,#7121);
#6377=LINE('',#15651,#7122);
#6378=LINE('',#15653,#7123);
#6379=LINE('',#15655,#7124);
#6380=LINE('',#15658,#7125);
#6381=LINE('',#15660,#7126);
#6382=LINE('',#15662,#7127);
#6383=LINE('',#15664,#7128);
#6384=LINE('',#15666,#7129);
#6385=LINE('',#15668,#7130);
#6386=LINE('',#15670,#7131);
#6387=LINE('',#15672,#7132);
#6388=LINE('',#15674,#7133);
#6389=LINE('',#15676,#7134);
#6390=LINE('',#15679,#7135);
#6391=LINE('',#15681,#7136);
#6392=LINE('',#15683,#7137);
#6393=LINE('',#15685,#7138);
#6394=LINE('',#15687,#7139);
#6395=LINE('',#15689,#7140);
#6396=LINE('',#15691,#7141);
#6397=LINE('',#15693,#7142);
#6398=LINE('',#15695,#7143);
#6399=LINE('',#15697,#7144);
#6400=LINE('',#15699,#7145);
#6401=LINE('',#15701,#7146);
#6402=LINE('',#15703,#7147);
#6403=LINE('',#15705,#7148);
#6404=LINE('',#15706,#7149);
#6405=LINE('',#15708,#7150);
#6406=LINE('',#15709,#7151);
#6407=LINE('',#15711,#7152);
#6408=LINE('',#15712,#7153);
#6409=LINE('',#15714,#7154);
#6410=LINE('',#15716,#7155);
#6411=LINE('',#15717,#7156);
#6412=LINE('',#15724,#7157);
#6413=LINE('',#15725,#7158);
#6414=LINE('',#15727,#7159);
#6415=LINE('',#15728,#7160);
#6416=LINE('',#15730,#7161);
#6417=LINE('',#15731,#7162);
#6418=LINE('',#15733,#7163);
#6419=LINE('',#15734,#7164);
#6420=LINE('',#15752,#7165);
#6421=LINE('',#15753,#7166);
#6422=LINE('',#15755,#7167);
#6423=LINE('',#15756,#7168);
#6424=LINE('',#15758,#7169);
#6425=LINE('',#15759,#7170);
#6426=LINE('',#15761,#7171);
#6427=LINE('',#15762,#7172);
#6428=VECTOR('',#9501,1.);
#6429=VECTOR('',#9502,1.);
#6430=VECTOR('',#9503,1.);
#6431=VECTOR('',#9514,1.);
#6432=VECTOR('',#9515,1.);
#6433=VECTOR('',#9516,1.);
#6434=VECTOR('',#9527,1.);
#6435=VECTOR('',#9528,1.);
#6436=VECTOR('',#9533,1.);
#6437=VECTOR('',#9534,1.);
#6438=VECTOR('',#9535,1.);
#6439=VECTOR('',#9542,1.);
#6440=VECTOR('',#9565,1.);
#6441=VECTOR('',#9566,1.);
#6442=VECTOR('',#9567,1.);
#6443=VECTOR('',#9568,1.);
#6444=VECTOR('',#9569,1.);
#6445=VECTOR('',#9570,1.);
#6446=VECTOR('',#9575,1.);
#6447=VECTOR('',#9576,1.);
#6448=VECTOR('',#9577,1.);
#6449=VECTOR('',#9584,1.);
#6450=VECTOR('',#9587,1.);
#6451=VECTOR('',#9590,1.);
#6452=VECTOR('',#9593,1.);
#6453=VECTOR('',#9596,1.);
#6454=VECTOR('',#9627,1.);
#6455=VECTOR('',#9628,1.);
#6456=VECTOR('',#9629,1.);
#6457=VECTOR('',#9630,1.);
#6458=VECTOR('',#9631,1.);
#6459=VECTOR('',#9632,1.);
#6460=VECTOR('',#9633,1.);
#6461=VECTOR('',#9634,1.);
#6462=VECTOR('',#9641,1.);
#6463=VECTOR('',#9642,1.);
#6464=VECTOR('',#9643,1.);
#6465=VECTOR('',#9644,1.);
#6466=VECTOR('',#9645,1.);
#6467=VECTOR('',#9646,1.);
#6468=VECTOR('',#9647,1.);
#6469=VECTOR('',#9648,1.);
#6470=VECTOR('',#9649,1.);
#6471=VECTOR('',#9676,1.);
#6472=VECTOR('',#9699,1.);
#6473=VECTOR('',#9700,1.);
#6474=VECTOR('',#9701,1.);
#6475=VECTOR('',#9702,1.);
#6476=VECTOR('',#9703,1.);
#6477=VECTOR('',#9704,1.);
#6478=VECTOR('',#9705,1.);
#6479=VECTOR('',#9706,1.);
#6480=VECTOR('',#9713,1.);
#6481=VECTOR('',#9714,1.);
#6482=VECTOR('',#9715,1.);
#6483=VECTOR('',#9716,1.);
#6484=VECTOR('',#9717,1.);
#6485=VECTOR('',#9718,1.);
#6486=VECTOR('',#9719,1.);
#6487=VECTOR('',#9720,1.);
#6488=VECTOR('',#9721,1.);
#6489=VECTOR('',#9722,1.);
#6490=VECTOR('',#9723,1.);
#6491=VECTOR('',#9724,1.);
#6492=VECTOR('',#9729,1.);
#6493=VECTOR('',#9730,1.);
#6494=VECTOR('',#9731,1.);
#6495=VECTOR('',#9738,1.);
#6496=VECTOR('',#9739,1.);
#6497=VECTOR('',#9740,1.);
#6498=VECTOR('',#9741,1.);
#6499=VECTOR('',#9742,1.);
#6500=VECTOR('',#9743,1.);
#6501=VECTOR('',#9744,1.);
#6502=VECTOR('',#9745,1.);
#6503=VECTOR('',#9746,1.);
#6504=VECTOR('',#9749,1.);
#6505=VECTOR('',#9752,1.);
#6506=VECTOR('',#9753,1.);
#6507=VECTOR('',#9754,1.);
#6508=VECTOR('',#9763,1.);
#6509=VECTOR('',#9764,1.);
#6510=VECTOR('',#9765,1.);
#6511=VECTOR('',#9766,1.);
#6512=VECTOR('',#9767,1.);
#6513=VECTOR('',#9768,1.);
#6514=VECTOR('',#9769,1.);
#6515=VECTOR('',#9770,1.);
#6516=VECTOR('',#9771,1.);
#6517=VECTOR('',#9772,1.);
#6518=VECTOR('',#9773,1.);
#6519=VECTOR('',#9774,1.);
#6520=VECTOR('',#9779,1.);
#6521=VECTOR('',#9780,1.);
#6522=VECTOR('',#9781,1.);
#6523=VECTOR('',#9782,1.);
#6524=VECTOR('',#9783,1.);
#6525=VECTOR('',#9784,1.);
#6526=VECTOR('',#9785,1.);
#6527=VECTOR('',#9788,1.);
#6528=VECTOR('',#9789,1.);
#6529=VECTOR('',#9790,1.);
#6530=VECTOR('',#9791,1.);
#6531=VECTOR('',#9792,1.);
#6532=VECTOR('',#9799,1.);
#6533=VECTOR('',#9802,1.);
#6534=VECTOR('',#9805,1.);
#6535=VECTOR('',#9808,1.);
#6536=VECTOR('',#9811,1.);
#6537=VECTOR('',#9814,1.);
#6538=VECTOR('',#9817,1.);
#6539=VECTOR('',#9820,1.);
#6540=VECTOR('',#9823,1.);
#6541=VECTOR('',#9824,1.);
#6542=VECTOR('',#9827,1.);
#6543=VECTOR('',#9830,1.);
#6544=VECTOR('',#9833,1.);
#6545=VECTOR('',#9836,1.);
#6546=VECTOR('',#9839,1.);
#6547=VECTOR('',#9842,1.);
#6548=VECTOR('',#9847,1.);
#6549=VECTOR('',#9850,1.);
#6550=VECTOR('',#9853,1.);
#6551=VECTOR('',#9854,1.);
#6552=VECTOR('',#9859,1.);
#6553=VECTOR('',#9862,1.);
#6554=VECTOR('',#9863,1.);
#6555=VECTOR('',#9868,1.);
#6556=VECTOR('',#9871,1.);
#6557=VECTOR('',#9872,1.);
#6558=VECTOR('',#9877,1.);
#6559=VECTOR('',#9880,1.);
#6560=VECTOR('',#9883,1.);
#6561=VECTOR('',#9886,1.);
#6562=VECTOR('',#9889,1.);
#6563=VECTOR('',#9892,1.);
#6564=VECTOR('',#9897,1.);
#6565=VECTOR('',#9900,1.);
#6566=VECTOR('',#9903,1.);
#6567=VECTOR('',#9904,1.);
#6568=VECTOR('',#9907,1.);
#6569=VECTOR('',#9912,1.);
#6570=VECTOR('',#9913,1.);
#6571=VECTOR('',#9916,1.);
#6572=VECTOR('',#9921,1.);
#6573=VECTOR('',#9922,1.);
#6574=VECTOR('',#9925,1.);
#6575=VECTOR('',#9930,1.);
#6576=VECTOR('',#9933,1.);
#6577=VECTOR('',#9934,1.);
#6578=VECTOR('',#9935,1.);
#6579=VECTOR('',#9936,1.);
#6580=VECTOR('',#9937,1.);
#6581=VECTOR('',#9938,1.);
#6582=VECTOR('',#9939,1.);
#6583=VECTOR('',#9940,1.);
#6584=VECTOR('',#9943,1.);
#6585=VECTOR('',#9946,1.);
#6586=VECTOR('',#9947,1.);
#6587=VECTOR('',#9950,1.);
#6588=VECTOR('',#9953,1.);
#6589=VECTOR('',#9954,1.);
#6590=VECTOR('',#9955,1.);
#6591=VECTOR('',#9956,1.);
#6592=VECTOR('',#9959,1.);
#6593=VECTOR('',#9962,1.);
#6594=VECTOR('',#9963,1.);
#6595=VECTOR('',#9966,1.);
#6596=VECTOR('',#9973,1.);
#6597=VECTOR('',#9976,1.);
#6598=VECTOR('',#9981,1.);
#6599=VECTOR('',#9984,1.);
#6600=VECTOR('',#9989,1.);
#6601=VECTOR('',#9992,1.);
#6602=VECTOR('',#9993,1.);
#6603=VECTOR('',#9998,1.);
#6604=VECTOR('',#10001,1.);
#6605=VECTOR('',#10006,1.);
#6606=VECTOR('',#10013,1.);
#6607=VECTOR('',#10016,1.);
#6608=VECTOR('',#10021,1.);
#6609=VECTOR('',#10024,1.);
#6610=VECTOR('',#10025,1.);
#6611=VECTOR('',#10030,1.);
#6612=VECTOR('',#10039,1.);
#6613=VECTOR('',#10040,1.);
#6614=VECTOR('',#10041,1.);
#6615=VECTOR('',#10044,1.);
#6616=VECTOR('',#10045,1.);
#6617=VECTOR('',#10048,1.);
#6618=VECTOR('',#10049,1.);
#6619=VECTOR('',#10050,1.);
#6620=VECTOR('',#10053,1.);
#6621=VECTOR('',#10058,1.);
#6622=VECTOR('',#10063,1.);
#6623=VECTOR('',#10068,1.);
#6624=VECTOR('',#10069,1.);
#6625=VECTOR('',#10072,1.);
#6626=VECTOR('',#10073,1.);
#6627=VECTOR('',#10076,1.);
#6628=VECTOR('',#10077,1.);
#6629=VECTOR('',#10080,1.);
#6630=VECTOR('',#10083,1.);
#6631=VECTOR('',#10086,1.);
#6632=VECTOR('',#10091,1.);
#6633=VECTOR('',#10092,1.);
#6634=VECTOR('',#10093,1.);
#6635=VECTOR('',#10094,1.);
#6636=VECTOR('',#10095,1.);
#6637=VECTOR('',#10096,1.);
#6638=VECTOR('',#10097,1.);
#6639=VECTOR('',#10100,1.);
#6640=VECTOR('',#10101,1.);
#6641=VECTOR('',#10102,1.);
#6642=VECTOR('',#10103,1.);
#6643=VECTOR('',#10104,1.);
#6644=VECTOR('',#10105,1.);
#6645=VECTOR('',#10106,1.);
#6646=VECTOR('',#10107,1.);
#6647=VECTOR('',#10108,1.);
#6648=VECTOR('',#10109,1.);
#6649=VECTOR('',#10110,1.);
#6650=VECTOR('',#10113,1.);
#6651=VECTOR('',#10114,1.);
#6652=VECTOR('',#10117,1.);
#6653=VECTOR('',#10118,1.);
#6654=VECTOR('',#10121,1.);
#6655=VECTOR('',#10122,1.);
#6656=VECTOR('',#10125,1.);
#6657=VECTOR('',#10126,1.);
#6658=VECTOR('',#10127,1.);
#6659=VECTOR('',#10128,1.);
#6660=VECTOR('',#10129,1.);
#6661=VECTOR('',#10130,1.);
#6662=VECTOR('',#10131,1.);
#6663=VECTOR('',#10132,1.);
#6664=VECTOR('',#10133,1.);
#6665=VECTOR('',#10134,1.);
#6666=VECTOR('',#10135,1.);
#6667=VECTOR('',#10138,1.);
#6668=VECTOR('',#10143,1.);
#6669=VECTOR('',#10148,1.);
#6670=VECTOR('',#10151,1.);
#6671=VECTOR('',#10154,1.);
#6672=VECTOR('',#10159,1.);
#6673=VECTOR('',#10164,1.);
#6674=VECTOR('',#10169,1.);
#6675=VECTOR('',#10174,1.);
#6676=VECTOR('',#10179,1.);
#6677=VECTOR('',#10184,1.);
#6678=VECTOR('',#10193,1.);
#6679=VECTOR('',#10194,1.);
#6680=VECTOR('',#10195,1.);
#6681=VECTOR('',#10196,1.);
#6682=VECTOR('',#10197,1.);
#6683=VECTOR('',#10198,1.);
#6684=VECTOR('',#10199,1.);
#6685=VECTOR('',#10200,1.);
#6686=VECTOR('',#10201,1.);
#6687=VECTOR('',#10202,1.);
#6688=VECTOR('',#10203,1.);
#6689=VECTOR('',#10206,1.);
#6690=VECTOR('',#10211,1.);
#6691=VECTOR('',#10216,1.);
#6692=VECTOR('',#10219,1.);
#6693=VECTOR('',#10222,1.);
#6694=VECTOR('',#10227,1.);
#6695=VECTOR('',#10232,1.);
#6696=VECTOR('',#10237,1.);
#6697=VECTOR('',#10242,1.);
#6698=VECTOR('',#10247,1.);
#6699=VECTOR('',#10252,1.);
#6700=VECTOR('',#10263,1.);
#6701=VECTOR('',#10264,1.);
#6702=VECTOR('',#10265,1.);
#6703=VECTOR('',#10268,1.);
#6704=VECTOR('',#10269,1.);
#6705=VECTOR('',#10272,1.);
#6706=VECTOR('',#10273,1.);
#6707=VECTOR('',#10274,1.);
#6708=VECTOR('',#10277,1.);
#6709=VECTOR('',#10282,1.);
#6710=VECTOR('',#10287,1.);
#6711=VECTOR('',#10292,1.);
#6712=VECTOR('',#10293,1.);
#6713=VECTOR('',#10296,1.);
#6714=VECTOR('',#10297,1.);
#6715=VECTOR('',#10300,1.);
#6716=VECTOR('',#10301,1.);
#6717=VECTOR('',#10304,1.);
#6718=VECTOR('',#10307,1.);
#6719=VECTOR('',#10310,1.);
#6720=VECTOR('',#10317,1.);
#6721=VECTOR('',#10318,1.);
#6722=VECTOR('',#10319,1.);
#6723=VECTOR('',#10322,1.);
#6724=VECTOR('',#10323,1.);
#6725=VECTOR('',#10324,1.);
#6726=VECTOR('',#10325,1.);
#6727=VECTOR('',#10326,1.);
#6728=VECTOR('',#10329,1.);
#6729=VECTOR('',#10334,1.);
#6730=VECTOR('',#10339,1.);
#6731=VECTOR('',#10344,1.);
#6732=VECTOR('',#10349,1.);
#6733=VECTOR('',#10352,1.);
#6734=VECTOR('',#10353,1.);
#6735=VECTOR('',#10356,1.);
#6736=VECTOR('',#10357,1.);
#6737=VECTOR('',#10360,1.);
#6738=VECTOR('',#10361,1.);
#6739=VECTOR('',#10364,1.);
#6740=VECTOR('',#10365,1.);
#6741=VECTOR('',#10368,1.);
#6742=VECTOR('',#10373,1.);
#6743=VECTOR('',#10378,1.);
#6744=VECTOR('',#10381,1.);
#6745=VECTOR('',#10382,1.);
#6746=VECTOR('',#10383,1.);
#6747=VECTOR('',#10384,1.);
#6748=VECTOR('',#10387,1.);
#6749=VECTOR('',#10392,1.);
#6750=VECTOR('',#10395,1.);
#6751=VECTOR('',#10396,1.);
#6752=VECTOR('',#10397,1.);
#6753=VECTOR('',#10400,1.);
#6754=VECTOR('',#10403,1.);
#6755=VECTOR('',#10404,1.);
#6756=VECTOR('',#10407,1.);
#6757=VECTOR('',#10408,1.);
#6758=VECTOR('',#10409,1.);
#6759=VECTOR('',#10412,1.);
#6760=VECTOR('',#10413,1.);
#6761=VECTOR('',#10414,1.);
#6762=VECTOR('',#10417,1.);
#6763=VECTOR('',#10418,1.);
#6764=VECTOR('',#10419,1.);
#6765=VECTOR('',#10420,1.);
#6766=VECTOR('',#10421,1.);
#6767=VECTOR('',#10422,1.);
#6768=VECTOR('',#10423,1.);
#6769=VECTOR('',#10424,1.);
#6770=VECTOR('',#10425,1.);
#6771=VECTOR('',#10428,1.);
#6772=VECTOR('',#10429,1.);
#6773=VECTOR('',#10432,1.);
#6774=VECTOR('',#10433,1.);
#6775=VECTOR('',#10436,1.);
#6776=VECTOR('',#10437,1.);
#6777=VECTOR('',#10442,1.);
#6778=VECTOR('',#10443,1.);
#6779=VECTOR('',#10444,1.);
#6780=VECTOR('',#10447,1.);
#6781=VECTOR('',#10448,1.);
#6782=VECTOR('',#10451,1.);
#6783=VECTOR('',#10452,1.);
#6784=VECTOR('',#10455,1.);
#6785=VECTOR('',#10456,1.);
#6786=VECTOR('',#10459,1.);
#6787=VECTOR('',#10460,1.);
#6788=VECTOR('',#10461,1.);
#6789=VECTOR('',#10462,1.);
#6790=VECTOR('',#10465,1.);
#6791=VECTOR('',#10470,1.);
#6792=VECTOR('',#10475,1.);
#6793=VECTOR('',#10480,1.);
#6794=VECTOR('',#10481,1.);
#6795=VECTOR('',#10484,1.);
#6796=VECTOR('',#10485,1.);
#6797=VECTOR('',#10488,1.);
#6798=VECTOR('',#10489,1.);
#6799=VECTOR('',#10490,1.);
#6800=VECTOR('',#10491,1.);
#6801=VECTOR('',#10494,1.);
#6802=VECTOR('',#10495,1.);
#6803=VECTOR('',#10496,1.);
#6804=VECTOR('',#10497,1.);
#6805=VECTOR('',#10498,1.);
#6806=VECTOR('',#10499,1.);
#6807=VECTOR('',#10500,1.);
#6808=VECTOR('',#10503,1.);
#6809=VECTOR('',#10504,1.);
#6810=VECTOR('',#10505,1.);
#6811=VECTOR('',#10506,1.);
#6812=VECTOR('',#10507,1.);
#6813=VECTOR('',#10508,1.);
#6814=VECTOR('',#10509,1.);
#6815=VECTOR('',#10510,1.);
#6816=VECTOR('',#10511,1.);
#6817=VECTOR('',#10512,1.);
#6818=VECTOR('',#10513,1.);
#6819=VECTOR('',#10516,1.);
#6820=VECTOR('',#10517,1.);
#6821=VECTOR('',#10520,1.);
#6822=VECTOR('',#10521,1.);
#6823=VECTOR('',#10524,1.);
#6824=VECTOR('',#10525,1.);
#6825=VECTOR('',#10530,1.);
#6826=VECTOR('',#10531,1.);
#6827=VECTOR('',#10532,1.);
#6828=VECTOR('',#10535,1.);
#6829=VECTOR('',#10536,1.);
#6830=VECTOR('',#10539,1.);
#6831=VECTOR('',#10540,1.);
#6832=VECTOR('',#10543,1.);
#6833=VECTOR('',#10548,1.);
#6834=VECTOR('',#10553,1.);
#6835=VECTOR('',#10558,1.);
#6836=VECTOR('',#10561,1.);
#6837=VECTOR('',#10564,1.);
#6838=VECTOR('',#10569,1.);
#6839=VECTOR('',#10574,1.);
#6840=VECTOR('',#10579,1.);
#6841=VECTOR('',#10584,1.);
#6842=VECTOR('',#10589,1.);
#6843=VECTOR('',#10594,1.);
#6844=VECTOR('',#10597,1.);
#6845=VECTOR('',#10600,1.);
#6846=VECTOR('',#10601,1.);
#6847=VECTOR('',#10604,1.);
#6848=VECTOR('',#10609,1.);
#6849=VECTOR('',#10614,1.);
#6850=VECTOR('',#10619,1.);
#6851=VECTOR('',#10624,1.);
#6852=VECTOR('',#10629,1.);
#6853=VECTOR('',#10634,1.);
#6854=VECTOR('',#10639,1.);
#6855=VECTOR('',#10644,1.);
#6856=VECTOR('',#10649,1.);
#6857=VECTOR('',#10654,1.);
#6858=VECTOR('',#10659,1.);
#6859=VECTOR('',#10670,1.);
#6860=VECTOR('',#10671,1.);
#6861=VECTOR('',#10672,1.);
#6862=VECTOR('',#10675,1.);
#6863=VECTOR('',#10676,1.);
#6864=VECTOR('',#10679,1.);
#6865=VECTOR('',#10680,1.);
#6866=VECTOR('',#10681,1.);
#6867=VECTOR('',#10682,1.);
#6868=VECTOR('',#10685,1.);
#6869=VECTOR('',#10686,1.);
#6870=VECTOR('',#10689,1.);
#6871=VECTOR('',#10694,1.);
#6872=VECTOR('',#10699,1.);
#6873=VECTOR('',#10702,1.);
#6874=VECTOR('',#10705,1.);
#6875=VECTOR('',#10706,1.);
#6876=VECTOR('',#10709,1.);
#6877=VECTOR('',#10710,1.);
#6878=VECTOR('',#10713,1.);
#6879=VECTOR('',#10714,1.);
#6880=VECTOR('',#10717,1.);
#6881=VECTOR('',#10718,1.);
#6882=VECTOR('',#10721,1.);
#6883=VECTOR('',#10726,1.);
#6884=VECTOR('',#10727,1.);
#6885=VECTOR('',#10728,1.);
#6886=VECTOR('',#10729,1.);
#6887=VECTOR('',#10730,1.);
#6888=VECTOR('',#10731,1.);
#6889=VECTOR('',#10732,1.);
#6890=VECTOR('',#10733,1.);
#6891=VECTOR('',#10736,1.);
#6892=VECTOR('',#10737,1.);
#6893=VECTOR('',#10740,1.);
#6894=VECTOR('',#10741,1.);
#6895=VECTOR('',#10742,1.);
#6896=VECTOR('',#10743,1.);
#6897=VECTOR('',#10746,1.);
#6898=VECTOR('',#10747,1.);
#6899=VECTOR('',#10750,1.);
#6900=VECTOR('',#10751,1.);
#6901=VECTOR('',#10754,1.);
#6902=VECTOR('',#10755,1.);
#6903=VECTOR('',#10756,1.);
#6904=VECTOR('',#10759,1.);
#6905=VECTOR('',#10760,1.);
#6906=VECTOR('',#10763,1.);
#6907=VECTOR('',#10764,1.);
#6908=VECTOR('',#10765,1.);
#6909=VECTOR('',#10766,1.);
#6910=VECTOR('',#10767,1.);
#6911=VECTOR('',#10772,1.);
#6912=VECTOR('',#10773,1.);
#6913=VECTOR('',#10774,1.);
#6914=VECTOR('',#10777,1.);
#6915=VECTOR('',#10778,1.);
#6916=VECTOR('',#10781,1.);
#6917=VECTOR('',#10782,1.);
#6918=VECTOR('',#10783,1.);
#6919=VECTOR('',#10786,1.);
#6920=VECTOR('',#10791,1.);
#6921=VECTOR('',#10796,1.);
#6922=VECTOR('',#10801,1.);
#6923=VECTOR('',#10802,1.);
#6924=VECTOR('',#10805,1.);
#6925=VECTOR('',#10806,1.);
#6926=VECTOR('',#10809,1.);
#6927=VECTOR('',#10810,1.);
#6928=VECTOR('',#10813,1.);
#6929=VECTOR('',#10816,1.);
#6930=VECTOR('',#10819,1.);
#6931=VECTOR('',#10826,1.);
#6932=VECTOR('',#10827,1.);
#6933=VECTOR('',#10828,1.);
#6934=VECTOR('',#10831,1.);
#6935=VECTOR('',#10832,1.);
#6936=VECTOR('',#10835,1.);
#6937=VECTOR('',#10836,1.);
#6938=VECTOR('',#10839,1.);
#6939=VECTOR('',#10840,1.);
#6940=VECTOR('',#10843,1.);
#6941=VECTOR('',#10844,1.);
#6942=VECTOR('',#10847,1.);
#6943=VECTOR('',#10848,1.);
#6944=VECTOR('',#10851,1.);
#6945=VECTOR('',#10852,1.);
#6946=VECTOR('',#10855,1.);
#6947=VECTOR('',#10860,1.);
#6948=VECTOR('',#10863,1.);
#6949=VECTOR('',#10864,1.);
#6950=VECTOR('',#10867,1.);
#6951=VECTOR('',#10868,1.);
#6952=VECTOR('',#10871,1.);
#6953=VECTOR('',#10872,1.);
#6954=VECTOR('',#10875,1.);
#6955=VECTOR('',#10876,1.);
#6956=VECTOR('',#10879,1.);
#6957=VECTOR('',#10882,1.);
#6958=VECTOR('',#10885,1.);
#6959=VECTOR('',#10890,1.);
#6960=VECTOR('',#10895,1.);
#6961=VECTOR('',#10900,1.);
#6962=VECTOR('',#10901,1.);
#6963=VECTOR('',#10904,1.);
#6964=VECTOR('',#10905,1.);
#6965=VECTOR('',#10908,1.);
#6966=VECTOR('',#10909,1.);
#6967=VECTOR('',#10912,1.);
#6968=VECTOR('',#10915,1.);
#6969=VECTOR('',#10918,1.);
#6970=VECTOR('',#10923,1.);
#6971=VECTOR('',#10924,1.);
#6972=VECTOR('',#10925,1.);
#6973=VECTOR('',#10926,1.);
#6974=VECTOR('',#10927,1.);
#6975=VECTOR('',#10928,1.);
#6976=VECTOR('',#10929,1.);
#6977=VECTOR('',#10930,1.);
#6978=VECTOR('',#10933,1.);
#6979=VECTOR('',#10934,1.);
#6980=VECTOR('',#10937,1.);
#6981=VECTOR('',#10938,1.);
#6982=VECTOR('',#10939,1.);
#6983=VECTOR('',#10940,1.);
#6984=VECTOR('',#10943,1.);
#6985=VECTOR('',#10944,1.);
#6986=VECTOR('',#10947,1.);
#6987=VECTOR('',#10948,1.);
#6988=VECTOR('',#10951,1.);
#6989=VECTOR('',#10952,1.);
#6990=VECTOR('',#10953,1.);
#6991=VECTOR('',#10956,1.);
#6992=VECTOR('',#10957,1.);
#6993=VECTOR('',#10960,1.);
#6994=VECTOR('',#10961,1.);
#6995=VECTOR('',#10962,1.);
#6996=VECTOR('',#10963,1.);
#6997=VECTOR('',#10964,1.);
#6998=VECTOR('',#10969,1.);
#6999=VECTOR('',#10970,1.);
#7000=VECTOR('',#10971,1.);
#7001=VECTOR('',#10972,1.);
#7002=VECTOR('',#10973,1.);
#7003=VECTOR('',#10974,1.);
#7004=VECTOR('',#10975,1.);
#7005=VECTOR('',#10976,1.);
#7006=VECTOR('',#10977,1.);
#7007=VECTOR('',#10980,1.);
#7008=VECTOR('',#10981,1.);
#7009=VECTOR('',#10984,1.);
#7010=VECTOR('',#10987,1.);
#7011=VECTOR('',#10988,1.);
#7012=VECTOR('',#10989,1.);
#7013=VECTOR('',#10990,1.);
#7014=VECTOR('',#10999,1.);
#7015=VECTOR('',#11000,1.);
#7016=VECTOR('',#11001,1.);
#7017=VECTOR('',#11004,1.);
#7018=VECTOR('',#11005,1.);
#7019=VECTOR('',#11008,1.);
#7020=VECTOR('',#11013,1.);
#7021=VECTOR('',#11014,1.);
#7022=VECTOR('',#11017,1.);
#7023=VECTOR('',#11018,1.);
#7024=VECTOR('',#11021,1.);
#7025=VECTOR('',#11022,1.);
#7026=VECTOR('',#11025,1.);
#7027=VECTOR('',#11026,1.);
#7028=VECTOR('',#11029,1.);
#7029=VECTOR('',#11030,1.);
#7030=VECTOR('',#11033,1.);
#7031=VECTOR('',#11036,1.);
#7032=VECTOR('',#11037,1.);
#7033=VECTOR('',#11040,1.);
#7034=VECTOR('',#11041,1.);
#7035=VECTOR('',#11044,1.);
#7036=VECTOR('',#11045,1.);
#7037=VECTOR('',#11048,1.);
#7038=VECTOR('',#11049,1.);
#7039=VECTOR('',#11050,1.);
#7040=VECTOR('',#11053,1.);
#7041=VECTOR('',#11064,1.);
#7042=VECTOR('',#11065,1.);
#7043=VECTOR('',#11068,1.);
#7044=VECTOR('',#11071,1.);
#7045=VECTOR('',#11074,1.);
#7046=VECTOR('',#11077,1.);
#7047=VECTOR('',#11080,1.);
#7048=VECTOR('',#11083,1.);
#7049=VECTOR('',#11090,1.);
#7050=VECTOR('',#11091,1.);
#7051=VECTOR('',#11092,1.);
#7052=VECTOR('',#11093,1.);
#7053=VECTOR('',#11094,1.);
#7054=VECTOR('',#11097,1.);
#7055=VECTOR('',#11100,1.);
#7056=VECTOR('',#11103,1.);
#7057=VECTOR('',#11108,1.);
#7058=VECTOR('',#11109,1.);
#7059=VECTOR('',#11110,1.);
#7060=VECTOR('',#11111,1.);
#7061=VECTOR('',#11112,1.);
#7062=VECTOR('',#11115,1.);
#7063=VECTOR('',#11118,1.);
#7064=VECTOR('',#11121,1.);
#7065=VECTOR('',#11126,1.);
#7066=VECTOR('',#11127,1.);
#7067=VECTOR('',#11128,1.);
#7068=VECTOR('',#11129,1.);
#7069=VECTOR('',#11130,1.);
#7070=VECTOR('',#11133,1.);
#7071=VECTOR('',#11136,1.);
#7072=VECTOR('',#11139,1.);
#7073=VECTOR('',#11144,1.);
#7074=VECTOR('',#11145,1.);
#7075=VECTOR('',#11146,1.);
#7076=VECTOR('',#11147,1.);
#7077=VECTOR('',#11148,1.);
#7078=VECTOR('',#11151,1.);
#7079=VECTOR('',#11154,1.);
#7080=VECTOR('',#11157,1.);
#7081=VECTOR('',#11170,1.);
#7082=VECTOR('',#11173,1.);
#7083=VECTOR('',#11180,1.);
#7084=VECTOR('',#11181,1.);
#7085=VECTOR('',#11182,1.);
#7086=VECTOR('',#11183,1.);
#7087=VECTOR('',#11186,1.);
#7088=VECTOR('',#11187,1.);
#7089=VECTOR('',#11188,1.);
#7090=VECTOR('',#11189,1.);
#7091=VECTOR('',#11192,1.);
#7092=VECTOR('',#11193,1.);
#7093=VECTOR('',#11194,1.);
#7094=VECTOR('',#11195,1.);
#7095=VECTOR('',#11216,1.);
#7096=VECTOR('',#11217,1.);
#7097=VECTOR('',#11218,1.);
#7098=VECTOR('',#11219,1.);
#7099=VECTOR('',#11220,1.);
#7100=VECTOR('',#11221,1.);
#7101=VECTOR('',#11224,1.);
#7102=VECTOR('',#11225,1.);
#7103=VECTOR('',#11226,1.);
#7104=VECTOR('',#11247,1.);
#7105=VECTOR('',#11248,1.);
#7106=VECTOR('',#11249,1.);
#7107=VECTOR('',#11250,1.);
#7108=VECTOR('',#11253,1.);
#7109=VECTOR('',#11254,1.);
#7110=VECTOR('',#11255,1.);
#7111=VECTOR('',#11258,1.);
#7112=VECTOR('',#11259,1.);
#7113=VECTOR('',#11260,1.);
#7114=VECTOR('',#11263,1.);
#7115=VECTOR('',#11264,1.);
#7116=VECTOR('',#11265,1.);
#7117=VECTOR('',#11266,1.);
#7118=VECTOR('',#11269,1.);
#7119=VECTOR('',#11270,1.);
#7120=VECTOR('',#11271,1.);
#7121=VECTOR('',#11274,1.);
#7122=VECTOR('',#11275,1.);
#7123=VECTOR('',#11276,1.);
#7124=VECTOR('',#11279,1.);
#7125=VECTOR('',#11280,1.);
#7126=VECTOR('',#11281,1.);
#7127=VECTOR('',#11282,1.);
#7128=VECTOR('',#11285,1.);
#7129=VECTOR('',#11286,1.);
#7130=VECTOR('',#11287,1.);
#7131=VECTOR('',#11290,1.);
#7132=VECTOR('',#11291,1.);
#7133=VECTOR('',#11292,1.);
#7134=VECTOR('',#11295,1.);
#7135=VECTOR('',#11296,1.);
#7136=VECTOR('',#11297,1.);
#7137=VECTOR('',#11298,1.);
#7138=VECTOR('',#11301,1.);
#7139=VECTOR('',#11302,1.);
#7140=VECTOR('',#11303,1.);
#7141=VECTOR('',#11306,1.);
#7142=VECTOR('',#11307,1.);
#7143=VECTOR('',#11308,1.);
#7144=VECTOR('',#11311,1.);
#7145=VECTOR('',#11312,1.);
#7146=VECTOR('',#11315,1.);
#7147=VECTOR('',#11316,1.);
#7148=VECTOR('',#11319,1.);
#7149=VECTOR('',#11320,1.);
#7150=VECTOR('',#11323,1.);
#7151=VECTOR('',#11324,1.);
#7152=VECTOR('',#11327,1.);
#7153=VECTOR('',#11328,1.);
#7154=VECTOR('',#11331,1.);
#7155=VECTOR('',#11334,1.);
#7156=VECTOR('',#11335,1.);
#7157=VECTOR('',#11348,1.);
#7158=VECTOR('',#11349,1.);
#7159=VECTOR('',#11352,1.);
#7160=VECTOR('',#11353,1.);
#7161=VECTOR('',#11356,1.);
#7162=VECTOR('',#11357,1.);
#7163=VECTOR('',#11360,1.);
#7164=VECTOR('',#11361,1.);
#7165=VECTOR('',#11396,1.);
#7166=VECTOR('',#11397,1.);
#7167=VECTOR('',#11400,1.);
#7168=VECTOR('',#11401,1.);
#7169=VECTOR('',#11404,1.);
#7170=VECTOR('',#11405,1.);
#7171=VECTOR('',#11408,1.);
#7172=VECTOR('',#11409,1.);
#7173=EDGE_LOOP('',(#870,#871,#872,#873,#874,#875,#876,#877,#878,#879,#880,
#881,#882,#883,#884,#885,#886,#887,#888,#889,#890,#891,#892,#893,#894,#895,
#896,#897));
#7174=EDGE_LOOP('',(#898,#899,#900,#901,#902,#903,#904,#905,#906,#907,#908,
#909,#910,#911));
#7175=EDGE_LOOP('',(#912,#913,#914,#915,#916,#917,#918,#919,#920,#921,#922,
#923,#924,#925));
#7176=EDGE_LOOP('',(#926,#927,#928,#929,#930,#931,#932,#933,#934,#935,#936,
#937,#938,#939,#940,#941,#942,#943,#944,#945));
#7177=EDGE_LOOP('',(#946,#947,#948,#949,#950,#951,#952,#953,#954,#955,#956,
#957,#958,#959));
#7178=EDGE_LOOP('',(#960,#961,#962,#963,#964,#965,#966,#967));
#7179=EDGE_LOOP('',(#968,#969,#970,#971,#972,#973,#974,#975,#976,#977,#978,
#979,#980,#981,#982,#983));
#7180=EDGE_LOOP('',(#984,#985,#986,#987,#988,#989,#990,#991,#992,#993,#994,
#995,#996,#997));
#7181=EDGE_LOOP('',(#998,#999,#1000,#1001,#1002,#1003,#1004));
#7182=EDGE_LOOP('',(#1005,#1006,#1007,#1008,#1009,#1010,#1011,#1012,#1013,
#1014,#1015,#1016,#1017,#1018,#1019,#1020));
#7183=EDGE_LOOP('',(#1021,#1022,#1023,#1024,#1025,#1026,#1027,#1028,#1029,
#1030,#1031,#1032,#1033,#1034,#1035,#1036,#1037,#1038,#1039,#1040));
#7184=EDGE_LOOP('',(#1041,#1042,#1043,#1044,#1045,#1046,#1047,#1048,#1049,
#1050,#1051,#1052,#1053,#1054,#1055,#1056,#1057,#1058,#1059,#1060,#1061,
#1062,#1063,#1064,#1065,#1066,#1067,#1068,#1069,#1070));
#7185=EDGE_LOOP('',(#1071,#1072,#1073,#1074,#1075,#1076,#1077,#1078,#1079,
#1080,#1081,#1082,#1083,#1084,#1085));
#7186=EDGE_LOOP('',(#1086,#1087,#1088,#1089,#1090,#1091,#1092,#1093,#1094,
#1095,#1096,#1097,#1098,#1099,#1100,#1101,#1102,#1103,#1104,#1105));
#7187=EDGE_LOOP('',(#1106,#1107,#1108,#1109,#1110,#1111,#1112,#1113,#1114,
#1115,#1116,#1117,#1118,#1119));
#7188=EDGE_LOOP('',(#1120,#1121,#1122,#1123,#1124,#1125,#1126,#1127));
#7189=EDGE_LOOP('',(#1128,#1129,#1130,#1131,#1132,#1133,#1134,#1135,#1136,
#1137,#1138,#1139,#1140,#1141,#1142,#1143));
#7190=EDGE_LOOP('',(#1144,#1145,#1146,#1147,#1148,#1149,#1150,#1151,#1152,
#1153,#1154,#1155,#1156,#1157,#1158,#1159,#1160,#1161,#1162,#1163));
#7191=EDGE_LOOP('',(#1164,#1165,#1166,#1167,#1168,#1169,#1170,#1171,#1172,
#1173,#1174,#1175,#1176,#1177));
#7192=EDGE_LOOP('',(#1178,#1179,#1180,#1181,#1182,#1183,#1184,#1185,#1186,
#1187,#1188,#1189,#1190,#1191,#1192,#1193));
#7193=EDGE_LOOP('',(#1194,#1195,#1196,#1197,#1198,#1199,#1200,#1201));
#7194=EDGE_LOOP('',(#1202,#1203,#1204,#1205,#1206,#1207,#1208,#1209));
#7195=EDGE_LOOP('',(#1210,#1211,#1212,#1213));
#7196=EDGE_LOOP('',(#1214,#1215,#1216,#1217));
#7197=EDGE_LOOP('',(#1218,#1219,#1220,#1221));
#7198=EDGE_LOOP('',(#1222,#1223,#1224,#1225));
#7199=EDGE_LOOP('',(#1226,#1227,#1228,#1229));
#7200=EDGE_LOOP('',(#1230,#1231,#1232,#1233));
#7201=EDGE_LOOP('',(#1234,#1235,#1236,#1237));
#7202=EDGE_LOOP('',(#1238,#1239,#1240,#1241));
#7203=EDGE_LOOP('',(#1242,#1243,#1244,#1245));
#7204=EDGE_LOOP('',(#1246,#1247,#1248,#1249));
#7205=EDGE_LOOP('',(#1250,#1251,#1252,#1253));
#7206=EDGE_LOOP('',(#1254,#1255,#1256,#1257));
#7207=EDGE_LOOP('',(#1258,#1259,#1260,#1261));
#7208=EDGE_LOOP('',(#1262,#1263,#1264,#1265));
#7209=EDGE_LOOP('',(#1266,#1267,#1268,#1269));
#7210=EDGE_LOOP('',(#1270,#1271,#1272,#1273));
#7211=EDGE_LOOP('',(#1274,#1275,#1276,#1277,#1278,#1279,#1280,#1281));
#7212=EDGE_LOOP('',(#1282,#1283,#1284,#1285,#1286,#1287,#1288,#1289));
#7213=EDGE_LOOP('',(#1290,#1291,#1292,#1293));
#7214=EDGE_LOOP('',(#1294,#1295,#1296,#1297));
#7215=EDGE_LOOP('',(#1298,#1299,#1300,#1301));
#7216=EDGE_LOOP('',(#1302,#1303,#1304,#1305));
#7217=EDGE_LOOP('',(#1306,#1307,#1308,#1309));
#7218=EDGE_LOOP('',(#1310,#1311,#1312,#1313));
#7219=EDGE_LOOP('',(#1314,#1315,#1316,#1317));
#7220=EDGE_LOOP('',(#1318,#1319,#1320,#1321));
#7221=EDGE_LOOP('',(#1322,#1323,#1324,#1325));
#7222=EDGE_LOOP('',(#1326,#1327,#1328,#1329));
#7223=EDGE_LOOP('',(#1330,#1331,#1332,#1333));
#7224=EDGE_LOOP('',(#1334,#1335,#1336,#1337));
#7225=EDGE_LOOP('',(#1338,#1339,#1340,#1341));
#7226=EDGE_LOOP('',(#1342,#1343,#1344,#1345));
#7227=EDGE_LOOP('',(#1346,#1347,#1348,#1349));
#7228=EDGE_LOOP('',(#1350,#1351,#1352,#1353));
#7229=EDGE_LOOP('',(#1354,#1355,#1356,#1357));
#7230=EDGE_LOOP('',(#1358,#1359,#1360,#1361));
#7231=EDGE_LOOP('',(#1362,#1363,#1364,#1365));
#7232=EDGE_LOOP('',(#1366,#1367,#1368,#1369));
#7233=EDGE_LOOP('',(#1370,#1371,#1372,#1373));
#7234=EDGE_LOOP('',(#1374,#1375,#1376,#1377));
#7235=EDGE_LOOP('',(#1378,#1379,#1380,#1381));
#7236=EDGE_LOOP('',(#1382,#1383,#1384,#1385));
#7237=EDGE_LOOP('',(#1386,#1387,#1388,#1389));
#7238=EDGE_LOOP('',(#1390,#1391,#1392,#1393));
#7239=EDGE_LOOP('',(#1394,#1395,#1396,#1397));
#7240=EDGE_LOOP('',(#1398,#1399,#1400,#1401));
#7241=EDGE_LOOP('',(#1402,#1403,#1404,#1405));
#7242=EDGE_LOOP('',(#1406,#1407,#1408,#1409));
#7243=EDGE_LOOP('',(#1410,#1411,#1412,#1413));
#7244=EDGE_LOOP('',(#1414,#1415,#1416,#1417));
#7245=EDGE_LOOP('',(#1418,#1419,#1420,#1421));
#7246=EDGE_LOOP('',(#1422,#1423,#1424,#1425));
#7247=EDGE_LOOP('',(#1426,#1427,#1428,#1429));
#7248=EDGE_LOOP('',(#1430,#1431,#1432,#1433));
#7249=EDGE_LOOP('',(#1434,#1435,#1436,#1437));
#7250=EDGE_LOOP('',(#1438,#1439,#1440,#1441));
#7251=EDGE_LOOP('',(#1442,#1443,#1444,#1445));
#7252=EDGE_LOOP('',(#1446,#1447,#1448,#1449));
#7253=EDGE_LOOP('',(#1450,#1451,#1452,#1453));
#7254=EDGE_LOOP('',(#1454,#1455,#1456,#1457,#1458,#1459,#1460,#1461,#1462,
#1463,#1464,#1465,#1466,#1467,#1468,#1469));
#7255=EDGE_LOOP('',(#1470,#1471,#1472,#1473,#1474,#1475,#1476,#1477,#1478,
#1479,#1480,#1481,#1482,#1483,#1484,#1485));
#7256=EDGE_LOOP('',(#1486,#1487,#1488,#1489,#1490,#1491,#1492,#1493,#1494,
#1495,#1496,#1497,#1498,#1499,#1500,#1501));
#7257=EDGE_LOOP('',(#1502,#1503,#1504,#1505));
#7258=EDGE_LOOP('',(#1506,#1507,#1508,#1509));
#7259=EDGE_LOOP('',(#1510,#1511,#1512,#1513));
#7260=EDGE_LOOP('',(#1514,#1515,#1516,#1517));
#7261=EDGE_LOOP('',(#1518,#1519,#1520,#1521));
#7262=EDGE_LOOP('',(#1522,#1523,#1524,#1525));
#7263=EDGE_LOOP('',(#1526,#1527,#1528,#1529));
#7264=EDGE_LOOP('',(#1530,#1531,#1532,#1533));
#7265=EDGE_LOOP('',(#1534,#1535,#1536,#1537));
#7266=EDGE_LOOP('',(#1538,#1539,#1540,#1541));
#7267=EDGE_LOOP('',(#1542,#1543,#1544,#1545));
#7268=EDGE_LOOP('',(#1546,#1547,#1548,#1549));
#7269=EDGE_LOOP('',(#1550,#1551,#1552,#1553));
#7270=EDGE_LOOP('',(#1554,#1555,#1556,#1557));
#7271=EDGE_LOOP('',(#1558,#1559,#1560,#1561,#1562,#1563,#1564,#1565,#1566,
#1567,#1568,#1569,#1570,#1571));
#7272=EDGE_LOOP('',(#1572,#1573,#1574,#1575));
#7273=EDGE_LOOP('',(#1576,#1577,#1578,#1579));
#7274=EDGE_LOOP('',(#1580,#1581,#1582,#1583));
#7275=EDGE_LOOP('',(#1584,#1585,#1586,#1587));
#7276=EDGE_LOOP('',(#1588,#1589,#1590,#1591));
#7277=EDGE_LOOP('',(#1592,#1593,#1594,#1595));
#7278=EDGE_LOOP('',(#1596,#1597,#1598,#1599));
#7279=EDGE_LOOP('',(#1600,#1601,#1602,#1603));
#7280=EDGE_LOOP('',(#1604,#1605,#1606,#1607));
#7281=EDGE_LOOP('',(#1608,#1609,#1610,#1611));
#7282=EDGE_LOOP('',(#1612,#1613,#1614,#1615));
#7283=EDGE_LOOP('',(#1616,#1617,#1618,#1619));
#7284=EDGE_LOOP('',(#1620,#1621,#1622,#1623));
#7285=EDGE_LOOP('',(#1624,#1625,#1626,#1627));
#7286=EDGE_LOOP('',(#1628,#1629,#1630,#1631));
#7287=EDGE_LOOP('',(#1632,#1633,#1634,#1635));
#7288=EDGE_LOOP('',(#1636,#1637,#1638,#1639));
#7289=EDGE_LOOP('',(#1640,#1641,#1642,#1643));
#7290=EDGE_LOOP('',(#1644,#1645,#1646,#1647));
#7291=EDGE_LOOP('',(#1648,#1649,#1650,#1651));
#7292=EDGE_LOOP('',(#1652,#1653,#1654,#1655,#1656,#1657,#1658,#1659,#1660,
#1661,#1662,#1663,#1664,#1665,#1666,#1667,#1668,#1669,#1670,#1671));
#7293=EDGE_LOOP('',(#1672,#1673,#1674,#1675));
#7294=EDGE_LOOP('',(#1676,#1677,#1678,#1679));
#7295=EDGE_LOOP('',(#1680,#1681,#1682,#1683));
#7296=EDGE_LOOP('',(#1684,#1685,#1686,#1687));
#7297=EDGE_LOOP('',(#1688,#1689,#1690,#1691));
#7298=EDGE_LOOP('',(#1692,#1693,#1694,#1695));
#7299=EDGE_LOOP('',(#1696,#1697,#1698,#1699));
#7300=EDGE_LOOP('',(#1700,#1701,#1702,#1703));
#7301=EDGE_LOOP('',(#1704,#1705,#1706,#1707));
#7302=EDGE_LOOP('',(#1708,#1709,#1710,#1711));
#7303=EDGE_LOOP('',(#1712,#1713,#1714,#1715));
#7304=EDGE_LOOP('',(#1716,#1717,#1718,#1719));
#7305=EDGE_LOOP('',(#1720,#1721,#1722,#1723));
#7306=EDGE_LOOP('',(#1724,#1725,#1726,#1727));
#7307=EDGE_LOOP('',(#1728,#1729,#1730,#1731));
#7308=EDGE_LOOP('',(#1732,#1733,#1734,#1735));
#7309=EDGE_LOOP('',(#1736,#1737,#1738,#1739));
#7310=EDGE_LOOP('',(#1740,#1741,#1742,#1743));
#7311=EDGE_LOOP('',(#1744,#1745,#1746,#1747));
#7312=EDGE_LOOP('',(#1748,#1749,#1750,#1751));
#7313=EDGE_LOOP('',(#1752,#1753,#1754,#1755));
#7314=EDGE_LOOP('',(#1756,#1757,#1758,#1759));
#7315=EDGE_LOOP('',(#1760,#1761,#1762,#1763,#1764,#1765,#1766,#1767,#1768,
#1769,#1770,#1771,#1772,#1773));
#7316=EDGE_LOOP('',(#1774,#1775,#1776,#1777,#1778,#1779,#1780,#1781));
#7317=EDGE_LOOP('',(#1782,#1783,#1784,#1785));
#7318=EDGE_LOOP('',(#1786,#1787,#1788,#1789));
#7319=EDGE_LOOP('',(#1790,#1791,#1792,#1793));
#7320=EDGE_LOOP('',(#1794,#1795,#1796,#1797));
#7321=EDGE_LOOP('',(#1798,#1799,#1800,#1801));
#7322=EDGE_LOOP('',(#1802,#1803,#1804,#1805));
#7323=EDGE_LOOP('',(#1806,#1807,#1808,#1809));
#7324=EDGE_LOOP('',(#1810,#1811,#1812,#1813));
#7325=EDGE_LOOP('',(#1814,#1815,#1816,#1817));
#7326=EDGE_LOOP('',(#1818,#1819,#1820,#1821));
#7327=EDGE_LOOP('',(#1822,#1823,#1824,#1825));
#7328=EDGE_LOOP('',(#1826,#1827,#1828,#1829));
#7329=EDGE_LOOP('',(#1830,#1831,#1832,#1833));
#7330=EDGE_LOOP('',(#1834,#1835,#1836,#1837));
#7331=EDGE_LOOP('',(#1838,#1839,#1840,#1841));
#7332=EDGE_LOOP('',(#1842,#1843,#1844,#1845));
#7333=EDGE_LOOP('',(#1846,#1847,#1848,#1849));
#7334=EDGE_LOOP('',(#1850,#1851,#1852,#1853));
#7335=EDGE_LOOP('',(#1854,#1855,#1856,#1857));
#7336=EDGE_LOOP('',(#1858,#1859,#1860,#1861));
#7337=EDGE_LOOP('',(#1862,#1863,#1864,#1865));
#7338=EDGE_LOOP('',(#1866,#1867,#1868,#1869));
#7339=EDGE_LOOP('',(#1870,#1871,#1872,#1873,#1874,#1875,#1876,#1877,#1878,
#1879,#1880,#1881,#1882,#1883));
#7340=EDGE_LOOP('',(#1884,#1885,#1886,#1887,#1888,#1889,#1890,#1891));
#7341=EDGE_LOOP('',(#1892,#1893,#1894,#1895));
#7342=EDGE_LOOP('',(#1896,#1897,#1898,#1899));
#7343=EDGE_LOOP('',(#1900,#1901,#1902,#1903));
#7344=EDGE_LOOP('',(#1904,#1905,#1906,#1907));
#7345=EDGE_LOOP('',(#1908,#1909,#1910,#1911));
#7346=EDGE_LOOP('',(#1912,#1913,#1914,#1915));
#7347=EDGE_LOOP('',(#1916,#1917,#1918,#1919));
#7348=EDGE_LOOP('',(#1920,#1921,#1922,#1923));
#7349=EDGE_LOOP('',(#1924,#1925,#1926,#1927));
#7350=EDGE_LOOP('',(#1928,#1929,#1930,#1931));
#7351=EDGE_LOOP('',(#1932,#1933,#1934,#1935));
#7352=EDGE_LOOP('',(#1936,#1937,#1938,#1939));
#7353=EDGE_LOOP('',(#1940,#1941,#1942,#1943));
#7354=EDGE_LOOP('',(#1944,#1945,#1946,#1947));
#7355=EDGE_LOOP('',(#1948,#1949,#1950,#1951,#1952,#1953,#1954,#1955,#1956,
#1957,#1958,#1959,#1960,#1961));
#7356=EDGE_LOOP('',(#1962,#1963,#1964,#1965));
#7357=EDGE_LOOP('',(#1966,#1967,#1968,#1969));
#7358=EDGE_LOOP('',(#1970,#1971,#1972,#1973));
#7359=EDGE_LOOP('',(#1974,#1975,#1976,#1977));
#7360=EDGE_LOOP('',(#1978,#1979,#1980,#1981));
#7361=EDGE_LOOP('',(#1982,#1983,#1984,#1985));
#7362=EDGE_LOOP('',(#1986,#1987,#1988,#1989));
#7363=EDGE_LOOP('',(#1990,#1991,#1992,#1993));
#7364=EDGE_LOOP('',(#1994,#1995,#1996,#1997));
#7365=EDGE_LOOP('',(#1998,#1999,#2000,#2001));
#7366=EDGE_LOOP('',(#2002,#2003,#2004,#2005));
#7367=EDGE_LOOP('',(#2006,#2007,#2008,#2009));
#7368=EDGE_LOOP('',(#2010,#2011,#2012,#2013));
#7369=EDGE_LOOP('',(#2014,#2015,#2016,#2017));
#7370=EDGE_LOOP('',(#2018,#2019,#2020,#2021));
#7371=EDGE_LOOP('',(#2022,#2023,#2024,#2025));
#7372=EDGE_LOOP('',(#2026,#2027,#2028,#2029));
#7373=EDGE_LOOP('',(#2030,#2031,#2032,#2033));
#7374=EDGE_LOOP('',(#2034,#2035,#2036,#2037));
#7375=EDGE_LOOP('',(#2038,#2039,#2040,#2041));
#7376=EDGE_LOOP('',(#2042,#2043,#2044,#2045));
#7377=EDGE_LOOP('',(#2046,#2047,#2048,#2049));
#7378=EDGE_LOOP('',(#2050,#2051,#2052,#2053));
#7379=EDGE_LOOP('',(#2054,#2055,#2056,#2057));
#7380=EDGE_LOOP('',(#2058,#2059,#2060,#2061));
#7381=EDGE_LOOP('',(#2062,#2063,#2064,#2065));
#7382=EDGE_LOOP('',(#2066,#2067,#2068,#2069));
#7383=EDGE_LOOP('',(#2070,#2071,#2072,#2073));
#7384=EDGE_LOOP('',(#2074,#2075,#2076,#2077,#2078,#2079,#2080,#2081,#2082,
#2083,#2084,#2085,#2086,#2087,#2088,#2089,#2090,#2091,#2092,#2093,#2094,
#2095,#2096,#2097,#2098,#2099,#2100,#2101));
#7385=EDGE_LOOP('',(#2102,#2103,#2104,#2105));
#7386=EDGE_LOOP('',(#2106,#2107,#2108,#2109));
#7387=EDGE_LOOP('',(#2110,#2111,#2112,#2113));
#7388=EDGE_LOOP('',(#2114,#2115,#2116,#2117));
#7389=EDGE_LOOP('',(#2118,#2119,#2120,#2121));
#7390=EDGE_LOOP('',(#2122,#2123,#2124,#2125));
#7391=EDGE_LOOP('',(#2126,#2127,#2128,#2129));
#7392=EDGE_LOOP('',(#2130,#2131,#2132,#2133));
#7393=EDGE_LOOP('',(#2134,#2135,#2136,#2137));
#7394=EDGE_LOOP('',(#2138,#2139,#2140,#2141));
#7395=EDGE_LOOP('',(#2142,#2143,#2144,#2145));
#7396=EDGE_LOOP('',(#2146,#2147,#2148,#2149));
#7397=EDGE_LOOP('',(#2150,#2151,#2152,#2153));
#7398=EDGE_LOOP('',(#2154,#2155,#2156,#2157));
#7399=EDGE_LOOP('',(#2158,#2159,#2160,#2161,#2162,#2163,#2164));
#7400=EDGE_LOOP('',(#2165,#2166,#2167,#2168,#2169,#2170,#2171));
#7401=EDGE_LOOP('',(#2172,#2173,#2174,#2175));
#7402=EDGE_LOOP('',(#2176,#2177,#2178,#2179));
#7403=EDGE_LOOP('',(#2180,#2181,#2182,#2183));
#7404=EDGE_LOOP('',(#2184,#2185,#2186,#2187));
#7405=EDGE_LOOP('',(#2188,#2189,#2190,#2191));
#7406=EDGE_LOOP('',(#2192,#2193,#2194,#2195));
#7407=EDGE_LOOP('',(#2196,#2197,#2198,#2199));
#7408=EDGE_LOOP('',(#2200,#2201,#2202,#2203));
#7409=EDGE_LOOP('',(#2204,#2205,#2206,#2207));
#7410=EDGE_LOOP('',(#2208,#2209,#2210,#2211));
#7411=EDGE_LOOP('',(#2212,#2213,#2214,#2215));
#7412=EDGE_LOOP('',(#2216,#2217,#2218,#2219));
#7413=EDGE_LOOP('',(#2220,#2221,#2222,#2223));
#7414=EDGE_LOOP('',(#2224,#2225,#2226,#2227));
#7415=EDGE_LOOP('',(#2228,#2229,#2230,#2231));
#7416=EDGE_LOOP('',(#2232,#2233,#2234,#2235));
#7417=EDGE_LOOP('',(#2236,#2237,#2238,#2239,#2240,#2241,#2242,#2243,#2244,
#2245,#2246,#2247,#2248,#2249,#2250,#2251));
#7418=EDGE_LOOP('',(#2252,#2253,#2254,#2255));
#7419=EDGE_LOOP('',(#2256,#2257,#2258,#2259));
#7420=EDGE_LOOP('',(#2260,#2261,#2262,#2263));
#7421=EDGE_LOOP('',(#2264,#2265,#2266,#2267));
#7422=EDGE_LOOP('',(#2268,#2269,#2270,#2271));
#7423=EDGE_LOOP('',(#2272,#2273,#2274,#2275));
#7424=EDGE_LOOP('',(#2276,#2277,#2278,#2279));
#7425=EDGE_LOOP('',(#2280,#2281,#2282,#2283));
#7426=EDGE_LOOP('',(#2284,#2285,#2286,#2287));
#7427=EDGE_LOOP('',(#2288,#2289,#2290,#2291));
#7428=EDGE_LOOP('',(#2292,#2293,#2294,#2295));
#7429=EDGE_LOOP('',(#2296,#2297,#2298,#2299));
#7430=EDGE_LOOP('',(#2300,#2301,#2302,#2303));
#7431=EDGE_LOOP('',(#2304,#2305,#2306,#2307));
#7432=EDGE_LOOP('',(#2308,#2309,#2310,#2311));
#7433=EDGE_LOOP('',(#2312,#2313,#2314,#2315));
#7434=EDGE_LOOP('',(#2316,#2317,#2318,#2319));
#7435=EDGE_LOOP('',(#2320,#2321,#2322,#2323));
#7436=EDGE_LOOP('',(#2324,#2325,#2326,#2327));
#7437=EDGE_LOOP('',(#2328,#2329,#2330,#2331));
#7438=EDGE_LOOP('',(#2332,#2333,#2334,#2335,#2336,#2337,#2338,#2339,#2340,
#2341,#2342,#2343,#2344,#2345,#2346,#2347,#2348,#2349,#2350,#2351));
#7439=EDGE_LOOP('',(#2352,#2353,#2354,#2355));
#7440=EDGE_LOOP('',(#2356,#2357,#2358,#2359));
#7441=EDGE_LOOP('',(#2360,#2361,#2362,#2363));
#7442=EDGE_LOOP('',(#2364,#2365,#2366,#2367));
#7443=EDGE_LOOP('',(#2368,#2369,#2370,#2371));
#7444=EDGE_LOOP('',(#2372,#2373,#2374,#2375));
#7445=EDGE_LOOP('',(#2376,#2377,#2378,#2379));
#7446=EDGE_LOOP('',(#2380,#2381,#2382,#2383));
#7447=EDGE_LOOP('',(#2384,#2385,#2386,#2387));
#7448=EDGE_LOOP('',(#2388,#2389,#2390,#2391));
#7449=EDGE_LOOP('',(#2392,#2393,#2394,#2395));
#7450=EDGE_LOOP('',(#2396,#2397,#2398,#2399));
#7451=EDGE_LOOP('',(#2400,#2401,#2402,#2403));
#7452=EDGE_LOOP('',(#2404,#2405,#2406,#2407));
#7453=EDGE_LOOP('',(#2408,#2409,#2410,#2411));
#7454=EDGE_LOOP('',(#2412,#2413,#2414,#2415));
#7455=EDGE_LOOP('',(#2416,#2417,#2418,#2419));
#7456=EDGE_LOOP('',(#2420,#2421,#2422,#2423));
#7457=EDGE_LOOP('',(#2424,#2425,#2426,#2427));
#7458=EDGE_LOOP('',(#2428,#2429,#2430,#2431));
#7459=EDGE_LOOP('',(#2432,#2433,#2434,#2435));
#7460=EDGE_LOOP('',(#2436,#2437,#2438,#2439));
#7461=EDGE_LOOP('',(#2440,#2441,#2442,#2443));
#7462=EDGE_LOOP('',(#2444,#2445,#2446,#2447));
#7463=EDGE_LOOP('',(#2448,#2449,#2450,#2451));
#7464=EDGE_LOOP('',(#2452,#2453,#2454,#2455));
#7465=EDGE_LOOP('',(#2456,#2457,#2458,#2459));
#7466=EDGE_LOOP('',(#2460,#2461,#2462,#2463));
#7467=EDGE_LOOP('',(#2464,#2465,#2466,#2467));
#7468=EDGE_LOOP('',(#2468,#2469,#2470,#2471));
#7469=EDGE_LOOP('',(#2472,#2473,#2474,#2475,#2476,#2477,#2478,#2479,#2480,
#2481,#2482,#2483,#2484,#2485,#2486,#2487,#2488,#2489,#2490,#2491,#2492,
#2493,#2494,#2495,#2496,#2497,#2498,#2499,#2500,#2501));
#7470=EDGE_LOOP('',(#2502,#2503,#2504,#2505));
#7471=EDGE_LOOP('',(#2506,#2507,#2508,#2509));
#7472=EDGE_LOOP('',(#2510,#2511,#2512,#2513));
#7473=EDGE_LOOP('',(#2514,#2515,#2516,#2517));
#7474=EDGE_LOOP('',(#2518,#2519,#2520,#2521));
#7475=EDGE_LOOP('',(#2522,#2523,#2524,#2525));
#7476=EDGE_LOOP('',(#2526,#2527,#2528,#2529));
#7477=EDGE_LOOP('',(#2530,#2531,#2532,#2533));
#7478=EDGE_LOOP('',(#2534,#2535,#2536,#2537));
#7479=EDGE_LOOP('',(#2538,#2539,#2540,#2541));
#7480=EDGE_LOOP('',(#2542,#2543,#2544,#2545));
#7481=EDGE_LOOP('',(#2546,#2547,#2548,#2549));
#7482=EDGE_LOOP('',(#2550,#2551,#2552,#2553));
#7483=EDGE_LOOP('',(#2554,#2555,#2556,#2557));
#7484=EDGE_LOOP('',(#2558,#2559,#2560,#2561));
#7485=EDGE_LOOP('',(#2562,#2563,#2564,#2565,#2566,#2567,#2568,#2569,#2570,
#2571,#2572,#2573,#2574,#2575,#2576));
#7486=EDGE_LOOP('',(#2577,#2578,#2579,#2580));
#7487=EDGE_LOOP('',(#2581,#2582,#2583,#2584));
#7488=EDGE_LOOP('',(#2585,#2586,#2587,#2588));
#7489=EDGE_LOOP('',(#2589,#2590,#2591,#2592));
#7490=EDGE_LOOP('',(#2593,#2594,#2595,#2596));
#7491=EDGE_LOOP('',(#2597,#2598,#2599,#2600));
#7492=EDGE_LOOP('',(#2601,#2602,#2603,#2604));
#7493=EDGE_LOOP('',(#2605,#2606,#2607,#2608));
#7494=EDGE_LOOP('',(#2609,#2610,#2611,#2612));
#7495=EDGE_LOOP('',(#2613,#2614,#2615,#2616));
#7496=EDGE_LOOP('',(#2617,#2618,#2619,#2620));
#7497=EDGE_LOOP('',(#2621,#2622,#2623,#2624));
#7498=EDGE_LOOP('',(#2625,#2626,#2627,#2628));
#7499=EDGE_LOOP('',(#2629,#2630,#2631,#2632));
#7500=EDGE_LOOP('',(#2633,#2634,#2635,#2636));
#7501=EDGE_LOOP('',(#2637,#2638,#2639,#2640));
#7502=EDGE_LOOP('',(#2641,#2642,#2643,#2644));
#7503=EDGE_LOOP('',(#2645,#2646,#2647,#2648));
#7504=EDGE_LOOP('',(#2649,#2650,#2651,#2652));
#7505=EDGE_LOOP('',(#2653,#2654,#2655,#2656));
#7506=EDGE_LOOP('',(#2657,#2658,#2659,#2660,#2661,#2662,#2663,#2664,#2665,
#2666,#2667,#2668,#2669,#2670,#2671,#2672,#2673,#2674,#2675,#2676));
#7507=EDGE_LOOP('',(#2677,#2678,#2679,#2680));
#7508=EDGE_LOOP('',(#2681,#2682,#2683,#2684));
#7509=EDGE_LOOP('',(#2685,#2686,#2687,#2688));
#7510=EDGE_LOOP('',(#2689,#2690,#2691,#2692));
#7511=EDGE_LOOP('',(#2693,#2694,#2695,#2696));
#7512=EDGE_LOOP('',(#2697,#2698,#2699,#2700));
#7513=EDGE_LOOP('',(#2701,#2702,#2703,#2704));
#7514=EDGE_LOOP('',(#2705,#2706,#2707,#2708));
#7515=EDGE_LOOP('',(#2709,#2710,#2711,#2712));
#7516=EDGE_LOOP('',(#2713,#2714,#2715,#2716));
#7517=EDGE_LOOP('',(#2717,#2718,#2719,#2720));
#7518=EDGE_LOOP('',(#2721,#2722,#2723,#2724));
#7519=EDGE_LOOP('',(#2725,#2726,#2727,#2728));
#7520=EDGE_LOOP('',(#2729,#2730,#2731,#2732));
#7521=EDGE_LOOP('',(#2733,#2734,#2735,#2736,#2737,#2738,#2739,#2740,#2741,
#2742,#2743,#2744,#2745,#2746));
#7522=EDGE_LOOP('',(#2747,#2748,#2749,#2750));
#7523=EDGE_LOOP('',(#2751,#2752,#2753,#2754));
#7524=EDGE_LOOP('',(#2755,#2756,#2757,#2758));
#7525=EDGE_LOOP('',(#2759,#2760,#2761,#2762));
#7526=EDGE_LOOP('',(#2763,#2764,#2765,#2766));
#7527=EDGE_LOOP('',(#2767,#2768,#2769,#2770));
#7528=EDGE_LOOP('',(#2771,#2772,#2773,#2774));
#7529=EDGE_LOOP('',(#2775,#2776,#2777,#2778));
#7530=EDGE_LOOP('',(#2779,#2780,#2781,#2782,#2783,#2784,#2785,#2786));
#7531=EDGE_LOOP('',(#2787,#2788,#2789,#2790));
#7532=EDGE_LOOP('',(#2791,#2792,#2793,#2794));
#7533=EDGE_LOOP('',(#2795,#2796,#2797,#2798));
#7534=EDGE_LOOP('',(#2799,#2800,#2801,#2802));
#7535=EDGE_LOOP('',(#2803,#2804,#2805,#2806));
#7536=EDGE_LOOP('',(#2807,#2808,#2809,#2810));
#7537=EDGE_LOOP('',(#2811,#2812,#2813,#2814));
#7538=EDGE_LOOP('',(#2815,#2816,#2817,#2818));
#7539=EDGE_LOOP('',(#2819,#2820,#2821,#2822));
#7540=EDGE_LOOP('',(#2823,#2824,#2825,#2826));
#7541=EDGE_LOOP('',(#2827,#2828,#2829,#2830));
#7542=EDGE_LOOP('',(#2831,#2832,#2833,#2834));
#7543=EDGE_LOOP('',(#2835,#2836,#2837,#2838));
#7544=EDGE_LOOP('',(#2839,#2840,#2841,#2842));
#7545=EDGE_LOOP('',(#2843,#2844,#2845,#2846));
#7546=EDGE_LOOP('',(#2847,#2848,#2849,#2850));
#7547=EDGE_LOOP('',(#2851,#2852,#2853,#2854,#2855,#2856,#2857,#2858,#2859,
#2860,#2861,#2862,#2863,#2864,#2865,#2866));
#7548=EDGE_LOOP('',(#2867,#2868,#2869,#2870));
#7549=EDGE_LOOP('',(#2871,#2872,#2873,#2874));
#7550=EDGE_LOOP('',(#2875,#2876,#2877,#2878));
#7551=EDGE_LOOP('',(#2879,#2880,#2881,#2882));
#7552=EDGE_LOOP('',(#2883,#2884,#2885,#2886));
#7553=EDGE_LOOP('',(#2887,#2888,#2889,#2890));
#7554=EDGE_LOOP('',(#2891,#2892,#2893,#2894));
#7555=EDGE_LOOP('',(#2895,#2896,#2897,#2898));
#7556=EDGE_LOOP('',(#2899,#2900,#2901,#2902));
#7557=EDGE_LOOP('',(#2903,#2904,#2905,#2906));
#7558=EDGE_LOOP('',(#2907,#2908,#2909,#2910));
#7559=EDGE_LOOP('',(#2911,#2912,#2913,#2914));
#7560=EDGE_LOOP('',(#2915,#2916,#2917,#2918));
#7561=EDGE_LOOP('',(#2919,#2920,#2921,#2922));
#7562=EDGE_LOOP('',(#2923,#2924,#2925,#2926));
#7563=EDGE_LOOP('',(#2927,#2928,#2929,#2930));
#7564=EDGE_LOOP('',(#2931,#2932,#2933,#2934));
#7565=EDGE_LOOP('',(#2935,#2936,#2937,#2938));
#7566=EDGE_LOOP('',(#2939,#2940,#2941,#2942));
#7567=EDGE_LOOP('',(#2943,#2944,#2945,#2946));
#7568=EDGE_LOOP('',(#2947,#2948,#2949,#2950,#2951,#2952,#2953,#2954,#2955,
#2956,#2957,#2958,#2959,#2960,#2961,#2962,#2963,#2964,#2965,#2966));
#7569=EDGE_LOOP('',(#2967,#2968,#2969,#2970));
#7570=EDGE_LOOP('',(#2971,#2972,#2973,#2974));
#7571=EDGE_LOOP('',(#2975,#2976,#2977,#2978));
#7572=EDGE_LOOP('',(#2979,#2980,#2981,#2982));
#7573=EDGE_LOOP('',(#2983,#2984,#2985,#2986));
#7574=EDGE_LOOP('',(#2987,#2988,#2989,#2990));
#7575=EDGE_LOOP('',(#2991,#2992,#2993,#2994));
#7576=EDGE_LOOP('',(#2995,#2996,#2997,#2998));
#7577=EDGE_LOOP('',(#2999,#3000,#3001,#3002));
#7578=EDGE_LOOP('',(#3003,#3004,#3005,#3006));
#7579=EDGE_LOOP('',(#3007,#3008,#3009,#3010));
#7580=EDGE_LOOP('',(#3011,#3012,#3013,#3014));
#7581=EDGE_LOOP('',(#3015,#3016,#3017,#3018));
#7582=EDGE_LOOP('',(#3019,#3020,#3021,#3022));
#7583=EDGE_LOOP('',(#3023,#3024,#3025,#3026,#3027,#3028,#3029,#3030,#3031,
#3032,#3033,#3034,#3035,#3036));
#7584=EDGE_LOOP('',(#3037,#3038,#3039,#3040));
#7585=EDGE_LOOP('',(#3041,#3042,#3043,#3044));
#7586=EDGE_LOOP('',(#3045,#3046,#3047,#3048));
#7587=EDGE_LOOP('',(#3049,#3050,#3051,#3052));
#7588=EDGE_LOOP('',(#3053,#3054,#3055,#3056));
#7589=EDGE_LOOP('',(#3057,#3058,#3059,#3060));
#7590=EDGE_LOOP('',(#3061,#3062,#3063,#3064));
#7591=EDGE_LOOP('',(#3065,#3066,#3067,#3068));
#7592=EDGE_LOOP('',(#3069,#3070,#3071,#3072));
#7593=EDGE_LOOP('',(#3073,#3074,#3075,#3076));
#7594=EDGE_LOOP('',(#3077,#3078,#3079,#3080));
#7595=EDGE_LOOP('',(#3081,#3082,#3083,#3084));
#7596=EDGE_LOOP('',(#3085,#3086,#3087,#3088));
#7597=EDGE_LOOP('',(#3089,#3090,#3091,#3092));
#7598=EDGE_LOOP('',(#3093,#3094,#3095,#3096));
#7599=EDGE_LOOP('',(#3097,#3098,#3099,#3100));
#7600=EDGE_LOOP('',(#3101,#3102,#3103,#3104,#3105,#3106,#3107,#3108,#3109,
#3110,#3111,#3112,#3113,#3114,#3115,#3116));
#7601=EDGE_LOOP('',(#3117,#3118,#3119,#3120,#3121,#3122,#3123,#3124));
#7602=EDGE_LOOP('',(#3125,#3126,#3127,#3128,#3129,#3130,#3131,#3132));
#7603=EDGE_LOOP('',(#3133,#3134,#3135,#3136,#3137,#3138,#3139));
#7604=EDGE_LOOP('',(#3140,#3141,#3142));
#7605=EDGE_LOOP('',(#3143,#3144,#3145,#3146));
#7606=EDGE_LOOP('',(#3147,#3148,#3149,#3150));
#7607=EDGE_LOOP('',(#3151,#3152,#3153));
#7608=EDGE_LOOP('',(#3154,#3155,#3156));
#7609=EDGE_LOOP('',(#3157,#3158,#3159,#3160));
#7610=EDGE_LOOP('',(#3161,#3162,#3163,#3164));
#7611=EDGE_LOOP('',(#3165,#3166,#3167));
#7612=EDGE_LOOP('',(#3168,#3169,#3170,#3171));
#7613=EDGE_LOOP('',(#3172,#3173,#3174,#3175,#3176,#3177,#3178,#3179));
#7614=EDGE_LOOP('',(#3180,#3181,#3182,#3183));
#7615=EDGE_LOOP('',(#3184,#3185,#3186,#3187,#3188,#3189,#3190,#3191));
#7616=EDGE_LOOP('',(#3192,#3193,#3194,#3195));
#7617=EDGE_LOOP('',(#3196,#3197,#3198,#3199,#3200,#3201,#3202,#3203));
#7618=EDGE_LOOP('',(#3204,#3205,#3206,#3207));
#7619=EDGE_LOOP('',(#3208,#3209,#3210,#3211,#3212,#3213,#3214,#3215));
#7620=EDGE_LOOP('',(#3216));
#7621=EDGE_LOOP('',(#3217));
#7622=EDGE_LOOP('',(#3218));
#7623=EDGE_LOOP('',(#3219));
#7624=EDGE_LOOP('',(#3220,#3221,#3222,#3223,#3224,#3225,#3226,#3227,#3228,
#3229,#3230,#3231));
#7625=EDGE_LOOP('',(#3232,#3233,#3234,#3235));
#7626=EDGE_LOOP('',(#3236,#3237,#3238,#3239));
#7627=EDGE_LOOP('',(#3240));
#7628=EDGE_LOOP('',(#3241));
#7629=EDGE_LOOP('',(#3242));
#7630=EDGE_LOOP('',(#3243));
#7631=EDGE_LOOP('',(#3244,#3245,#3246,#3247,#3248,#3249,#3250,#3251));
#7632=EDGE_LOOP('',(#3252,#3253,#3254,#3255,#3256,#3257,#3258,#3259));
#7633=EDGE_LOOP('',(#3260,#3261,#3262,#3263));
#7634=EDGE_LOOP('',(#3264,#3265,#3266,#3267,#3268,#3269,#3270,#3271));
#7635=EDGE_LOOP('',(#3272,#3273,#3274,#3275,#3276,#3277,#3278,#3279));
#7636=EDGE_LOOP('',(#3280,#3281,#3282,#3283));
#7637=EDGE_LOOP('',(#3284,#3285,#3286,#3287));
#7638=EDGE_LOOP('',(#3288,#3289,#3290,#3291));
#7639=EDGE_LOOP('',(#3292,#3293,#3294,#3295));
#7640=EDGE_LOOP('',(#3296,#3297,#3298,#3299));
#7641=EDGE_LOOP('',(#3300,#3301,#3302,#3303));
#7642=EDGE_LOOP('',(#3304,#3305,#3306,#3307));
#7643=EDGE_LOOP('',(#3308,#3309,#3310,#3311));
#7644=EDGE_LOOP('',(#3312,#3313,#3314,#3315));
#7645=EDGE_LOOP('',(#3316,#3317,#3318,#3319));
#7646=EDGE_LOOP('',(#3320,#3321,#3322,#3323));
#7647=EDGE_LOOP('',(#3324,#3325,#3326,#3327));
#7648=EDGE_LOOP('',(#3328,#3329,#3330,#3331));
#7649=EDGE_LOOP('',(#3332,#3333,#3334,#3335));
#7650=EDGE_LOOP('',(#3336,#3337,#3338,#3339));
#7651=EDGE_LOOP('',(#3340,#3341,#3342,#3343));
#7652=EDGE_LOOP('',(#3344,#3345,#3346,#3347));
#7653=EDGE_LOOP('',(#3348,#3349,#3350,#3351));
#7654=EDGE_LOOP('',(#3352,#3353,#3354,#3355));
#7655=EDGE_LOOP('',(#3356,#3357,#3358,#3359));
#7656=EDGE_LOOP('',(#3360,#3361,#3362,#3363));
#7657=EDGE_LOOP('',(#3364,#3365,#3366,#3367));
#7658=EDGE_LOOP('',(#3368,#3369,#3370,#3371));
#7659=EDGE_LOOP('',(#3372,#3373,#3374,#3375));
#7660=EDGE_LOOP('',(#3376,#3377,#3378,#3379));
#7661=EDGE_LOOP('',(#3380,#3381,#3382,#3383));
#7662=EDGE_LOOP('',(#3384,#3385,#3386,#3387));
#7663=EDGE_LOOP('',(#3388,#3389,#3390,#3391));
#7664=EDGE_LOOP('',(#3392,#3393,#3394,#3395));
#7665=EDGE_LOOP('',(#3396,#3397,#3398,#3399));
#7666=EDGE_LOOP('',(#3400,#3401,#3402,#3403));
#7667=EDGE_LOOP('',(#3404,#3405,#3406,#3407));
#7668=EDGE_LOOP('',(#3408,#3409,#3410,#3411));
#7669=EDGE_LOOP('',(#3412,#3413,#3414,#3415));
#7670=EDGE_LOOP('',(#3416,#3417,#3418,#3419));
#7671=EDGE_LOOP('',(#3420,#3421,#3422,#3423));
#7672=EDGE_LOOP('',(#3424,#3425,#3426,#3427));
#7673=EDGE_LOOP('',(#3428,#3429,#3430,#3431));
#7674=EDGE_LOOP('',(#3432,#3433,#3434,#3435));
#7675=EDGE_LOOP('',(#3436,#3437,#3438,#3439));
#7676=EDGE_LOOP('',(#3440,#3441,#3442,#3443));
#7677=EDGE_LOOP('',(#3444,#3445,#3446,#3447));
#7678=EDGE_LOOP('',(#3448,#3449,#3450,#3451));
#7679=EDGE_LOOP('',(#3452,#3453,#3454,#3455));
#7680=EDGE_LOOP('',(#3456));
#7681=EDGE_LOOP('',(#3457));
#7682=EDGE_LOOP('',(#3458));
#7683=EDGE_LOOP('',(#3459));
#7684=EDGE_LOOP('',(#3460));
#7685=EDGE_LOOP('',(#3461));
#7686=EDGE_LOOP('',(#3462));
#7687=EDGE_LOOP('',(#3463));
#7688=EDGE_LOOP('',(#3464,#3465,#3466,#3467));
#7689=EDGE_LOOP('',(#3468,#3469,#3470,#3471));
#7690=EDGE_LOOP('',(#3472,#3473,#3474,#3475));
#7691=EDGE_LOOP('',(#3476,#3477,#3478,#3479));
#7692=EDGE_LOOP('',(#3480,#3481,#3482,#3483));
#7693=EDGE_LOOP('',(#3484,#3485,#3486,#3487));
#7694=EDGE_LOOP('',(#3488,#3489,#3490,#3491));
#7695=EDGE_LOOP('',(#3492,#3493,#3494,#3495));
#7696=FACE_BOUND('',#7173,.T.);
#7697=FACE_BOUND('',#7174,.T.);
#7698=FACE_BOUND('',#7175,.T.);
#7699=FACE_BOUND('',#7176,.T.);
#7700=FACE_BOUND('',#7177,.T.);
#7701=FACE_BOUND('',#7178,.T.);
#7702=FACE_BOUND('',#7179,.T.);
#7703=FACE_BOUND('',#7180,.T.);
#7704=FACE_BOUND('',#7181,.T.);
#7705=FACE_BOUND('',#7182,.T.);
#7706=FACE_BOUND('',#7183,.T.);
#7707=FACE_BOUND('',#7184,.T.);
#7708=FACE_BOUND('',#7185,.T.);
#7709=FACE_BOUND('',#7186,.T.);
#7710=FACE_BOUND('',#7187,.T.);
#7711=FACE_BOUND('',#7188,.T.);
#7712=FACE_BOUND('',#7189,.T.);
#7713=FACE_BOUND('',#7190,.T.);
#7714=FACE_BOUND('',#7191,.T.);
#7715=FACE_BOUND('',#7192,.T.);
#7716=FACE_BOUND('',#7193,.T.);
#7717=FACE_BOUND('',#7194,.T.);
#7718=FACE_BOUND('',#7195,.T.);
#7719=FACE_BOUND('',#7196,.T.);
#7720=FACE_BOUND('',#7197,.T.);
#7721=FACE_BOUND('',#7198,.T.);
#7722=FACE_BOUND('',#7199,.T.);
#7723=FACE_BOUND('',#7200,.T.);
#7724=FACE_BOUND('',#7201,.T.);
#7725=FACE_BOUND('',#7202,.T.);
#7726=FACE_BOUND('',#7203,.T.);
#7727=FACE_BOUND('',#7204,.T.);
#7728=FACE_BOUND('',#7205,.T.);
#7729=FACE_BOUND('',#7206,.T.);
#7730=FACE_BOUND('',#7207,.T.);
#7731=FACE_BOUND('',#7208,.T.);
#7732=FACE_BOUND('',#7209,.T.);
#7733=FACE_BOUND('',#7210,.T.);
#7734=FACE_BOUND('',#7211,.T.);
#7735=FACE_BOUND('',#7212,.T.);
#7736=FACE_BOUND('',#7213,.T.);
#7737=FACE_BOUND('',#7214,.T.);
#7738=FACE_BOUND('',#7215,.T.);
#7739=FACE_BOUND('',#7216,.T.);
#7740=FACE_BOUND('',#7217,.T.);
#7741=FACE_BOUND('',#7218,.T.);
#7742=FACE_BOUND('',#7219,.T.);
#7743=FACE_BOUND('',#7220,.T.);
#7744=FACE_BOUND('',#7221,.T.);
#7745=FACE_BOUND('',#7222,.T.);
#7746=FACE_BOUND('',#7223,.T.);
#7747=FACE_BOUND('',#7224,.T.);
#7748=FACE_BOUND('',#7225,.T.);
#7749=FACE_BOUND('',#7226,.T.);
#7750=FACE_BOUND('',#7227,.T.);
#7751=FACE_BOUND('',#7228,.T.);
#7752=FACE_BOUND('',#7229,.T.);
#7753=FACE_BOUND('',#7230,.T.);
#7754=FACE_BOUND('',#7231,.T.);
#7755=FACE_BOUND('',#7232,.T.);
#7756=FACE_BOUND('',#7233,.T.);
#7757=FACE_BOUND('',#7234,.T.);
#7758=FACE_BOUND('',#7235,.T.);
#7759=FACE_BOUND('',#7236,.T.);
#7760=FACE_BOUND('',#7237,.T.);
#7761=FACE_BOUND('',#7238,.T.);
#7762=FACE_BOUND('',#7239,.T.);
#7763=FACE_BOUND('',#7240,.T.);
#7764=FACE_BOUND('',#7241,.T.);
#7765=FACE_BOUND('',#7242,.T.);
#7766=FACE_BOUND('',#7243,.T.);
#7767=FACE_BOUND('',#7244,.T.);
#7768=FACE_BOUND('',#7245,.T.);
#7769=FACE_BOUND('',#7246,.T.);
#7770=FACE_BOUND('',#7247,.T.);
#7771=FACE_BOUND('',#7248,.T.);
#7772=FACE_BOUND('',#7249,.T.);
#7773=FACE_BOUND('',#7250,.T.);
#7774=FACE_BOUND('',#7251,.T.);
#7775=FACE_BOUND('',#7252,.T.);
#7776=FACE_BOUND('',#7253,.T.);
#7777=FACE_BOUND('',#7254,.T.);
#7778=FACE_BOUND('',#7255,.T.);
#7779=FACE_BOUND('',#7256,.T.);
#7780=FACE_BOUND('',#7257,.T.);
#7781=FACE_BOUND('',#7258,.T.);
#7782=FACE_BOUND('',#7259,.T.);
#7783=FACE_BOUND('',#7260,.T.);
#7784=FACE_BOUND('',#7261,.T.);
#7785=FACE_BOUND('',#7262,.T.);
#7786=FACE_BOUND('',#7263,.T.);
#7787=FACE_BOUND('',#7264,.T.);
#7788=FACE_BOUND('',#7265,.T.);
#7789=FACE_BOUND('',#7266,.T.);
#7790=FACE_BOUND('',#7267,.T.);
#7791=FACE_BOUND('',#7268,.T.);
#7792=FACE_BOUND('',#7269,.T.);
#7793=FACE_BOUND('',#7270,.T.);
#7794=FACE_BOUND('',#7271,.T.);
#7795=FACE_BOUND('',#7272,.T.);
#7796=FACE_BOUND('',#7273,.T.);
#7797=FACE_BOUND('',#7274,.T.);
#7798=FACE_BOUND('',#7275,.T.);
#7799=FACE_BOUND('',#7276,.T.);
#7800=FACE_BOUND('',#7277,.T.);
#7801=FACE_BOUND('',#7278,.T.);
#7802=FACE_BOUND('',#7279,.T.);
#7803=FACE_BOUND('',#7280,.T.);
#7804=FACE_BOUND('',#7281,.T.);
#7805=FACE_BOUND('',#7282,.T.);
#7806=FACE_BOUND('',#7283,.T.);
#7807=FACE_BOUND('',#7284,.T.);
#7808=FACE_BOUND('',#7285,.T.);
#7809=FACE_BOUND('',#7286,.T.);
#7810=FACE_BOUND('',#7287,.T.);
#7811=FACE_BOUND('',#7288,.T.);
#7812=FACE_BOUND('',#7289,.T.);
#7813=FACE_BOUND('',#7290,.T.);
#7814=FACE_BOUND('',#7291,.T.);
#7815=FACE_BOUND('',#7292,.T.);
#7816=FACE_BOUND('',#7293,.T.);
#7817=FACE_BOUND('',#7294,.T.);
#7818=FACE_BOUND('',#7295,.T.);
#7819=FACE_BOUND('',#7296,.T.);
#7820=FACE_BOUND('',#7297,.T.);
#7821=FACE_BOUND('',#7298,.T.);
#7822=FACE_BOUND('',#7299,.T.);
#7823=FACE_BOUND('',#7300,.T.);
#7824=FACE_BOUND('',#7301,.T.);
#7825=FACE_BOUND('',#7302,.T.);
#7826=FACE_BOUND('',#7303,.T.);
#7827=FACE_BOUND('',#7304,.T.);
#7828=FACE_BOUND('',#7305,.T.);
#7829=FACE_BOUND('',#7306,.T.);
#7830=FACE_BOUND('',#7307,.T.);
#7831=FACE_BOUND('',#7308,.T.);
#7832=FACE_BOUND('',#7309,.T.);
#7833=FACE_BOUND('',#7310,.T.);
#7834=FACE_BOUND('',#7311,.T.);
#7835=FACE_BOUND('',#7312,.T.);
#7836=FACE_BOUND('',#7313,.T.);
#7837=FACE_BOUND('',#7314,.T.);
#7838=FACE_BOUND('',#7315,.T.);
#7839=FACE_BOUND('',#7316,.T.);
#7840=FACE_BOUND('',#7317,.T.);
#7841=FACE_BOUND('',#7318,.T.);
#7842=FACE_BOUND('',#7319,.T.);
#7843=FACE_BOUND('',#7320,.T.);
#7844=FACE_BOUND('',#7321,.T.);
#7845=FACE_BOUND('',#7322,.T.);
#7846=FACE_BOUND('',#7323,.T.);
#7847=FACE_BOUND('',#7324,.T.);
#7848=FACE_BOUND('',#7325,.T.);
#7849=FACE_BOUND('',#7326,.T.);
#7850=FACE_BOUND('',#7327,.T.);
#7851=FACE_BOUND('',#7328,.T.);
#7852=FACE_BOUND('',#7329,.T.);
#7853=FACE_BOUND('',#7330,.T.);
#7854=FACE_BOUND('',#7331,.T.);
#7855=FACE_BOUND('',#7332,.T.);
#7856=FACE_BOUND('',#7333,.T.);
#7857=FACE_BOUND('',#7334,.T.);
#7858=FACE_BOUND('',#7335,.T.);
#7859=FACE_BOUND('',#7336,.T.);
#7860=FACE_BOUND('',#7337,.T.);
#7861=FACE_BOUND('',#7338,.T.);
#7862=FACE_BOUND('',#7339,.T.);
#7863=FACE_BOUND('',#7340,.T.);
#7864=FACE_BOUND('',#7341,.T.);
#7865=FACE_BOUND('',#7342,.T.);
#7866=FACE_BOUND('',#7343,.T.);
#7867=FACE_BOUND('',#7344,.T.);
#7868=FACE_BOUND('',#7345,.T.);
#7869=FACE_BOUND('',#7346,.T.);
#7870=FACE_BOUND('',#7347,.T.);
#7871=FACE_BOUND('',#7348,.T.);
#7872=FACE_BOUND('',#7349,.T.);
#7873=FACE_BOUND('',#7350,.T.);
#7874=FACE_BOUND('',#7351,.T.);
#7875=FACE_BOUND('',#7352,.T.);
#7876=FACE_BOUND('',#7353,.T.);
#7877=FACE_BOUND('',#7354,.T.);
#7878=FACE_BOUND('',#7355,.T.);
#7879=FACE_BOUND('',#7356,.T.);
#7880=FACE_BOUND('',#7357,.T.);
#7881=FACE_BOUND('',#7358,.T.);
#7882=FACE_BOUND('',#7359,.T.);
#7883=FACE_BOUND('',#7360,.T.);
#7884=FACE_BOUND('',#7361,.T.);
#7885=FACE_BOUND('',#7362,.T.);
#7886=FACE_BOUND('',#7363,.T.);
#7887=FACE_BOUND('',#7364,.T.);
#7888=FACE_BOUND('',#7365,.T.);
#7889=FACE_BOUND('',#7366,.T.);
#7890=FACE_BOUND('',#7367,.T.);
#7891=FACE_BOUND('',#7368,.T.);
#7892=FACE_BOUND('',#7369,.T.);
#7893=FACE_BOUND('',#7370,.T.);
#7894=FACE_BOUND('',#7371,.T.);
#7895=FACE_BOUND('',#7372,.T.);
#7896=FACE_BOUND('',#7373,.T.);
#7897=FACE_BOUND('',#7374,.T.);
#7898=FACE_BOUND('',#7375,.T.);
#7899=FACE_BOUND('',#7376,.T.);
#7900=FACE_BOUND('',#7377,.T.);
#7901=FACE_BOUND('',#7378,.T.);
#7902=FACE_BOUND('',#7379,.T.);
#7903=FACE_BOUND('',#7380,.T.);
#7904=FACE_BOUND('',#7381,.T.);
#7905=FACE_BOUND('',#7382,.T.);
#7906=FACE_BOUND('',#7383,.T.);
#7907=FACE_BOUND('',#7384,.T.);
#7908=FACE_BOUND('',#7385,.T.);
#7909=FACE_BOUND('',#7386,.T.);
#7910=FACE_BOUND('',#7387,.T.);
#7911=FACE_BOUND('',#7388,.T.);
#7912=FACE_BOUND('',#7389,.T.);
#7913=FACE_BOUND('',#7390,.T.);
#7914=FACE_BOUND('',#7391,.T.);
#7915=FACE_BOUND('',#7392,.T.);
#7916=FACE_BOUND('',#7393,.T.);
#7917=FACE_BOUND('',#7394,.T.);
#7918=FACE_BOUND('',#7395,.T.);
#7919=FACE_BOUND('',#7396,.T.);
#7920=FACE_BOUND('',#7397,.T.);
#7921=FACE_BOUND('',#7398,.T.);
#7922=FACE_BOUND('',#7399,.T.);
#7923=FACE_BOUND('',#7400,.T.);
#7924=FACE_BOUND('',#7401,.T.);
#7925=FACE_BOUND('',#7402,.T.);
#7926=FACE_BOUND('',#7403,.T.);
#7927=FACE_BOUND('',#7404,.T.);
#7928=FACE_BOUND('',#7405,.T.);
#7929=FACE_BOUND('',#7406,.T.);
#7930=FACE_BOUND('',#7407,.T.);
#7931=FACE_BOUND('',#7408,.T.);
#7932=FACE_BOUND('',#7409,.T.);
#7933=FACE_BOUND('',#7410,.T.);
#7934=FACE_BOUND('',#7411,.T.);
#7935=FACE_BOUND('',#7412,.T.);
#7936=FACE_BOUND('',#7413,.T.);
#7937=FACE_BOUND('',#7414,.T.);
#7938=FACE_BOUND('',#7415,.T.);
#7939=FACE_BOUND('',#7416,.T.);
#7940=FACE_BOUND('',#7417,.T.);
#7941=FACE_BOUND('',#7418,.T.);
#7942=FACE_BOUND('',#7419,.T.);
#7943=FACE_BOUND('',#7420,.T.);
#7944=FACE_BOUND('',#7421,.T.);
#7945=FACE_BOUND('',#7422,.T.);
#7946=FACE_BOUND('',#7423,.T.);
#7947=FACE_BOUND('',#7424,.T.);
#7948=FACE_BOUND('',#7425,.T.);
#7949=FACE_BOUND('',#7426,.T.);
#7950=FACE_BOUND('',#7427,.T.);
#7951=FACE_BOUND('',#7428,.T.);
#7952=FACE_BOUND('',#7429,.T.);
#7953=FACE_BOUND('',#7430,.T.);
#7954=FACE_BOUND('',#7431,.T.);
#7955=FACE_BOUND('',#7432,.T.);
#7956=FACE_BOUND('',#7433,.T.);
#7957=FACE_BOUND('',#7434,.T.);
#7958=FACE_BOUND('',#7435,.T.);
#7959=FACE_BOUND('',#7436,.T.);
#7960=FACE_BOUND('',#7437,.T.);
#7961=FACE_BOUND('',#7438,.T.);
#7962=FACE_BOUND('',#7439,.T.);
#7963=FACE_BOUND('',#7440,.T.);
#7964=FACE_BOUND('',#7441,.T.);
#7965=FACE_BOUND('',#7442,.T.);
#7966=FACE_BOUND('',#7443,.T.);
#7967=FACE_BOUND('',#7444,.T.);
#7968=FACE_BOUND('',#7445,.T.);
#7969=FACE_BOUND('',#7446,.T.);
#7970=FACE_BOUND('',#7447,.T.);
#7971=FACE_BOUND('',#7448,.T.);
#7972=FACE_BOUND('',#7449,.T.);
#7973=FACE_BOUND('',#7450,.T.);
#7974=FACE_BOUND('',#7451,.T.);
#7975=FACE_BOUND('',#7452,.T.);
#7976=FACE_BOUND('',#7453,.T.);
#7977=FACE_BOUND('',#7454,.T.);
#7978=FACE_BOUND('',#7455,.T.);
#7979=FACE_BOUND('',#7456,.T.);
#7980=FACE_BOUND('',#7457,.T.);
#7981=FACE_BOUND('',#7458,.T.);
#7982=FACE_BOUND('',#7459,.T.);
#7983=FACE_BOUND('',#7460,.T.);
#7984=FACE_BOUND('',#7461,.T.);
#7985=FACE_BOUND('',#7462,.T.);
#7986=FACE_BOUND('',#7463,.T.);
#7987=FACE_BOUND('',#7464,.T.);
#7988=FACE_BOUND('',#7465,.T.);
#7989=FACE_BOUND('',#7466,.T.);
#7990=FACE_BOUND('',#7467,.T.);
#7991=FACE_BOUND('',#7468,.T.);
#7992=FACE_BOUND('',#7469,.T.);
#7993=FACE_BOUND('',#7470,.T.);
#7994=FACE_BOUND('',#7471,.T.);
#7995=FACE_BOUND('',#7472,.T.);
#7996=FACE_BOUND('',#7473,.T.);
#7997=FACE_BOUND('',#7474,.T.);
#7998=FACE_BOUND('',#7475,.T.);
#7999=FACE_BOUND('',#7476,.T.);
#8000=FACE_BOUND('',#7477,.T.);
#8001=FACE_BOUND('',#7478,.T.);
#8002=FACE_BOUND('',#7479,.T.);
#8003=FACE_BOUND('',#7480,.T.);
#8004=FACE_BOUND('',#7481,.T.);
#8005=FACE_BOUND('',#7482,.T.);
#8006=FACE_BOUND('',#7483,.T.);
#8007=FACE_BOUND('',#7484,.T.);
#8008=FACE_BOUND('',#7485,.T.);
#8009=FACE_BOUND('',#7486,.T.);
#8010=FACE_BOUND('',#7487,.T.);
#8011=FACE_BOUND('',#7488,.T.);
#8012=FACE_BOUND('',#7489,.T.);
#8013=FACE_BOUND('',#7490,.T.);
#8014=FACE_BOUND('',#7491,.T.);
#8015=FACE_BOUND('',#7492,.T.);
#8016=FACE_BOUND('',#7493,.T.);
#8017=FACE_BOUND('',#7494,.T.);
#8018=FACE_BOUND('',#7495,.T.);
#8019=FACE_BOUND('',#7496,.T.);
#8020=FACE_BOUND('',#7497,.T.);
#8021=FACE_BOUND('',#7498,.T.);
#8022=FACE_BOUND('',#7499,.T.);
#8023=FACE_BOUND('',#7500,.T.);
#8024=FACE_BOUND('',#7501,.T.);
#8025=FACE_BOUND('',#7502,.T.);
#8026=FACE_BOUND('',#7503,.T.);
#8027=FACE_BOUND('',#7504,.T.);
#8028=FACE_BOUND('',#7505,.T.);
#8029=FACE_BOUND('',#7506,.T.);
#8030=FACE_BOUND('',#7507,.T.);
#8031=FACE_BOUND('',#7508,.T.);
#8032=FACE_BOUND('',#7509,.T.);
#8033=FACE_BOUND('',#7510,.T.);
#8034=FACE_BOUND('',#7511,.T.);
#8035=FACE_BOUND('',#7512,.T.);
#8036=FACE_BOUND('',#7513,.T.);
#8037=FACE_BOUND('',#7514,.T.);
#8038=FACE_BOUND('',#7515,.T.);
#8039=FACE_BOUND('',#7516,.T.);
#8040=FACE_BOUND('',#7517,.T.);
#8041=FACE_BOUND('',#7518,.T.);
#8042=FACE_BOUND('',#7519,.T.);
#8043=FACE_BOUND('',#7520,.T.);
#8044=FACE_BOUND('',#7521,.T.);
#8045=FACE_BOUND('',#7522,.T.);
#8046=FACE_BOUND('',#7523,.T.);
#8047=FACE_BOUND('',#7524,.T.);
#8048=FACE_BOUND('',#7525,.T.);
#8049=FACE_BOUND('',#7526,.T.);
#8050=FACE_BOUND('',#7527,.T.);
#8051=FACE_BOUND('',#7528,.T.);
#8052=FACE_BOUND('',#7529,.T.);
#8053=FACE_BOUND('',#7530,.T.);
#8054=FACE_BOUND('',#7531,.T.);
#8055=FACE_BOUND('',#7532,.T.);
#8056=FACE_BOUND('',#7533,.T.);
#8057=FACE_BOUND('',#7534,.T.);
#8058=FACE_BOUND('',#7535,.T.);
#8059=FACE_BOUND('',#7536,.T.);
#8060=FACE_BOUND('',#7537,.T.);
#8061=FACE_BOUND('',#7538,.T.);
#8062=FACE_BOUND('',#7539,.T.);
#8063=FACE_BOUND('',#7540,.T.);
#8064=FACE_BOUND('',#7541,.T.);
#8065=FACE_BOUND('',#7542,.T.);
#8066=FACE_BOUND('',#7543,.T.);
#8067=FACE_BOUND('',#7544,.T.);
#8068=FACE_BOUND('',#7545,.T.);
#8069=FACE_BOUND('',#7546,.T.);
#8070=FACE_BOUND('',#7547,.T.);
#8071=FACE_BOUND('',#7548,.T.);
#8072=FACE_BOUND('',#7549,.T.);
#8073=FACE_BOUND('',#7550,.T.);
#8074=FACE_BOUND('',#7551,.T.);
#8075=FACE_BOUND('',#7552,.T.);
#8076=FACE_BOUND('',#7553,.T.);
#8077=FACE_BOUND('',#7554,.T.);
#8078=FACE_BOUND('',#7555,.T.);
#8079=FACE_BOUND('',#7556,.T.);
#8080=FACE_BOUND('',#7557,.T.);
#8081=FACE_BOUND('',#7558,.T.);
#8082=FACE_BOUND('',#7559,.T.);
#8083=FACE_BOUND('',#7560,.T.);
#8084=FACE_BOUND('',#7561,.T.);
#8085=FACE_BOUND('',#7562,.T.);
#8086=FACE_BOUND('',#7563,.T.);
#8087=FACE_BOUND('',#7564,.T.);
#8088=FACE_BOUND('',#7565,.T.);
#8089=FACE_BOUND('',#7566,.T.);
#8090=FACE_BOUND('',#7567,.T.);
#8091=FACE_BOUND('',#7568,.T.);
#8092=FACE_BOUND('',#7569,.T.);
#8093=FACE_BOUND('',#7570,.T.);
#8094=FACE_BOUND('',#7571,.T.);
#8095=FACE_BOUND('',#7572,.T.);
#8096=FACE_BOUND('',#7573,.T.);
#8097=FACE_BOUND('',#7574,.T.);
#8098=FACE_BOUND('',#7575,.T.);
#8099=FACE_BOUND('',#7576,.T.);
#8100=FACE_BOUND('',#7577,.T.);
#8101=FACE_BOUND('',#7578,.T.);
#8102=FACE_BOUND('',#7579,.T.);
#8103=FACE_BOUND('',#7580,.T.);
#8104=FACE_BOUND('',#7581,.T.);
#8105=FACE_BOUND('',#7582,.T.);
#8106=FACE_BOUND('',#7583,.T.);
#8107=FACE_BOUND('',#7584,.T.);
#8108=FACE_BOUND('',#7585,.T.);
#8109=FACE_BOUND('',#7586,.T.);
#8110=FACE_BOUND('',#7587,.T.);
#8111=FACE_BOUND('',#7588,.T.);
#8112=FACE_BOUND('',#7589,.T.);
#8113=FACE_BOUND('',#7590,.T.);
#8114=FACE_BOUND('',#7591,.T.);
#8115=FACE_BOUND('',#7592,.T.);
#8116=FACE_BOUND('',#7593,.T.);
#8117=FACE_BOUND('',#7594,.T.);
#8118=FACE_BOUND('',#7595,.T.);
#8119=FACE_BOUND('',#7596,.T.);
#8120=FACE_BOUND('',#7597,.T.);
#8121=FACE_BOUND('',#7598,.T.);
#8122=FACE_BOUND('',#7599,.T.);
#8123=FACE_BOUND('',#7600,.T.);
#8124=FACE_BOUND('',#7601,.T.);
#8125=FACE_BOUND('',#7602,.T.);
#8126=FACE_BOUND('',#7603,.T.);
#8127=FACE_BOUND('',#7604,.T.);
#8128=FACE_BOUND('',#7605,.T.);
#8129=FACE_BOUND('',#7606,.T.);
#8130=FACE_BOUND('',#7607,.T.);
#8131=FACE_BOUND('',#7608,.T.);
#8132=FACE_BOUND('',#7609,.T.);
#8133=FACE_BOUND('',#7610,.T.);
#8134=FACE_BOUND('',#7611,.T.);
#8135=FACE_BOUND('',#7612,.T.);
#8136=FACE_BOUND('',#7613,.T.);
#8137=FACE_BOUND('',#7614,.T.);
#8138=FACE_BOUND('',#7615,.T.);
#8139=FACE_BOUND('',#7616,.T.);
#8140=FACE_BOUND('',#7617,.T.);
#8141=FACE_BOUND('',#7618,.T.);
#8142=FACE_BOUND('',#7619,.T.);
#8143=FACE_BOUND('',#7620,.T.);
#8144=FACE_BOUND('',#7621,.T.);
#8145=FACE_BOUND('',#7622,.T.);
#8146=FACE_BOUND('',#7623,.T.);
#8147=FACE_BOUND('',#7624,.T.);
#8148=FACE_BOUND('',#7625,.T.);
#8149=FACE_BOUND('',#7626,.T.);
#8150=FACE_BOUND('',#7627,.T.);
#8151=FACE_BOUND('',#7628,.T.);
#8152=FACE_BOUND('',#7629,.T.);
#8153=FACE_BOUND('',#7630,.T.);
#8154=FACE_BOUND('',#7631,.T.);
#8155=FACE_BOUND('',#7632,.T.);
#8156=FACE_BOUND('',#7633,.T.);
#8157=FACE_BOUND('',#7634,.T.);
#8158=FACE_BOUND('',#7635,.T.);
#8159=FACE_BOUND('',#7636,.T.);
#8160=FACE_BOUND('',#7637,.T.);
#8161=FACE_BOUND('',#7638,.T.);
#8162=FACE_BOUND('',#7639,.T.);
#8163=FACE_BOUND('',#7640,.T.);
#8164=FACE_BOUND('',#7641,.T.);
#8165=FACE_BOUND('',#7642,.T.);
#8166=FACE_BOUND('',#7643,.T.);
#8167=FACE_BOUND('',#7644,.T.);
#8168=FACE_BOUND('',#7645,.T.);
#8169=FACE_BOUND('',#7646,.T.);
#8170=FACE_BOUND('',#7647,.T.);
#8171=FACE_BOUND('',#7648,.T.);
#8172=FACE_BOUND('',#7649,.T.);
#8173=FACE_BOUND('',#7650,.T.);
#8174=FACE_BOUND('',#7651,.T.);
#8175=FACE_BOUND('',#7652,.T.);
#8176=FACE_BOUND('',#7653,.T.);
#8177=FACE_BOUND('',#7654,.T.);
#8178=FACE_BOUND('',#7655,.T.);
#8179=FACE_BOUND('',#7656,.T.);
#8180=FACE_BOUND('',#7657,.T.);
#8181=FACE_BOUND('',#7658,.T.);
#8182=FACE_BOUND('',#7659,.T.);
#8183=FACE_BOUND('',#7660,.T.);
#8184=FACE_BOUND('',#7661,.T.);
#8185=FACE_BOUND('',#7662,.T.);
#8186=FACE_BOUND('',#7663,.T.);
#8187=FACE_BOUND('',#7664,.T.);
#8188=FACE_BOUND('',#7665,.T.);
#8189=FACE_BOUND('',#7666,.T.);
#8190=FACE_BOUND('',#7667,.T.);
#8191=FACE_BOUND('',#7668,.T.);
#8192=FACE_BOUND('',#7669,.T.);
#8193=FACE_BOUND('',#7670,.T.);
#8194=FACE_BOUND('',#7671,.T.);
#8195=FACE_BOUND('',#7672,.T.);
#8196=FACE_BOUND('',#7673,.T.);
#8197=FACE_BOUND('',#7674,.T.);
#8198=FACE_BOUND('',#7675,.T.);
#8199=FACE_BOUND('',#7676,.T.);
#8200=FACE_BOUND('',#7677,.T.);
#8201=FACE_BOUND('',#7678,.T.);
#8202=FACE_BOUND('',#7679,.T.);
#8203=FACE_BOUND('',#7680,.T.);
#8204=FACE_BOUND('',#7681,.T.);
#8205=FACE_BOUND('',#7682,.T.);
#8206=FACE_BOUND('',#7683,.T.);
#8207=FACE_BOUND('',#7684,.T.);
#8208=FACE_BOUND('',#7685,.T.);
#8209=FACE_BOUND('',#7686,.T.);
#8210=FACE_BOUND('',#7687,.T.);
#8211=FACE_BOUND('',#7688,.T.);
#8212=FACE_BOUND('',#7689,.T.);
#8213=FACE_BOUND('',#7690,.T.);
#8214=FACE_BOUND('',#7691,.T.);
#8215=FACE_BOUND('',#7692,.T.);
#8216=FACE_BOUND('',#7693,.T.);
#8217=FACE_BOUND('',#7694,.T.);
#8218=FACE_BOUND('',#7695,.T.);
#8219=PLANE('',#8910);
#8220=PLANE('',#9006);
#8221=PLANE('',#9016);
#8222=PLANE('',#9018);
#8223=PLANE('',#9020);
#8224=PLANE('',#9022);
#8225=PLANE('',#9025);
#8226=PLANE('',#9028);
#8227=PLANE('',#9031);
#8228=PLANE('',#9034);
#8229=PLANE('',#9035);
#8230=PLANE('',#9042);
#8231=PLANE('',#9045);
#8232=PLANE('',#9048);
#8233=PLANE('',#9051);
#8234=PLANE('',#9052);
#8235=PLANE('',#9085);
#8236=PLANE('',#9086);
#8237=PLANE('',#9087);
#8238=PLANE('',#9088);
#8239=PLANE('',#9089);
#8240=PLANE('',#9096);
#8241=PLANE('',#9097);
#8242=PLANE('',#9098);
#8243=PLANE('',#9103);
#8244=PLANE('',#9104);
#8245=PLANE('',#9105);
#8246=PLANE('',#9106);
#8247=PLANE('',#9107);
#8248=PLANE('',#9108);
#8249=PLANE('',#9131);
#8250=PLANE('',#9154);
#8251=PLANE('',#9155);
#8252=PLANE('',#9156);
#8253=PLANE('',#9157);
#8254=PLANE('',#9164);
#8255=PLANE('',#9165);
#8256=PLANE('',#9166);
#8257=PLANE('',#9171);
#8258=PLANE('',#9172);
#8259=PLANE('',#9173);
#8260=PLANE('',#9184);
#8261=PLANE('',#9185);
#8262=PLANE('',#9186);
#8263=PLANE('',#9197);
#8264=PLANE('',#9198);
#8265=PLANE('',#9199);
#8266=PLANE('',#9200);
#8267=PLANE('',#9201);
#8268=PLANE('',#9202);
#8269=PLANE('',#9203);
#8270=PLANE('',#9204);
#8271=PLANE('',#9205);
#8272=PLANE('',#9206);
#8273=PLANE('',#9207);
#8274=PLANE('',#9208);
#8275=PLANE('',#9209);
#8276=PLANE('',#9210);
#8277=PLANE('',#9217);
#8278=PLANE('',#9218);
#8279=PLANE('',#9219);
#8280=PLANE('',#9220);
#8281=PLANE('',#9221);
#8282=PLANE('',#9222);
#8283=PLANE('',#9223);
#8284=PLANE('',#9224);
#8285=PLANE('',#9225);
#8286=PLANE('',#9226);
#8287=PLANE('',#9227);
#8288=PLANE('',#9228);
#8289=PLANE('',#9251);
#8290=PLANE('',#9278);
#8291=PLANE('',#9279);
#8292=PLANE('',#9280);
#8293=PLANE('',#9281);
#8294=PLANE('',#9282);
#8295=PLANE('',#9289);
#8296=PLANE('',#9290);
#8297=PLANE('',#9291);
#8298=PLANE('',#9292);
#8299=PLANE('',#9293);
#8300=PLANE('',#9294);
#8301=PLANE('',#9295);
#8302=PLANE('',#9296);
#8303=PLANE('',#9297);
#8304=PLANE('',#9298);
#8305=PLANE('',#9299);
#8306=PLANE('',#9300);
#8307=PLANE('',#9301);
#8308=PLANE('',#9302);
#8309=PLANE('',#9303);
#8310=PLANE('',#9304);
#8311=PLANE('',#9305);
#8312=PLANE('',#9306);
#8313=PLANE('',#9313);
#8314=PLANE('',#9314);
#8315=PLANE('',#9315);
#8316=PLANE('',#9320);
#8317=PLANE('',#9321);
#8318=PLANE('',#9322);
#8319=PLANE('',#9323);
#8320=PLANE('',#9324);
#8321=PLANE('',#9325);
#8322=PLANE('',#9326);
#8323=PLANE('',#9327);
#8324=PLANE('',#9328);
#8325=PLANE('',#9329);
#8326=PLANE('',#9332);
#8327=PLANE('',#9333);
#8328=PLANE('',#9334);
#8329=PLANE('',#9343);
#8330=PLANE('',#9344);
#8331=PLANE('',#9345);
#8332=PLANE('',#9348);
#8333=PLANE('',#9349);
#8334=PLANE('',#9350);
#8335=PLANE('',#9351);
#8336=PLANE('',#9352);
#8337=PLANE('',#9353);
#8338=PLANE('',#9354);
#8339=PLANE('',#9355);
#8340=PLANE('',#9356);
#8341=PLANE('',#9357);
#8342=PLANE('',#9358);
#8343=PLANE('',#9359);
#8344=PLANE('',#9360);
#8345=PLANE('',#9365);
#8346=PLANE('',#9366);
#8347=PLANE('',#9367);
#8348=PLANE('',#9370);
#8349=PLANE('',#9371);
#8350=PLANE('',#9372);
#8351=PLANE('',#9373);
#8352=PLANE('',#9374);
#8353=PLANE('',#9377);
#8354=PLANE('',#9378);
#8355=PLANE('',#9379);
#8356=PLANE('',#9380);
#8357=PLANE('',#9381);
#8358=PLANE('',#9382);
#8359=PLANE('',#9383);
#8360=PLANE('',#9384);
#8361=PLANE('',#9386);
#8362=PLANE('',#9387);
#8363=PLANE('',#9390);
#8364=PLANE('',#9391);
#8365=PLANE('',#9394);
#8366=PLANE('',#9399);
#8367=PLANE('',#9404);
#8368=PLANE('',#9409);
#8369=PLANE('',#9414);
#8370=PLANE('',#9423);
#8371=PLANE('',#9424);
#8372=PLANE('',#9425);
#8373=PLANE('',#9434);
#8374=PLANE('',#9435);
#8375=PLANE('',#9436);
#8376=PLANE('',#9445);
#8377=PLANE('',#9446);
#8378=PLANE('',#9447);
#8379=PLANE('',#9448);
#8380=PLANE('',#9449);
#8381=PLANE('',#9450);
#8382=PLANE('',#9451);
#8383=PLANE('',#9452);
#8384=PLANE('',#9453);
#8385=PLANE('',#9454);
#8386=PLANE('',#9455);
#8387=PLANE('',#9456);
#8388=PLANE('',#9457);
#8389=PLANE('',#9458);
#8390=PLANE('',#9459);
#8391=PLANE('',#9460);
#8392=PLANE('',#9461);
#8393=PLANE('',#9462);
#8394=PLANE('',#9463);
#8395=PLANE('',#9464);
#8396=PLANE('',#9465);
#8397=PLANE('',#9466);
#8398=PLANE('',#9467);
#8399=PLANE('',#9468);
#8400=PLANE('',#9469);
#8401=PLANE('',#9470);
#8402=PLANE('',#9471);
#8403=PLANE('',#9472);
#8404=PLANE('',#9489);
#8405=PLANE('',#9490);
#8406=PLANE('',#9491);
#8407=PLANE('',#9492);
#8408=ADVANCED_FACE('',(#7696,#7697,#7698,#7699,#7700,#7701,#7702,#7703,
#7704,#7705,#7706,#7707,#7708,#7709,#7710,#7711,#7712,#7713,#7714,#7715),
#8219,.T.);
#8409=ADVANCED_FACE('',(#7716,#7717),#8220,.F.);
#8410=ADVANCED_FACE('',(#7718),#171,.T.);
#8411=ADVANCED_FACE('',(#7719),#8221,.F.);
#8412=ADVANCED_FACE('',(#7720),#172,.T.);
#8413=ADVANCED_FACE('',(#7721),#8222,.T.);
#8414=ADVANCED_FACE('',(#7722),#173,.T.);
#8415=ADVANCED_FACE('',(#7723),#8223,.T.);
#8416=ADVANCED_FACE('',(#7724),#174,.T.);
#8417=ADVANCED_FACE('',(#7725),#8224,.F.);
#8418=ADVANCED_FACE('',(#7726),#175,.T.);
#8419=ADVANCED_FACE('',(#7727),#8225,.T.);
#8420=ADVANCED_FACE('',(#7728),#176,.T.);
#8421=ADVANCED_FACE('',(#7729),#8226,.T.);
#8422=ADVANCED_FACE('',(#7730),#177,.T.);
#8423=ADVANCED_FACE('',(#7731),#8227,.F.);
#8424=ADVANCED_FACE('',(#7732),#178,.T.);
#8425=ADVANCED_FACE('',(#7733),#8228,.F.);
#8426=ADVANCED_FACE('',(#7734,#7735),#8229,.F.);
#8427=ADVANCED_FACE('',(#7736),#179,.F.);
#8428=ADVANCED_FACE('',(#7737),#8230,.F.);
#8429=ADVANCED_FACE('',(#7738),#180,.F.);
#8430=ADVANCED_FACE('',(#7739),#8231,.F.);
#8431=ADVANCED_FACE('',(#7740),#181,.F.);
#8432=ADVANCED_FACE('',(#7741),#8232,.F.);
#8433=ADVANCED_FACE('',(#7742),#182,.F.);
#8434=ADVANCED_FACE('',(#7743),#8233,.F.);
#8435=ADVANCED_FACE('',(#7744),#8234,.T.);
#8436=ADVANCED_FACE('',(#7745),#18,.T.);
#8437=ADVANCED_FACE('',(#7746),#19,.T.);
#8438=ADVANCED_FACE('',(#7747),#20,.T.);
#8439=ADVANCED_FACE('',(#7748),#183,.T.);
#8440=ADVANCED_FACE('',(#7749),#21,.T.);
#8441=ADVANCED_FACE('',(#7750),#22,.T.);
#8442=ADVANCED_FACE('',(#7751),#184,.T.);
#8443=ADVANCED_FACE('',(#7752),#23,.T.);
#8444=ADVANCED_FACE('',(#7753),#24,.T.);
#8445=ADVANCED_FACE('',(#7754),#25,.T.);
#8446=ADVANCED_FACE('',(#7755),#26,.T.);
#8447=ADVANCED_FACE('',(#7756),#185,.T.);
#8448=ADVANCED_FACE('',(#7757),#27,.T.);
#8449=ADVANCED_FACE('',(#7758),#28,.T.);
#8450=ADVANCED_FACE('',(#7759),#186,.T.);
#8451=ADVANCED_FACE('',(#7760),#187,.F.);
#8452=ADVANCED_FACE('',(#7761),#188,.F.);
#8453=ADVANCED_FACE('',(#7762),#29,.T.);
#8454=ADVANCED_FACE('',(#7763),#189,.F.);
#8455=ADVANCED_FACE('',(#7764),#30,.T.);
#8456=ADVANCED_FACE('',(#7765),#31,.T.);
#8457=ADVANCED_FACE('',(#7766),#190,.F.);
#8458=ADVANCED_FACE('',(#7767),#32,.T.);
#8459=ADVANCED_FACE('',(#7768),#191,.F.);
#8460=ADVANCED_FACE('',(#7769),#192,.F.);
#8461=ADVANCED_FACE('',(#7770),#33,.T.);
#8462=ADVANCED_FACE('',(#7771),#193,.F.);
#8463=ADVANCED_FACE('',(#7772),#34,.T.);
#8464=ADVANCED_FACE('',(#7773),#35,.T.);
#8465=ADVANCED_FACE('',(#7774),#194,.F.);
#8466=ADVANCED_FACE('',(#7775),#36,.T.);
#8467=ADVANCED_FACE('',(#7776),#37,.T.);
#8468=ADVANCED_FACE('',(#7777,#7778),#8235,.T.);
#8469=ADVANCED_FACE('',(#7779),#8236,.T.);
#8470=ADVANCED_FACE('',(#7780),#8237,.T.);
#8471=ADVANCED_FACE('',(#7781),#8238,.T.);
#8472=ADVANCED_FACE('',(#7782),#8239,.T.);
#8473=ADVANCED_FACE('',(#7783),#38,.T.);
#8474=ADVANCED_FACE('',(#7784),#195,.F.);
#8475=ADVANCED_FACE('',(#7785),#196,.F.);
#8476=ADVANCED_FACE('',(#7786),#197,.F.);
#8477=ADVANCED_FACE('',(#7787),#8240,.T.);
#8478=ADVANCED_FACE('',(#7788),#8241,.T.);
#8479=ADVANCED_FACE('',(#7789),#8242,.T.);
#8480=ADVANCED_FACE('',(#7790),#198,.T.);
#8481=ADVANCED_FACE('',(#7791),#39,.T.);
#8482=ADVANCED_FACE('',(#7792),#199,.T.);
#8483=ADVANCED_FACE('',(#7793),#40,.T.);
#8484=ADVANCED_FACE('',(#7794),#8243,.T.);
#8485=ADVANCED_FACE('',(#7795),#41,.T.);
#8486=ADVANCED_FACE('',(#7796),#42,.T.);
#8487=ADVANCED_FACE('',(#7797),#43,.T.);
#8488=ADVANCED_FACE('',(#7798),#44,.T.);
#8489=ADVANCED_FACE('',(#7799),#45,.T.);
#8490=ADVANCED_FACE('',(#7800),#46,.T.);
#8491=ADVANCED_FACE('',(#7801),#8244,.T.);
#8492=ADVANCED_FACE('',(#7802),#47,.T.);
#8493=ADVANCED_FACE('',(#7803),#48,.T.);
#8494=ADVANCED_FACE('',(#7804),#49,.T.);
#8495=ADVANCED_FACE('',(#7805),#50,.T.);
#8496=ADVANCED_FACE('',(#7806),#51,.T.);
#8497=ADVANCED_FACE('',(#7807),#52,.T.);
#8498=ADVANCED_FACE('',(#7808),#53,.T.);
#8499=ADVANCED_FACE('',(#7809),#54,.T.);
#8500=ADVANCED_FACE('',(#7810),#55,.T.);
#8501=ADVANCED_FACE('',(#7811),#8245,.T.);
#8502=ADVANCED_FACE('',(#7812),#8246,.T.);
#8503=ADVANCED_FACE('',(#7813),#8247,.T.);
#8504=ADVANCED_FACE('',(#7814),#56,.T.);
#8505=ADVANCED_FACE('',(#7815),#8248,.T.);
#8506=ADVANCED_FACE('',(#7816),#57,.T.);
#8507=ADVANCED_FACE('',(#7817),#58,.T.);
#8508=ADVANCED_FACE('',(#7818),#59,.T.);
#8509=ADVANCED_FACE('',(#7819),#60,.T.);
#8510=ADVANCED_FACE('',(#7820),#61,.T.);
#8511=ADVANCED_FACE('',(#7821),#62,.T.);
#8512=ADVANCED_FACE('',(#7822),#63,.T.);
#8513=ADVANCED_FACE('',(#7823),#64,.T.);
#8514=ADVANCED_FACE('',(#7824),#65,.T.);
#8515=ADVANCED_FACE('',(#7825),#200,.T.);
#8516=ADVANCED_FACE('',(#7826),#201,.T.);
#8517=ADVANCED_FACE('',(#7827),#202,.T.);
#8518=ADVANCED_FACE('',(#7828),#66,.T.);
#8519=ADVANCED_FACE('',(#7829),#203,.T.);
#8520=ADVANCED_FACE('',(#7830),#204,.T.);
#8521=ADVANCED_FACE('',(#7831),#205,.T.);
#8522=ADVANCED_FACE('',(#7832),#206,.T.);
#8523=ADVANCED_FACE('',(#7833),#207,.T.);
#8524=ADVANCED_FACE('',(#7834),#208,.T.);
#8525=ADVANCED_FACE('',(#7835),#209,.T.);
#8526=ADVANCED_FACE('',(#7836),#210,.T.);
#8527=ADVANCED_FACE('',(#7837),#67,.T.);
#8528=ADVANCED_FACE('',(#7838,#7839),#8249,.T.);
#8529=ADVANCED_FACE('',(#7840),#68,.T.);
#8530=ADVANCED_FACE('',(#7841),#69,.T.);
#8531=ADVANCED_FACE('',(#7842),#70,.T.);
#8532=ADVANCED_FACE('',(#7843),#71,.T.);
#8533=ADVANCED_FACE('',(#7844),#72,.T.);
#8534=ADVANCED_FACE('',(#7845),#73,.T.);
#8535=ADVANCED_FACE('',(#7846),#74,.T.);
#8536=ADVANCED_FACE('',(#7847),#75,.T.);
#8537=ADVANCED_FACE('',(#7848),#76,.T.);
#8538=ADVANCED_FACE('',(#7849),#211,.T.);
#8539=ADVANCED_FACE('',(#7850),#212,.T.);
#8540=ADVANCED_FACE('',(#7851),#213,.T.);
#8541=ADVANCED_FACE('',(#7852),#77,.T.);
#8542=ADVANCED_FACE('',(#7853),#214,.T.);
#8543=ADVANCED_FACE('',(#7854),#215,.T.);
#8544=ADVANCED_FACE('',(#7855),#216,.T.);
#8545=ADVANCED_FACE('',(#7856),#217,.T.);
#8546=ADVANCED_FACE('',(#7857),#218,.T.);
#8547=ADVANCED_FACE('',(#7858),#219,.T.);
#8548=ADVANCED_FACE('',(#7859),#220,.T.);
#8549=ADVANCED_FACE('',(#7860),#221,.T.);
#8550=ADVANCED_FACE('',(#7861),#78,.T.);
#8551=ADVANCED_FACE('',(#7862,#7863),#8250,.T.);
#8552=ADVANCED_FACE('',(#7864),#8251,.T.);
#8553=ADVANCED_FACE('',(#7865),#8252,.T.);
#8554=ADVANCED_FACE('',(#7866),#8253,.T.);
#8555=ADVANCED_FACE('',(#7867),#79,.T.);
#8556=ADVANCED_FACE('',(#7868),#222,.F.);
#8557=ADVANCED_FACE('',(#7869),#223,.F.);
#8558=ADVANCED_FACE('',(#7870),#224,.F.);
#8559=ADVANCED_FACE('',(#7871),#8254,.T.);
#8560=ADVANCED_FACE('',(#7872),#8255,.T.);
#8561=ADVANCED_FACE('',(#7873),#8256,.T.);
#8562=ADVANCED_FACE('',(#7874),#225,.T.);
#8563=ADVANCED_FACE('',(#7875),#80,.T.);
#8564=ADVANCED_FACE('',(#7876),#226,.T.);
#8565=ADVANCED_FACE('',(#7877),#81,.T.);
#8566=ADVANCED_FACE('',(#7878),#8257,.T.);
#8567=ADVANCED_FACE('',(#7879),#8258,.T.);
#8568=ADVANCED_FACE('',(#7880),#8259,.T.);
#8569=ADVANCED_FACE('',(#7881),#82,.T.);
#8570=ADVANCED_FACE('',(#7882),#83,.T.);
#8571=ADVANCED_FACE('',(#7883),#84,.T.);
#8572=ADVANCED_FACE('',(#7884),#227,.T.);
#8573=ADVANCED_FACE('',(#7885),#228,.F.);
#8574=ADVANCED_FACE('',(#7886),#229,.F.);
#8575=ADVANCED_FACE('',(#7887),#230,.F.);
#8576=ADVANCED_FACE('',(#7888),#231,.F.);
#8577=ADVANCED_FACE('',(#7889),#85,.T.);
#8578=ADVANCED_FACE('',(#7890),#86,.T.);
#8579=ADVANCED_FACE('',(#7891),#8260,.T.);
#8580=ADVANCED_FACE('',(#7892),#8261,.T.);
#8581=ADVANCED_FACE('',(#7893),#8262,.T.);
#8582=ADVANCED_FACE('',(#7894),#232,.T.);
#8583=ADVANCED_FACE('',(#7895),#233,.T.);
#8584=ADVANCED_FACE('',(#7896),#234,.T.);
#8585=ADVANCED_FACE('',(#7897),#87,.T.);
#8586=ADVANCED_FACE('',(#7898),#88,.T.);
#8587=ADVANCED_FACE('',(#7899),#89,.T.);
#8588=ADVANCED_FACE('',(#7900),#90,.T.);
#8589=ADVANCED_FACE('',(#7901),#235,.T.);
#8590=ADVANCED_FACE('',(#7902),#236,.T.);
#8591=ADVANCED_FACE('',(#7903),#91,.T.);
#8592=ADVANCED_FACE('',(#7904),#92,.T.);
#8593=ADVANCED_FACE('',(#7905),#93,.T.);
#8594=ADVANCED_FACE('',(#7906),#8263,.T.);
#8595=ADVANCED_FACE('',(#7907),#8264,.T.);
#8596=ADVANCED_FACE('',(#7908),#94,.T.);
#8597=ADVANCED_FACE('',(#7909),#8265,.T.);
#8598=ADVANCED_FACE('',(#7910),#8266,.T.);
#8599=ADVANCED_FACE('',(#7911),#8267,.T.);
#8600=ADVANCED_FACE('',(#7912),#95,.T.);
#8601=ADVANCED_FACE('',(#7913),#96,.T.);
#8602=ADVANCED_FACE('',(#7914),#97,.T.);
#8603=ADVANCED_FACE('',(#7915),#98,.T.);
#8604=ADVANCED_FACE('',(#7916),#99,.T.);
#8605=ADVANCED_FACE('',(#7917),#8268,.T.);
#8606=ADVANCED_FACE('',(#7918),#8269,.T.);
#8607=ADVANCED_FACE('',(#7919),#8270,.T.);
#8608=ADVANCED_FACE('',(#7920),#100,.T.);
#8609=ADVANCED_FACE('',(#7921),#101,.T.);
#8610=ADVANCED_FACE('',(#7922,#7923),#8271,.T.);
#8611=ADVANCED_FACE('',(#7924),#8272,.T.);
#8612=ADVANCED_FACE('',(#7925),#8273,.T.);
#8613=ADVANCED_FACE('',(#7926),#8274,.T.);
#8614=ADVANCED_FACE('',(#7927),#8275,.T.);
#8615=ADVANCED_FACE('',(#7928),#8276,.T.);
#8616=ADVANCED_FACE('',(#7929),#102,.T.);
#8617=ADVANCED_FACE('',(#7930),#103,.T.);
#8618=ADVANCED_FACE('',(#7931),#237,.F.);
#8619=ADVANCED_FACE('',(#7932),#238,.F.);
#8620=ADVANCED_FACE('',(#7933),#239,.F.);
#8621=ADVANCED_FACE('',(#7934),#8277,.T.);
#8622=ADVANCED_FACE('',(#7935),#8278,.T.);
#8623=ADVANCED_FACE('',(#7936),#8279,.T.);
#8624=ADVANCED_FACE('',(#7937),#104,.T.);
#8625=ADVANCED_FACE('',(#7938),#105,.T.);
#8626=ADVANCED_FACE('',(#7939),#106,.T.);
#8627=ADVANCED_FACE('',(#7940),#8280,.T.);
#8628=ADVANCED_FACE('',(#7941),#107,.T.);
#8629=ADVANCED_FACE('',(#7942),#108,.T.);
#8630=ADVANCED_FACE('',(#7943),#109,.T.);
#8631=ADVANCED_FACE('',(#7944),#110,.T.);
#8632=ADVANCED_FACE('',(#7945),#111,.T.);
#8633=ADVANCED_FACE('',(#7946),#112,.T.);
#8634=ADVANCED_FACE('',(#7947),#8281,.T.);
#8635=ADVANCED_FACE('',(#7948),#113,.T.);
#8636=ADVANCED_FACE('',(#7949),#114,.T.);
#8637=ADVANCED_FACE('',(#7950),#115,.T.);
#8638=ADVANCED_FACE('',(#7951),#116,.T.);
#8639=ADVANCED_FACE('',(#7952),#117,.T.);
#8640=ADVANCED_FACE('',(#7953),#118,.T.);
#8641=ADVANCED_FACE('',(#7954),#119,.T.);
#8642=ADVANCED_FACE('',(#7955),#120,.T.);
#8643=ADVANCED_FACE('',(#7956),#121,.T.);
#8644=ADVANCED_FACE('',(#7957),#8282,.T.);
#8645=ADVANCED_FACE('',(#7958),#8283,.T.);
#8646=ADVANCED_FACE('',(#7959),#8284,.T.);
#8647=ADVANCED_FACE('',(#7960),#122,.T.);
#8648=ADVANCED_FACE('',(#7961),#8285,.T.);
#8649=ADVANCED_FACE('',(#7962),#8286,.T.);
#8650=ADVANCED_FACE('',(#7963),#8287,.T.);
#8651=ADVANCED_FACE('',(#7964),#8288,.T.);
#8652=ADVANCED_FACE('',(#7965),#240,.F.);
#8653=ADVANCED_FACE('',(#7966),#241,.F.);
#8654=ADVANCED_FACE('',(#7967),#242,.F.);
#8655=ADVANCED_FACE('',(#7968),#243,.F.);
#8656=ADVANCED_FACE('',(#7969),#123,.T.);
#8657=ADVANCED_FACE('',(#7970),#244,.F.);
#8658=ADVANCED_FACE('',(#7971),#245,.F.);
#8659=ADVANCED_FACE('',(#7972),#246,.F.);
#8660=ADVANCED_FACE('',(#7973),#247,.F.);
#8661=ADVANCED_FACE('',(#7974),#248,.F.);
#8662=ADVANCED_FACE('',(#7975),#249,.F.);
#8663=ADVANCED_FACE('',(#7976),#250,.F.);
#8664=ADVANCED_FACE('',(#7977),#124,.T.);
#8665=ADVANCED_FACE('',(#7978),#8289,.T.);
#8666=ADVANCED_FACE('',(#7979),#251,.T.);
#8667=ADVANCED_FACE('',(#7980),#252,.T.);
#8668=ADVANCED_FACE('',(#7981),#253,.T.);
#8669=ADVANCED_FACE('',(#7982),#254,.T.);
#8670=ADVANCED_FACE('',(#7983),#255,.T.);
#8671=ADVANCED_FACE('',(#7984),#256,.T.);
#8672=ADVANCED_FACE('',(#7985),#257,.T.);
#8673=ADVANCED_FACE('',(#7986),#258,.T.);
#8674=ADVANCED_FACE('',(#7987),#259,.T.);
#8675=ADVANCED_FACE('',(#7988),#260,.T.);
#8676=ADVANCED_FACE('',(#7989),#261,.T.);
#8677=ADVANCED_FACE('',(#7990),#262,.T.);
#8678=ADVANCED_FACE('',(#7991),#263,.T.);
#8679=ADVANCED_FACE('',(#7992),#8290,.T.);
#8680=ADVANCED_FACE('',(#7993),#8291,.T.);
#8681=ADVANCED_FACE('',(#7994),#8292,.T.);
#8682=ADVANCED_FACE('',(#7995),#8293,.T.);
#8683=ADVANCED_FACE('',(#7996),#125,.T.);
#8684=ADVANCED_FACE('',(#7997),#126,.T.);
#8685=ADVANCED_FACE('',(#7998),#8294,.T.);
#8686=ADVANCED_FACE('',(#7999),#264,.F.);
#8687=ADVANCED_FACE('',(#8000),#265,.F.);
#8688=ADVANCED_FACE('',(#8001),#266,.F.);
#8689=ADVANCED_FACE('',(#8002),#127,.T.);
#8690=ADVANCED_FACE('',(#8003),#8295,.T.);
#8691=ADVANCED_FACE('',(#8004),#8296,.T.);
#8692=ADVANCED_FACE('',(#8005),#8297,.T.);
#8693=ADVANCED_FACE('',(#8006),#8298,.T.);
#8694=ADVANCED_FACE('',(#8007),#8299,.T.);
#8695=ADVANCED_FACE('',(#8008),#8300,.T.);
#8696=ADVANCED_FACE('',(#8009),#8301,.T.);
#8697=ADVANCED_FACE('',(#8010),#128,.T.);
#8698=ADVANCED_FACE('',(#8011),#129,.T.);
#8699=ADVANCED_FACE('',(#8012),#130,.T.);
#8700=ADVANCED_FACE('',(#8013),#131,.T.);
#8701=ADVANCED_FACE('',(#8014),#132,.T.);
#8702=ADVANCED_FACE('',(#8015),#8302,.T.);
#8703=ADVANCED_FACE('',(#8016),#8303,.T.);
#8704=ADVANCED_FACE('',(#8017),#133,.T.);
#8705=ADVANCED_FACE('',(#8018),#134,.T.);
#8706=ADVANCED_FACE('',(#8019),#8304,.T.);
#8707=ADVANCED_FACE('',(#8020),#8305,.T.);
#8708=ADVANCED_FACE('',(#8021),#8306,.T.);
#8709=ADVANCED_FACE('',(#8022),#135,.T.);
#8710=ADVANCED_FACE('',(#8023),#8307,.T.);
#8711=ADVANCED_FACE('',(#8024),#8308,.T.);
#8712=ADVANCED_FACE('',(#8025),#136,.T.);
#8713=ADVANCED_FACE('',(#8026),#137,.T.);
#8714=ADVANCED_FACE('',(#8027),#138,.T.);
#8715=ADVANCED_FACE('',(#8028),#139,.T.);
#8716=ADVANCED_FACE('',(#8029),#8309,.T.);
#8717=ADVANCED_FACE('',(#8030),#8310,.T.);
#8718=ADVANCED_FACE('',(#8031),#8311,.T.);
#8719=ADVANCED_FACE('',(#8032),#8312,.T.);
#8720=ADVANCED_FACE('',(#8033),#140,.T.);
#8721=ADVANCED_FACE('',(#8034),#267,.F.);
#8722=ADVANCED_FACE('',(#8035),#268,.F.);
#8723=ADVANCED_FACE('',(#8036),#269,.F.);
#8724=ADVANCED_FACE('',(#8037),#8313,.T.);
#8725=ADVANCED_FACE('',(#8038),#8314,.T.);
#8726=ADVANCED_FACE('',(#8039),#8315,.T.);
#8727=ADVANCED_FACE('',(#8040),#270,.T.);
#8728=ADVANCED_FACE('',(#8041),#141,.T.);
#8729=ADVANCED_FACE('',(#8042),#271,.T.);
#8730=ADVANCED_FACE('',(#8043),#142,.T.);
#8731=ADVANCED_FACE('',(#8044),#8316,.T.);
#8732=ADVANCED_FACE('',(#8045),#8317,.T.);
#8733=ADVANCED_FACE('',(#8046),#8318,.T.);
#8734=ADVANCED_FACE('',(#8047),#8319,.T.);
#8735=ADVANCED_FACE('',(#8048),#8320,.T.);
#8736=ADVANCED_FACE('',(#8049),#8321,.T.);
#8737=ADVANCED_FACE('',(#8050),#8322,.T.);
#8738=ADVANCED_FACE('',(#8051),#8323,.T.);
#8739=ADVANCED_FACE('',(#8052),#8324,.T.);
#8740=ADVANCED_FACE('',(#8053),#8325,.T.);
#8741=ADVANCED_FACE('',(#8054),#272,.T.);
#8742=ADVANCED_FACE('',(#8055),#143,.T.);
#8743=ADVANCED_FACE('',(#8056),#8326,.T.);
#8744=ADVANCED_FACE('',(#8057),#8327,.T.);
#8745=ADVANCED_FACE('',(#8058),#8328,.T.);
#8746=ADVANCED_FACE('',(#8059),#273,.F.);
#8747=ADVANCED_FACE('',(#8060),#144,.T.);
#8748=ADVANCED_FACE('',(#8061),#274,.F.);
#8749=ADVANCED_FACE('',(#8062),#275,.F.);
#8750=ADVANCED_FACE('',(#8063),#276,.F.);
#8751=ADVANCED_FACE('',(#8064),#8329,.T.);
#8752=ADVANCED_FACE('',(#8065),#8330,.T.);
#8753=ADVANCED_FACE('',(#8066),#8331,.T.);
#8754=ADVANCED_FACE('',(#8067),#277,.T.);
#8755=ADVANCED_FACE('',(#8068),#145,.T.);
#8756=ADVANCED_FACE('',(#8069),#8332,.T.);
#8757=ADVANCED_FACE('',(#8070),#8333,.T.);
#8758=ADVANCED_FACE('',(#8071),#8334,.T.);
#8759=ADVANCED_FACE('',(#8072),#146,.T.);
#8760=ADVANCED_FACE('',(#8073),#147,.T.);
#8761=ADVANCED_FACE('',(#8074),#148,.T.);
#8762=ADVANCED_FACE('',(#8075),#149,.T.);
#8763=ADVANCED_FACE('',(#8076),#150,.T.);
#8764=ADVANCED_FACE('',(#8077),#8335,.T.);
#8765=ADVANCED_FACE('',(#8078),#8336,.T.);
#8766=ADVANCED_FACE('',(#8079),#151,.T.);
#8767=ADVANCED_FACE('',(#8080),#152,.T.);
#8768=ADVANCED_FACE('',(#8081),#8337,.T.);
#8769=ADVANCED_FACE('',(#8082),#8338,.T.);
#8770=ADVANCED_FACE('',(#8083),#8339,.T.);
#8771=ADVANCED_FACE('',(#8084),#153,.T.);
#8772=ADVANCED_FACE('',(#8085),#8340,.T.);
#8773=ADVANCED_FACE('',(#8086),#8341,.T.);
#8774=ADVANCED_FACE('',(#8087),#154,.T.);
#8775=ADVANCED_FACE('',(#8088),#155,.T.);
#8776=ADVANCED_FACE('',(#8089),#156,.T.);
#8777=ADVANCED_FACE('',(#8090),#157,.T.);
#8778=ADVANCED_FACE('',(#8091),#8342,.T.);
#8779=ADVANCED_FACE('',(#8092),#8343,.T.);
#8780=ADVANCED_FACE('',(#8093),#158,.T.);
#8781=ADVANCED_FACE('',(#8094),#159,.T.);
#8782=ADVANCED_FACE('',(#8095),#160,.T.);
#8783=ADVANCED_FACE('',(#8096),#161,.T.);
#8784=ADVANCED_FACE('',(#8097),#162,.T.);
#8785=ADVANCED_FACE('',(#8098),#163,.T.);
#8786=ADVANCED_FACE('',(#8099),#8344,.T.);
#8787=ADVANCED_FACE('',(#8100),#278,.T.);
#8788=ADVANCED_FACE('',(#8101),#164,.T.);
#8789=ADVANCED_FACE('',(#8102),#165,.T.);
#8790=ADVANCED_FACE('',(#8103),#166,.T.);
#8791=ADVANCED_FACE('',(#8104),#167,.T.);
#8792=ADVANCED_FACE('',(#8105),#279,.T.);
#8793=ADVANCED_FACE('',(#8106),#8345,.T.);
#8794=ADVANCED_FACE('',(#8107),#8346,.T.);
#8795=ADVANCED_FACE('',(#8108),#8347,.T.);
#8796=ADVANCED_FACE('',(#8109),#280,.T.);
#8797=ADVANCED_FACE('',(#8110),#8348,.T.);
#8798=ADVANCED_FACE('',(#8111),#8349,.T.);
#8799=ADVANCED_FACE('',(#8112),#8350,.T.);
#8800=ADVANCED_FACE('',(#8113),#8351,.T.);
#8801=ADVANCED_FACE('',(#8114),#8352,.T.);
#8802=ADVANCED_FACE('',(#8115),#281,.F.);
#8803=ADVANCED_FACE('',(#8116),#168,.T.);
#8804=ADVANCED_FACE('',(#8117),#169,.T.);
#8805=ADVANCED_FACE('',(#8118),#8353,.T.);
#8806=ADVANCED_FACE('',(#8119),#8354,.T.);
#8807=ADVANCED_FACE('',(#8120),#8355,.T.);
#8808=ADVANCED_FACE('',(#8121),#170,.T.);
#8809=ADVANCED_FACE('',(#8122),#8356,.T.);
#8810=ADVANCED_FACE('',(#8123),#8357,.T.);
#8811=ADVANCED_FACE('',(#8124),#8358,.T.);
#8812=ADVANCED_FACE('',(#8125),#8359,.T.);
#8813=ADVANCED_FACE('',(#8126),#8360,.T.);
#8814=ADVANCED_FACE('',(#8127),#14,.F.);
#8815=ADVANCED_FACE('',(#8128),#8361,.F.);
#8816=ADVANCED_FACE('',(#8129),#8362,.F.);
#8817=ADVANCED_FACE('',(#8130),#15,.F.);
#8818=ADVANCED_FACE('',(#8131),#16,.F.);
#8819=ADVANCED_FACE('',(#8132),#8363,.F.);
#8820=ADVANCED_FACE('',(#8133),#8364,.F.);
#8821=ADVANCED_FACE('',(#8134),#17,.F.);
#8822=ADVANCED_FACE('',(#8135,#8136),#8365,.T.);
#8823=ADVANCED_FACE('',(#8137,#8138),#8366,.F.);
#8824=ADVANCED_FACE('',(#8139,#8140),#8367,.T.);
#8825=ADVANCED_FACE('',(#8141,#8142),#8368,.F.);
#8826=ADVANCED_FACE('',(#8143,#8144,#8145,#8146,#8147),#8369,.T.);
#8827=ADVANCED_FACE('',(#8148),#8370,.F.);
#8828=ADVANCED_FACE('',(#8149),#8371,.F.);
#8829=ADVANCED_FACE('',(#8150,#8151,#8152,#8153,#8154),#8372,.F.);
#8830=ADVANCED_FACE('',(#8155),#8373,.T.);
#8831=ADVANCED_FACE('',(#8156),#8374,.T.);
#8832=ADVANCED_FACE('',(#8157,#8158),#8375,.T.);
#8833=ADVANCED_FACE('',(#8159),#8376,.T.);
#8834=ADVANCED_FACE('',(#8160),#8377,.F.);
#8835=ADVANCED_FACE('',(#8161),#8378,.F.);
#8836=ADVANCED_FACE('',(#8162),#8379,.T.);
#8837=ADVANCED_FACE('',(#8163),#8380,.F.);
#8838=ADVANCED_FACE('',(#8164),#8381,.F.);
#8839=ADVANCED_FACE('',(#8165),#8382,.T.);
#8840=ADVANCED_FACE('',(#8166),#8383,.F.);
#8841=ADVANCED_FACE('',(#8167),#8384,.F.);
#8842=ADVANCED_FACE('',(#8168),#8385,.T.);
#8843=ADVANCED_FACE('',(#8169),#8386,.F.);
#8844=ADVANCED_FACE('',(#8170),#8387,.F.);
#8845=ADVANCED_FACE('',(#8171),#8388,.T.);
#8846=ADVANCED_FACE('',(#8172),#8389,.F.);
#8847=ADVANCED_FACE('',(#8173),#8390,.T.);
#8848=ADVANCED_FACE('',(#8174),#8391,.T.);
#8849=ADVANCED_FACE('',(#8175),#8392,.T.);
#8850=ADVANCED_FACE('',(#8176),#8393,.T.);
#8851=ADVANCED_FACE('',(#8177),#8394,.T.);
#8852=ADVANCED_FACE('',(#8178,#8179,#8180,#8181,#8182),#8395,.T.);
#8853=ADVANCED_FACE('',(#8183),#8396,.T.);
#8854=ADVANCED_FACE('',(#8184),#8397,.T.);
#8855=ADVANCED_FACE('',(#8185),#8398,.T.);
#8856=ADVANCED_FACE('',(#8186),#8399,.T.);
#8857=ADVANCED_FACE('',(#8187),#8400,.T.);
#8858=ADVANCED_FACE('',(#8188),#8401,.F.);
#8859=ADVANCED_FACE('',(#8189),#8402,.F.);
#8860=ADVANCED_FACE('',(#8190),#8403,.T.);
#8861=ADVANCED_FACE('',(#8191),#282,.F.);
#8862=ADVANCED_FACE('',(#8192),#283,.F.);
#8863=ADVANCED_FACE('',(#8193),#284,.F.);
#8864=ADVANCED_FACE('',(#8194),#285,.F.);
#8865=ADVANCED_FACE('',(#8195),#286,.F.);
#8866=ADVANCED_FACE('',(#8196),#287,.F.);
#8867=ADVANCED_FACE('',(#8197),#288,.F.);
#8868=ADVANCED_FACE('',(#8198),#289,.F.);
#8869=ADVANCED_FACE('',(#8199),#290,.T.);
#8870=ADVANCED_FACE('',(#8200),#291,.T.);
#8871=ADVANCED_FACE('',(#8201),#292,.T.);
#8872=ADVANCED_FACE('',(#8202),#293,.T.);
#8873=ADVANCED_FACE('',(#8203,#8204),#294,.F.);
#8874=ADVANCED_FACE('',(#8205,#8206),#295,.F.);
#8875=ADVANCED_FACE('',(#8207,#8208),#296,.F.);
#8876=ADVANCED_FACE('',(#8209,#8210),#297,.F.);
#8877=ADVANCED_FACE('',(#8211),#8404,.T.);
#8878=ADVANCED_FACE('',(#8212),#8405,.F.);
#8879=ADVANCED_FACE('',(#8213),#8406,.F.);
#8880=ADVANCED_FACE('',(#8214),#8407,.T.);
#8881=ADVANCED_FACE('',(#8215),#298,.F.);
#8882=ADVANCED_FACE('',(#8216),#299,.F.);
#8883=ADVANCED_FACE('',(#8217),#300,.F.);
#8884=ADVANCED_FACE('',(#8218),#301,.F.);
#8885=CLOSED_SHELL('',(#8408,#8409,#8410,#8411,#8412,#8413,#8414,#8415,
#8416,#8417,#8418,#8419,#8420,#8421,#8422,#8423,#8424,#8425,#8426,#8427,
#8428,#8429,#8430,#8431,#8432,#8433,#8434,#8435,#8436,#8437,#8438,#8439,
#8440,#8441,#8442,#8443,#8444,#8445,#8446,#8447,#8448,#8449,#8450,#8451,
#8452,#8453,#8454,#8455,#8456,#8457,#8458,#8459,#8460,#8461,#8462,#8463,
#8464,#8465,#8466,#8467,#8468,#8469,#8470,#8471,#8472,#8473,#8474,#8475,
#8476,#8477,#8478,#8479,#8480,#8481,#8482,#8483,#8484,#8485,#8486,#8487,
#8488,#8489,#8490,#8491,#8492,#8493,#8494,#8495,#8496,#8497,#8498,#8499,
#8500,#8501,#8502,#8503,#8504,#8505,#8506,#8507,#8508,#8509,#8510,#8511,
#8512,#8513,#8514,#8515,#8516,#8517,#8518,#8519,#8520,#8521,#8522,#8523,
#8524,#8525,#8526,#8527,#8528,#8529,#8530,#8531,#8532,#8533,#8534,#8535,
#8536,#8537,#8538,#8539,#8540,#8541,#8542,#8543,#8544,#8545,#8546,#8547,
#8548,#8549,#8550,#8551,#8552,#8553,#8554,#8555,#8556,#8557,#8558,#8559,
#8560,#8561,#8562,#8563,#8564,#8565,#8566,#8567,#8568,#8569,#8570,#8571,
#8572,#8573,#8574,#8575,#8576,#8577,#8578,#8579,#8580,#8581,#8582,#8583,
#8584,#8585,#8586,#8587,#8588,#8589,#8590,#8591,#8592,#8593,#8594,#8595,
#8596,#8597,#8598,#8599,#8600,#8601,#8602,#8603,#8604,#8605,#8606,#8607,
#8608,#8609,#8610,#8611,#8612,#8613,#8614,#8615,#8616,#8617,#8618,#8619,
#8620,#8621,#8622,#8623,#8624,#8625,#8626,#8627,#8628,#8629,#8630,#8631,
#8632,#8633,#8634,#8635,#8636,#8637,#8638,#8639,#8640,#8641,#8642,#8643,
#8644,#8645,#8646,#8647,#8648,#8649,#8650,#8651,#8652,#8653,#8654,#8655,
#8656,#8657,#8658,#8659,#8660,#8661,#8662,#8663,#8664,#8665,#8666,#8667,
#8668,#8669,#8670,#8671,#8672,#8673,#8674,#8675,#8676,#8677,#8678,#8679,
#8680,#8681,#8682,#8683,#8684,#8685,#8686,#8687,#8688,#8689,#8690,#8691,
#8692,#8693,#8694,#8695,#8696,#8697,#8698,#8699,#8700,#8701,#8702,#8703,
#8704,#8705,#8706,#8707,#8708,#8709,#8710,#8711,#8712,#8713,#8714,#8715,
#8716,#8717,#8718,#8719,#8720,#8721,#8722,#8723,#8724,#8725,#8726,#8727,
#8728,#8729,#8730,#8731,#8732,#8733,#8734,#8735,#8736,#8737,#8738,#8739,
#8740,#8741,#8742,#8743,#8744,#8745,#8746,#8747,#8748,#8749,#8750,#8751,
#8752,#8753,#8754,#8755,#8756,#8757,#8758,#8759,#8760,#8761,#8762,#8763,
#8764,#8765,#8766,#8767,#8768,#8769,#8770,#8771,#8772,#8773,#8774,#8775,
#8776,#8777,#8778,#8779,#8780,#8781,#8782,#8783,#8784,#8785,#8786,#8787,
#8788,#8789,#8790,#8791,#8792,#8793,#8794,#8795,#8796,#8797,#8798,#8799,
#8800,#8801,#8802,#8803,#8804,#8805,#8806,#8807,#8808,#8809,#8810,#8811,
#8812,#8813,#8814,#8815,#8816,#8817,#8818,#8819,#8820,#8821));
#8886=CLOSED_SHELL('',(#8822,#8823,#8824,#8825,#8826,#8827,#8828,#8829,
#8830,#8831,#8832,#8833,#8834,#8835,#8836,#8837,#8838,#8839,#8840,#8841,
#8842,#8843,#8844,#8845,#8846,#8847,#8848,#8849,#8850,#8851,#8852,#8853,
#8854,#8855,#8856,#8857,#8858,#8859,#8860,#8861,#8862,#8863,#8864,#8865,
#8866,#8867,#8868,#8869,#8870,#8871,#8872,#8873,#8874,#8875,#8876,#8877,
#8878,#8879,#8880,#8881,#8882,#8883,#8884));
#8887=STYLED_ITEM('',(#8889),#8903);
#8888=STYLED_ITEM('',(#8890),#8904);
#8889=PRESENTATION_STYLE_ASSIGNMENT((#8891));
#8890=PRESENTATION_STYLE_ASSIGNMENT((#8892));
#8891=SURFACE_STYLE_USAGE(.BOTH.,#8893);
#8892=SURFACE_STYLE_USAGE(.BOTH.,#8894);
#8893=SURFACE_SIDE_STYLE('',(#8895));
#8894=SURFACE_SIDE_STYLE('',(#8896));
#8895=SURFACE_STYLE_FILL_AREA(#8897);
#8896=SURFACE_STYLE_FILL_AREA(#8898);
#8897=FILL_AREA_STYLE('',(#8899));
#8898=FILL_AREA_STYLE('',(#8900));
#8899=FILL_AREA_STYLE_COLOUR('',#8901);
#8900=FILL_AREA_STYLE_COLOUR('',#8902);
#8901=COLOUR_RGB('',0.647058823529412,0.647058823529412,0.647058823529412);
#8902=COLOUR_RGB('',0.4,0.4,0.4);
#8903=MANIFOLD_SOLID_BREP('Part 2',#8885);
#8904=MANIFOLD_SOLID_BREP('Part 1',#8886);
#8905=SHAPE_DEFINITION_REPRESENTATION(#15779,#8907);
#8906=SHAPE_DEFINITION_REPRESENTATION(#15780,#8908);
#8907=SHAPE_REPRESENTATION('Part 2',(#8909),#15769);
#8908=SHAPE_REPRESENTATION('Part 1',(#9393),#15770);
#8909=AXIS2_PLACEMENT_3D('',#11418,#9497,#9498);
#8910=AXIS2_PLACEMENT_3D('',#11419,#9499,#9500);
#8911=AXIS2_PLACEMENT_3D('',#11439,#9504,#9505);
#8912=AXIS2_PLACEMENT_3D('',#11441,#9506,#9507);
#8913=AXIS2_PLACEMENT_3D('',#11459,#9508,#9509);
#8914=AXIS2_PLACEMENT_3D('',#11461,#9510,#9511);
#8915=AXIS2_PLACEMENT_3D('',#11463,#9512,#9513);
#8916=AXIS2_PLACEMENT_3D('',#11479,#9517,#9518);
#8917=AXIS2_PLACEMENT_3D('',#11481,#9519,#9520);
#8918=AXIS2_PLACEMENT_3D('',#11483,#9521,#9522);
#8919=AXIS2_PLACEMENT_3D('',#11485,#9523,#9524);
#8920=AXIS2_PLACEMENT_3D('',#11487,#9525,#9526);
#8921=AXIS2_PLACEMENT_3D('',#11509,#9529,#9530);
#8922=AXIS2_PLACEMENT_3D('',#11515,#9531,#9532);
#8923=AXIS2_PLACEMENT_3D('',#11523,#9536,#9537);
#8924=AXIS2_PLACEMENT_3D('',#11525,#9538,#9539);
#8925=AXIS2_PLACEMENT_3D('',#11527,#9540,#9541);
#8926=AXIS2_PLACEMENT_3D('',#11543,#9543,#9544);
#8927=AXIS2_PLACEMENT_3D('',#11545,#9545,#9546);
#8928=AXIS2_PLACEMENT_3D('',#11547,#9547,#9548);
#8929=AXIS2_PLACEMENT_3D('',#11549,#9549,#9550);
#8930=AXIS2_PLACEMENT_3D('',#11551,#9551,#9552);
#8931=AXIS2_PLACEMENT_3D('',#11553,#9553,#9554);
#8932=AXIS2_PLACEMENT_3D('',#11555,#9555,#9556);
#8933=AXIS2_PLACEMENT_3D('',#11557,#9557,#9558);
#8934=AXIS2_PLACEMENT_3D('',#11563,#9559,#9560);
#8935=AXIS2_PLACEMENT_3D('',#11565,#9561,#9562);
#8936=AXIS2_PLACEMENT_3D('',#11567,#9563,#9564);
#8937=AXIS2_PLACEMENT_3D('',#11649,#9571,#9572);
#8938=AXIS2_PLACEMENT_3D('',#11655,#9573,#9574);
#8939=AXIS2_PLACEMENT_3D('',#11663,#9578,#9579);
#8940=AXIS2_PLACEMENT_3D('',#11665,#9580,#9581);
#8941=AXIS2_PLACEMENT_3D('',#11667,#9582,#9583);
#8942=AXIS2_PLACEMENT_3D('',#11674,#9585,#9586);
#8943=AXIS2_PLACEMENT_3D('',#11679,#9588,#9589);
#8944=AXIS2_PLACEMENT_3D('',#11683,#9591,#9592);
#8945=AXIS2_PLACEMENT_3D('',#11687,#9594,#9595);
#8946=AXIS2_PLACEMENT_3D('',#11699,#9597,#9598);
#8947=AXIS2_PLACEMENT_3D('',#11709,#9599,#9600);
#8948=AXIS2_PLACEMENT_3D('',#11727,#9601,#9602);
#8949=AXIS2_PLACEMENT_3D('',#11737,#9603,#9604);
#8950=AXIS2_PLACEMENT_3D('',#11755,#9605,#9606);
#8951=AXIS2_PLACEMENT_3D('',#11757,#9607,#9608);
#8952=AXIS2_PLACEMENT_3D('',#11759,#9609,#9610);
#8953=AXIS2_PLACEMENT_3D('',#11761,#9611,#9612);
#8954=AXIS2_PLACEMENT_3D('',#11763,#9613,#9614);
#8955=AXIS2_PLACEMENT_3D('',#11765,#9615,#9616);
#8956=AXIS2_PLACEMENT_3D('',#11767,#9617,#9618);
#8957=AXIS2_PLACEMENT_3D('',#11769,#9619,#9620);
#8958=AXIS2_PLACEMENT_3D('',#11775,#9621,#9622);
#8959=AXIS2_PLACEMENT_3D('',#11777,#9623,#9624);
#8960=AXIS2_PLACEMENT_3D('',#11779,#9625,#9626);
#8961=AXIS2_PLACEMENT_3D('',#11825,#9635,#9636);
#8962=AXIS2_PLACEMENT_3D('',#11827,#9637,#9638);
#8963=AXIS2_PLACEMENT_3D('',#11829,#9639,#9640);
#8964=AXIS2_PLACEMENT_3D('',#11921,#9650,#9651);
#8965=AXIS2_PLACEMENT_3D('',#11923,#9652,#9653);
#8966=AXIS2_PLACEMENT_3D('',#11925,#9654,#9655);
#8967=AXIS2_PLACEMENT_3D('',#11927,#9656,#9657);
#8968=AXIS2_PLACEMENT_3D('',#11929,#9658,#9659);
#8969=AXIS2_PLACEMENT_3D('',#11931,#9660,#9661);
#8970=AXIS2_PLACEMENT_3D('',#11933,#9662,#9663);
#8971=AXIS2_PLACEMENT_3D('',#11935,#9664,#9665);
#8972=AXIS2_PLACEMENT_3D('',#11937,#9666,#9667);
#8973=AXIS2_PLACEMENT_3D('',#11939,#9668,#9669);
#8974=AXIS2_PLACEMENT_3D('',#11941,#9670,#9671);
#8975=AXIS2_PLACEMENT_3D('',#11943,#9672,#9673);
#8976=AXIS2_PLACEMENT_3D('',#11945,#9674,#9675);
#8977=AXIS2_PLACEMENT_3D('',#11953,#9677,#9678);
#8978=AXIS2_PLACEMENT_3D('',#11955,#9679,#9680);
#8979=AXIS2_PLACEMENT_3D('',#11957,#9681,#9682);
#8980=AXIS2_PLACEMENT_3D('',#11959,#9683,#9684);
#8981=AXIS2_PLACEMENT_3D('',#11961,#9685,#9686);
#8982=AXIS2_PLACEMENT_3D('',#11963,#9687,#9688);
#8983=AXIS2_PLACEMENT_3D('',#11965,#9689,#9690);
#8984=AXIS2_PLACEMENT_3D('',#11971,#9691,#9692);
#8985=AXIS2_PLACEMENT_3D('',#11973,#9693,#9694);
#8986=AXIS2_PLACEMENT_3D('',#11975,#9695,#9696);
#8987=AXIS2_PLACEMENT_3D('',#11977,#9697,#9698);
#8988=AXIS2_PLACEMENT_3D('',#11999,#9707,#9708);
#8989=AXIS2_PLACEMENT_3D('',#12001,#9709,#9710);
#8990=AXIS2_PLACEMENT_3D('',#12003,#9711,#9712);
#8991=AXIS2_PLACEMENT_3D('',#12089,#9725,#9726);
#8992=AXIS2_PLACEMENT_3D('',#12095,#9727,#9728);
#8993=AXIS2_PLACEMENT_3D('',#12103,#9732,#9733);
#8994=AXIS2_PLACEMENT_3D('',#12105,#9734,#9735);
#8995=AXIS2_PLACEMENT_3D('',#12107,#9736,#9737);
#8996=AXIS2_PLACEMENT_3D('',#12135,#9747,#9748);
#8997=AXIS2_PLACEMENT_3D('',#12143,#9750,#9751);
#8998=AXIS2_PLACEMENT_3D('',#12151,#9755,#9756);
#8999=AXIS2_PLACEMENT_3D('',#12153,#9757,#9758);
#9000=AXIS2_PLACEMENT_3D('',#12155,#9759,#9760);
#9001=AXIS2_PLACEMENT_3D('',#12161,#9761,#9762);
#9002=AXIS2_PLACEMENT_3D('',#12239,#9775,#9776);
#9003=AXIS2_PLACEMENT_3D('',#12257,#9777,#9778);
#9004=AXIS2_PLACEMENT_3D('',#12305,#9786,#9787);
#9005=AXIS2_PLACEMENT_3D('',#12317,#9793,#9794);
#9006=AXIS2_PLACEMENT_3D('',#12318,#9795,#9796);
#9007=AXIS2_PLACEMENT_3D('',#12319,#9797,#9798);
#9008=AXIS2_PLACEMENT_3D('',#12324,#9800,#9801);
#9009=AXIS2_PLACEMENT_3D('',#12328,#9803,#9804);
#9010=AXIS2_PLACEMENT_3D('',#12332,#9806,#9807);
#9011=AXIS2_PLACEMENT_3D('',#12335,#9809,#9810);
#9012=AXIS2_PLACEMENT_3D('',#12340,#9812,#9813);
#9013=AXIS2_PLACEMENT_3D('',#12344,#9815,#9816);
#9014=AXIS2_PLACEMENT_3D('',#12348,#9818,#9819);
#9015=AXIS2_PLACEMENT_3D('',#12351,#9821,#9822);
#9016=AXIS2_PLACEMENT_3D('',#12354,#9825,#9826);
#9017=AXIS2_PLACEMENT_3D('',#12356,#9828,#9829);
#9018=AXIS2_PLACEMENT_3D('',#12358,#9831,#9832);
#9019=AXIS2_PLACEMENT_3D('',#12360,#9834,#9835);
#9020=AXIS2_PLACEMENT_3D('',#12362,#9837,#9838);
#9021=AXIS2_PLACEMENT_3D('',#12364,#9840,#9841);
#9022=AXIS2_PLACEMENT_3D('',#12366,#9843,#9844);
#9023=AXIS2_PLACEMENT_3D('',#12367,#9845,#9846);
#9024=AXIS2_PLACEMENT_3D('',#12370,#9848,#9849);
#9025=AXIS2_PLACEMENT_3D('',#12373,#9851,#9852);
#9026=AXIS2_PLACEMENT_3D('',#12377,#9855,#9856);
#9027=AXIS2_PLACEMENT_3D('',#12378,#9857,#9858);
#9028=AXIS2_PLACEMENT_3D('',#12381,#9860,#9861);
#9029=AXIS2_PLACEMENT_3D('',#12385,#9864,#9865);
#9030=AXIS2_PLACEMENT_3D('',#12386,#9866,#9867);
#9031=AXIS2_PLACEMENT_3D('',#12389,#9869,#9870);
#9032=AXIS2_PLACEMENT_3D('',#12393,#9873,#9874);
#9033=AXIS2_PLACEMENT_3D('',#12394,#9875,#9876);
#9034=AXIS2_PLACEMENT_3D('',#12397,#9878,#9879);
#9035=AXIS2_PLACEMENT_3D('',#12399,#9881,#9882);
#9036=AXIS2_PLACEMENT_3D('',#12403,#9884,#9885);
#9037=AXIS2_PLACEMENT_3D('',#12407,#9887,#9888);
#9038=AXIS2_PLACEMENT_3D('',#12411,#9890,#9891);
#9039=AXIS2_PLACEMENT_3D('',#12415,#9893,#9894);
#9040=AXIS2_PLACEMENT_3D('',#12416,#9895,#9896);
#9041=AXIS2_PLACEMENT_3D('',#12419,#9898,#9899);
#9042=AXIS2_PLACEMENT_3D('',#12422,#9901,#9902);
#9043=AXIS2_PLACEMENT_3D('',#12426,#9905,#9906);
#9044=AXIS2_PLACEMENT_3D('',#12429,#9908,#9909);
#9045=AXIS2_PLACEMENT_3D('',#12430,#9910,#9911);
#9046=AXIS2_PLACEMENT_3D('',#12434,#9914,#9915);
#9047=AXIS2_PLACEMENT_3D('',#12437,#9917,#9918);
#9048=AXIS2_PLACEMENT_3D('',#12438,#9919,#9920);
#9049=AXIS2_PLACEMENT_3D('',#12442,#9923,#9924);
#9050=AXIS2_PLACEMENT_3D('',#12445,#9926,#9927);
#9051=AXIS2_PLACEMENT_3D('',#12446,#9928,#9929);
#9052=AXIS2_PLACEMENT_3D('',#12448,#9931,#9932);
#9053=AXIS2_PLACEMENT_3D('',#12498,#9941,#9942);
#9054=AXIS2_PLACEMENT_3D('',#12501,#9944,#9945);
#9055=AXIS2_PLACEMENT_3D('',#12528,#9948,#9949);
#9056=AXIS2_PLACEMENT_3D('',#12531,#9951,#9952);
#9057=AXIS2_PLACEMENT_3D('',#12584,#9957,#9958);
#9058=AXIS2_PLACEMENT_3D('',#12587,#9960,#9961);
#9059=AXIS2_PLACEMENT_3D('',#12614,#9964,#9965);
#9060=AXIS2_PLACEMENT_3D('',#12617,#9967,#9968);
#9061=AXIS2_PLACEMENT_3D('',#12618,#9969,#9970);
#9062=AXIS2_PLACEMENT_3D('',#12619,#9971,#9972);
#9063=AXIS2_PLACEMENT_3D('',#12624,#9974,#9975);
#9064=AXIS2_PLACEMENT_3D('',#12627,#9977,#9978);
#9065=AXIS2_PLACEMENT_3D('',#12628,#9979,#9980);
#9066=AXIS2_PLACEMENT_3D('',#12632,#9982,#9983);
#9067=AXIS2_PLACEMENT_3D('',#12650,#9985,#9986);
#9068=AXIS2_PLACEMENT_3D('',#12651,#9987,#9988);
#9069=AXIS2_PLACEMENT_3D('',#12655,#9990,#9991);
#9070=AXIS2_PLACEMENT_3D('',#12690,#9994,#9995);
#9071=AXIS2_PLACEMENT_3D('',#12691,#9996,#9997);
#9072=AXIS2_PLACEMENT_3D('',#12695,#9999,#10000);
#9073=AXIS2_PLACEMENT_3D('',#12713,#10002,#10003);
#9074=AXIS2_PLACEMENT_3D('',#12714,#10004,#10005);
#9075=AXIS2_PLACEMENT_3D('',#12718,#10007,#10008);
#9076=AXIS2_PLACEMENT_3D('',#12719,#10009,#10010);
#9077=AXIS2_PLACEMENT_3D('',#12720,#10011,#10012);
#9078=AXIS2_PLACEMENT_3D('',#12724,#10014,#10015);
#9079=AXIS2_PLACEMENT_3D('',#12742,#10017,#10018);
#9080=AXIS2_PLACEMENT_3D('',#12743,#10019,#10020);
#9081=AXIS2_PLACEMENT_3D('',#12747,#10022,#10023);
#9082=AXIS2_PLACEMENT_3D('',#12782,#10026,#10027);
#9083=AXIS2_PLACEMENT_3D('',#12783,#10028,#10029);
#9084=AXIS2_PLACEMENT_3D('',#12787,#10031,#10032);
#9085=AXIS2_PLACEMENT_3D('',#12813,#10033,#10034);
#9086=AXIS2_PLACEMENT_3D('',#12814,#10035,#10036);
#9087=AXIS2_PLACEMENT_3D('',#12815,#10037,#10038);
#9088=AXIS2_PLACEMENT_3D('',#12821,#10042,#10043);
#9089=AXIS2_PLACEMENT_3D('',#12825,#10046,#10047);
#9090=AXIS2_PLACEMENT_3D('',#12842,#10051,#10052);
#9091=AXIS2_PLACEMENT_3D('',#12845,#10054,#10055);
#9092=AXIS2_PLACEMENT_3D('',#12846,#10056,#10057);
#9093=AXIS2_PLACEMENT_3D('',#12849,#10059,#10060);
#9094=AXIS2_PLACEMENT_3D('',#12850,#10061,#10062);
#9095=AXIS2_PLACEMENT_3D('',#12853,#10064,#10065);
#9096=AXIS2_PLACEMENT_3D('',#12854,#10066,#10067);
#9097=AXIS2_PLACEMENT_3D('',#12858,#10070,#10071);
#9098=AXIS2_PLACEMENT_3D('',#12862,#10074,#10075);
#9099=AXIS2_PLACEMENT_3D('',#12866,#10078,#10079);
#9100=AXIS2_PLACEMENT_3D('',#12869,#10081,#10082);
#9101=AXIS2_PLACEMENT_3D('',#12883,#10084,#10085);
#9102=AXIS2_PLACEMENT_3D('',#12886,#10087,#10088);
#9103=AXIS2_PLACEMENT_3D('',#12898,#10089,#10090);
#9104=AXIS2_PLACEMENT_3D('',#12979,#10098,#10099);
#9105=AXIS2_PLACEMENT_3D('',#13100,#10111,#10112);
#9106=AXIS2_PLACEMENT_3D('',#13104,#10115,#10116);
#9107=AXIS2_PLACEMENT_3D('',#13108,#10119,#10120);
#9108=AXIS2_PLACEMENT_3D('',#13123,#10123,#10124);
#9109=AXIS2_PLACEMENT_3D('',#13274,#10136,#10137);
#9110=AXIS2_PLACEMENT_3D('',#13277,#10139,#10140);
#9111=AXIS2_PLACEMENT_3D('',#13278,#10141,#10142);
#9112=AXIS2_PLACEMENT_3D('',#13281,#10144,#10145);
#9113=AXIS2_PLACEMENT_3D('',#13282,#10146,#10147);
#9114=AXIS2_PLACEMENT_3D('',#13285,#10149,#10150);
#9115=AXIS2_PLACEMENT_3D('',#13299,#10152,#10153);
#9116=AXIS2_PLACEMENT_3D('',#13302,#10155,#10156);
#9117=AXIS2_PLACEMENT_3D('',#13303,#10157,#10158);
#9118=AXIS2_PLACEMENT_3D('',#13306,#10160,#10161);
#9119=AXIS2_PLACEMENT_3D('',#13307,#10162,#10163);
#9120=AXIS2_PLACEMENT_3D('',#13310,#10165,#10166);
#9121=AXIS2_PLACEMENT_3D('',#13311,#10167,#10168);
#9122=AXIS2_PLACEMENT_3D('',#13314,#10170,#10171);
#9123=AXIS2_PLACEMENT_3D('',#13315,#10172,#10173);
#9124=AXIS2_PLACEMENT_3D('',#13318,#10175,#10176);
#9125=AXIS2_PLACEMENT_3D('',#13319,#10177,#10178);
#9126=AXIS2_PLACEMENT_3D('',#13322,#10180,#10181);
#9127=AXIS2_PLACEMENT_3D('',#13323,#10182,#10183);
#9128=AXIS2_PLACEMENT_3D('',#13326,#10185,#10186);
#9129=AXIS2_PLACEMENT_3D('',#13327,#10187,#10188);
#9130=AXIS2_PLACEMENT_3D('',#13328,#10189,#10190);
#9131=AXIS2_PLACEMENT_3D('',#13343,#10191,#10192);
#9132=AXIS2_PLACEMENT_3D('',#13494,#10204,#10205);
#9133=AXIS2_PLACEMENT_3D('',#13497,#10207,#10208);
#9134=AXIS2_PLACEMENT_3D('',#13498,#10209,#10210);
#9135=AXIS2_PLACEMENT_3D('',#13501,#10212,#10213);
#9136=AXIS2_PLACEMENT_3D('',#13502,#10214,#10215);
#9137=AXIS2_PLACEMENT_3D('',#13505,#10217,#10218);
#9138=AXIS2_PLACEMENT_3D('',#13519,#10220,#10221);
#9139=AXIS2_PLACEMENT_3D('',#13522,#10223,#10224);
#9140=AXIS2_PLACEMENT_3D('',#13523,#10225,#10226);
#9141=AXIS2_PLACEMENT_3D('',#13526,#10228,#10229);
#9142=AXIS2_PLACEMENT_3D('',#13527,#10230,#10231);
#9143=AXIS2_PLACEMENT_3D('',#13530,#10233,#10234);
#9144=AXIS2_PLACEMENT_3D('',#13531,#10235,#10236);
#9145=AXIS2_PLACEMENT_3D('',#13534,#10238,#10239);
#9146=AXIS2_PLACEMENT_3D('',#13535,#10240,#10241);
#9147=AXIS2_PLACEMENT_3D('',#13538,#10243,#10244);
#9148=AXIS2_PLACEMENT_3D('',#13539,#10245,#10246);
#9149=AXIS2_PLACEMENT_3D('',#13542,#10248,#10249);
#9150=AXIS2_PLACEMENT_3D('',#13543,#10250,#10251);
#9151=AXIS2_PLACEMENT_3D('',#13546,#10253,#10254);
#9152=AXIS2_PLACEMENT_3D('',#13547,#10255,#10256);
#9153=AXIS2_PLACEMENT_3D('',#13548,#10257,#10258);
#9154=AXIS2_PLACEMENT_3D('',#13563,#10259,#10260);
#9155=AXIS2_PLACEMENT_3D('',#13564,#10261,#10262);
#9156=AXIS2_PLACEMENT_3D('',#13570,#10266,#10267);
#9157=AXIS2_PLACEMENT_3D('',#13574,#10270,#10271);
#9158=AXIS2_PLACEMENT_3D('',#13591,#10275,#10276);
#9159=AXIS2_PLACEMENT_3D('',#13594,#10278,#10279);
#9160=AXIS2_PLACEMENT_3D('',#13595,#10280,#10281);
#9161=AXIS2_PLACEMENT_3D('',#13598,#10283,#10284);
#9162=AXIS2_PLACEMENT_3D('',#13599,#10285,#10286);
#9163=AXIS2_PLACEMENT_3D('',#13602,#10288,#10289);
#9164=AXIS2_PLACEMENT_3D('',#13603,#10290,#10291);
#9165=AXIS2_PLACEMENT_3D('',#13607,#10294,#10295);
#9166=AXIS2_PLACEMENT_3D('',#13611,#10298,#10299);
#9167=AXIS2_PLACEMENT_3D('',#13615,#10302,#10303);
#9168=AXIS2_PLACEMENT_3D('',#13618,#10305,#10306);
#9169=AXIS2_PLACEMENT_3D('',#13632,#10308,#10309);
#9170=AXIS2_PLACEMENT_3D('',#13635,#10311,#10312);
#9171=AXIS2_PLACEMENT_3D('',#13647,#10313,#10314);
#9172=AXIS2_PLACEMENT_3D('',#13648,#10315,#10316);
#9173=AXIS2_PLACEMENT_3D('',#13654,#10320,#10321);
#9174=AXIS2_PLACEMENT_3D('',#13697,#10327,#10328);
#9175=AXIS2_PLACEMENT_3D('',#13700,#10330,#10331);
#9176=AXIS2_PLACEMENT_3D('',#13701,#10332,#10333);
#9177=AXIS2_PLACEMENT_3D('',#13704,#10335,#10336);
#9178=AXIS2_PLACEMENT_3D('',#13705,#10337,#10338);
#9179=AXIS2_PLACEMENT_3D('',#13708,#10340,#10341);
#9180=AXIS2_PLACEMENT_3D('',#13709,#10342,#10343);
#9181=AXIS2_PLACEMENT_3D('',#13712,#10345,#10346);
#9182=AXIS2_PLACEMENT_3D('',#13713,#10347,#10348);
#9183=AXIS2_PLACEMENT_3D('',#13716,#10350,#10351);
#9184=AXIS2_PLACEMENT_3D('',#13743,#10354,#10355);
#9185=AXIS2_PLACEMENT_3D('',#13747,#10358,#10359);
#9186=AXIS2_PLACEMENT_3D('',#13751,#10362,#10363);
#9187=AXIS2_PLACEMENT_3D('',#13755,#10366,#10367);
#9188=AXIS2_PLACEMENT_3D('',#13758,#10369,#10370);
#9189=AXIS2_PLACEMENT_3D('',#13759,#10371,#10372);
#9190=AXIS2_PLACEMENT_3D('',#13762,#10374,#10375);
#9191=AXIS2_PLACEMENT_3D('',#13763,#10376,#10377);
#9192=AXIS2_PLACEMENT_3D('',#13766,#10379,#10380);
#9193=AXIS2_PLACEMENT_3D('',#13819,#10385,#10386);
#9194=AXIS2_PLACEMENT_3D('',#13822,#10388,#10389);
#9195=AXIS2_PLACEMENT_3D('',#13823,#10390,#10391);
#9196=AXIS2_PLACEMENT_3D('',#13826,#10393,#10394);
#9197=AXIS2_PLACEMENT_3D('',#13866,#10398,#10399);
#9198=AXIS2_PLACEMENT_3D('',#13868,#10401,#10402);
#9199=AXIS2_PLACEMENT_3D('',#13889,#10405,#10406);
#9200=AXIS2_PLACEMENT_3D('',#13895,#10410,#10411);
#9201=AXIS2_PLACEMENT_3D('',#13901,#10415,#10416);
#9202=AXIS2_PLACEMENT_3D('',#13982,#10426,#10427);
#9203=AXIS2_PLACEMENT_3D('',#13986,#10430,#10431);
#9204=AXIS2_PLACEMENT_3D('',#13990,#10434,#10435);
#9205=AXIS2_PLACEMENT_3D('',#14019,#10438,#10439);
#9206=AXIS2_PLACEMENT_3D('',#14020,#10440,#10441);
#9207=AXIS2_PLACEMENT_3D('',#14026,#10445,#10446);
#9208=AXIS2_PLACEMENT_3D('',#14030,#10449,#10450);
#9209=AXIS2_PLACEMENT_3D('',#14034,#10453,#10454);
#9210=AXIS2_PLACEMENT_3D('',#14038,#10457,#10458);
#9211=AXIS2_PLACEMENT_3D('',#14068,#10463,#10464);
#9212=AXIS2_PLACEMENT_3D('',#14071,#10466,#10467);
#9213=AXIS2_PLACEMENT_3D('',#14072,#10468,#10469);
#9214=AXIS2_PLACEMENT_3D('',#14075,#10471,#10472);
#9215=AXIS2_PLACEMENT_3D('',#14076,#10473,#10474);
#9216=AXIS2_PLACEMENT_3D('',#14079,#10476,#10477);
#9217=AXIS2_PLACEMENT_3D('',#14080,#10478,#10479);
#9218=AXIS2_PLACEMENT_3D('',#14084,#10482,#10483);
#9219=AXIS2_PLACEMENT_3D('',#14088,#10486,#10487);
#9220=AXIS2_PLACEMENT_3D('',#14129,#10492,#10493);
#9221=AXIS2_PLACEMENT_3D('',#14210,#10501,#10502);
#9222=AXIS2_PLACEMENT_3D('',#14331,#10514,#10515);
#9223=AXIS2_PLACEMENT_3D('',#14335,#10518,#10519);
#9224=AXIS2_PLACEMENT_3D('',#14339,#10522,#10523);
#9225=AXIS2_PLACEMENT_3D('',#14354,#10526,#10527);
#9226=AXIS2_PLACEMENT_3D('',#14355,#10528,#10529);
#9227=AXIS2_PLACEMENT_3D('',#14361,#10533,#10534);
#9228=AXIS2_PLACEMENT_3D('',#14365,#10537,#10538);
#9229=AXIS2_PLACEMENT_3D('',#14369,#10541,#10542);
#9230=AXIS2_PLACEMENT_3D('',#14372,#10544,#10545);
#9231=AXIS2_PLACEMENT_3D('',#14373,#10546,#10547);
#9232=AXIS2_PLACEMENT_3D('',#14376,#10549,#10550);
#9233=AXIS2_PLACEMENT_3D('',#14377,#10551,#10552);
#9234=AXIS2_PLACEMENT_3D('',#14380,#10554,#10555);
#9235=AXIS2_PLACEMENT_3D('',#14381,#10556,#10557);
#9236=AXIS2_PLACEMENT_3D('',#14384,#10559,#10560);
#9237=AXIS2_PLACEMENT_3D('',#14398,#10562,#10563);
#9238=AXIS2_PLACEMENT_3D('',#14401,#10565,#10566);
#9239=AXIS2_PLACEMENT_3D('',#14402,#10567,#10568);
#9240=AXIS2_PLACEMENT_3D('',#14405,#10570,#10571);
#9241=AXIS2_PLACEMENT_3D('',#14406,#10572,#10573);
#9242=AXIS2_PLACEMENT_3D('',#14409,#10575,#10576);
#9243=AXIS2_PLACEMENT_3D('',#14410,#10577,#10578);
#9244=AXIS2_PLACEMENT_3D('',#14413,#10580,#10581);
#9245=AXIS2_PLACEMENT_3D('',#14414,#10582,#10583);
#9246=AXIS2_PLACEMENT_3D('',#14417,#10585,#10586);
#9247=AXIS2_PLACEMENT_3D('',#14418,#10587,#10588);
#9248=AXIS2_PLACEMENT_3D('',#14421,#10590,#10591);
#9249=AXIS2_PLACEMENT_3D('',#14422,#10592,#10593);
#9250=AXIS2_PLACEMENT_3D('',#14425,#10595,#10596);
#9251=AXIS2_PLACEMENT_3D('',#14439,#10598,#10599);
#9252=AXIS2_PLACEMENT_3D('',#14443,#10602,#10603);
#9253=AXIS2_PLACEMENT_3D('',#14446,#10605,#10606);
#9254=AXIS2_PLACEMENT_3D('',#14447,#10607,#10608);
#9255=AXIS2_PLACEMENT_3D('',#14450,#10610,#10611);
#9256=AXIS2_PLACEMENT_3D('',#14451,#10612,#10613);
#9257=AXIS2_PLACEMENT_3D('',#14454,#10615,#10616);
#9258=AXIS2_PLACEMENT_3D('',#14455,#10617,#10618);
#9259=AXIS2_PLACEMENT_3D('',#14458,#10620,#10621);
#9260=AXIS2_PLACEMENT_3D('',#14459,#10622,#10623);
#9261=AXIS2_PLACEMENT_3D('',#14462,#10625,#10626);
#9262=AXIS2_PLACEMENT_3D('',#14463,#10627,#10628);
#9263=AXIS2_PLACEMENT_3D('',#14466,#10630,#10631);
#9264=AXIS2_PLACEMENT_3D('',#14467,#10632,#10633);
#9265=AXIS2_PLACEMENT_3D('',#14470,#10635,#10636);
#9266=AXIS2_PLACEMENT_3D('',#14471,#10637,#10638);
#9267=AXIS2_PLACEMENT_3D('',#14474,#10640,#10641);
#9268=AXIS2_PLACEMENT_3D('',#14475,#10642,#10643);
#9269=AXIS2_PLACEMENT_3D('',#14478,#10645,#10646);
#9270=AXIS2_PLACEMENT_3D('',#14479,#10647,#10648);
#9271=AXIS2_PLACEMENT_3D('',#14482,#10650,#10651);
#9272=AXIS2_PLACEMENT_3D('',#14483,#10652,#10653);
#9273=AXIS2_PLACEMENT_3D('',#14486,#10655,#10656);
#9274=AXIS2_PLACEMENT_3D('',#14487,#10657,#10658);
#9275=AXIS2_PLACEMENT_3D('',#14490,#10660,#10661);
#9276=AXIS2_PLACEMENT_3D('',#14491,#10662,#10663);
#9277=AXIS2_PLACEMENT_3D('',#14492,#10664,#10665);
#9278=AXIS2_PLACEMENT_3D('',#14493,#10666,#10667);
#9279=AXIS2_PLACEMENT_3D('',#14494,#10668,#10669);
#9280=AXIS2_PLACEMENT_3D('',#14500,#10673,#10674);
#9281=AXIS2_PLACEMENT_3D('',#14504,#10677,#10678);
#9282=AXIS2_PLACEMENT_3D('',#14534,#10683,#10684);
#9283=AXIS2_PLACEMENT_3D('',#14538,#10687,#10688);
#9284=AXIS2_PLACEMENT_3D('',#14541,#10690,#10691);
#9285=AXIS2_PLACEMENT_3D('',#14542,#10692,#10693);
#9286=AXIS2_PLACEMENT_3D('',#14545,#10695,#10696);
#9287=AXIS2_PLACEMENT_3D('',#14546,#10697,#10698);
#9288=AXIS2_PLACEMENT_3D('',#14549,#10700,#10701);
#9289=AXIS2_PLACEMENT_3D('',#14563,#10703,#10704);
#9290=AXIS2_PLACEMENT_3D('',#14567,#10707,#10708);
#9291=AXIS2_PLACEMENT_3D('',#14571,#10711,#10712);
#9292=AXIS2_PLACEMENT_3D('',#14575,#10715,#10716);
#9293=AXIS2_PLACEMENT_3D('',#14579,#10719,#10720);
#9294=AXIS2_PLACEMENT_3D('',#14581,#10722,#10723);
#9295=AXIS2_PLACEMENT_3D('',#14582,#10724,#10725);
#9296=AXIS2_PLACEMENT_3D('',#14653,#10734,#10735);
#9297=AXIS2_PLACEMENT_3D('',#14657,#10738,#10739);
#9298=AXIS2_PLACEMENT_3D('',#14687,#10744,#10745);
#9299=AXIS2_PLACEMENT_3D('',#14691,#10748,#10749);
#9300=AXIS2_PLACEMENT_3D('',#14695,#10752,#10753);
#9301=AXIS2_PLACEMENT_3D('',#14712,#10757,#10758);
#9302=AXIS2_PLACEMENT_3D('',#14716,#10761,#10762);
#9303=AXIS2_PLACEMENT_3D('',#14770,#10768,#10769);
#9304=AXIS2_PLACEMENT_3D('',#14771,#10770,#10771);
#9305=AXIS2_PLACEMENT_3D('',#14777,#10775,#10776);
#9306=AXIS2_PLACEMENT_3D('',#14781,#10779,#10780);
#9307=AXIS2_PLACEMENT_3D('',#14798,#10784,#10785);
#9308=AXIS2_PLACEMENT_3D('',#14801,#10787,#10788);
#9309=AXIS2_PLACEMENT_3D('',#14802,#10789,#10790);
#9310=AXIS2_PLACEMENT_3D('',#14805,#10792,#10793);
#9311=AXIS2_PLACEMENT_3D('',#14806,#10794,#10795);
#9312=AXIS2_PLACEMENT_3D('',#14809,#10797,#10798);
#9313=AXIS2_PLACEMENT_3D('',#14810,#10799,#10800);
#9314=AXIS2_PLACEMENT_3D('',#14814,#10803,#10804);
#9315=AXIS2_PLACEMENT_3D('',#14818,#10807,#10808);
#9316=AXIS2_PLACEMENT_3D('',#14822,#10811,#10812);
#9317=AXIS2_PLACEMENT_3D('',#14825,#10814,#10815);
#9318=AXIS2_PLACEMENT_3D('',#14839,#10817,#10818);
#9319=AXIS2_PLACEMENT_3D('',#14842,#10820,#10821);
#9320=AXIS2_PLACEMENT_3D('',#14854,#10822,#10823);
#9321=AXIS2_PLACEMENT_3D('',#14855,#10824,#10825);
#9322=AXIS2_PLACEMENT_3D('',#14861,#10829,#10830);
#9323=AXIS2_PLACEMENT_3D('',#14865,#10833,#10834);
#9324=AXIS2_PLACEMENT_3D('',#14869,#10837,#10838);
#9325=AXIS2_PLACEMENT_3D('',#14873,#10841,#10842);
#9326=AXIS2_PLACEMENT_3D('',#14877,#10845,#10846);
#9327=AXIS2_PLACEMENT_3D('',#14881,#10849,#10850);
#9328=AXIS2_PLACEMENT_3D('',#14885,#10853,#10854);
#9329=AXIS2_PLACEMENT_3D('',#14887,#10856,#10857);
#9330=AXIS2_PLACEMENT_3D('',#14888,#10858,#10859);
#9331=AXIS2_PLACEMENT_3D('',#14891,#10861,#10862);
#9332=AXIS2_PLACEMENT_3D('',#14907,#10865,#10866);
#9333=AXIS2_PLACEMENT_3D('',#14911,#10869,#10870);
#9334=AXIS2_PLACEMENT_3D('',#14915,#10873,#10874);
#9335=AXIS2_PLACEMENT_3D('',#14919,#10877,#10878);
#9336=AXIS2_PLACEMENT_3D('',#14922,#10880,#10881);
#9337=AXIS2_PLACEMENT_3D('',#14936,#10883,#10884);
#9338=AXIS2_PLACEMENT_3D('',#14939,#10886,#10887);
#9339=AXIS2_PLACEMENT_3D('',#14940,#10888,#10889);
#9340=AXIS2_PLACEMENT_3D('',#14943,#10891,#10892);
#9341=AXIS2_PLACEMENT_3D('',#14944,#10893,#10894);
#9342=AXIS2_PLACEMENT_3D('',#14947,#10896,#10897);
#9343=AXIS2_PLACEMENT_3D('',#14948,#10898,#10899);
#9344=AXIS2_PLACEMENT_3D('',#14952,#10902,#10903);
#9345=AXIS2_PLACEMENT_3D('',#14956,#10906,#10907);
#9346=AXIS2_PLACEMENT_3D('',#14960,#10910,#10911);
#9347=AXIS2_PLACEMENT_3D('',#14963,#10913,#10914);
#9348=AXIS2_PLACEMENT_3D('',#14977,#10916,#10917);
#9349=AXIS2_PLACEMENT_3D('',#14979,#10919,#10920);
#9350=AXIS2_PLACEMENT_3D('',#14980,#10921,#10922);
#9351=AXIS2_PLACEMENT_3D('',#15051,#10931,#10932);
#9352=AXIS2_PLACEMENT_3D('',#15055,#10935,#10936);
#9353=AXIS2_PLACEMENT_3D('',#15085,#10941,#10942);
#9354=AXIS2_PLACEMENT_3D('',#15089,#10945,#10946);
#9355=AXIS2_PLACEMENT_3D('',#15093,#10949,#10950);
#9356=AXIS2_PLACEMENT_3D('',#15110,#10954,#10955);
#9357=AXIS2_PLACEMENT_3D('',#15114,#10958,#10959);
#9358=AXIS2_PLACEMENT_3D('',#15168,#10965,#10966);
#9359=AXIS2_PLACEMENT_3D('',#15169,#10967,#10968);
#9360=AXIS2_PLACEMENT_3D('',#15253,#10978,#10979);
#9361=AXIS2_PLACEMENT_3D('',#15257,#10982,#10983);
#9362=AXIS2_PLACEMENT_3D('',#15260,#10985,#10986);
#9363=AXIS2_PLACEMENT_3D('',#15313,#10991,#10992);
#9364=AXIS2_PLACEMENT_3D('',#15314,#10993,#10994);
#9365=AXIS2_PLACEMENT_3D('',#15315,#10995,#10996);
#9366=AXIS2_PLACEMENT_3D('',#15316,#10997,#10998);
#9367=AXIS2_PLACEMENT_3D('',#15322,#11002,#11003);
#9368=AXIS2_PLACEMENT_3D('',#15326,#11006,#11007);
#9369=AXIS2_PLACEMENT_3D('',#15329,#11009,#11010);
#9370=AXIS2_PLACEMENT_3D('',#15330,#11011,#11012);
#9371=AXIS2_PLACEMENT_3D('',#15334,#11015,#11016);
#9372=AXIS2_PLACEMENT_3D('',#15338,#11019,#11020);
#9373=AXIS2_PLACEMENT_3D('',#15342,#11023,#11024);
#9374=AXIS2_PLACEMENT_3D('',#15346,#11027,#11028);
#9375=AXIS2_PLACEMENT_3D('',#15350,#11031,#11032);
#9376=AXIS2_PLACEMENT_3D('',#15353,#11034,#11035);
#9377=AXIS2_PLACEMENT_3D('',#15380,#11038,#11039);
#9378=AXIS2_PLACEMENT_3D('',#15384,#11042,#11043);
#9379=AXIS2_PLACEMENT_3D('',#15388,#11046,#11047);
#9380=AXIS2_PLACEMENT_3D('',#15405,#11051,#11052);
#9381=AXIS2_PLACEMENT_3D('',#15407,#11054,#11055);
#9382=AXIS2_PLACEMENT_3D('',#15408,#11056,#11057);
#9383=AXIS2_PLACEMENT_3D('',#15409,#11058,#11059);
#9384=AXIS2_PLACEMENT_3D('',#15410,#11060,#11061);
#9385=AXIS2_PLACEMENT_3D('',#15411,#11062,#11063);
#9386=AXIS2_PLACEMENT_3D('',#15414,#11066,#11067);
#9387=AXIS2_PLACEMENT_3D('',#15416,#11069,#11070);
#9388=AXIS2_PLACEMENT_3D('',#15418,#11072,#11073);
#9389=AXIS2_PLACEMENT_3D('',#15420,#11075,#11076);
#9390=AXIS2_PLACEMENT_3D('',#15422,#11078,#11079);
#9391=AXIS2_PLACEMENT_3D('',#15424,#11081,#11082);
#9392=AXIS2_PLACEMENT_3D('',#15426,#11084,#11085);
#9393=AXIS2_PLACEMENT_3D('',#15427,#11086,#11087);
#9394=AXIS2_PLACEMENT_3D('',#15428,#11088,#11089);
#9395=AXIS2_PLACEMENT_3D('',#15440,#11095,#11096);
#9396=AXIS2_PLACEMENT_3D('',#15444,#11098,#11099);
#9397=AXIS2_PLACEMENT_3D('',#15448,#11101,#11102);
#9398=AXIS2_PLACEMENT_3D('',#15452,#11104,#11105);
#9399=AXIS2_PLACEMENT_3D('',#15453,#11106,#11107);
#9400=AXIS2_PLACEMENT_3D('',#15465,#11113,#11114);
#9401=AXIS2_PLACEMENT_3D('',#15469,#11116,#11117);
#9402=AXIS2_PLACEMENT_3D('',#15473,#11119,#11120);
#9403=AXIS2_PLACEMENT_3D('',#15477,#11122,#11123);
#9404=AXIS2_PLACEMENT_3D('',#15478,#11124,#11125);
#9405=AXIS2_PLACEMENT_3D('',#15490,#11131,#11132);
#9406=AXIS2_PLACEMENT_3D('',#15494,#11134,#11135);
#9407=AXIS2_PLACEMENT_3D('',#15498,#11137,#11138);
#9408=AXIS2_PLACEMENT_3D('',#15502,#11140,#11141);
#9409=AXIS2_PLACEMENT_3D('',#15503,#11142,#11143);
#9410=AXIS2_PLACEMENT_3D('',#15515,#11149,#11150);
#9411=AXIS2_PLACEMENT_3D('',#15519,#11152,#11153);
#9412=AXIS2_PLACEMENT_3D('',#15523,#11155,#11156);
#9413=AXIS2_PLACEMENT_3D('',#15527,#11158,#11159);
#9414=AXIS2_PLACEMENT_3D('',#15528,#11160,#11161);
#9415=AXIS2_PLACEMENT_3D('',#15529,#11162,#11163);
#9416=AXIS2_PLACEMENT_3D('',#15531,#11164,#11165);
#9417=AXIS2_PLACEMENT_3D('',#15533,#11166,#11167);
#9418=AXIS2_PLACEMENT_3D('',#15535,#11168,#11169);
#9419=AXIS2_PLACEMENT_3D('',#15540,#11171,#11172);
#9420=AXIS2_PLACEMENT_3D('',#15544,#11174,#11175);
#9421=AXIS2_PLACEMENT_3D('',#15545,#11176,#11177);
#9422=AXIS2_PLACEMENT_3D('',#15546,#11178,#11179);
#9423=AXIS2_PLACEMENT_3D('',#15555,#11184,#11185);
#9424=AXIS2_PLACEMENT_3D('',#15564,#11190,#11191);
#9425=AXIS2_PLACEMENT_3D('',#15573,#11196,#11197);
#9426=AXIS2_PLACEMENT_3D('',#15574,#11198,#11199);
#9427=AXIS2_PLACEMENT_3D('',#15576,#11200,#11201);
#9428=AXIS2_PLACEMENT_3D('',#15578,#11202,#11203);
#9429=AXIS2_PLACEMENT_3D('',#15580,#11204,#11205);
#9430=AXIS2_PLACEMENT_3D('',#15582,#11206,#11207);
#9431=AXIS2_PLACEMENT_3D('',#15583,#11208,#11209);
#9432=AXIS2_PLACEMENT_3D('',#15584,#11210,#11211);
#9433=AXIS2_PLACEMENT_3D('',#15585,#11212,#11213);
#9434=AXIS2_PLACEMENT_3D('',#15586,#11214,#11215);
#9435=AXIS2_PLACEMENT_3D('',#15597,#11222,#11223);
#9436=AXIS2_PLACEMENT_3D('',#15603,#11227,#11228);
#9437=AXIS2_PLACEMENT_3D('',#15604,#11229,#11230);
#9438=AXIS2_PLACEMENT_3D('',#15605,#11231,#11232);
#9439=AXIS2_PLACEMENT_3D('',#15606,#11233,#11234);
#9440=AXIS2_PLACEMENT_3D('',#15607,#11235,#11236);
#9441=AXIS2_PLACEMENT_3D('',#15608,#11237,#11238);
#9442=AXIS2_PLACEMENT_3D('',#15609,#11239,#11240);
#9443=AXIS2_PLACEMENT_3D('',#15610,#11241,#11242);
#9444=AXIS2_PLACEMENT_3D('',#15611,#11243,#11244);
#9445=AXIS2_PLACEMENT_3D('',#15612,#11245,#11246);
#9446=AXIS2_PLACEMENT_3D('',#15621,#11251,#11252);
#9447=AXIS2_PLACEMENT_3D('',#15627,#11256,#11257);
#9448=AXIS2_PLACEMENT_3D('',#15633,#11261,#11262);
#9449=AXIS2_PLACEMENT_3D('',#15642,#11267,#11268);
#9450=AXIS2_PLACEMENT_3D('',#15648,#11272,#11273);
#9451=AXIS2_PLACEMENT_3D('',#15654,#11277,#11278);
#9452=AXIS2_PLACEMENT_3D('',#15663,#11283,#11284);
#9453=AXIS2_PLACEMENT_3D('',#15669,#11288,#11289);
#9454=AXIS2_PLACEMENT_3D('',#15675,#11293,#11294);
#9455=AXIS2_PLACEMENT_3D('',#15684,#11299,#11300);
#9456=AXIS2_PLACEMENT_3D('',#15690,#11304,#11305);
#9457=AXIS2_PLACEMENT_3D('',#15696,#11309,#11310);
#9458=AXIS2_PLACEMENT_3D('',#15700,#11313,#11314);
#9459=AXIS2_PLACEMENT_3D('',#15704,#11317,#11318);
#9460=AXIS2_PLACEMENT_3D('',#15707,#11321,#11322);
#9461=AXIS2_PLACEMENT_3D('',#15710,#11325,#11326);
#9462=AXIS2_PLACEMENT_3D('',#15713,#11329,#11330);
#9463=AXIS2_PLACEMENT_3D('',#15715,#11332,#11333);
#9464=AXIS2_PLACEMENT_3D('',#15718,#11336,#11337);
#9465=AXIS2_PLACEMENT_3D('',#15719,#11338,#11339);
#9466=AXIS2_PLACEMENT_3D('',#15720,#11340,#11341);
#9467=AXIS2_PLACEMENT_3D('',#15721,#11342,#11343);
#9468=AXIS2_PLACEMENT_3D('',#15722,#11344,#11345);
#9469=AXIS2_PLACEMENT_3D('',#15723,#11346,#11347);
#9470=AXIS2_PLACEMENT_3D('',#15726,#11350,#11351);
#9471=AXIS2_PLACEMENT_3D('',#15729,#11354,#11355);
#9472=AXIS2_PLACEMENT_3D('',#15732,#11358,#11359);
#9473=AXIS2_PLACEMENT_3D('',#15735,#11362,#11363);
#9474=AXIS2_PLACEMENT_3D('',#15736,#11364,#11365);
#9475=AXIS2_PLACEMENT_3D('',#15737,#11366,#11367);
#9476=AXIS2_PLACEMENT_3D('',#15738,#11368,#11369);
#9477=AXIS2_PLACEMENT_3D('',#15739,#11370,#11371);
#9478=AXIS2_PLACEMENT_3D('',#15740,#11372,#11373);
#9479=AXIS2_PLACEMENT_3D('',#15741,#11374,#11375);
#9480=AXIS2_PLACEMENT_3D('',#15742,#11376,#11377);
#9481=AXIS2_PLACEMENT_3D('',#15743,#11378,#11379);
#9482=AXIS2_PLACEMENT_3D('',#15744,#11380,#11381);
#9483=AXIS2_PLACEMENT_3D('',#15745,#11382,#11383);
#9484=AXIS2_PLACEMENT_3D('',#15746,#11384,#11385);
#9485=AXIS2_PLACEMENT_3D('',#15747,#11386,#11387);
#9486=AXIS2_PLACEMENT_3D('',#15748,#11388,#11389);
#9487=AXIS2_PLACEMENT_3D('',#15749,#11390,#11391);
#9488=AXIS2_PLACEMENT_3D('',#15750,#11392,#11393);
#9489=AXIS2_PLACEMENT_3D('',#15751,#11394,#11395);
#9490=AXIS2_PLACEMENT_3D('',#15754,#11398,#11399);
#9491=AXIS2_PLACEMENT_3D('',#15757,#11402,#11403);
#9492=AXIS2_PLACEMENT_3D('',#15760,#11406,#11407);
#9493=AXIS2_PLACEMENT_3D('',#15763,#11410,#11411);
#9494=AXIS2_PLACEMENT_3D('',#15764,#11412,#11413);
#9495=AXIS2_PLACEMENT_3D('',#15765,#11414,#11415);
#9496=AXIS2_PLACEMENT_3D('',#15766,#11416,#11417);
#9497=DIRECTION('',(0.,0.,1.));
#9498=DIRECTION('',(1.,0.,0.));
#9499=DIRECTION('',(0.,0.,1.));
#9500=DIRECTION('',(1.,0.,0.));
#9501=DIRECTION('',(1.,0.,0.));
#9502=DIRECTION('',(0.,-1.,0.));
#9503=DIRECTION('',(-1.,0.,0.));
#9504=DIRECTION('',(0.,0.,-1.));
#9505=DIRECTION('',(-1.,0.,0.));
#9506=DIRECTION('',(0.,0.,-1.));
#9507=DIRECTION('',(-1.,0.,0.));
#9508=DIRECTION('',(0.,0.,-1.));
#9509=DIRECTION('',(-1.,0.,0.));
#9510=DIRECTION('',(0.,0.,-1.));
#9511=DIRECTION('',(-1.,0.,0.));
#9512=DIRECTION('',(0.,0.,-1.));
#9513=DIRECTION('',(-1.,0.,0.));
#9514=DIRECTION('',(-1.,0.,0.));
#9515=DIRECTION('',(0.,1.,0.));
#9516=DIRECTION('',(1.,0.,0.));
#9517=DIRECTION('',(0.,0.,-1.));
#9518=DIRECTION('',(-1.,0.,0.));
#9519=DIRECTION('',(0.,0.,-1.));
#9520=DIRECTION('',(-1.,0.,0.));
#9521=DIRECTION('',(0.,0.,-1.));
#9522=DIRECTION('',(-1.,0.,0.));
#9523=DIRECTION('',(0.,0.,-1.));
#9524=DIRECTION('',(-1.,0.,0.));
#9525=DIRECTION('',(0.,0.,-1.));
#9526=DIRECTION('',(-1.,0.,0.));
#9527=DIRECTION('',(-1.,0.,0.));
#9528=DIRECTION('',(0.,1.,0.));
#9529=DIRECTION('',(0.,0.,-1.));
#9530=DIRECTION('',(-1.,0.,0.));
#9531=DIRECTION('',(0.,0.,-1.));
#9532=DIRECTION('',(-1.,0.,0.));
#9533=DIRECTION('',(1.,0.,0.));
#9534=DIRECTION('',(0.,-1.,0.));
#9535=DIRECTION('',(-1.,0.,0.));
#9536=DIRECTION('',(0.,0.,-1.));
#9537=DIRECTION('',(-1.,0.,0.));
#9538=DIRECTION('',(0.,0.,-1.));
#9539=DIRECTION('',(-1.,0.,0.));
#9540=DIRECTION('',(0.,0.,-1.));
#9541=DIRECTION('',(-1.,0.,0.));
#9542=DIRECTION('',(0.,-1.,0.));
#9543=DIRECTION('',(0.,0.,-1.));
#9544=DIRECTION('',(-1.,0.,0.));
#9545=DIRECTION('',(0.,0.,-1.));
#9546=DIRECTION('',(-1.,0.,0.));
#9547=DIRECTION('',(0.,0.,-1.));
#9548=DIRECTION('',(-1.,0.,0.));
#9549=DIRECTION('',(0.,0.,-1.));
#9550=DIRECTION('',(-1.,0.,0.));
#9551=DIRECTION('',(0.,0.,-1.));
#9552=DIRECTION('',(-1.,0.,0.));
#9553=DIRECTION('',(0.,0.,-1.));
#9554=DIRECTION('',(-1.,0.,0.));
#9555=DIRECTION('',(0.,0.,-1.));
#9556=DIRECTION('',(-1.,0.,0.));
#9557=DIRECTION('',(0.,0.,-1.));
#9558=DIRECTION('',(-1.,0.,0.));
#9559=DIRECTION('',(0.,0.,-1.));
#9560=DIRECTION('',(-1.,0.,0.));
#9561=DIRECTION('',(0.,0.,-1.));
#9562=DIRECTION('',(-1.,0.,0.));
#9563=DIRECTION('',(0.,0.,-1.));
#9564=DIRECTION('',(-1.,0.,0.));
#9565=DIRECTION('',(-1.,0.,0.));
#9566=DIRECTION('',(0.,1.,0.));
#9567=DIRECTION('',(1.,0.,0.));
#9568=DIRECTION('',(0.712652459189151,-0.70151726451432,0.));
#9569=DIRECTION('',(-1.,0.,0.));
#9570=DIRECTION('',(0.,1.,0.));
#9571=DIRECTION('',(0.,0.,-1.));
#9572=DIRECTION('',(-1.,0.,0.));
#9573=DIRECTION('',(0.,0.,-1.));
#9574=DIRECTION('',(-1.,0.,0.));
#9575=DIRECTION('',(1.,0.,0.));
#9576=DIRECTION('',(0.,-1.,0.));
#9577=DIRECTION('',(-1.,0.,0.));
#9578=DIRECTION('',(0.,0.,-1.));
#9579=DIRECTION('',(-1.,0.,0.));
#9580=DIRECTION('',(0.,0.,-1.));
#9581=DIRECTION('',(-1.,0.,0.));
#9582=DIRECTION('',(0.,0.,-1.));
#9583=DIRECTION('',(-1.,0.,0.));
#9584=DIRECTION('',(0.,-1.,0.));
#9585=DIRECTION('',(0.,0.,1.));
#9586=DIRECTION('',(1.,0.,0.));
#9587=DIRECTION('',(1.,0.,0.));
#9588=DIRECTION('',(0.,0.,1.));
#9589=DIRECTION('',(1.,0.,0.));
#9590=DIRECTION('',(5.65670698688089E-17,-1.,0.));
#9591=DIRECTION('',(0.,0.,1.));
#9592=DIRECTION('',(1.,0.,0.));
#9593=DIRECTION('',(1.,0.,0.));
#9594=DIRECTION('',(0.,0.,1.));
#9595=DIRECTION('',(1.,0.,0.));
#9596=DIRECTION('',(0.,-1.,0.));
#9597=DIRECTION('',(0.,0.,-1.));
#9598=DIRECTION('',(-1.,0.,0.));
#9599=DIRECTION('',(0.,0.,-1.));
#9600=DIRECTION('',(-1.,0.,0.));
#9601=DIRECTION('',(0.,0.,-1.));
#9602=DIRECTION('',(-1.,0.,0.));
#9603=DIRECTION('',(0.,0.,-1.));
#9604=DIRECTION('',(-1.,0.,0.));
#9605=DIRECTION('',(0.,0.,-1.));
#9606=DIRECTION('',(-1.,0.,0.));
#9607=DIRECTION('',(0.,0.,-1.));
#9608=DIRECTION('',(-1.,0.,0.));
#9609=DIRECTION('',(0.,0.,-1.));
#9610=DIRECTION('',(-1.,0.,0.));
#9611=DIRECTION('',(0.,0.,-1.));
#9612=DIRECTION('',(-1.,0.,0.));
#9613=DIRECTION('',(0.,0.,-1.));
#9614=DIRECTION('',(-1.,0.,0.));
#9615=DIRECTION('',(0.,0.,-1.));
#9616=DIRECTION('',(-1.,0.,0.));
#9617=DIRECTION('',(0.,0.,-1.));
#9618=DIRECTION('',(-1.,0.,0.));
#9619=DIRECTION('',(0.,0.,-1.));
#9620=DIRECTION('',(-1.,0.,0.));
#9621=DIRECTION('',(0.,0.,-1.));
#9622=DIRECTION('',(-1.,0.,0.));
#9623=DIRECTION('',(0.,0.,-1.));
#9624=DIRECTION('',(-1.,0.,0.));
#9625=DIRECTION('',(0.,0.,-1.));
#9626=DIRECTION('',(-1.,0.,0.));
#9627=DIRECTION('',(-1.,0.,0.));
#9628=DIRECTION('',(0.,1.,0.));
#9629=DIRECTION('',(1.,0.,0.));
#9630=DIRECTION('',(0.,1.,0.));
#9631=DIRECTION('',(1.,0.,0.));
#9632=DIRECTION('',(0.,-1.,0.));
#9633=DIRECTION('',(-1.,0.,0.));
#9634=DIRECTION('',(0.,1.,0.));
#9635=DIRECTION('',(0.,0.,-1.));
#9636=DIRECTION('',(-1.,0.,0.));
#9637=DIRECTION('',(0.,0.,-1.));
#9638=DIRECTION('',(-1.,0.,0.));
#9639=DIRECTION('',(0.,0.,-1.));
#9640=DIRECTION('',(-1.,0.,0.));
#9641=DIRECTION('',(-1.,0.,0.));
#9642=DIRECTION('',(0.,-1.,0.));
#9643=DIRECTION('',(-1.,0.,0.));
#9644=DIRECTION('',(-1.,0.,0.));
#9645=DIRECTION('',(0.,1.,0.));
#9646=DIRECTION('',(1.,0.,0.));
#9647=DIRECTION('',(0.712652459189145,-0.701517264514327,0.));
#9648=DIRECTION('',(-1.,0.,0.));
#9649=DIRECTION('',(0.,1.,0.));
#9650=DIRECTION('',(0.,0.,-1.));
#9651=DIRECTION('',(-1.,0.,0.));
#9652=DIRECTION('',(0.,0.,-1.));
#9653=DIRECTION('',(-1.,0.,0.));
#9654=DIRECTION('',(0.,0.,-1.));
#9655=DIRECTION('',(-1.,0.,0.));
#9656=DIRECTION('',(0.,0.,-1.));
#9657=DIRECTION('',(-1.,0.,0.));
#9658=DIRECTION('',(0.,0.,-1.));
#9659=DIRECTION('',(-1.,0.,0.));
#9660=DIRECTION('',(0.,0.,-1.));
#9661=DIRECTION('',(-1.,0.,0.));
#9662=DIRECTION('',(0.,0.,-1.));
#9663=DIRECTION('',(-1.,0.,0.));
#9664=DIRECTION('',(0.,0.,-1.));
#9665=DIRECTION('',(-1.,0.,0.));
#9666=DIRECTION('',(0.,0.,-1.));
#9667=DIRECTION('',(-1.,0.,0.));
#9668=DIRECTION('',(0.,0.,-1.));
#9669=DIRECTION('',(-1.,0.,0.));
#9670=DIRECTION('',(0.,0.,-1.));
#9671=DIRECTION('',(-1.,0.,0.));
#9672=DIRECTION('',(0.,0.,-1.));
#9673=DIRECTION('',(-1.,0.,0.));
#9674=DIRECTION('',(0.,0.,-1.));
#9675=DIRECTION('',(-1.,0.,0.));
#9676=DIRECTION('',(0.,1.,0.));
#9677=DIRECTION('',(0.,0.,-1.));
#9678=DIRECTION('',(-1.,0.,0.));
#9679=DIRECTION('',(0.,0.,-1.));
#9680=DIRECTION('',(-1.,0.,0.));
#9681=DIRECTION('',(0.,0.,-1.));
#9682=DIRECTION('',(-1.,0.,0.));
#9683=DIRECTION('',(0.,0.,-1.));
#9684=DIRECTION('',(-1.,0.,0.));
#9685=DIRECTION('',(0.,0.,-1.));
#9686=DIRECTION('',(-1.,0.,0.));
#9687=DIRECTION('',(0.,0.,-1.));
#9688=DIRECTION('',(-1.,0.,0.));
#9689=DIRECTION('',(0.,0.,-1.));
#9690=DIRECTION('',(-1.,0.,0.));
#9691=DIRECTION('',(0.,0.,-1.));
#9692=DIRECTION('',(-1.,0.,0.));
#9693=DIRECTION('',(0.,0.,-1.));
#9694=DIRECTION('',(-1.,0.,0.));
#9695=DIRECTION('',(0.,0.,-1.));
#9696=DIRECTION('',(-1.,0.,0.));
#9697=DIRECTION('',(0.,0.,-1.));
#9698=DIRECTION('',(-1.,0.,0.));
#9699=DIRECTION('',(0.,-1.,0.));
#9700=DIRECTION('',(-1.,0.,0.));
#9701=DIRECTION('',(0.707106781186548,0.707106781186548,0.));
#9702=DIRECTION('',(0.,-1.,0.));
#9703=DIRECTION('',(1.,0.,0.));
#9704=DIRECTION('',(0.,-1.,0.));
#9705=DIRECTION('',(-1.,0.,0.));
#9706=DIRECTION('',(0.,-1.,0.));
#9707=DIRECTION('',(0.,0.,-1.));
#9708=DIRECTION('',(-1.,0.,0.));
#9709=DIRECTION('',(0.,0.,-1.));
#9710=DIRECTION('',(-1.,0.,0.));
#9711=DIRECTION('',(0.,0.,-1.));
#9712=DIRECTION('',(-1.,0.,0.));
#9713=DIRECTION('',(0.,-1.,0.));
#9714=DIRECTION('',(0.,1.,0.));
#9715=DIRECTION('',(0.,-1.,0.));
#9716=DIRECTION('',(1.,0.,0.));
#9717=DIRECTION('',(0.,1.,0.));
#9718=DIRECTION('',(-1.,0.,0.));
#9719=DIRECTION('',(0.,1.,0.));
#9720=DIRECTION('',(1.,0.,0.));
#9721=DIRECTION('',(0.,-1.,0.));
#9722=DIRECTION('',(-1.,0.,0.));
#9723=DIRECTION('',(-1.,0.,0.));
#9724=DIRECTION('',(0.,1.,0.));
#9725=DIRECTION('',(0.,0.,-1.));
#9726=DIRECTION('',(-1.,0.,0.));
#9727=DIRECTION('',(0.,0.,-1.));
#9728=DIRECTION('',(-1.,0.,0.));
#9729=DIRECTION('',(1.,0.,0.));
#9730=DIRECTION('',(0.,-1.,0.));
#9731=DIRECTION('',(-1.,0.,0.));
#9732=DIRECTION('',(0.,0.,-1.));
#9733=DIRECTION('',(-1.,0.,0.));
#9734=DIRECTION('',(0.,0.,-1.));
#9735=DIRECTION('',(-1.,0.,0.));
#9736=DIRECTION('',(0.,0.,-1.));
#9737=DIRECTION('',(-1.,0.,0.));
#9738=DIRECTION('',(0.,-1.,0.));
#9739=DIRECTION('',(-1.,0.,0.));
#9740=DIRECTION('',(0.,1.,0.));
#9741=DIRECTION('',(1.,0.,0.));
#9742=DIRECTION('',(0.,-1.,0.));
#9743=DIRECTION('',(-1.,0.,0.));
#9744=DIRECTION('',(0.,-1.,0.));
#9745=DIRECTION('',(-1.,0.,0.));
#9746=DIRECTION('',(0.,1.,0.));
#9747=DIRECTION('',(0.,0.,-1.));
#9748=DIRECTION('',(-1.,0.,0.));
#9749=DIRECTION('',(0.935045644384582,0.354527351437688,0.));
#9750=DIRECTION('',(0.,0.,-1.));
#9751=DIRECTION('',(-1.,0.,0.));
#9752=DIRECTION('',(1.,0.,0.));
#9753=DIRECTION('',(0.,-1.,0.));
#9754=DIRECTION('',(-1.,0.,0.));
#9755=DIRECTION('',(0.,0.,-1.));
#9756=DIRECTION('',(-1.,0.,0.));
#9757=DIRECTION('',(0.,0.,-1.));
#9758=DIRECTION('',(-1.,0.,0.));
#9759=DIRECTION('',(0.,0.,-1.));
#9760=DIRECTION('',(-1.,0.,0.));
#9761=DIRECTION('',(0.,0.,-1.));
#9762=DIRECTION('',(-1.,0.,0.));
#9763=DIRECTION('',(0.,-1.,0.));
#9764=DIRECTION('',(-1.,0.,0.));
#9765=DIRECTION('',(0.,1.,0.));
#9766=DIRECTION('',(0.,-1.,0.));
#9767=DIRECTION('',(1.,0.,0.));
#9768=DIRECTION('',(0.,1.,0.));
#9769=DIRECTION('',(-1.,0.,0.));
#9770=DIRECTION('',(0.,1.,0.));
#9771=DIRECTION('',(1.,0.,0.));
#9772=DIRECTION('',(0.,-1.,0.));
#9773=DIRECTION('',(-1.,0.,0.));
#9774=DIRECTION('',(0.712652459189151,-0.701517264514321,0.));
#9775=DIRECTION('',(0.,0.,-1.));
#9776=DIRECTION('',(-1.,0.,0.));
#9777=DIRECTION('',(0.,0.,-1.));
#9778=DIRECTION('',(-1.,0.,0.));
#9779=DIRECTION('',(-0.700572876362167,-0.713580860803904,0.));
#9780=DIRECTION('',(0.4779957638257,0.878362140443613,0.));
#9781=DIRECTION('',(1.,0.,0.));
#9782=DIRECTION('',(-0.500730218626471,-0.865603401191496,0.));
#9783=DIRECTION('',(0.,-1.,0.));
#9784=DIRECTION('',(-1.,0.,0.));
#9785=DIRECTION('',(0.,1.,0.));
#9786=DIRECTION('',(0.,0.,-1.));
#9787=DIRECTION('',(-1.,0.,0.));
#9788=DIRECTION('',(0.,-1.,0.));
#9789=DIRECTION('',(-1.,0.,0.));
#9790=DIRECTION('',(0.,1.,0.));
#9791=DIRECTION('',(1.,0.,0.));
#9792=DIRECTION('',(0.,-1.,0.));
#9793=DIRECTION('',(0.,0.,-1.));
#9794=DIRECTION('',(-1.,0.,0.));
#9795=DIRECTION('',(0.,0.,1.));
#9796=DIRECTION('',(1.,0.,0.));
#9797=DIRECTION('',(0.,0.,1.));
#9798=DIRECTION('',(1.,0.,0.));
#9799=DIRECTION('',(0.,-1.,0.));
#9800=DIRECTION('',(0.,0.,1.));
#9801=DIRECTION('',(1.,0.,0.));
#9802=DIRECTION('',(1.,0.,0.));
#9803=DIRECTION('',(0.,0.,1.));
#9804=DIRECTION('',(1.,0.,0.));
#9805=DIRECTION('',(5.65670698688089E-17,-1.,0.));
#9806=DIRECTION('',(0.,0.,1.));
#9807=DIRECTION('',(1.,0.,0.));
#9808=DIRECTION('',(1.,0.,0.));
#9809=DIRECTION('',(0.,0.,1.));
#9810=DIRECTION('',(1.,0.,0.));
#9811=DIRECTION('',(0.,-1.,0.));
#9812=DIRECTION('',(0.,0.,1.));
#9813=DIRECTION('',(1.,0.,0.));
#9814=DIRECTION('',(1.,0.,0.));
#9815=DIRECTION('',(0.,0.,1.));
#9816=DIRECTION('',(1.,0.,0.));
#9817=DIRECTION('',(6.12323399573677E-17,-1.,0.));
#9818=DIRECTION('',(0.,0.,1.));
#9819=DIRECTION('',(1.,0.,0.));
#9820=DIRECTION('',(1.,0.,0.));
#9821=DIRECTION('',(0.,0.,-1.));
#9822=DIRECTION('',(-1.,0.,0.));
#9823=DIRECTION('',(0.,0.,-1.));
#9824=DIRECTION('',(0.,0.,-1.));
#9825=DIRECTION('',(0.,1.,0.));
#9826=DIRECTION('',(0.,0.,1.));
#9827=DIRECTION('',(0.,0.,-1.));
#9828=DIRECTION('',(0.,0.,-1.));
#9829=DIRECTION('',(-1.,0.,0.));
#9830=DIRECTION('',(0.,0.,-1.));
#9831=DIRECTION('',(1.,5.65670698688089E-17,0.));
#9832=DIRECTION('',(-5.65670698688089E-17,1.,0.));
#9833=DIRECTION('',(0.,0.,-1.));
#9834=DIRECTION('',(0.,0.,-1.));
#9835=DIRECTION('',(-1.,0.,0.));
#9836=DIRECTION('',(0.,0.,-1.));
#9837=DIRECTION('',(0.,1.,0.));
#9838=DIRECTION('',(0.,0.,1.));
#9839=DIRECTION('',(0.,0.,-1.));
#9840=DIRECTION('',(0.,0.,-1.));
#9841=DIRECTION('',(-1.,0.,0.));
#9842=DIRECTION('',(0.,0.,-1.));
#9843=DIRECTION('',(1.,0.,0.));
#9844=DIRECTION('',(0.,0.,-1.));
#9845=DIRECTION('',(0.,0.,1.));
#9846=DIRECTION('',(1.,0.,0.));
#9847=DIRECTION('',(0.,0.,1.));
#9848=DIRECTION('',(0.,0.,1.));
#9849=DIRECTION('',(1.,0.,0.));
#9850=DIRECTION('',(0.,0.,1.));
#9851=DIRECTION('',(-1.,0.,0.));
#9852=DIRECTION('',(0.,0.,1.));
#9853=DIRECTION('',(0.,-1.,0.));
#9854=DIRECTION('',(0.,0.,1.));
#9855=DIRECTION('',(0.,0.,1.));
#9856=DIRECTION('',(1.,0.,0.));
#9857=DIRECTION('',(0.,0.,1.));
#9858=DIRECTION('',(1.,0.,0.));
#9859=DIRECTION('',(0.,0.,1.));
#9860=DIRECTION('',(0.,-1.,0.));
#9861=DIRECTION('',(0.,0.,-1.));
#9862=DIRECTION('',(1.,0.,0.));
#9863=DIRECTION('',(0.,0.,1.));
#9864=DIRECTION('',(0.,0.,1.));
#9865=DIRECTION('',(1.,0.,0.));
#9866=DIRECTION('',(0.,0.,1.));
#9867=DIRECTION('',(1.,0.,0.));
#9868=DIRECTION('',(0.,0.,1.));
#9869=DIRECTION('',(-1.,-6.12323399573677E-17,0.));
#9870=DIRECTION('',(6.12323399573677E-17,-1.,0.));
#9871=DIRECTION('',(6.12323399573677E-17,-1.,0.));
#9872=DIRECTION('',(0.,0.,1.));
#9873=DIRECTION('',(0.,0.,1.));
#9874=DIRECTION('',(1.,0.,0.));
#9875=DIRECTION('',(0.,0.,1.));
#9876=DIRECTION('',(1.,0.,0.));
#9877=DIRECTION('',(0.,0.,1.));
#9878=DIRECTION('',(0.,-1.,0.));
#9879=DIRECTION('',(0.,0.,-1.));
#9880=DIRECTION('',(1.,0.,0.));
#9881=DIRECTION('',(0.,0.,1.));
#9882=DIRECTION('',(1.,0.,0.));
#9883=DIRECTION('',(1.,0.,0.));
#9884=DIRECTION('',(0.,0.,-1.));
#9885=DIRECTION('',(-1.,0.,0.));
#9886=DIRECTION('',(0.,1.,0.));
#9887=DIRECTION('',(0.,0.,-1.));
#9888=DIRECTION('',(-1.,0.,0.));
#9889=DIRECTION('',(-1.,0.,0.));
#9890=DIRECTION('',(0.,0.,-1.));
#9891=DIRECTION('',(-1.,0.,0.));
#9892=DIRECTION('',(6.30808536718839E-17,-1.,0.));
#9893=DIRECTION('',(0.,0.,-1.));
#9894=DIRECTION('',(-1.,0.,0.));
#9895=DIRECTION('',(0.,0.,-1.));
#9896=DIRECTION('',(-1.,0.,0.));
#9897=DIRECTION('',(0.,0.,-1.));
#9898=DIRECTION('',(0.,0.,-1.));
#9899=DIRECTION('',(-1.,0.,0.));
#9900=DIRECTION('',(0.,0.,-1.));
#9901=DIRECTION('',(0.,1.,0.));
#9902=DIRECTION('',(0.,0.,1.));
#9903=DIRECTION('',(0.,0.,-1.));
#9904=DIRECTION('',(-1.,0.,0.));
#9905=DIRECTION('',(0.,0.,-1.));
#9906=DIRECTION('',(-1.,0.,0.));
#9907=DIRECTION('',(0.,0.,-1.));
#9908=DIRECTION('',(0.,0.,-1.));
#9909=DIRECTION('',(-1.,0.,0.));
#9910=DIRECTION('',(1.,6.30808536718839E-17,0.));
#9911=DIRECTION('',(-6.30808536718839E-17,1.,0.));
#9912=DIRECTION('',(0.,0.,-1.));
#9913=DIRECTION('',(-6.30808536718839E-17,1.,0.));
#9914=DIRECTION('',(0.,0.,-1.));
#9915=DIRECTION('',(-1.,0.,0.));
#9916=DIRECTION('',(0.,0.,-1.));
#9917=DIRECTION('',(0.,0.,-1.));
#9918=DIRECTION('',(-1.,0.,0.));
#9919=DIRECTION('',(0.,-1.,0.));
#9920=DIRECTION('',(0.,0.,-1.));
#9921=DIRECTION('',(0.,0.,-1.));
#9922=DIRECTION('',(1.,0.,0.));
#9923=DIRECTION('',(0.,0.,-1.));
#9924=DIRECTION('',(-1.,0.,0.));
#9925=DIRECTION('',(0.,0.,-1.));
#9926=DIRECTION('',(0.,0.,-1.));
#9927=DIRECTION('',(-1.,0.,0.));
#9928=DIRECTION('',(-1.,0.,0.));
#9929=DIRECTION('',(0.,0.,1.));
#9930=DIRECTION('',(0.,-1.,0.));
#9931=DIRECTION('',(0.,0.,-1.));
#9932=DIRECTION('',(1.,0.,0.));
#9933=DIRECTION('',(-1.,0.,0.));
#9934=DIRECTION('',(0.,1.,0.));
#9935=DIRECTION('',(1.,0.,0.));
#9936=DIRECTION('',(6.30808536718839E-17,-1.,0.));
#9937=DIRECTION('',(0.,0.,-1.));
#9938=DIRECTION('',(0.,0.,-1.));
#9939=DIRECTION('',(0.,0.,-1.));
#9940=DIRECTION('',(0.,0.,-1.));
#9941=DIRECTION('',(0.,0.,-1.));
#9942=DIRECTION('',(-0.566861004665892,-0.823813450599816,0.));
#9943=DIRECTION('',(0.,0.,-1.));
#9944=DIRECTION('',(0.,0.,-1.));
#9945=DIRECTION('',(-1.,0.,0.));
#9946=DIRECTION('',(0.,0.,-1.));
#9947=DIRECTION('',(0.,0.,-1.));
#9948=DIRECTION('',(0.,0.,-1.));
#9949=DIRECTION('',(0.566924685375308,-0.82376962866575,0.));
#9950=DIRECTION('',(0.,0.,-1.));
#9951=DIRECTION('',(0.,0.,-1.));
#9952=DIRECTION('',(-1.,0.,0.));
#9953=DIRECTION('',(0.,0.,-1.));
#9954=DIRECTION('',(0.,0.,-1.));
#9955=DIRECTION('',(0.,0.,-1.));
#9956=DIRECTION('',(0.,0.,-1.));
#9957=DIRECTION('',(0.,0.,-1.));
#9958=DIRECTION('',(0.576871958684705,0.816834587467543,0.));
#9959=DIRECTION('',(0.,0.,-1.));
#9960=DIRECTION('',(0.,0.,-1.));
#9961=DIRECTION('',(-1.,0.,0.));
#9962=DIRECTION('',(0.,0.,-1.));
#9963=DIRECTION('',(0.,0.,-1.));
#9964=DIRECTION('',(0.,0.,-1.));
#9965=DIRECTION('',(-0.578728029352301,0.815520611659817,0.));
#9966=DIRECTION('',(0.,0.,-1.));
#9967=DIRECTION('',(0.,0.,-1.));
#9968=DIRECTION('',(-1.,0.,0.));
#9969=DIRECTION('',(0.,0.,-1.));
#9970=DIRECTION('',(0.987753373856119,0.156023307348148,0.));
#9971=DIRECTION('',(0.,0.,-1.));
#9972=DIRECTION('',(-1.,0.,0.));
#9973=DIRECTION('',(0.,0.,-1.));
#9974=DIRECTION('',(0.,0.,-1.));
#9975=DIRECTION('',(-1.,0.,0.));
#9976=DIRECTION('',(0.,0.,-1.));
#9977=DIRECTION('',(0.,0.,-1.));
#9978=DIRECTION('',(0.987622328346334,-0.156850682343961,0.));
#9979=DIRECTION('',(0.,0.,-1.));
#9980=DIRECTION('',(-1.,0.,0.));
#9981=DIRECTION('',(0.,0.,-1.));
#9982=DIRECTION('',(0.,0.,-1.));
#9983=DIRECTION('',(-1.,0.,0.));
#9984=DIRECTION('',(0.,0.,-1.));
#9985=DIRECTION('',(0.,0.,-1.));
#9986=DIRECTION('',(0.623864143985277,-0.781532807916288,0.));
#9987=DIRECTION('',(0.,0.,-1.));
#9988=DIRECTION('',(-1.,0.,0.));
#9989=DIRECTION('',(0.,0.,-1.));
#9990=DIRECTION('',(0.,0.,-1.));
#9991=DIRECTION('',(-1.,0.,0.));
#9992=DIRECTION('',(0.,0.,-1.));
#9993=DIRECTION('',(0.,0.,-1.));
#9994=DIRECTION('',(0.,0.,-1.));
#9995=DIRECTION('',(-0.623864143985273,-0.781532807916291,0.));
#9996=DIRECTION('',(0.,0.,-1.));
#9997=DIRECTION('',(-1.,0.,0.));
#9998=DIRECTION('',(0.,0.,-1.));
#9999=DIRECTION('',(0.,0.,-1.));
#10000=DIRECTION('',(-1.,0.,0.));
#10001=DIRECTION('',(0.,0.,-1.));
#10002=DIRECTION('',(0.,0.,-1.));
#10003=DIRECTION('',(-0.987622328346335,-0.156850682343952,0.));
#10004=DIRECTION('',(0.,0.,-1.));
#10005=DIRECTION('',(-1.,0.,0.));
#10006=DIRECTION('',(0.,0.,-1.));
#10007=DIRECTION('',(0.,0.,-1.));
#10008=DIRECTION('',(-1.,0.,0.));
#10009=DIRECTION('',(0.,0.,-1.));
#10010=DIRECTION('',(-0.98775337385612,0.15602330734814,0.));
#10011=DIRECTION('',(0.,0.,-1.));
#10012=DIRECTION('',(-1.,0.,0.));
#10013=DIRECTION('',(0.,0.,-1.));
#10014=DIRECTION('',(0.,0.,-1.));
#10015=DIRECTION('',(-1.,0.,0.));
#10016=DIRECTION('',(0.,0.,-1.));
#10017=DIRECTION('',(0.,0.,-1.));
#10018=DIRECTION('',(-0.639732835064628,0.76859735866068,0.));
#10019=DIRECTION('',(0.,0.,-1.));
#10020=DIRECTION('',(-1.,0.,0.));
#10021=DIRECTION('',(0.,0.,-1.));
#10022=DIRECTION('',(0.,0.,-1.));
#10023=DIRECTION('',(-1.,0.,0.));
#10024=DIRECTION('',(0.,0.,-1.));
#10025=DIRECTION('',(0.,0.,-1.));
#10026=DIRECTION('',(0.,0.,-1.));
#10027=DIRECTION('',(0.639732835064636,0.768597358660673,0.));
#10028=DIRECTION('',(0.,0.,-1.));
#10029=DIRECTION('',(-1.,0.,0.));
#10030=DIRECTION('',(0.,0.,-1.));
#10031=DIRECTION('',(0.,0.,-1.));
#10032=DIRECTION('',(-1.,0.,0.));
#10033=DIRECTION('',(0.,0.,1.));
#10034=DIRECTION('',(1.,0.,0.));
#10035=DIRECTION('',(0.,0.,1.));
#10036=DIRECTION('',(1.,0.,0.));
#10037=DIRECTION('',(-1.,0.,0.));
#10038=DIRECTION('',(0.,0.,1.));
#10039=DIRECTION('',(0.,0.,-1.));
#10040=DIRECTION('',(0.,1.,0.));
#10041=DIRECTION('',(0.,0.,-1.));
#10042=DIRECTION('',(0.,-1.,0.));
#10043=DIRECTION('',(0.,0.,-1.));
#10044=DIRECTION('',(0.,0.,-1.));
#10045=DIRECTION('',(-1.,0.,0.));
#10046=DIRECTION('',(1.,0.,0.));
#10047=DIRECTION('',(0.,0.,-1.));
#10048=DIRECTION('',(0.,0.,-1.));
#10049=DIRECTION('',(0.,-1.,0.));
#10050=DIRECTION('',(0.,0.,-1.));
#10051=DIRECTION('',(0.,0.,-1.));
#10052=DIRECTION('',(-0.588936614957223,0.808179227376408,0.));
#10053=DIRECTION('',(0.,0.,-1.));
#10054=DIRECTION('',(0.,0.,-1.));
#10055=DIRECTION('',(-1.,0.,0.));
#10056=DIRECTION('',(0.,0.,-1.));
#10057=DIRECTION('',(-0.249505330266975,0.968373424959797,0.));
#10058=DIRECTION('',(0.,0.,-1.));
#10059=DIRECTION('',(0.,0.,-1.));
#10060=DIRECTION('',(-1.,0.,0.));
#10061=DIRECTION('',(0.,0.,-1.));
#10062=DIRECTION('',(-0.0338471066973477,0.99942702253252,0.));
#10063=DIRECTION('',(0.,0.,-1.));
#10064=DIRECTION('',(0.,0.,-1.));
#10065=DIRECTION('',(-1.,0.,0.));
#10066=DIRECTION('',(0.,-1.,0.));
#10067=DIRECTION('',(0.,0.,-1.));
#10068=DIRECTION('',(0.,0.,-1.));
#10069=DIRECTION('',(-1.,0.,0.));
#10070=DIRECTION('',(1.,0.,0.));
#10071=DIRECTION('',(0.,0.,-1.));
#10072=DIRECTION('',(0.,0.,-1.));
#10073=DIRECTION('',(0.,-1.,0.));
#10074=DIRECTION('',(0.,1.,0.));
#10075=DIRECTION('',(0.,0.,1.));
#10076=DIRECTION('',(0.,0.,-1.));
#10077=DIRECTION('',(1.,0.,0.));
#10078=DIRECTION('',(0.,0.,-1.));
#10079=DIRECTION('',(-0.0366712112609208,0.99932738492681,0.));
#10080=DIRECTION('',(0.,0.,-1.));
#10081=DIRECTION('',(0.,0.,-1.));
#10082=DIRECTION('',(-1.,0.,0.));
#10083=DIRECTION('',(0.,0.,-1.));
#10084=DIRECTION('',(0.,0.,-1.));
#10085=DIRECTION('',(-0.543725355879586,0.839263211021201,0.));
#10086=DIRECTION('',(0.,0.,-1.));
#10087=DIRECTION('',(0.,0.,-1.));
#10088=DIRECTION('',(-1.,0.,0.));
#10089=DIRECTION('',(0.,0.,1.));
#10090=DIRECTION('',(1.,0.,0.));
#10091=DIRECTION('',(0.,0.,-1.));
#10092=DIRECTION('',(0.,0.,-1.));
#10093=DIRECTION('',(0.,0.,-1.));
#10094=DIRECTION('',(0.,0.,-1.));
#10095=DIRECTION('',(0.,0.,-1.));
#10096=DIRECTION('',(0.,0.,-1.));
#10097=DIRECTION('',(0.,0.,-1.));
#10098=DIRECTION('',(0.70151726451432,0.712652459189151,0.));
#10099=DIRECTION('',(-0.712652459189151,0.70151726451432,0.));
#10100=DIRECTION('',(0.,0.,-1.));
#10101=DIRECTION('',(0.712652459189151,-0.70151726451432,0.));
#10102=DIRECTION('',(0.,0.,-1.));
#10103=DIRECTION('',(0.,0.,-1.));
#10104=DIRECTION('',(0.,0.,-1.));
#10105=DIRECTION('',(0.,0.,-1.));
#10106=DIRECTION('',(0.,0.,-1.));
#10107=DIRECTION('',(0.,0.,-1.));
#10108=DIRECTION('',(0.,0.,-1.));
#10109=DIRECTION('',(0.,0.,-1.));
#10110=DIRECTION('',(0.,0.,-1.));
#10111=DIRECTION('',(0.,1.,0.));
#10112=DIRECTION('',(0.,0.,1.));
#10113=DIRECTION('',(0.,0.,-1.));
#10114=DIRECTION('',(1.,0.,0.));
#10115=DIRECTION('',(-1.,0.,0.));
#10116=DIRECTION('',(0.,0.,1.));
#10117=DIRECTION('',(0.,0.,-1.));
#10118=DIRECTION('',(0.,1.,0.));
#10119=DIRECTION('',(0.,-1.,0.));
#10120=DIRECTION('',(0.,0.,-1.));
#10121=DIRECTION('',(0.,0.,-1.));
#10122=DIRECTION('',(-1.,0.,0.));
#10123=DIRECTION('',(0.,0.,1.));
#10124=DIRECTION('',(1.,0.,0.));
#10125=DIRECTION('',(0.,0.,-1.));
#10126=DIRECTION('',(0.,0.,-1.));
#10127=DIRECTION('',(0.,0.,-1.));
#10128=DIRECTION('',(0.,0.,-1.));
#10129=DIRECTION('',(0.,0.,-1.));
#10130=DIRECTION('',(0.,0.,-1.));
#10131=DIRECTION('',(0.,0.,-1.));
#10132=DIRECTION('',(0.,0.,-1.));
#10133=DIRECTION('',(0.,0.,-1.));
#10134=DIRECTION('',(0.,0.,-1.));
#10135=DIRECTION('',(0.,0.,-1.));
#10136=DIRECTION('',(0.,0.,-1.));
#10137=DIRECTION('',(-0.98207952222184,-0.188467005156136,0.));
#10138=DIRECTION('',(0.,0.,-1.));
#10139=DIRECTION('',(0.,0.,-1.));
#10140=DIRECTION('',(-1.,0.,0.));
#10141=DIRECTION('',(0.,0.,-1.));
#10142=DIRECTION('',(-0.838565862924648,-0.544800232688497,0.));
#10143=DIRECTION('',(0.,0.,-1.));
#10144=DIRECTION('',(0.,0.,-1.));
#10145=DIRECTION('',(-1.,0.,0.));
#10146=DIRECTION('',(0.,0.,-1.));
#10147=DIRECTION('',(-0.568947581932684,-0.82237378910867,0.));
#10148=DIRECTION('',(0.,0.,-1.));
#10149=DIRECTION('',(0.,0.,-1.));
#10150=DIRECTION('',(-1.,0.,0.));
#10151=DIRECTION('',(0.,0.,-1.));
#10152=DIRECTION('',(0.,0.,-1.));
#10153=DIRECTION('',(0.199372385476372,-0.979923799032078,0.));
#10154=DIRECTION('',(0.,0.,-1.));
#10155=DIRECTION('',(0.,0.,-1.));
#10156=DIRECTION('',(-1.,0.,0.));
#10157=DIRECTION('',(0.,0.,-1.));
#10158=DIRECTION('',(0.566880899617991,-0.823799760650789,0.));
#10159=DIRECTION('',(0.,0.,-1.));
#10160=DIRECTION('',(0.,0.,-1.));
#10161=DIRECTION('',(-1.,0.,0.));
#10162=DIRECTION('',(0.,0.,-1.));
#10163=DIRECTION('',(0.838565862924638,-0.544800232688513,0.));
#10164=DIRECTION('',(0.,0.,-1.));
#10165=DIRECTION('',(0.,0.,-1.));
#10166=DIRECTION('',(-1.,0.,0.));
#10167=DIRECTION('',(0.,0.,-1.));
#10168=DIRECTION('',(0.98207952222184,-0.188467005156134,0.));
#10169=DIRECTION('',(0.,0.,-1.));
#10170=DIRECTION('',(0.,0.,-1.));
#10171=DIRECTION('',(-1.,0.,0.));
#10172=DIRECTION('',(0.,0.,-1.));
#10173=DIRECTION('',(0.981209802409629,0.192943835494315,0.));
#10174=DIRECTION('',(0.,0.,-1.));
#10175=DIRECTION('',(0.,0.,-1.));
#10176=DIRECTION('',(-1.,0.,0.));
#10177=DIRECTION('',(0.,0.,-1.));
#10178=DIRECTION('',(0.833737488751837,0.552161027101498,0.));
#10179=DIRECTION('',(0.,0.,-1.));
#10180=DIRECTION('',(0.,0.,-1.));
#10181=DIRECTION('',(-1.,0.,0.));
#10182=DIRECTION('',(0.,0.,-1.));
#10183=DIRECTION('',(0.566011425282866,0.824397395950071,0.));
#10184=DIRECTION('',(0.,0.,-1.));
#10185=DIRECTION('',(0.,0.,-1.));
#10186=DIRECTION('',(-1.,0.,0.));
#10187=DIRECTION('',(0.,0.,-1.));
#10188=DIRECTION('',(0.202058005813977,0.979373556048191,0.));
#10189=DIRECTION('',(0.,0.,-1.));
#10190=DIRECTION('',(-1.,0.,0.));
#10191=DIRECTION('',(0.,0.,1.));
#10192=DIRECTION('',(1.,0.,0.));
#10193=DIRECTION('',(0.,0.,-1.));
#10194=DIRECTION('',(0.,0.,-1.));
#10195=DIRECTION('',(0.,0.,-1.));
#10196=DIRECTION('',(0.,0.,-1.));
#10197=DIRECTION('',(0.,0.,-1.));
#10198=DIRECTION('',(0.,0.,-1.));
#10199=DIRECTION('',(0.,0.,-1.));
#10200=DIRECTION('',(0.,0.,-1.));
#10201=DIRECTION('',(0.,0.,-1.));
#10202=DIRECTION('',(0.,0.,-1.));
#10203=DIRECTION('',(0.,0.,-1.));
#10204=DIRECTION('',(0.,0.,-1.));
#10205=DIRECTION('',(-0.982079522221832,-0.188467005156177,0.));
#10206=DIRECTION('',(0.,0.,-1.));
#10207=DIRECTION('',(0.,0.,-1.));
#10208=DIRECTION('',(-1.,0.,0.));
#10209=DIRECTION('',(0.,0.,-1.));
#10210=DIRECTION('',(-0.838565862924659,-0.54480023268848,0.));
#10211=DIRECTION('',(0.,0.,-1.));
#10212=DIRECTION('',(0.,0.,-1.));
#10213=DIRECTION('',(-1.,0.,0.));
#10214=DIRECTION('',(0.,0.,-1.));
#10215=DIRECTION('',(-0.568947581932704,-0.822373789108657,0.));
#10216=DIRECTION('',(0.,0.,-1.));
#10217=DIRECTION('',(0.,0.,-1.));
#10218=DIRECTION('',(-1.,0.,0.));
#10219=DIRECTION('',(0.,0.,-1.));
#10220=DIRECTION('',(0.,0.,-1.));
#10221=DIRECTION('',(0.199372385476364,-0.97992379903208,0.));
#10222=DIRECTION('',(0.,0.,-1.));
#10223=DIRECTION('',(0.,0.,-1.));
#10224=DIRECTION('',(-1.,0.,0.));
#10225=DIRECTION('',(0.,0.,-1.));
#10226=DIRECTION('',(0.566880899618019,-0.823799760650769,0.));
#10227=DIRECTION('',(0.,0.,-1.));
#10228=DIRECTION('',(0.,0.,-1.));
#10229=DIRECTION('',(-1.,0.,0.));
#10230=DIRECTION('',(0.,0.,-1.));
#10231=DIRECTION('',(0.838565862924644,-0.544800232688503,0.));
#10232=DIRECTION('',(0.,0.,-1.));
#10233=DIRECTION('',(0.,0.,-1.));
#10234=DIRECTION('',(-1.,0.,0.));
#10235=DIRECTION('',(0.,0.,-1.));
#10236=DIRECTION('',(0.982079522221838,-0.188467005156144,0.));
#10237=DIRECTION('',(0.,0.,-1.));
#10238=DIRECTION('',(0.,0.,-1.));
#10239=DIRECTION('',(-1.,0.,0.));
#10240=DIRECTION('',(0.,0.,-1.));
#10241=DIRECTION('',(0.981209802409634,0.192943835494287,0.));
#10242=DIRECTION('',(0.,0.,-1.));
#10243=DIRECTION('',(0.,0.,-1.));
#10244=DIRECTION('',(-1.,0.,0.));
#10245=DIRECTION('',(0.,0.,-1.));
#10246=DIRECTION('',(0.833737488751825,0.552161027101515,0.));
#10247=DIRECTION('',(0.,0.,-1.));
#10248=DIRECTION('',(0.,0.,-1.));
#10249=DIRECTION('',(-1.,0.,0.));
#10250=DIRECTION('',(0.,0.,-1.));
#10251=DIRECTION('',(0.566011425282865,0.824397395950072,0.));
#10252=DIRECTION('',(0.,0.,-1.));
#10253=DIRECTION('',(0.,0.,-1.));
#10254=DIRECTION('',(-1.,0.,0.));
#10255=DIRECTION('',(0.,0.,-1.));
#10256=DIRECTION('',(0.202058005814035,0.979373556048179,0.));
#10257=DIRECTION('',(0.,0.,-1.));
#10258=DIRECTION('',(-1.,0.,0.));
#10259=DIRECTION('',(0.,0.,1.));
#10260=DIRECTION('',(1.,0.,0.));
#10261=DIRECTION('',(-1.,0.,0.));
#10262=DIRECTION('',(0.,0.,1.));
#10263=DIRECTION('',(0.,0.,-1.));
#10264=DIRECTION('',(0.,1.,0.));
#10265=DIRECTION('',(0.,0.,-1.));
#10266=DIRECTION('',(0.,-1.,0.));
#10267=DIRECTION('',(0.,0.,-1.));
#10268=DIRECTION('',(0.,0.,-1.));
#10269=DIRECTION('',(-1.,0.,0.));
#10270=DIRECTION('',(1.,0.,0.));
#10271=DIRECTION('',(0.,0.,-1.));
#10272=DIRECTION('',(0.,0.,-1.));
#10273=DIRECTION('',(0.,-1.,0.));
#10274=DIRECTION('',(0.,0.,-1.));
#10275=DIRECTION('',(0.,0.,-1.));
#10276=DIRECTION('',(-0.588936614957273,0.808179227376371,0.));
#10277=DIRECTION('',(0.,0.,-1.));
#10278=DIRECTION('',(0.,0.,-1.));
#10279=DIRECTION('',(-1.,0.,0.));
#10280=DIRECTION('',(0.,0.,-1.));
#10281=DIRECTION('',(-0.249505330264161,0.968373424960522,0.));
#10282=DIRECTION('',(0.,0.,-1.));
#10283=DIRECTION('',(0.,0.,-1.));
#10284=DIRECTION('',(-1.,0.,0.));
#10285=DIRECTION('',(0.,0.,-1.));
#10286=DIRECTION('',(-0.0338471066974031,0.999427022532518,0.));
#10287=DIRECTION('',(0.,0.,-1.));
#10288=DIRECTION('',(0.,0.,-1.));
#10289=DIRECTION('',(-1.,0.,0.));
#10290=DIRECTION('',(0.,-1.,0.));
#10291=DIRECTION('',(0.,0.,-1.));
#10292=DIRECTION('',(0.,0.,-1.));
#10293=DIRECTION('',(-1.,0.,0.));
#10294=DIRECTION('',(1.,0.,0.));
#10295=DIRECTION('',(0.,0.,-1.));
#10296=DIRECTION('',(0.,0.,-1.));
#10297=DIRECTION('',(0.,-1.,0.));
#10298=DIRECTION('',(0.,1.,0.));
#10299=DIRECTION('',(0.,0.,1.));
#10300=DIRECTION('',(0.,0.,-1.));
#10301=DIRECTION('',(1.,0.,0.));
#10302=DIRECTION('',(0.,0.,-1.));
#10303=DIRECTION('',(-0.0366712112609398,0.99932738492681,0.));
#10304=DIRECTION('',(0.,0.,-1.));
#10305=DIRECTION('',(0.,0.,-1.));
#10306=DIRECTION('',(-1.,0.,0.));
#10307=DIRECTION('',(0.,0.,-1.));
#10308=DIRECTION('',(0.,0.,-1.));
#10309=DIRECTION('',(-0.54372535587956,0.839263211021218,0.));
#10310=DIRECTION('',(0.,0.,-1.));
#10311=DIRECTION('',(0.,0.,-1.));
#10312=DIRECTION('',(-1.,0.,0.));
#10313=DIRECTION('',(0.,0.,1.));
#10314=DIRECTION('',(1.,0.,0.));
#10315=DIRECTION('',(1.,0.,0.));
#10316=DIRECTION('',(0.,0.,-1.));
#10317=DIRECTION('',(0.,0.,-1.));
#10318=DIRECTION('',(0.,-1.,0.));
#10319=DIRECTION('',(0.,0.,-1.));
#10320=DIRECTION('',(0.,1.,0.));
#10321=DIRECTION('',(0.,0.,1.));
#10322=DIRECTION('',(0.,0.,-1.));
#10323=DIRECTION('',(1.,0.,0.));
#10324=DIRECTION('',(0.,0.,-1.));
#10325=DIRECTION('',(0.,0.,-1.));
#10326=DIRECTION('',(0.,0.,-1.));
#10327=DIRECTION('',(0.,0.,-1.));
#10328=DIRECTION('',(-0.34079741199796,-0.940136758123781,0.));
#10329=DIRECTION('',(0.,0.,-1.));
#10330=DIRECTION('',(0.,0.,-1.));
#10331=DIRECTION('',(-1.,0.,0.));
#10332=DIRECTION('',(0.,0.,-1.));
#10333=DIRECTION('',(0.379407178780499,0.925229805340177,0.));
#10334=DIRECTION('',(0.,0.,-1.));
#10335=DIRECTION('',(0.,0.,-1.));
#10336=DIRECTION('',(-1.,0.,0.));
#10337=DIRECTION('',(0.,0.,-1.));
#10338=DIRECTION('',(0.492323864758412,0.870412093315196,0.));
#10339=DIRECTION('',(0.,0.,-1.));
#10340=DIRECTION('',(0.,0.,-1.));
#10341=DIRECTION('',(-1.,0.,0.));
#10342=DIRECTION('',(0.,0.,-1.));
#10343=DIRECTION('',(0.720058413319943,0.693913453830638,0.));
#10344=DIRECTION('',(0.,0.,-1.));
#10345=DIRECTION('',(0.,0.,-1.));
#10346=DIRECTION('',(-1.,0.,0.));
#10347=DIRECTION('',(0.,0.,-1.));
#10348=DIRECTION('',(0.967868531017141,0.251456768981711,0.));
#10349=DIRECTION('',(0.,0.,-1.));
#10350=DIRECTION('',(0.,0.,-1.));
#10351=DIRECTION('',(-1.,0.,0.));
#10352=DIRECTION('',(0.,0.,-1.));
#10353=DIRECTION('',(0.,0.,-1.));
#10354=DIRECTION('',(0.,1.,0.));
#10355=DIRECTION('',(0.,0.,1.));
#10356=DIRECTION('',(0.,0.,-1.));
#10357=DIRECTION('',(1.,0.,0.));
#10358=DIRECTION('',(-1.,0.,0.));
#10359=DIRECTION('',(0.,0.,1.));
#10360=DIRECTION('',(0.,0.,-1.));
#10361=DIRECTION('',(0.,1.,0.));
#10362=DIRECTION('',(0.,-1.,0.));
#10363=DIRECTION('',(0.,0.,-1.));
#10364=DIRECTION('',(0.,0.,-1.));
#10365=DIRECTION('',(-1.,0.,0.));
#10366=DIRECTION('',(0.,0.,-1.));
#10367=DIRECTION('',(0.0263387869837164,-0.999653073971278,0.));
#10368=DIRECTION('',(0.,0.,-1.));
#10369=DIRECTION('',(0.,0.,-1.));
#10370=DIRECTION('',(-1.,0.,0.));
#10371=DIRECTION('',(0.,0.,-1.));
#10372=DIRECTION('',(0.181096195670172,-0.983465387247457,0.));
#10373=DIRECTION('',(0.,0.,-1.));
#10374=DIRECTION('',(0.,0.,-1.));
#10375=DIRECTION('',(-1.,0.,0.));
#10376=DIRECTION('',(0.,0.,-1.));
#10377=DIRECTION('',(0.447700854919893,-0.894183395341245,0.));
#10378=DIRECTION('',(0.,0.,-1.));
#10379=DIRECTION('',(0.,0.,-1.));
#10380=DIRECTION('',(-1.,0.,0.));
#10381=DIRECTION('',(0.,0.,-1.));
#10382=DIRECTION('',(0.,0.,-1.));
#10383=DIRECTION('',(0.,0.,-1.));
#10384=DIRECTION('',(0.,0.,-1.));
#10385=DIRECTION('',(0.,0.,-1.));
#10386=DIRECTION('',(0.592809579755525,0.805342661325027,0.));
#10387=DIRECTION('',(0.,0.,-1.));
#10388=DIRECTION('',(0.,0.,-1.));
#10389=DIRECTION('',(-1.,0.,0.));
#10390=DIRECTION('',(0.,0.,-1.));
#10391=DIRECTION('',(0.41816433043246,0.908371395825503,0.));
#10392=DIRECTION('',(0.,0.,-1.));
#10393=DIRECTION('',(0.,0.,-1.));
#10394=DIRECTION('',(-1.,0.,0.));
#10395=DIRECTION('',(0.,0.,-1.));
#10396=DIRECTION('',(0.,0.,-1.));
#10397=DIRECTION('',(0.,0.,-1.));
#10398=DIRECTION('',(0.,-1.,0.));
#10399=DIRECTION('',(0.,0.,-1.));
#10400=DIRECTION('',(-1.,0.,0.));
#10401=DIRECTION('',(0.,0.,1.));
#10402=DIRECTION('',(1.,0.,0.));
#10403=DIRECTION('',(0.,0.,-1.));
#10404=DIRECTION('',(0.,0.,-1.));
#10405=DIRECTION('',(0.,1.,0.));
#10406=DIRECTION('',(0.,0.,1.));
#10407=DIRECTION('',(1.,0.,0.));
#10408=DIRECTION('',(0.,0.,-1.));
#10409=DIRECTION('',(1.,0.,0.));
#10410=DIRECTION('',(1.,0.,0.));
#10411=DIRECTION('',(0.,0.,-1.));
#10412=DIRECTION('',(0.,-1.,0.));
#10413=DIRECTION('',(0.,0.,-1.));
#10414=DIRECTION('',(0.,-1.,0.));
#10415=DIRECTION('',(0.,-1.,0.));
#10416=DIRECTION('',(0.,0.,-1.));
#10417=DIRECTION('',(-1.,0.,0.));
#10418=DIRECTION('',(0.,0.,-1.));
#10419=DIRECTION('',(-1.,0.,0.));
#10420=DIRECTION('',(0.,0.,-1.));
#10421=DIRECTION('',(0.,0.,-1.));
#10422=DIRECTION('',(0.,0.,-1.));
#10423=DIRECTION('',(0.,0.,-1.));
#10424=DIRECTION('',(0.,0.,-1.));
#10425=DIRECTION('',(0.,0.,-1.));
#10426=DIRECTION('',(0.,1.,0.));
#10427=DIRECTION('',(0.,0.,1.));
#10428=DIRECTION('',(0.,0.,-1.));
#10429=DIRECTION('',(1.,0.,0.));
#10430=DIRECTION('',(-1.,0.,0.));
#10431=DIRECTION('',(0.,0.,1.));
#10432=DIRECTION('',(0.,0.,-1.));
#10433=DIRECTION('',(0.,1.,0.));
#10434=DIRECTION('',(0.,-1.,0.));
#10435=DIRECTION('',(0.,0.,-1.));
#10436=DIRECTION('',(0.,0.,-1.));
#10437=DIRECTION('',(-1.,0.,0.));
#10438=DIRECTION('',(0.,0.,1.));
#10439=DIRECTION('',(1.,0.,0.));
#10440=DIRECTION('',(0.,1.,0.));
#10441=DIRECTION('',(0.,0.,1.));
#10442=DIRECTION('',(0.,0.,-1.));
#10443=DIRECTION('',(1.,0.,0.));
#10444=DIRECTION('',(0.,0.,-1.));
#10445=DIRECTION('',(-1.,0.,0.));
#10446=DIRECTION('',(0.,0.,1.));
#10447=DIRECTION('',(0.,0.,-1.));
#10448=DIRECTION('',(0.,1.,0.));
#10449=DIRECTION('',(0.,-1.,0.));
#10450=DIRECTION('',(0.,0.,-1.));
#10451=DIRECTION('',(0.,0.,-1.));
#10452=DIRECTION('',(-1.,0.,0.));
#10453=DIRECTION('',(1.,0.,0.));
#10454=DIRECTION('',(0.,0.,-1.));
#10455=DIRECTION('',(0.,0.,-1.));
#10456=DIRECTION('',(0.,-1.,0.));
#10457=DIRECTION('',(0.,-1.,0.));
#10458=DIRECTION('',(0.,0.,-1.));
#10459=DIRECTION('',(0.,0.,-1.));
#10460=DIRECTION('',(-1.,0.,0.));
#10461=DIRECTION('',(0.,0.,-1.));
#10462=DIRECTION('',(0.,0.,-1.));
#10463=DIRECTION('',(0.,0.,-1.));
#10464=DIRECTION('',(0.880344426619576,0.47433499820259,0.));
#10465=DIRECTION('',(0.,0.,-1.));
#10466=DIRECTION('',(0.,0.,-1.));
#10467=DIRECTION('',(-1.,0.,0.));
#10468=DIRECTION('',(0.,0.,-1.));
#10469=DIRECTION('',(0.978448918060332,0.206489018464821,0.));
#10470=DIRECTION('',(0.,0.,-1.));
#10471=DIRECTION('',(0.,0.,-1.));
#10472=DIRECTION('',(-1.,0.,0.));
#10473=DIRECTION('',(0.,0.,-1.));
#10474=DIRECTION('',(0.999365864258856,0.0356071531317708,0.));
#10475=DIRECTION('',(0.,0.,-1.));
#10476=DIRECTION('',(0.,0.,-1.));
#10477=DIRECTION('',(-1.,0.,0.));
#10478=DIRECTION('',(-1.,0.,0.));
#10479=DIRECTION('',(0.,0.,1.));
#10480=DIRECTION('',(0.,0.,-1.));
#10481=DIRECTION('',(0.,1.,0.));
#10482=DIRECTION('',(0.,-1.,0.));
#10483=DIRECTION('',(0.,0.,-1.));
#10484=DIRECTION('',(0.,0.,-1.));
#10485=DIRECTION('',(-1.,0.,0.));
#10486=DIRECTION('',(1.,0.,0.));
#10487=DIRECTION('',(0.,0.,-1.));
#10488=DIRECTION('',(0.,0.,-1.));
#10489=DIRECTION('',(0.,-1.,0.));
#10490=DIRECTION('',(0.,0.,-1.));
#10491=DIRECTION('',(0.,0.,-1.));
#10492=DIRECTION('',(0.,0.,1.));
#10493=DIRECTION('',(1.,0.,0.));
#10494=DIRECTION('',(0.,0.,-1.));
#10495=DIRECTION('',(0.,0.,-1.));
#10496=DIRECTION('',(0.,0.,-1.));
#10497=DIRECTION('',(0.,0.,-1.));
#10498=DIRECTION('',(0.,0.,-1.));
#10499=DIRECTION('',(0.,0.,-1.));
#10500=DIRECTION('',(0.,0.,-1.));
#10501=DIRECTION('',(0.701517264514327,0.712652459189145,0.));
#10502=DIRECTION('',(-0.712652459189145,0.701517264514327,0.));
#10503=DIRECTION('',(0.,0.,-1.));
#10504=DIRECTION('',(0.712652459189145,-0.701517264514327,0.));
#10505=DIRECTION('',(0.,0.,-1.));
#10506=DIRECTION('',(0.,0.,-1.));
#10507=DIRECTION('',(0.,0.,-1.));
#10508=DIRECTION('',(0.,0.,-1.));
#10509=DIRECTION('',(0.,0.,-1.));
#10510=DIRECTION('',(0.,0.,-1.));
#10511=DIRECTION('',(0.,0.,-1.));
#10512=DIRECTION('',(0.,0.,-1.));
#10513=DIRECTION('',(0.,0.,-1.));
#10514=DIRECTION('',(0.,1.,0.));
#10515=DIRECTION('',(0.,0.,1.));
#10516=DIRECTION('',(0.,0.,-1.));
#10517=DIRECTION('',(1.,0.,0.));
#10518=DIRECTION('',(-1.,0.,0.));
#10519=DIRECTION('',(0.,0.,1.));
#10520=DIRECTION('',(0.,0.,-1.));
#10521=DIRECTION('',(0.,1.,0.));
#10522=DIRECTION('',(0.,-1.,0.));
#10523=DIRECTION('',(0.,0.,-1.));
#10524=DIRECTION('',(0.,0.,-1.));
#10525=DIRECTION('',(-1.,0.,0.));
#10526=DIRECTION('',(0.,0.,1.));
#10527=DIRECTION('',(1.,0.,0.));
#10528=DIRECTION('',(-1.,0.,0.));
#10529=DIRECTION('',(0.,0.,1.));
#10530=DIRECTION('',(0.,0.,-1.));
#10531=DIRECTION('',(0.,1.,0.));
#10532=DIRECTION('',(0.,0.,-1.));
#10533=DIRECTION('',(0.,-1.,0.));
#10534=DIRECTION('',(0.,0.,-1.));
#10535=DIRECTION('',(0.,0.,-1.));
#10536=DIRECTION('',(-1.,0.,0.));
#10537=DIRECTION('',(1.,0.,0.));
#10538=DIRECTION('',(0.,0.,-1.));
#10539=DIRECTION('',(0.,0.,-1.));
#10540=DIRECTION('',(0.,-1.,0.));
#10541=DIRECTION('',(0.,0.,-1.));
#10542=DIRECTION('',(-0.986303302915685,0.164941791725476,0.));
#10543=DIRECTION('',(0.,0.,-1.));
#10544=DIRECTION('',(0.,0.,-1.));
#10545=DIRECTION('',(-1.,0.,0.));
#10546=DIRECTION('',(0.,0.,-1.));
#10547=DIRECTION('',(-0.856275812731236,0.516518859802293,0.));
#10548=DIRECTION('',(0.,0.,-1.));
#10549=DIRECTION('',(0.,0.,-1.));
#10550=DIRECTION('',(-1.,0.,0.));
#10551=DIRECTION('',(0.,0.,-1.));
#10552=DIRECTION('',(-0.570869730709231,0.82104065097897,0.));
#10553=DIRECTION('',(0.,0.,-1.));
#10554=DIRECTION('',(0.,0.,-1.));
#10555=DIRECTION('',(-1.,0.,0.));
#10556=DIRECTION('',(0.,0.,-1.));
#10557=DIRECTION('',(-0.189089555685347,0.981959846394301,0.));
#10558=DIRECTION('',(0.,0.,-1.));
#10559=DIRECTION('',(0.,0.,-1.));
#10560=DIRECTION('',(-1.,0.,0.));
#10561=DIRECTION('',(0.,0.,-1.));
#10562=DIRECTION('',(0.,0.,-1.));
#10563=DIRECTION('',(0.580397934675651,0.814333001556635,0.));
#10564=DIRECTION('',(0.,0.,-1.));
#10565=DIRECTION('',(0.,0.,-1.));
#10566=DIRECTION('',(-1.,0.,0.));
#10567=DIRECTION('',(0.,0.,-1.));
#10568=DIRECTION('',(0.859440223448581,0.511236249026469,0.));
#10569=DIRECTION('',(0.,0.,-1.));
#10570=DIRECTION('',(0.,0.,-1.));
#10571=DIRECTION('',(-1.,0.,0.));
#10572=DIRECTION('',(0.,0.,-1.));
#10573=DIRECTION('',(0.986058007103595,0.166401942978099,0.));
#10574=DIRECTION('',(0.,0.,-1.));
#10575=DIRECTION('',(0.,0.,-1.));
#10576=DIRECTION('',(-1.,0.,0.));
#10577=DIRECTION('',(0.,0.,-1.));
#10578=DIRECTION('',(0.986058007103592,-0.166401942978117,0.));
#10579=DIRECTION('',(0.,0.,-1.));
#10580=DIRECTION('',(0.,0.,-1.));
#10581=DIRECTION('',(-1.,0.,0.));
#10582=DIRECTION('',(0.,0.,-1.));
#10583=DIRECTION('',(0.856191739076338,-0.516658209977772,0.));
#10584=DIRECTION('',(0.,0.,-1.));
#10585=DIRECTION('',(0.,0.,-1.));
#10586=DIRECTION('',(-1.,0.,0.));
#10587=DIRECTION('',(0.,0.,-1.));
#10588=DIRECTION('',(0.569381047907446,-0.822073732875475,0.));
#10589=DIRECTION('',(0.,0.,-1.));
#10590=DIRECTION('',(0.,0.,-1.));
#10591=DIRECTION('',(-1.,0.,0.));
#10592=DIRECTION('',(0.,0.,-1.));
#10593=DIRECTION('',(0.191390144209359,-0.981514041009868,0.));
#10594=DIRECTION('',(0.,0.,-1.));
#10595=DIRECTION('',(0.,0.,-1.));
#10596=DIRECTION('',(-1.,0.,0.));
#10597=DIRECTION('',(0.,0.,-1.));
#10598=DIRECTION('',(-1.,0.,0.));
#10599=DIRECTION('',(0.,0.,1.));
#10600=DIRECTION('',(0.,0.,-1.));
#10601=DIRECTION('',(0.,1.,0.));
#10602=DIRECTION('',(0.,0.,-1.));
#10603=DIRECTION('',(-0.245287063728684,-0.96945049196303,0.));
#10604=DIRECTION('',(0.,0.,-1.));
#10605=DIRECTION('',(0.,0.,-1.));
#10606=DIRECTION('',(-1.,0.,0.));
#10607=DIRECTION('',(0.,0.,-1.));
#10608=DIRECTION('',(0.199372385476364,-0.97992379903208,0.));
#10609=DIRECTION('',(0.,0.,-1.));
#10610=DIRECTION('',(0.,0.,-1.));
#10611=DIRECTION('',(-1.,0.,0.));
#10612=DIRECTION('',(0.,0.,-1.));
#10613=DIRECTION('',(0.566880899618023,-0.823799760650767,0.));
#10614=DIRECTION('',(0.,0.,-1.));
#10615=DIRECTION('',(0.,0.,-1.));
#10616=DIRECTION('',(-1.,0.,0.));
#10617=DIRECTION('',(0.,0.,-1.));
#10618=DIRECTION('',(0.838565862924631,-0.544800232688523,0.));
#10619=DIRECTION('',(0.,0.,-1.));
#10620=DIRECTION('',(0.,0.,-1.));
#10621=DIRECTION('',(-1.,0.,0.));
#10622=DIRECTION('',(0.,0.,-1.));
#10623=DIRECTION('',(0.98207952222184,-0.188467005156134,0.));
#10624=DIRECTION('',(0.,0.,-1.));
#10625=DIRECTION('',(0.,0.,-1.));
#10626=DIRECTION('',(-1.,0.,0.));
#10627=DIRECTION('',(0.,0.,-1.));
#10628=DIRECTION('',(0.981209802409631,0.192943835494304,0.));
#10629=DIRECTION('',(0.,0.,-1.));
#10630=DIRECTION('',(0.,0.,-1.));
#10631=DIRECTION('',(-1.,0.,0.));
#10632=DIRECTION('',(0.,0.,-1.));
#10633=DIRECTION('',(0.833737488751817,0.552161027101527,0.));
#10634=DIRECTION('',(0.,0.,-1.));
#10635=DIRECTION('',(0.,0.,-1.));
#10636=DIRECTION('',(-1.,0.,0.));
#10637=DIRECTION('',(0.,0.,-1.));
#10638=DIRECTION('',(0.56601142528288,0.824397395950061,0.));
#10639=DIRECTION('',(0.,0.,-1.));
#10640=DIRECTION('',(0.,0.,-1.));
#10641=DIRECTION('',(-1.,0.,0.));
#10642=DIRECTION('',(0.,0.,-1.));
#10643=DIRECTION('',(0.202058005814026,0.979373556048181,0.));
#10644=DIRECTION('',(0.,0.,-1.));
#10645=DIRECTION('',(0.,0.,-1.));
#10646=DIRECTION('',(-1.,0.,0.));
#10647=DIRECTION('',(0.,0.,-1.));
#10648=DIRECTION('',(-0.200796919345202,0.979632888985193,0.));
#10649=DIRECTION('',(0.,0.,-1.));
#10650=DIRECTION('',(0.,0.,-1.));
#10651=DIRECTION('',(-1.,0.,0.));
#10652=DIRECTION('',(0.,0.,-1.));
#10653=DIRECTION('',(-0.562716710506788,0.826649807183441,0.));
#10654=DIRECTION('',(0.,0.,-1.));
#10655=DIRECTION('',(0.,0.,-1.));
#10656=DIRECTION('',(-1.,0.,0.));
#10657=DIRECTION('',(0.,0.,-1.));
#10658=DIRECTION('',(-0.835530975570913,0.549443344542017,0.));
#10659=DIRECTION('',(0.,0.,-1.));
#10660=DIRECTION('',(0.,0.,-1.));
#10661=DIRECTION('',(-1.,0.,0.));
#10662=DIRECTION('',(0.,0.,-1.));
#10663=DIRECTION('',(-0.981481070901633,0.19155914872901,0.));
#10664=DIRECTION('',(0.,0.,-1.));
#10665=DIRECTION('',(-1.,0.,0.));
#10666=DIRECTION('',(0.,0.,1.));
#10667=DIRECTION('',(1.,0.,0.));
#10668=DIRECTION('',(-0.707106781186548,0.707106781186548,0.));
#10669=DIRECTION('',(-0.707106781186548,-0.707106781186548,0.));
#10670=DIRECTION('',(0.,0.,-1.));
#10671=DIRECTION('',(0.707106781186548,0.707106781186548,0.));
#10672=DIRECTION('',(0.,0.,-1.));
#10673=DIRECTION('',(0.,-1.,0.));
#10674=DIRECTION('',(0.,0.,-1.));
#10675=DIRECTION('',(0.,0.,-1.));
#10676=DIRECTION('',(-1.,0.,0.));
#10677=DIRECTION('',(-1.,0.,0.));
#10678=DIRECTION('',(0.,0.,1.));
#10679=DIRECTION('',(0.,0.,-1.));
#10680=DIRECTION('',(0.,1.,0.));
#10681=DIRECTION('',(0.,0.,-1.));
#10682=DIRECTION('',(0.,0.,-1.));
#10683=DIRECTION('',(1.,0.,0.));
#10684=DIRECTION('',(0.,0.,-1.));
#10685=DIRECTION('',(0.,0.,-1.));
#10686=DIRECTION('',(0.,-1.,0.));
#10687=DIRECTION('',(0.,0.,-1.));
#10688=DIRECTION('',(-0.0655354926644743,-0.997850238864142,0.));
#10689=DIRECTION('',(0.,0.,-1.));
#10690=DIRECTION('',(0.,0.,-1.));
#10691=DIRECTION('',(-1.,0.,0.));
#10692=DIRECTION('',(0.,0.,-1.));
#10693=DIRECTION('',(-0.284562486530883,-0.958657494238355,0.));
#10694=DIRECTION('',(0.,0.,-1.));
#10695=DIRECTION('',(0.,0.,-1.));
#10696=DIRECTION('',(-1.,0.,0.));
#10697=DIRECTION('',(0.,0.,-1.));
#10698=DIRECTION('',(-0.693650251712665,-0.720311965955693,0.));
#10699=DIRECTION('',(0.,0.,-1.));
#10700=DIRECTION('',(0.,0.,-1.));
#10701=DIRECTION('',(-1.,0.,0.));
#10702=DIRECTION('',(0.,0.,-1.));
#10703=DIRECTION('',(1.,0.,0.));
#10704=DIRECTION('',(0.,0.,-1.));
#10705=DIRECTION('',(0.,0.,-1.));
#10706=DIRECTION('',(0.,-1.,0.));
#10707=DIRECTION('',(0.,-1.,0.));
#10708=DIRECTION('',(0.,0.,-1.));
#10709=DIRECTION('',(0.,0.,-1.));
#10710=DIRECTION('',(-1.,0.,0.));
#10711=DIRECTION('',(1.,0.,0.));
#10712=DIRECTION('',(0.,0.,-1.));
#10713=DIRECTION('',(0.,0.,-1.));
#10714=DIRECTION('',(0.,-1.,0.));
#10715=DIRECTION('',(0.,1.,0.));
#10716=DIRECTION('',(0.,0.,1.));
#10717=DIRECTION('',(0.,0.,-1.));
#10718=DIRECTION('',(1.,0.,0.));
#10719=DIRECTION('',(1.,0.,0.));
#10720=DIRECTION('',(0.,0.,-1.));
#10721=DIRECTION('',(0.,-1.,0.));
#10722=DIRECTION('',(0.,0.,1.));
#10723=DIRECTION('',(1.,0.,0.));
#10724=DIRECTION('',(1.,0.,0.));
#10725=DIRECTION('',(0.,0.,-1.));
#10726=DIRECTION('',(0.,0.,-1.));
#10727=DIRECTION('',(0.,-1.,0.));
#10728=DIRECTION('',(0.,0.,-1.));
#10729=DIRECTION('',(0.,0.,-1.));
#10730=DIRECTION('',(0.,0.,-1.));
#10731=DIRECTION('',(0.,0.,-1.));
#10732=DIRECTION('',(0.,0.,-1.));
#10733=DIRECTION('',(0.,0.,-1.));
#10734=DIRECTION('',(0.,-1.,0.));
#10735=DIRECTION('',(0.,0.,-1.));
#10736=DIRECTION('',(0.,0.,-1.));
#10737=DIRECTION('',(-1.,0.,0.));
#10738=DIRECTION('',(1.,0.,0.));
#10739=DIRECTION('',(0.,0.,-1.));
#10740=DIRECTION('',(0.,0.,-1.));
#10741=DIRECTION('',(0.,-1.,0.));
#10742=DIRECTION('',(0.,0.,-1.));
#10743=DIRECTION('',(0.,0.,-1.));
#10744=DIRECTION('',(0.,1.,0.));
#10745=DIRECTION('',(0.,0.,1.));
#10746=DIRECTION('',(0.,0.,-1.));
#10747=DIRECTION('',(1.,0.,0.));
#10748=DIRECTION('',(-1.,0.,0.));
#10749=DIRECTION('',(0.,0.,1.));
#10750=DIRECTION('',(0.,0.,-1.));
#10751=DIRECTION('',(0.,1.,0.));
#10752=DIRECTION('',(0.,-1.,0.));
#10753=DIRECTION('',(0.,0.,-1.));
#10754=DIRECTION('',(0.,0.,-1.));
#10755=DIRECTION('',(-1.,0.,0.));
#10756=DIRECTION('',(0.,0.,-1.));
#10757=DIRECTION('',(-1.,0.,0.));
#10758=DIRECTION('',(0.,0.,1.));
#10759=DIRECTION('',(0.,0.,-1.));
#10760=DIRECTION('',(0.,1.,0.));
#10761=DIRECTION('',(0.,1.,0.));
#10762=DIRECTION('',(0.,0.,1.));
#10763=DIRECTION('',(0.,0.,-1.));
#10764=DIRECTION('',(1.,0.,0.));
#10765=DIRECTION('',(0.,0.,-1.));
#10766=DIRECTION('',(0.,0.,-1.));
#10767=DIRECTION('',(0.,0.,-1.));
#10768=DIRECTION('',(0.,0.,1.));
#10769=DIRECTION('',(1.,0.,0.));
#10770=DIRECTION('',(-1.,0.,0.));
#10771=DIRECTION('',(0.,0.,1.));
#10772=DIRECTION('',(0.,0.,-1.));
#10773=DIRECTION('',(0.,1.,0.));
#10774=DIRECTION('',(0.,0.,-1.));
#10775=DIRECTION('',(0.,-1.,0.));
#10776=DIRECTION('',(0.,0.,-1.));
#10777=DIRECTION('',(0.,0.,-1.));
#10778=DIRECTION('',(-1.,0.,0.));
#10779=DIRECTION('',(1.,0.,0.));
#10780=DIRECTION('',(0.,0.,-1.));
#10781=DIRECTION('',(0.,0.,-1.));
#10782=DIRECTION('',(0.,-1.,0.));
#10783=DIRECTION('',(0.,0.,-1.));
#10784=DIRECTION('',(0.,0.,-1.));
#10785=DIRECTION('',(-0.588936614957391,0.808179227376285,0.));
#10786=DIRECTION('',(0.,0.,-1.));
#10787=DIRECTION('',(0.,0.,-1.));
#10788=DIRECTION('',(-1.,0.,0.));
#10789=DIRECTION('',(0.,0.,-1.));
#10790=DIRECTION('',(-0.249505330264239,0.968373424960502,0.));
#10791=DIRECTION('',(0.,0.,-1.));
#10792=DIRECTION('',(0.,0.,-1.));
#10793=DIRECTION('',(-1.,0.,0.));
#10794=DIRECTION('',(0.,0.,-1.));
#10795=DIRECTION('',(-0.0338471066973529,0.99942702253252,0.));
#10796=DIRECTION('',(0.,0.,-1.));
#10797=DIRECTION('',(0.,0.,-1.));
#10798=DIRECTION('',(-1.,0.,0.));
#10799=DIRECTION('',(0.,-1.,0.));
#10800=DIRECTION('',(0.,0.,-1.));
#10801=DIRECTION('',(0.,0.,-1.));
#10802=DIRECTION('',(-1.,0.,0.));
#10803=DIRECTION('',(1.,0.,0.));
#10804=DIRECTION('',(0.,0.,-1.));
#10805=DIRECTION('',(0.,0.,-1.));
#10806=DIRECTION('',(0.,-1.,0.));
#10807=DIRECTION('',(0.,1.,0.));
#10808=DIRECTION('',(0.,0.,1.));
#10809=DIRECTION('',(0.,0.,-1.));
#10810=DIRECTION('',(1.,0.,0.));
#10811=DIRECTION('',(0.,0.,-1.));
#10812=DIRECTION('',(-0.036671211260918,0.99932738492681,0.));
#10813=DIRECTION('',(0.,0.,-1.));
#10814=DIRECTION('',(0.,0.,-1.));
#10815=DIRECTION('',(-1.,0.,0.));
#10816=DIRECTION('',(0.,0.,-1.));
#10817=DIRECTION('',(0.,0.,-1.));
#10818=DIRECTION('',(-0.543725355879522,0.839263211021242,0.));
#10819=DIRECTION('',(0.,0.,-1.));
#10820=DIRECTION('',(0.,0.,-1.));
#10821=DIRECTION('',(-1.,0.,0.));
#10822=DIRECTION('',(0.,0.,1.));
#10823=DIRECTION('',(1.,0.,0.));
#10824=DIRECTION('',(-1.,0.,0.));
#10825=DIRECTION('',(0.,0.,1.));
#10826=DIRECTION('',(0.,0.,-1.));
#10827=DIRECTION('',(0.,1.,0.));
#10828=DIRECTION('',(0.,0.,-1.));
#10829=DIRECTION('',(0.,-1.,0.));
#10830=DIRECTION('',(0.,0.,-1.));
#10831=DIRECTION('',(0.,0.,-1.));
#10832=DIRECTION('',(-1.,0.,0.));
#10833=DIRECTION('',(-1.,0.,0.));
#10834=DIRECTION('',(0.,0.,1.));
#10835=DIRECTION('',(0.,0.,-1.));
#10836=DIRECTION('',(0.,1.,0.));
#10837=DIRECTION('',(0.,-1.,0.));
#10838=DIRECTION('',(0.,0.,-1.));
#10839=DIRECTION('',(0.,0.,-1.));
#10840=DIRECTION('',(-1.,0.,0.));
#10841=DIRECTION('',(1.,0.,0.));
#10842=DIRECTION('',(0.,0.,-1.));
#10843=DIRECTION('',(0.,0.,-1.));
#10844=DIRECTION('',(0.,-1.,0.));
#10845=DIRECTION('',(0.,-1.,0.));
#10846=DIRECTION('',(0.,0.,-1.));
#10847=DIRECTION('',(0.,0.,-1.));
#10848=DIRECTION('',(-1.,0.,0.));
#10849=DIRECTION('',(1.,0.,0.));
#10850=DIRECTION('',(0.,0.,-1.));
#10851=DIRECTION('',(0.,0.,-1.));
#10852=DIRECTION('',(0.,-1.,0.));
#10853=DIRECTION('',(0.,1.,0.));
#10854=DIRECTION('',(0.,0.,1.));
#10855=DIRECTION('',(1.,0.,0.));
#10856=DIRECTION('',(0.,0.,1.));
#10857=DIRECTION('',(1.,0.,0.));
#10858=DIRECTION('',(0.,0.,-1.));
#10859=DIRECTION('',(-0.555136275200884,0.831759409899334,0.));
#10860=DIRECTION('',(0.,0.,-1.));
#10861=DIRECTION('',(0.,0.,-1.));
#10862=DIRECTION('',(-1.,0.,0.));
#10863=DIRECTION('',(0.,0.,-1.));
#10864=DIRECTION('',(0.,0.,-1.));
#10865=DIRECTION('',(-1.,0.,0.));
#10866=DIRECTION('',(0.,0.,1.));
#10867=DIRECTION('',(0.,0.,-1.));
#10868=DIRECTION('',(0.,1.,0.));
#10869=DIRECTION('',(0.,-1.,0.));
#10870=DIRECTION('',(0.,0.,-1.));
#10871=DIRECTION('',(0.,0.,-1.));
#10872=DIRECTION('',(-1.,0.,0.));
#10873=DIRECTION('',(1.,0.,0.));
#10874=DIRECTION('',(0.,0.,-1.));
#10875=DIRECTION('',(0.,0.,-1.));
#10876=DIRECTION('',(0.,-1.,0.));
#10877=DIRECTION('',(0.,0.,-1.));
#10878=DIRECTION('',(-0.998367260529462,0.0571210390565239,0.));
#10879=DIRECTION('',(0.,0.,-1.));
#10880=DIRECTION('',(0.,0.,-1.));
#10881=DIRECTION('',(-1.,0.,0.));
#10882=DIRECTION('',(0.,0.,-1.));
#10883=DIRECTION('',(0.,0.,-1.));
#10884=DIRECTION('',(-0.588936614957168,0.808179227376448,0.));
#10885=DIRECTION('',(0.,0.,-1.));
#10886=DIRECTION('',(0.,0.,-1.));
#10887=DIRECTION('',(-1.,0.,0.));
#10888=DIRECTION('',(0.,0.,-1.));
#10889=DIRECTION('',(-0.249505330263842,0.968373424960604,0.));
#10890=DIRECTION('',(0.,0.,-1.));
#10891=DIRECTION('',(0.,0.,-1.));
#10892=DIRECTION('',(-1.,0.,0.));
#10893=DIRECTION('',(0.,0.,-1.));
#10894=DIRECTION('',(-0.0338471066973559,0.99942702253252,0.));
#10895=DIRECTION('',(0.,0.,-1.));
#10896=DIRECTION('',(0.,0.,-1.));
#10897=DIRECTION('',(-1.,0.,0.));
#10898=DIRECTION('',(0.,-1.,0.));
#10899=DIRECTION('',(0.,0.,-1.));
#10900=DIRECTION('',(0.,0.,-1.));
#10901=DIRECTION('',(-1.,0.,0.));
#10902=DIRECTION('',(1.,0.,0.));
#10903=DIRECTION('',(0.,0.,-1.));
#10904=DIRECTION('',(0.,0.,-1.));
#10905=DIRECTION('',(0.,-1.,0.));
#10906=DIRECTION('',(0.,1.,0.));
#10907=DIRECTION('',(0.,0.,1.));
#10908=DIRECTION('',(0.,0.,-1.));
#10909=DIRECTION('',(1.,0.,0.));
#10910=DIRECTION('',(0.,0.,-1.));
#10911=DIRECTION('',(-0.036671211260919,0.99932738492681,0.));
#10912=DIRECTION('',(0.,0.,-1.));
#10913=DIRECTION('',(0.,0.,-1.));
#10914=DIRECTION('',(-1.,0.,0.));
#10915=DIRECTION('',(0.,0.,-1.));
#10916=DIRECTION('',(-0.354527351437688,0.935045644384582,-1.1534817804725E-26));
#10917=DIRECTION('',(-0.935045644384582,-0.354527351437688,-8.64133027674616E-15));
#10918=DIRECTION('',(-0.935045644384582,-0.354527351437688,-8.64133027674616E-15));
#10919=DIRECTION('',(0.,0.,1.));
#10920=DIRECTION('',(1.,0.,0.));
#10921=DIRECTION('',(1.,0.,0.));
#10922=DIRECTION('',(0.,0.,-1.));
#10923=DIRECTION('',(0.,0.,-1.));
#10924=DIRECTION('',(0.,-1.,0.));
#10925=DIRECTION('',(0.,0.,-1.));
#10926=DIRECTION('',(0.,0.,-1.));
#10927=DIRECTION('',(0.,0.,-1.));
#10928=DIRECTION('',(0.,0.,-1.));
#10929=DIRECTION('',(0.,0.,-1.));
#10930=DIRECTION('',(0.,0.,-1.));
#10931=DIRECTION('',(0.,-1.,0.));
#10932=DIRECTION('',(0.,0.,-1.));
#10933=DIRECTION('',(0.,0.,-1.));
#10934=DIRECTION('',(-1.,0.,0.));
#10935=DIRECTION('',(1.,0.,0.));
#10936=DIRECTION('',(0.,0.,-1.));
#10937=DIRECTION('',(0.,0.,-1.));
#10938=DIRECTION('',(0.,-1.,0.));
#10939=DIRECTION('',(0.,0.,-1.));
#10940=DIRECTION('',(0.,0.,-1.));
#10941=DIRECTION('',(0.,1.,0.));
#10942=DIRECTION('',(0.,0.,1.));
#10943=DIRECTION('',(0.,0.,-1.));
#10944=DIRECTION('',(1.,0.,0.));
#10945=DIRECTION('',(-1.,0.,0.));
#10946=DIRECTION('',(0.,0.,1.));
#10947=DIRECTION('',(0.,0.,-1.));
#10948=DIRECTION('',(0.,1.,0.));
#10949=DIRECTION('',(0.,-1.,0.));
#10950=DIRECTION('',(0.,0.,-1.));
#10951=DIRECTION('',(0.,0.,-1.));
#10952=DIRECTION('',(-1.,0.,0.));
#10953=DIRECTION('',(0.,0.,-1.));
#10954=DIRECTION('',(-1.,0.,0.));
#10955=DIRECTION('',(0.,0.,1.));
#10956=DIRECTION('',(0.,0.,-1.));
#10957=DIRECTION('',(0.,1.,0.));
#10958=DIRECTION('',(0.,1.,0.));
#10959=DIRECTION('',(0.,0.,1.));
#10960=DIRECTION('',(0.,0.,-1.));
#10961=DIRECTION('',(1.,0.,0.));
#10962=DIRECTION('',(0.,0.,-1.));
#10963=DIRECTION('',(0.,0.,-1.));
#10964=DIRECTION('',(0.,0.,-1.));
#10965=DIRECTION('',(0.,0.,1.));
#10966=DIRECTION('',(1.,0.,0.));
#10967=DIRECTION('',(0.701517264514321,0.712652459189151,0.));
#10968=DIRECTION('',(-0.712652459189151,0.701517264514321,0.));
#10969=DIRECTION('',(0.,0.,-1.));
#10970=DIRECTION('',(0.712652459189151,-0.701517264514321,0.));
#10971=DIRECTION('',(0.,0.,-1.));
#10972=DIRECTION('',(0.,0.,-1.));
#10973=DIRECTION('',(0.,0.,-1.));
#10974=DIRECTION('',(0.,0.,-1.));
#10975=DIRECTION('',(0.,0.,-1.));
#10976=DIRECTION('',(0.,0.,-1.));
#10977=DIRECTION('',(0.,0.,-1.));
#10978=DIRECTION('',(0.713580860803904,-0.700572876362167,0.));
#10979=DIRECTION('',(0.700572876362167,0.713580860803904,0.));
#10980=DIRECTION('',(0.,0.,-1.));
#10981=DIRECTION('',(-0.700572876362167,-0.713580860803904,0.));
#10982=DIRECTION('',(0.,0.,-1.));
#10983=DIRECTION('',(0.334005748546531,0.942571037077775,0.));
#10984=DIRECTION('',(0.,0.,-1.));
#10985=DIRECTION('',(0.,0.,-1.));
#10986=DIRECTION('',(-1.,0.,0.));
#10987=DIRECTION('',(0.,0.,-1.));
#10988=DIRECTION('',(0.,0.,-1.));
#10989=DIRECTION('',(0.,0.,-1.));
#10990=DIRECTION('',(0.,0.,-1.));
#10991=DIRECTION('',(0.,0.,-1.));
#10992=DIRECTION('',(0.334005748546554,-0.942571037077766,0.));
#10993=DIRECTION('',(0.,0.,-1.));
#10994=DIRECTION('',(-1.,0.,0.));
#10995=DIRECTION('',(0.,0.,1.));
#10996=DIRECTION('',(1.,0.,0.));
#10997=DIRECTION('',(0.,1.,0.));
#10998=DIRECTION('',(0.,0.,1.));
#10999=DIRECTION('',(0.,0.,-1.));
#11000=DIRECTION('',(1.,0.,0.));
#11001=DIRECTION('',(0.,0.,-1.));
#11002=DIRECTION('',(-0.878362140443613,0.4779957638257,0.));
#11003=DIRECTION('',(-0.4779957638257,-0.878362140443613,0.));
#11004=DIRECTION('',(0.,0.,-1.));
#11005=DIRECTION('',(0.4779957638257,0.878362140443613,0.));
#11006=DIRECTION('',(0.,0.,-1.));
#11007=DIRECTION('',(0.,1.,0.));
#11008=DIRECTION('',(0.,0.,-1.));
#11009=DIRECTION('',(0.,0.,-1.));
#11010=DIRECTION('',(-1.,0.,0.));
#11011=DIRECTION('',(1.,0.,0.));
#11012=DIRECTION('',(0.,0.,-1.));
#11013=DIRECTION('',(0.,0.,-1.));
#11014=DIRECTION('',(0.,-1.,0.));
#11015=DIRECTION('',(0.,1.,0.));
#11016=DIRECTION('',(0.,0.,1.));
#11017=DIRECTION('',(0.,0.,-1.));
#11018=DIRECTION('',(1.,0.,0.));
#11019=DIRECTION('',(-1.,0.,0.));
#11020=DIRECTION('',(0.,0.,1.));
#11021=DIRECTION('',(0.,0.,-1.));
#11022=DIRECTION('',(0.,1.,0.));
#11023=DIRECTION('',(0.,-1.,0.));
#11024=DIRECTION('',(0.,0.,-1.));
#11025=DIRECTION('',(0.,0.,-1.));
#11026=DIRECTION('',(-1.,0.,0.));
#11027=DIRECTION('',(1.,0.,0.));
#11028=DIRECTION('',(0.,0.,-1.));
#11029=DIRECTION('',(0.,0.,-1.));
#11030=DIRECTION('',(0.,-1.,0.));
#11031=DIRECTION('',(0.,0.,-1.));
#11032=DIRECTION('',(-0.0624485812677921,0.998048182553147,0.));
#11033=DIRECTION('',(0.,0.,-1.));
#11034=DIRECTION('',(0.,0.,-1.));
#11035=DIRECTION('',(-1.,0.,0.));
#11036=DIRECTION('',(0.,0.,-1.));
#11037=DIRECTION('',(0.,0.,-1.));
#11038=DIRECTION('',(-1.,0.,0.));
#11039=DIRECTION('',(0.,0.,1.));
#11040=DIRECTION('',(0.,0.,-1.));
#11041=DIRECTION('',(0.,1.,0.));
#11042=DIRECTION('',(0.,-1.,0.));
#11043=DIRECTION('',(0.,0.,-1.));
#11044=DIRECTION('',(0.,0.,-1.));
#11045=DIRECTION('',(-1.,0.,0.));
#11046=DIRECTION('',(1.,0.,0.));
#11047=DIRECTION('',(0.,0.,-1.));
#11048=DIRECTION('',(0.,0.,-1.));
#11049=DIRECTION('',(0.,-1.,0.));
#11050=DIRECTION('',(0.,0.,-1.));
#11051=DIRECTION('',(0.865603401191496,-0.500730218626471,0.));
#11052=DIRECTION('',(0.500730218626471,0.865603401191496,0.));
#11053=DIRECTION('',(-0.500730218626471,-0.865603401191496,0.));
#11054=DIRECTION('',(0.,0.,1.));
#11055=DIRECTION('',(1.,0.,0.));
#11056=DIRECTION('',(0.,0.,1.));
#11057=DIRECTION('',(1.,0.,0.));
#11058=DIRECTION('',(0.,0.,1.));
#11059=DIRECTION('',(1.,0.,0.));
#11060=DIRECTION('',(0.,0.,1.));
#11061=DIRECTION('',(1.,0.,0.));
#11062=DIRECTION('',(0.,0.,-1.));
#11063=DIRECTION('',(-1.,0.,0.));
#11064=DIRECTION('',(-0.707106781186547,-1.2266347333467E-15,0.707106781186548));
#11065=DIRECTION('',(0.,-0.707106781186548,-0.707106781186548));
#11066=DIRECTION('',(0.,-0.707106781186548,0.707106781186548));
#11067=DIRECTION('',(-1.,0.,0.));
#11068=DIRECTION('',(0.,-0.707106781186548,-0.707106781186548));
#11069=DIRECTION('',(0.707106781186548,4.46048993944254E-17,0.707106781186547));
#11070=DIRECTION('',(6.30808536718839E-17,-1.,0.));
#11071=DIRECTION('',(-0.707106781186547,0.,0.707106781186548));
#11072=DIRECTION('',(0.,0.,-1.));
#11073=DIRECTION('',(-1.,0.,0.));
#11074=DIRECTION('',(-0.707106781186552,0.,-0.707106781186543));
#11075=DIRECTION('',(0.,0.,-1.));
#11076=DIRECTION('',(-1.,0.,0.));
#11077=DIRECTION('',(-8.58644313342686E-15,-0.70710678118655,0.707106781186545));
#11078=DIRECTION('',(-0.707106781186548,0.,0.707106781186548));
#11079=DIRECTION('',(0.,1.,0.));
#11080=DIRECTION('',(-0.707106781186548,9.81307786677359E-15,-0.707106781186548));
#11081=DIRECTION('',(0.,0.707106781186548,0.707106781186548));
#11082=DIRECTION('',(1.,0.,0.));
#11083=DIRECTION('',(9.81307786677359E-15,-0.707106781186548,0.707106781186548));
#11084=DIRECTION('',(0.,0.,-1.));
#11085=DIRECTION('',(-1.,0.,0.));
#11086=DIRECTION('',(0.,0.,1.));
#11087=DIRECTION('',(1.,0.,0.));
#11088=DIRECTION('',(1.,5.65670698688089E-17,0.));
#11089=DIRECTION('',(-5.65670698688089E-17,1.,0.));
#11090=DIRECTION('',(5.65670698688089E-17,-1.,0.));
#11091=DIRECTION('',(0.,0.,-1.));
#11092=DIRECTION('',(5.65670698688089E-17,-1.,0.));
#11093=DIRECTION('',(0.,0.,-1.));
#11094=DIRECTION('',(5.65670698688089E-17,-1.,-1.15648231731787E-16));
#11095=DIRECTION('',(1.,5.65670698688089E-17,0.));
#11096=DIRECTION('',(-5.65670698688089E-17,1.,0.));
#11097=DIRECTION('',(0.,0.,-1.));
#11098=DIRECTION('',(1.,5.65670698688089E-17,0.));
#11099=DIRECTION('',(-5.65670698688089E-17,1.,0.));
#11100=DIRECTION('',(5.65670698688089E-17,-1.,-1.44560289664734E-16));
#11101=DIRECTION('',(1.,5.65670698688089E-17,0.));
#11102=DIRECTION('',(-5.65670698688089E-17,1.,0.));
#11103=DIRECTION('',(-1.63547040114405E-32,2.89120579329468E-16,-1.));
#11104=DIRECTION('',(1.,5.65670698688089E-17,0.));
#11105=DIRECTION('',(-5.65670698688089E-17,1.,0.));
#11106=DIRECTION('',(1.,6.12323399573677E-17,0.));
#11107=DIRECTION('',(-6.12323399573677E-17,1.,0.));
#11108=DIRECTION('',(6.12323399573677E-17,-1.,0.));
#11109=DIRECTION('',(0.,0.,-1.));
#11110=DIRECTION('',(-6.12323399573677E-17,1.,0.));
#11111=DIRECTION('',(0.,0.,-1.));
#11112=DIRECTION('',(0.,0.,-1.));
#11113=DIRECTION('',(1.,6.12323399573677E-17,0.));
#11114=DIRECTION('',(-6.12323399573677E-17,1.,0.));
#11115=DIRECTION('',(6.12323399573677E-17,-1.,-1.15648231731787E-16));
#11116=DIRECTION('',(1.,6.12323399573677E-17,0.));
#11117=DIRECTION('',(-6.12323399573677E-17,1.,0.));
#11118=DIRECTION('',(-1.7703529602173E-32,2.89120579329468E-16,-1.));
#11119=DIRECTION('',(1.,6.12323399573677E-17,0.));
#11120=DIRECTION('',(-6.12323399573677E-17,1.,0.));
#11121=DIRECTION('',(6.12323399573677E-17,-1.,-1.44560289664734E-16));
#11122=DIRECTION('',(1.,6.12323399573677E-17,0.));
#11123=DIRECTION('',(-6.12323399573677E-17,1.,0.));
#11124=DIRECTION('',(0.,1.,0.));
#11125=DIRECTION('',(0.,0.,1.));
#11126=DIRECTION('',(1.,0.,0.));
#11127=DIRECTION('',(0.,0.,-1.));
#11128=DIRECTION('',(1.,0.,0.));
#11129=DIRECTION('',(0.,0.,-1.));
#11130=DIRECTION('',(0.,0.,1.));
#11131=DIRECTION('',(0.,1.,0.));
#11132=DIRECTION('',(0.,0.,1.));
#11133=DIRECTION('',(1.,0.,-1.15648231731787E-16));
#11134=DIRECTION('',(0.,1.,0.));
#11135=DIRECTION('',(0.,0.,1.));
#11136=DIRECTION('',(0.,0.,1.));
#11137=DIRECTION('',(0.,1.,0.));
#11138=DIRECTION('',(0.,0.,1.));
#11139=DIRECTION('',(1.,0.,0.));
#11140=DIRECTION('',(0.,1.,0.));
#11141=DIRECTION('',(0.,0.,1.));
#11142=DIRECTION('',(0.,1.,0.));
#11143=DIRECTION('',(0.,0.,1.));
#11144=DIRECTION('',(1.,0.,0.));
#11145=DIRECTION('',(0.,0.,-1.));
#11146=DIRECTION('',(-1.,0.,0.));
#11147=DIRECTION('',(0.,0.,-1.));
#11148=DIRECTION('',(1.,0.,-1.15648231731787E-16));
#11149=DIRECTION('',(0.,1.,0.));
#11150=DIRECTION('',(0.,0.,1.));
#11151=DIRECTION('',(0.,0.,1.));
#11152=DIRECTION('',(0.,1.,0.));
#11153=DIRECTION('',(0.,0.,1.));
#11154=DIRECTION('',(1.,0.,0.));
#11155=DIRECTION('',(0.,1.,0.));
#11156=DIRECTION('',(0.,0.,1.));
#11157=DIRECTION('',(0.,0.,1.));
#11158=DIRECTION('',(0.,1.,0.));
#11159=DIRECTION('',(0.,0.,1.));
#11160=DIRECTION('',(0.,0.,1.));
#11161=DIRECTION('',(1.,0.,0.));
#11162=DIRECTION('',(0.,0.,1.));
#11163=DIRECTION('',(1.,0.,0.));
#11164=DIRECTION('',(0.,0.,1.));
#11165=DIRECTION('',(1.,0.,0.));
#11166=DIRECTION('',(0.,0.,1.));
#11167=DIRECTION('',(1.,0.,0.));
#11168=DIRECTION('',(0.,0.,1.));
#11169=DIRECTION('',(1.,0.,0.));
#11170=DIRECTION('',(0.,1.,0.));
#11171=DIRECTION('',(0.,0.,1.));
#11172=DIRECTION('',(1.,0.,0.));
#11173=DIRECTION('',(-1.,0.,0.));
#11174=DIRECTION('',(0.,0.,1.));
#11175=DIRECTION('',(1.,0.,0.));
#11176=DIRECTION('',(0.,0.,1.));
#11177=DIRECTION('',(1.,0.,0.));
#11178=DIRECTION('',(0.,0.,1.));
#11179=DIRECTION('',(1.,0.,0.));
#11180=DIRECTION('',(0.,1.,0.));
#11181=DIRECTION('',(1.,0.,0.));
#11182=DIRECTION('',(0.,-1.,0.));
#11183=DIRECTION('',(1.,6.93889390390722E-16,0.));
#11184=DIRECTION('',(1.,0.,0.));
#11185=DIRECTION('',(0.,0.,-1.));
#11186=DIRECTION('',(0.,-1.,0.));
#11187=DIRECTION('',(0.,0.,-1.));
#11188=DIRECTION('',(0.,-1.,0.));
#11189=DIRECTION('',(0.,0.,-1.));
#11190=DIRECTION('',(0.,1.,0.));
#11191=DIRECTION('',(0.,0.,1.));
#11192=DIRECTION('',(1.,0.,0.));
#11193=DIRECTION('',(0.,0.,-1.));
#11194=DIRECTION('',(1.,0.,0.));
#11195=DIRECTION('',(0.,0.,-1.));
#11196=DIRECTION('',(0.,0.,1.));
#11197=DIRECTION('',(1.,0.,0.));
#11198=DIRECTION('',(0.,0.,1.));
#11199=DIRECTION('',(1.,0.,0.));
#11200=DIRECTION('',(0.,0.,1.));
#11201=DIRECTION('',(1.,0.,0.));
#11202=DIRECTION('',(0.,0.,1.));
#11203=DIRECTION('',(1.,0.,0.));
#11204=DIRECTION('',(0.,0.,1.));
#11205=DIRECTION('',(1.,0.,0.));
#11206=DIRECTION('',(0.,0.,1.));
#11207=DIRECTION('',(1.,0.,0.));
#11208=DIRECTION('',(0.,0.,1.));
#11209=DIRECTION('',(1.,0.,0.));
#11210=DIRECTION('',(0.,0.,1.));
#11211=DIRECTION('',(1.,0.,0.));
#11212=DIRECTION('',(0.,0.,1.));
#11213=DIRECTION('',(1.,0.,0.));
#11214=DIRECTION('',(1.,0.,0.));
#11215=DIRECTION('',(0.,0.,-1.));
#11216=DIRECTION('',(0.,-1.,0.));
#11217=DIRECTION('',(0.,0.,-1.));
#11218=DIRECTION('',(0.,0.,-1.));
#11219=DIRECTION('',(0.,1.,0.));
#11220=DIRECTION('',(0.,0.,-1.));
#11221=DIRECTION('',(0.,0.,-1.));
#11222=DIRECTION('',(0.,1.,0.));
#11223=DIRECTION('',(0.,0.,1.));
#11224=DIRECTION('',(0.,0.,-1.));
#11225=DIRECTION('',(1.,0.,0.));
#11226=DIRECTION('',(0.,0.,-1.));
#11227=DIRECTION('',(0.,0.,1.));
#11228=DIRECTION('',(1.,0.,0.));
#11229=DIRECTION('',(0.,0.,1.));
#11230=DIRECTION('',(1.,0.,0.));
#11231=DIRECTION('',(0.,0.,1.));
#11232=DIRECTION('',(1.,0.,0.));
#11233=DIRECTION('',(0.,0.,1.));
#11234=DIRECTION('',(1.,0.,0.));
#11235=DIRECTION('',(0.,0.,1.));
#11236=DIRECTION('',(1.,0.,0.));
#11237=DIRECTION('',(0.,0.,1.));
#11238=DIRECTION('',(1.,0.,0.));
#11239=DIRECTION('',(0.,0.,1.));
#11240=DIRECTION('',(1.,0.,0.));
#11241=DIRECTION('',(0.,0.,1.));
#11242=DIRECTION('',(1.,0.,0.));
#11243=DIRECTION('',(0.,0.,1.));
#11244=DIRECTION('',(1.,0.,0.));
#11245=DIRECTION('',(0.,-1.,0.));
#11246=DIRECTION('',(0.,0.,-1.));
#11247=DIRECTION('',(-1.,0.,0.));
#11248=DIRECTION('',(0.,0.,-1.));
#11249=DIRECTION('',(-1.,0.,0.));
#11250=DIRECTION('',(0.,0.,-1.));
#11251=DIRECTION('',(1.,0.,0.));
#11252=DIRECTION('',(0.,0.,-1.));
#11253=DIRECTION('',(0.,-1.,0.));
#11254=DIRECTION('',(0.,0.,-1.));
#11255=DIRECTION('',(0.,-1.,0.));
#11256=DIRECTION('',(0.,-1.,0.));
#11257=DIRECTION('',(0.,0.,-1.));
#11258=DIRECTION('',(-1.,0.,0.));
#11259=DIRECTION('',(0.,0.,-1.));
#11260=DIRECTION('',(-1.,0.,0.));
#11261=DIRECTION('',(0.,-1.,0.));
#11262=DIRECTION('',(0.,0.,-1.));
#11263=DIRECTION('',(-1.,0.,0.));
#11264=DIRECTION('',(0.,0.,-1.));
#11265=DIRECTION('',(-1.,0.,0.));
#11266=DIRECTION('',(0.,0.,-1.));
#11267=DIRECTION('',(1.,0.,0.));
#11268=DIRECTION('',(0.,0.,-1.));
#11269=DIRECTION('',(0.,-1.,0.));
#11270=DIRECTION('',(0.,0.,-1.));
#11271=DIRECTION('',(0.,-1.,0.));
#11272=DIRECTION('',(0.,-1.,0.));
#11273=DIRECTION('',(0.,0.,-1.));
#11274=DIRECTION('',(-1.,0.,0.));
#11275=DIRECTION('',(0.,0.,-1.));
#11276=DIRECTION('',(-1.,0.,0.));
#11277=DIRECTION('',(0.,-1.,0.));
#11278=DIRECTION('',(0.,0.,-1.));
#11279=DIRECTION('',(-1.,0.,0.));
#11280=DIRECTION('',(0.,0.,-1.));
#11281=DIRECTION('',(-1.,0.,0.));
#11282=DIRECTION('',(0.,0.,-1.));
#11283=DIRECTION('',(1.,0.,0.));
#11284=DIRECTION('',(0.,0.,-1.));
#11285=DIRECTION('',(0.,-1.,0.));
#11286=DIRECTION('',(0.,0.,-1.));
#11287=DIRECTION('',(0.,-1.,0.));
#11288=DIRECTION('',(0.,-1.,0.));
#11289=DIRECTION('',(0.,0.,-1.));
#11290=DIRECTION('',(-1.,0.,0.));
#11291=DIRECTION('',(0.,0.,-1.));
#11292=DIRECTION('',(-1.,0.,0.));
#11293=DIRECTION('',(0.,-1.,0.));
#11294=DIRECTION('',(0.,0.,-1.));
#11295=DIRECTION('',(-1.,0.,0.));
#11296=DIRECTION('',(0.,0.,-1.));
#11297=DIRECTION('',(-1.,0.,0.));
#11298=DIRECTION('',(0.,0.,-1.));
#11299=DIRECTION('',(1.,0.,0.));
#11300=DIRECTION('',(0.,0.,-1.));
#11301=DIRECTION('',(0.,-1.,0.));
#11302=DIRECTION('',(0.,0.,-1.));
#11303=DIRECTION('',(0.,-1.,0.));
#11304=DIRECTION('',(0.,-1.,0.));
#11305=DIRECTION('',(0.,0.,-1.));
#11306=DIRECTION('',(-1.,0.,0.));
#11307=DIRECTION('',(0.,0.,-1.));
#11308=DIRECTION('',(-1.,0.,0.));
#11309=DIRECTION('',(0.,1.,0.));
#11310=DIRECTION('',(0.,0.,1.));
#11311=DIRECTION('',(1.,0.,0.));
#11312=DIRECTION('',(0.,0.,-1.));
#11313=DIRECTION('',(-6.93889390390722E-16,1.,0.));
#11314=DIRECTION('',(-1.,-6.93889390390722E-16,0.));
#11315=DIRECTION('',(0.,0.,-1.));
#11316=DIRECTION('',(1.,6.93889390390722E-16,0.));
#11317=DIRECTION('',(1.,0.,0.));
#11318=DIRECTION('',(0.,0.,-1.));
#11319=DIRECTION('',(0.,-1.,0.));
#11320=DIRECTION('',(0.,-1.,0.));
#11321=DIRECTION('',(1.,0.,0.));
#11322=DIRECTION('',(0.,0.,-1.));
#11323=DIRECTION('',(0.,-1.,0.));
#11324=DIRECTION('',(0.,-1.,0.));
#11325=DIRECTION('',(1.,0.,0.));
#11326=DIRECTION('',(0.,0.,-1.));
#11327=DIRECTION('',(0.,-1.,0.));
#11328=DIRECTION('',(0.,-1.,0.));
#11329=DIRECTION('',(1.,0.,0.));
#11330=DIRECTION('',(0.,0.,-1.));
#11331=DIRECTION('',(0.,-1.,0.));
#11332=DIRECTION('',(1.,0.,0.));
#11333=DIRECTION('',(0.,0.,-1.));
#11334=DIRECTION('',(0.,-1.,0.));
#11335=DIRECTION('',(0.,-1.,0.));
#11336=DIRECTION('',(0.,0.,1.));
#11337=DIRECTION('',(1.,0.,0.));
#11338=DIRECTION('',(0.,0.,1.));
#11339=DIRECTION('',(1.,0.,0.));
#11340=DIRECTION('',(0.,0.,1.));
#11341=DIRECTION('',(1.,0.,0.));
#11342=DIRECTION('',(0.,0.,1.));
#11343=DIRECTION('',(1.,0.,0.));
#11344=DIRECTION('',(0.,0.,1.));
#11345=DIRECTION('',(1.,0.,0.));
#11346=DIRECTION('',(1.15648231731787E-16,0.,1.));
#11347=DIRECTION('',(1.,0.,-1.15648231731787E-16));
#11348=DIRECTION('',(0.,1.,0.));
#11349=DIRECTION('',(0.,1.,0.));
#11350=DIRECTION('',(-1.,0.,0.));
#11351=DIRECTION('',(0.,0.,1.));
#11352=DIRECTION('',(0.,1.,0.));
#11353=DIRECTION('',(0.,1.,0.));
#11354=DIRECTION('',(0.,0.,1.));
#11355=DIRECTION('',(1.,0.,0.));
#11356=DIRECTION('',(0.,1.,0.));
#11357=DIRECTION('',(0.,1.,0.));
#11358=DIRECTION('',(-1.,0.,0.));
#11359=DIRECTION('',(0.,0.,1.));
#11360=DIRECTION('',(0.,1.,0.));
#11361=DIRECTION('',(0.,1.,0.));
#11362=DIRECTION('',(0.,1.,0.));
#11363=DIRECTION('',(0.,0.,1.));
#11364=DIRECTION('',(0.,-1.,0.));
#11365=DIRECTION('',(0.,0.,-1.));
#11366=DIRECTION('',(0.,1.,0.));
#11367=DIRECTION('',(0.,0.,1.));
#11368=DIRECTION('',(0.,-1.,0.));
#11369=DIRECTION('',(0.,0.,-1.));
#11370=DIRECTION('',(0.,0.,1.));
#11371=DIRECTION('',(1.,0.,0.));
#11372=DIRECTION('',(0.,0.,-1.));
#11373=DIRECTION('',(-1.,0.,0.));
#11374=DIRECTION('',(0.,0.,1.));
#11375=DIRECTION('',(1.,0.,0.));
#11376=DIRECTION('',(0.,0.,-1.));
#11377=DIRECTION('',(-1.,0.,0.));
#11378=DIRECTION('',(0.,0.,1.));
#11379=DIRECTION('',(1.,0.,0.));
#11380=DIRECTION('',(0.,0.,-1.));
#11381=DIRECTION('',(-1.,0.,0.));
#11382=DIRECTION('',(0.,0.,1.));
#11383=DIRECTION('',(1.,0.,0.));
#11384=DIRECTION('',(0.,0.,-1.));
#11385=DIRECTION('',(-1.,0.,0.));
#11386=DIRECTION('',(0.,0.,1.));
#11387=DIRECTION('',(1.,0.,0.));
#11388=DIRECTION('',(0.,0.,1.));
#11389=DIRECTION('',(1.,0.,0.));
#11390=DIRECTION('',(0.,0.,1.));
#11391=DIRECTION('',(1.,0.,0.));
#11392=DIRECTION('',(0.,0.,1.));
#11393=DIRECTION('',(1.,0.,0.));
#11394=DIRECTION('',(5.65670698688089E-17,-1.,0.));
#11395=DIRECTION('',(1.,5.65670698688089E-17,0.));
#11396=DIRECTION('',(1.,5.65670698688089E-17,1.3684555315672E-48));
#11397=DIRECTION('',(1.,5.65670698688089E-17,1.3684555315672E-48));
#11398=DIRECTION('',(6.54188160457621E-33,-1.15648231731787E-16,1.));
#11399=DIRECTION('',(0.,-1.,-1.15648231731787E-16));
#11400=DIRECTION('',(1.,5.65670698688089E-17,1.3684555315672E-48));
#11401=DIRECTION('',(1.,5.65670698688089E-17,1.3684555315672E-48));
#11402=DIRECTION('',(5.65670698688089E-17,-1.,-2.89120579329468E-16));
#11403=DIRECTION('',(0.,2.89120579329468E-16,-1.));
#11404=DIRECTION('',(1.,5.65670698688089E-17,0.));
#11405=DIRECTION('',(1.,5.65670698688089E-17,0.));
#11406=DIRECTION('',(8.17735200572026E-33,-1.44560289664734E-16,1.));
#11407=DIRECTION('',(0.,-1.,-1.44560289664734E-16));
#11408=DIRECTION('',(1.,5.65670698688089E-17,1.3684555315672E-48));
#11409=DIRECTION('',(1.,5.65670698688089E-17,1.3684555315672E-48));
#11410=DIRECTION('',(-1.,-5.65670698688089E-17,-1.3684555315672E-48));
#11411=DIRECTION('',(5.65670698688089E-17,-1.,0.));
#11412=DIRECTION('',(1.,5.65670698688089E-17,1.3684555315672E-48));
#11413=DIRECTION('',(-5.65670698688089E-17,1.,0.));
#11414=DIRECTION('',(-1.,-5.65670698688089E-17,-1.3684555315672E-48));
#11415=DIRECTION('',(5.65670698688089E-17,-1.,0.));
#11416=DIRECTION('',(1.,5.65670698688089E-17,1.3684555315672E-48));
#11417=DIRECTION('',(-5.65670698688089E-17,1.,0.));
#11418=CARTESIAN_POINT('',(0.,0.,0.));
#11419=CARTESIAN_POINT('',(-0.0325,0.0325,0.072));
#11420=CARTESIAN_POINT('',(-0.0564536350373837,0.0312157946179695,0.072));
#11421=CARTESIAN_POINT('',(-0.0574323749316151,0.0312157946179695,0.072));
#11422=CARTESIAN_POINT('',(-0.0554748951431524,0.0312157946179695,0.072));
#11423=CARTESIAN_POINT('',(-0.0554748951431524,0.0307452305185227,0.072));
#11424=CARTESIAN_POINT('',(-0.0554748951431524,0.0302746664190758,0.072));
#11425=CARTESIAN_POINT('',(-0.0564218740502097,0.0302746664190758,0.072));
#11426=CARTESIAN_POINT('',(-0.057368852957267,0.0302746664190758,0.072));
#11427=CARTESIAN_POINT('',(-0.057368852957267,0.0302746664190758,0.072));
#11428=CARTESIAN_POINT('',(-0.0584487265211841,0.0302746664190758,0.072));
#11429=CARTESIAN_POINT('',(-0.0584487265211841,0.0293970601945302,0.072));
#11430=CARTESIAN_POINT('',(-0.0584487265211841,0.0293970601945302,0.072));
#11431=CARTESIAN_POINT('',(-0.0584487265211841,0.0293970601945302,0.072));
#11432=CARTESIAN_POINT('',(-0.0584487265211841,0.0289256602796314,0.072));
#11433=CARTESIAN_POINT('',(-0.0579723117135736,0.0285996922533716,0.072));
#11434=CARTESIAN_POINT('',(-0.0579723117135736,0.0285996922533716,0.072));
#11435=CARTESIAN_POINT('',(-0.0579723117135736,0.0285996922533716,0.072));
#11436=CARTESIAN_POINT('',(-0.0574958969059631,0.0282737242271118,0.072));
#11437=CARTESIAN_POINT('',(-0.0566834842866695,0.0279745022953144,0.072));
#11438=CARTESIAN_POINT('',(-0.0566834842866695,0.0279745022953144,0.072));
#11439=CARTESIAN_POINT('',(-0.0583008245461454,0.0235879132136077,0.072));
#11440=CARTESIAN_POINT('',(-0.0560623185040151,0.0276914316753827,0.072));
#11441=CARTESIAN_POINT('',(-0.0574652715039737,0.0252694724585243,0.072));
#11442=CARTESIAN_POINT('',(-0.0555492827183758,0.0273108648264675,0.072));
#11443=CARTESIAN_POINT('',(-0.0555492827183758,0.0273108648264675,0.072));
#11444=CARTESIAN_POINT('',(-0.0552926873746277,0.0270751648690181,0.072));
#11445=CARTESIAN_POINT('',(-0.0551639717950276,0.0267065702547089,0.072));
#11446=CARTESIAN_POINT('',(-0.0551639717950276,0.0267065702547089,0.072));
#11447=CARTESIAN_POINT('',(-0.0551639717950276,0.0267065702547089,0.072));
#11448=CARTESIAN_POINT('',(-0.0550352562154276,0.0263379756403998,0.072));
#11449=CARTESIAN_POINT('',(-0.0550352562154276,0.0258565459400776,0.072));
#11450=CARTESIAN_POINT('',(-0.0550352562154276,0.0258565459400776,0.072));
#11451=CARTESIAN_POINT('',(-0.0550352562154276,0.0258565459400776,0.072));
#11452=CARTESIAN_POINT('',(-0.0550352562154276,0.0253216240508307,0.072));
#11453=CARTESIAN_POINT('',(-0.0552600905720017,0.024898701432145,0.072));
#11454=CARTESIAN_POINT('',(-0.0552600905720017,0.024898701432145,0.072));
#11455=CARTESIAN_POINT('',(-0.0552600905720017,0.024898701432145,0.072));
#11456=CARTESIAN_POINT('',(-0.0554849249285758,0.0244757788134592,0.072));
#11457=CARTESIAN_POINT('',(-0.0558384748647498,0.0242350639632981,0.072));
#11458=CARTESIAN_POINT('',(-0.0558384748647498,0.0242350639632981,0.072));
#11459=CARTESIAN_POINT('',(-0.0575084217087027,0.0266455110492459,0.072));
#11460=CARTESIAN_POINT('',(-0.056560620394002,0.0238714863467671,0.072));
#11461=CARTESIAN_POINT('',(-0.0573860368079242,0.0262788033291126,0.072));
#11462=CARTESIAN_POINT('',(-0.0572819178352331,0.0237367051454268,0.072));
#11463=CARTESIAN_POINT('',(-0.0576527905357727,0.0308895267136598,0.072));
#11464=CARTESIAN_POINT('',(-0.0577098645211342,0.0237270312989492,0.072));
#11465=CARTESIAN_POINT('',(-0.0585448452981581,0.0237268881685135,0.072));
#11466=CARTESIAN_POINT('',(-0.0593798249346544,0.0237268881685135,0.072));
#11467=CARTESIAN_POINT('',(-0.0593798249346544,0.0241974522679604,0.072));
#11468=CARTESIAN_POINT('',(-0.0593798249346544,0.0246680163674072,0.072));
#11469=CARTESIAN_POINT('',(-0.0585615616071971,0.0246680163674072,0.072));
#11470=CARTESIAN_POINT('',(-0.0577432982797398,0.0246680163674072,0.072));
#11471=CARTESIAN_POINT('',(-0.0577432982797398,0.0246680163674072,0.072));
#11472=CARTESIAN_POINT('',(-0.057014467205641,0.0246680163674072,0.072));
#11473=CARTESIAN_POINT('',(-0.0565547687070695,0.0249730890073683,0.072));
#11474=CARTESIAN_POINT('',(-0.0565547687070695,0.0249730890073683,0.072));
#11475=CARTESIAN_POINT('',(-0.0565547687070695,0.0249730890073683,0.072));
#11476=CARTESIAN_POINT('',(-0.0560950702084979,0.0252781616473294,0.072));
#11477=CARTESIAN_POINT('',(-0.0560950702084979,0.025866575725501,0.072));
#11478=CARTESIAN_POINT('',(-0.0560950702084979,0.025866575725501,0.072));
#11479=CARTESIAN_POINT('',(-0.0570806716816294,0.0258905121044685,0.072));
#11480=CARTESIAN_POINT('',(-0.0562234679516613,0.0263749422251023,0.072));
#11481=CARTESIAN_POINT('',(-0.057225538180696,0.0257647542719879,0.072));
#11482=CARTESIAN_POINT('',(-0.0565934158738344,0.0267539014324123,0.072));
#11483=CARTESIAN_POINT('',(-0.0587071627752297,0.0235966538568708,0.072));
#11484=CARTESIAN_POINT('',(-0.0570845931116895,0.0270327197485653,0.072));
#11485=CARTESIAN_POINT('',(-0.0601633740068203,0.020319986564094,0.072));
#11486=CARTESIAN_POINT('',(-0.0576898511837719,0.0272789827673236,0.072));
#11487=CARTESIAN_POINT('',(-0.0568561772202225,0.0298420676362945,0.072));
#11488=CARTESIAN_POINT('',(-0.0578385812412619,0.0273325960282181,0.072));
#11489=CARTESIAN_POINT('',(-0.0578385812412619,0.0273325960282181,0.072));
#11490=CARTESIAN_POINT('',(-0.0595185702996778,0.0279745022953144,0.072));
#11491=CARTESIAN_POINT('',(-0.0595185702996778,0.0294288211817042,0.072));
#11492=CARTESIAN_POINT('',(-0.0595185702996778,0.0294288211817042,0.072));
#11493=CARTESIAN_POINT('',(-0.0595185702996778,0.0294288211817042,0.072));
#11494=CARTESIAN_POINT('',(-0.0595185702996778,0.0303281586080005,0.072));
#11495=CARTESIAN_POINT('',(-0.0589410218223816,0.030771976612985,0.072));
#11496=CARTESIAN_POINT('',(-0.0589410218223816,0.030771976612985,0.072));
#11497=CARTESIAN_POINT('',(-0.0589410218223816,0.030771976612985,0.072));
#11498=CARTESIAN_POINT('',(-0.0583634733450854,0.0312157946179695,0.072));
#11499=CARTESIAN_POINT('',(-0.0574323749316151,0.0312157946179695,0.072));
#11500=CARTESIAN_POINT('',(-0.00855008944543838,0.0352851415191169,0.072));
#11501=CARTESIAN_POINT('',(-0.00804651162790707,0.0352851415191169,0.072));
#11502=CARTESIAN_POINT('',(-0.00905366726296968,0.0352851415191169,0.072));
#11503=CARTESIAN_POINT('',(-0.00905366726296968,0.0368477533259148,0.072));
#11504=CARTESIAN_POINT('',(-0.00905366726296968,0.0384103651327126,0.072));
#11505=CARTESIAN_POINT('',(-0.00905366726296968,0.0384103651327126,0.072));
#11506=CARTESIAN_POINT('',(-0.00905366726296968,0.0397270019842332,0.072));
#11507=CARTESIAN_POINT('',(-0.00856171735241512,0.0402314742561473,0.072));
#11508=CARTESIAN_POINT('',(-0.00856171735241512,0.0402314742561473,0.072));
#11509=CARTESIAN_POINT('',(-0.00747097217809795,0.0391804632679366,0.072));
#11510=CARTESIAN_POINT('',(-0.00797674418604661,0.0406089340057001,0.072));
#11511=CARTESIAN_POINT('',(-0.00797674418604661,0.0406089340057001,0.072));
#11512=CARTESIAN_POINT('',(-0.00763327370304124,0.0407341576192958,0.072));
#11513=CARTESIAN_POINT('',(-0.00737567084078722,0.0407574134332492,0.072));
#11514=CARTESIAN_POINT('',(-0.00737567084078722,0.0407574134332492,0.072));
#11515=CARTESIAN_POINT('',(-0.00675889004701666,0.0322665714810786,0.072));
#11516=CARTESIAN_POINT('',(-0.00667263268854138,0.0407803738651014,0.072));
#11517=CARTESIAN_POINT('',(-0.0061690518783543,0.0407806692472027,0.072));
#11518=CARTESIAN_POINT('',(-0.005665474060823,0.0407806692472027,0.072));
#11519=CARTESIAN_POINT('',(-0.005665474060823,0.0402994527892421,0.072));
#11520=CARTESIAN_POINT('',(-0.005665474060823,0.0398182363312814,0.072));
#11521=CARTESIAN_POINT('',(-0.00627191413237935,0.0398182363312814,0.072));
#11522=CARTESIAN_POINT('',(-0.00687835569654398,0.039818087392148,0.072));
#11523=CARTESIAN_POINT('',(-0.00692478930016881,0.0351847346295742,0.072));
#11524=CARTESIAN_POINT('',(-0.00723350469391545,0.0398078799024701,0.072));
#11525=CARTESIAN_POINT('',(-0.00710073917147673,0.0387334026347383,0.072));
#11526=CARTESIAN_POINT('',(-0.00753119932784374,0.0397276545505275,0.072));
#11527=CARTESIAN_POINT('',(-0.00725017069541013,0.0390336185525856,0.072));
#11528=CARTESIAN_POINT('',(-0.00782826475849741,0.0395105440235892,0.072));
#11529=CARTESIAN_POINT('',(-0.00782826475849741,0.0395105440235892,0.072));
#11530=CARTESIAN_POINT('',(-0.00804651162790707,0.0392350520736786,0.072));
#11531=CARTESIAN_POINT('',(-0.00804651162790707,0.0384103651327126,0.072));
#11532=CARTESIAN_POINT('',(-0.00804651162790707,0.0384103651327126,0.072));
#11533=CARTESIAN_POINT('',(-0.00804651162790707,0.0368477533259148,0.072));
#11534=CARTESIAN_POINT('',(-0.0156940966010734,0.0380329053831598,0.072));
#11535=CARTESIAN_POINT('',(-0.0156940966010734,0.0392457855262725,0.072));
#11536=CARTESIAN_POINT('',(-0.0148926654740609,0.0400597390146446,0.072));
#11537=CARTESIAN_POINT('',(-0.0156940966010734,0.0380329053831598,0.072));
#11538=CARTESIAN_POINT('',(-0.0148926654740609,0.0400597390146446,0.072));
#11539=CARTESIAN_POINT('',(-0.0148926654740609,0.0400597390146446,0.072));
#11540=CARTESIAN_POINT('',(-0.0140912343470484,0.0408951594082045,0.072));
#11541=CARTESIAN_POINT('',(-0.0128890876565296,0.0408951594082045,0.072));
#11542=CARTESIAN_POINT('',(-0.0128890876565296,0.0408951594082045,0.072));
#11543=CARTESIAN_POINT('',(-0.0128677593390096,0.0382048206846107,0.072));
#11544=CARTESIAN_POINT('',(-0.0117960380535924,0.040671606265362,0.072));
#11545=CARTESIAN_POINT('',(-0.0129303320646424,0.0380578400895838,0.072));
#11546=CARTESIAN_POINT('',(-0.0109024278916464,0.0400589197987775,0.072));
#11547=CARTESIAN_POINT('',(-0.0129266036182764,0.0380697990964416,0.072));
#11548=CARTESIAN_POINT('',(-0.0103013920580581,0.0391492007449745,0.072));
#11549=CARTESIAN_POINT('',(-0.0129516108232947,0.0380566456030897,0.072));
#11550=CARTESIAN_POINT('',(-0.0100843998752132,0.0380329032875283,0.072));
#11551=CARTESIAN_POINT('',(-0.0130151693598794,0.0380083060101765,0.072));
#11552=CARTESIAN_POINT('',(-0.0102960298656926,0.0369166122278719,0.072));
#11553=CARTESIAN_POINT('',(-0.0129120188420312,0.0379638613326917,0.072));
#11554=CARTESIAN_POINT('',(-0.0108854185285886,0.0360068774427924,0.072));
#11555=CARTESIAN_POINT('',(-0.01286167152885,0.037932460893845,0.072));
#11556=CARTESIAN_POINT('',(-0.0117781559614214,0.0353942202418598,0.072));
#11557=CARTESIAN_POINT('',(-0.0128635941950751,0.03793026047183,0.072));
#11558=CARTESIAN_POINT('',(-0.0128890876565296,0.0351706513581151,0.072));
#11559=CARTESIAN_POINT('',(-0.0128890876565296,0.0351706513581151,0.072));
#11560=CARTESIAN_POINT('',(-0.013495527728086,0.0351706513581151,0.072));
#11561=CARTESIAN_POINT('',(-0.0140053667262971,0.0353942649538217,0.072));
#11562=CARTESIAN_POINT('',(-0.0140053667262971,0.0353942649538217,0.072));
#11563=CARTESIAN_POINT('',(-0.0129032057373537,0.0379414436547765,0.072));
#11564=CARTESIAN_POINT('',(-0.0148927570079251,0.0360068777615037,0.072));
#11565=CARTESIAN_POINT('',(-0.012866156471029,0.037963861332691,0.072));
#11566=CARTESIAN_POINT('',(-0.0154821454473666,0.0369166122278719,0.072));
#11567=CARTESIAN_POINT('',(-0.0127630059531803,0.0380083060101765,0.072));
#11568=CARTESIAN_POINT('',(-0.013473497051851,0.0282310976390625,0.072));
#11569=CARTESIAN_POINT('',(-0.0127563673940794,0.029012585086634,0.072));
#11570=CARTESIAN_POINT('',(-0.0115160172633882,0.0289691226831327,0.072));
#11571=CARTESIAN_POINT('',(-0.013473497051851,0.0282310976390625,0.072));
#11572=CARTESIAN_POINT('',(-0.0115160172633882,0.0289691226831327,0.072));
#11573=CARTESIAN_POINT('',(-0.0115160172633882,0.0289691226831327,0.072));
#11574=CARTESIAN_POINT('',(-0.00969728283994895,0.0288938992924574,0.072));
#11575=CARTESIAN_POINT('',(-0.00969728283994895,0.0274613116078181,0.072));
#11576=CARTESIAN_POINT('',(-0.00969728283994895,0.0274613116078181,0.072));
#11577=CARTESIAN_POINT('',(-0.00969728283994895,0.0274613116078181,0.072));
#11578=CARTESIAN_POINT('',(-0.00969728283994895,0.0256743381715528,0.072));
#11579=CARTESIAN_POINT('',(-0.0120409093672117,0.0256743381715528,0.072));
#11580=CARTESIAN_POINT('',(-0.0120409093672117,0.0256743381715528,0.072));
#11581=CARTESIAN_POINT('',(-0.0122598930156222,0.0256743381715528,0.072));
#11582=CARTESIAN_POINT('',(-0.0124788766640326,0.0256743381715528,0.072));
#11583=CARTESIAN_POINT('',(-0.0124788766640326,0.0260863951893633,0.072));
#11584=CARTESIAN_POINT('',(-0.0124788766640326,0.0264984522071738,0.072));
#11585=CARTESIAN_POINT('',(-0.0122222813202845,0.0264984522071738,0.072));
#11586=CARTESIAN_POINT('',(-0.0119656859765364,0.0264984522071738,0.072));
#11587=CARTESIAN_POINT('',(-0.0119656859765364,0.0264984522071738,0.072));
#11588=CARTESIAN_POINT('',(-0.0112485563187648,0.0264984522071738,0.072));
#11589=CARTESIAN_POINT('',(-0.0109702297732661,0.0267174358555843,0.072));
#11590=CARTESIAN_POINT('',(-0.0109702297732661,0.0267174358555843,0.072));
#11591=CARTESIAN_POINT('',(-0.0109702297732661,0.0267174358555843,0.072));
#11592=CARTESIAN_POINT('',(-0.0106919032277673,0.0269364195039946,0.072));
#11593=CARTESIAN_POINT('',(-0.0106919032277673,0.0274496101914909,0.072));
#11594=CARTESIAN_POINT('',(-0.0106919032277673,0.0274496101914909,0.072));
#11595=CARTESIAN_POINT('',(-0.0106919032277673,0.0274496101914909,0.072));
#11596=CARTESIAN_POINT('',(-0.0106919032277673,0.0277822647413663,0.072));
#11597=CARTESIAN_POINT('',(-0.010938468786092,0.027947756200852,0.072));
#11598=CARTESIAN_POINT('',(-0.010938468786092,0.027947756200852,0.072));
#11599=CARTESIAN_POINT('',(-0.010938468786092,0.027947756200852,0.072));
#11600=CARTESIAN_POINT('',(-0.0111850343444168,0.0281132476603377,0.072));
#11601=CARTESIAN_POINT('',(-0.0115695094523129,0.0281132476603377,0.072));
#11602=CARTESIAN_POINT('',(-0.0115695094523129,0.0281132476603377,0.072));
#11603=CARTESIAN_POINT('',(-0.0115695094523129,0.0281132476603377,0.072));
#11604=CARTESIAN_POINT('',(-0.0123284298826819,0.0281132476603377,0.072));
#11605=CARTESIAN_POINT('',(-0.012762218102243,0.0275783257710909,0.072));
#11606=CARTESIAN_POINT('',(-0.012762218102243,0.0275783257710909,0.072));
#11607=CARTESIAN_POINT('',(-0.012762218102243,0.0275783257710909,0.072));
#11608=CARTESIAN_POINT('',(-0.0131960063218042,0.027043403881844,0.072));
#11609=CARTESIAN_POINT('',(-0.0131960063218042,0.0262945132368985,0.072));
#11610=CARTESIAN_POINT('',(-0.0131960063218042,0.0262945132368985,0.072));
#11611=CARTESIAN_POINT('',(-0.0131960063218042,0.0262945132368985,0.072));
#11612=CARTESIAN_POINT('',(-0.0131960063218042,0.0255021601884516,0.072));
#11613=CARTESIAN_POINT('',(-0.012730457115069,0.025010700702706,0.072));
#11614=CARTESIAN_POINT('',(-0.012730457115069,0.025010700702706,0.072));
#11615=CARTESIAN_POINT('',(-0.012730457115069,0.025010700702706,0.072));
#11616=CARTESIAN_POINT('',(-0.0122649079083338,0.0245192412169605,0.072));
#11617=CARTESIAN_POINT('',(-0.0115160172633882,0.0245192412169605,0.072));
#11618=CARTESIAN_POINT('',(-0.0115160172633882,0.0245192412169605,0.072));
#11619=CARTESIAN_POINT('',(-0.0115160172633882,0.0245192412169605,0.072));
#11620=CARTESIAN_POINT('',(-0.010842350009118,0.0245192412169605,0.072));
#11621=CARTESIAN_POINT('',(-0.0104144124977205,0.0248502241359319,0.072));
#11622=CARTESIAN_POINT('',(-0.0104144124977205,0.0248502241359319,0.072));
#11623=CARTESIAN_POINT('',(-0.0100934593641724,0.0245342858950955,0.072));
#11624=CARTESIAN_POINT('',(-0.00977250623062429,0.0242183476542591,0.072));
#11625=CARTESIAN_POINT('',(-0.00977250623062429,0.0242183476542591,0.072));
#11626=CARTESIAN_POINT('',(-0.0105096954592426,0.0236199037906641,0.072));
#11627=CARTESIAN_POINT('',(-0.0115160172633882,0.0236199037906641,0.072));
#11628=CARTESIAN_POINT('',(-0.0115160172633882,0.0236199037906641,0.072));
#11629=CARTESIAN_POINT('',(-0.0115160172633882,0.0236199037906641,0.072));
#11630=CARTESIAN_POINT('',(-0.0127363078232326,0.0236199037906641,0.072));
#11631=CARTESIAN_POINT('',(-0.0134634672664276,0.0243370334484357,0.072));
#11632=CARTESIAN_POINT('',(-0.0134634672664276,0.0243370334484357,0.072));
#11633=CARTESIAN_POINT('',(-0.0134634672664276,0.0243370334484357,0.072));
#11634=CARTESIAN_POINT('',(-0.0141906267096225,0.0250541631062073,0.072));
#11635=CARTESIAN_POINT('',(-0.0141906267096225,0.026187528859049,0.072));
#11636=CARTESIAN_POINT('',(-0.0141906267096225,0.026187528859049,0.072));
#11637=CARTESIAN_POINT('',(-0.0141906267096225,0.026187528859049,0.072));
#11638=CARTESIAN_POINT('',(-0.0141906267096225,0.0274496101914909,0.072));
#11639=CARTESIAN_POINT('',(-0.013473497051851,0.0282310976390625,0.072));
#11640=CARTESIAN_POINT('',(-0.00831735152878246,0.0237268881685135,0.072));
#11641=CARTESIAN_POINT('',(-0.00784678742933562,0.0237268881685135,0.072));
#11642=CARTESIAN_POINT('',(-0.0087879156282293,0.0237268881685135,0.072));
#11643=CARTESIAN_POINT('',(-0.0087879156282293,0.0251870577630671,0.072));
#11644=CARTESIAN_POINT('',(-0.0087879156282293,0.0266472273576206,0.072));
#11645=CARTESIAN_POINT('',(-0.0087879156282293,0.0266472273576206,0.072));
#11646=CARTESIAN_POINT('',(-0.0087879156282293,0.0278775477028884,0.072));
#11647=CARTESIAN_POINT('',(-0.00832821712965778,0.0283489476177872,0.072));
#11648=CARTESIAN_POINT('',(-0.00832821712965778,0.0283489476177872,0.072));
#11649=CARTESIAN_POINT('',(-0.00730897938166733,0.0273668391492279,0.072));
#11650=CARTESIAN_POINT('',(-0.00778159382408365,0.0287016617385093,0.072));
#11651=CARTESIAN_POINT('',(-0.00778159382408365,0.0287016617385093,0.072));
#11652=CARTESIAN_POINT('',(-0.00746064069053554,0.0288186759017821,0.072));
#11653=CARTESIAN_POINT('',(-0.00721992584037446,0.0288404071035327,0.072));
#11654=CARTESIAN_POINT('',(-0.00721992584037446,0.0288404071035327,0.072));
#11655=CARTESIAN_POINT('',(-0.00664358016216415,0.0209062105252207,0.072));
#11656=CARTESIAN_POINT('',(-0.00656297769160544,0.0288618622879377,0.072));
#11657=CARTESIAN_POINT('',(-0.00609241079569632,0.0288621383052833,0.072));
#11658=CARTESIAN_POINT('',(-0.00562184669624948,0.0288621383052833,0.072));
#11659=CARTESIAN_POINT('',(-0.00562184669624948,0.0284124695921352,0.072));
#11660=CARTESIAN_POINT('',(-0.00562184669624948,0.027962800878987,0.072));
#11661=CARTESIAN_POINT('',(-0.00618852957267037,0.027962800878987,0.072));
#11662=CARTESIAN_POINT('',(-0.00675521384384663,0.0279626617040537,0.072));
#11663=CARTESIAN_POINT('',(-0.00679860333820741,0.0236330637864441,0.072));
#11664=CARTESIAN_POINT('',(-0.00708707986792378,0.0279531234002988,0.072));
#11665=CARTESIAN_POINT('',(-0.00696301823072602,0.026949087062238,0.072));
#11666=CARTESIAN_POINT('',(-0.00736525741302381,0.0278781578029342,0.072));
#11667=CARTESIAN_POINT('',(-0.00710265327428177,0.027229621327411,0.072));
#11668=CARTESIAN_POINT('',(-0.00764284845906025,0.0276752803635169,0.072));
#11669=CARTESIAN_POINT('',(-0.00764284845906025,0.0276752803635169,0.072));
#11670=CARTESIAN_POINT('',(-0.00784678742933562,0.0274178492043168,0.072));
#11671=CARTESIAN_POINT('',(-0.00784678742933562,0.0266472273576206,0.072));
#11672=CARTESIAN_POINT('',(-0.00784678742933562,0.0266472273576206,0.072));
#11673=CARTESIAN_POINT('',(-0.00784678742933562,0.0251870577630671,0.072));
#11674=CARTESIAN_POINT('',(-0.062,0.003,0.072));
#11675=CARTESIAN_POINT('',(-0.067,0.003,0.072));
#11676=CARTESIAN_POINT('',(-0.062,-0.002,0.072));
#11677=CARTESIAN_POINT('',(-0.0325,-0.002,0.072));
#11678=CARTESIAN_POINT('',(-0.003,-0.002,0.072));
#11679=CARTESIAN_POINT('',(-0.003,0.003,0.072));
#11680=CARTESIAN_POINT('',(0.002,0.003,0.072));
#11681=CARTESIAN_POINT('',(0.002,0.0325,0.072));
#11682=CARTESIAN_POINT('',(0.002,0.062,0.072));
#11683=CARTESIAN_POINT('',(-0.003,0.062,0.072));
#11684=CARTESIAN_POINT('',(-0.003,0.067,0.072));
#11685=CARTESIAN_POINT('',(-0.0325,0.067,0.072));
#11686=CARTESIAN_POINT('',(-0.062,0.067,0.072));
#11687=CARTESIAN_POINT('',(-0.062,0.062,0.072));
#11688=CARTESIAN_POINT('',(-0.067,0.062,0.072));
#11689=CARTESIAN_POINT('',(-0.067,0.0325,0.072));
#11690=CARTESIAN_POINT('',(-0.0593130590339894,0.0392583078876321,0.072));
#11691=CARTESIAN_POINT('',(-0.0593023255813955,0.0402082184421938,0.072));
#11692=CARTESIAN_POINT('',(-0.0590268336314849,0.040975660302659,0.072));
#11693=CARTESIAN_POINT('',(-0.0593130590339894,0.0392583078876321,0.072));
#11694=CARTESIAN_POINT('',(-0.0590268336314849,0.040975660302659,0.072));
#11695=CARTESIAN_POINT('',(-0.0590268336314849,0.040975660302659,0.072));
#11696=CARTESIAN_POINT('',(-0.0587513416815744,0.041743102163124,0.072));
#11697=CARTESIAN_POINT('',(-0.0582593917710198,0.0422869304278825,0.072));
#11698=CARTESIAN_POINT('',(-0.0582593917710198,0.0422869304278825,0.072));
#11699=CARTESIAN_POINT('',(-0.0558005162200003,0.0400646793868522,0.072));
#11700=CARTESIAN_POINT('',(-0.0570805008944545,0.0431223508214425,0.072));
#11701=CARTESIAN_POINT('',(-0.0570805008944545,0.0431223508214425,0.072));
#11702=CARTESIAN_POINT('',(-0.0563935599284438,0.0434139429502439,0.072));
#11703=CARTESIAN_POINT('',(-0.0555456171735243,0.0434139429502439,0.072));
#11704=CARTESIAN_POINT('',(-0.0555456171735243,0.0434139429502439,0.072));
#11705=CARTESIAN_POINT('',(-0.0555456171735243,0.0434139429502439,0.072));
#11706=CARTESIAN_POINT('',(-0.0547101967799643,0.0434139429502439,0.072));
#11707=CARTESIAN_POINT('',(-0.0540178890876566,0.0431223508214425,0.072));
#11708=CARTESIAN_POINT('',(-0.0540178890876566,0.0431223508214425,0.072));
#11709=CARTESIAN_POINT('',(-0.0552859945345265,0.0400624180131676,0.072));
#11710=CARTESIAN_POINT('',(-0.0528327370304116,0.0422869304278825,0.072));
#11711=CARTESIAN_POINT('',(-0.0528327370304116,0.0422869304278825,0.072));
#11712=CARTESIAN_POINT('',(-0.0523398926654742,0.041743102163124,0.072));
#11713=CARTESIAN_POINT('',(-0.0520652951699464,0.040975660302659,0.072));
#11714=CARTESIAN_POINT('',(-0.0520652951699464,0.040975660302659,0.072));
#11715=CARTESIAN_POINT('',(-0.0520652951699464,0.040975660302659,0.072));
#11716=CARTESIAN_POINT('',(-0.0517906976744187,0.0402082184421938,0.072));
#11717=CARTESIAN_POINT('',(-0.0517799642218248,0.0392583078876321,0.072));
#11718=CARTESIAN_POINT('',(-0.0517799642218248,0.0392583078876321,0.072));
#11719=CARTESIAN_POINT('',(-0.0517799642218248,0.0392583078876321,0.072));
#11720=CARTESIAN_POINT('',(-0.0517906976744187,0.0383083973330704,0.072));
#11721=CARTESIAN_POINT('',(-0.0520599284436495,0.037552583379582,0.072));
#11722=CARTESIAN_POINT('',(-0.0520599284436495,0.037552583379582,0.072));
#11723=CARTESIAN_POINT('',(-0.0520599284436495,0.037552583379582,0.072));
#11724=CARTESIAN_POINT('',(-0.0523291592128803,0.0367967694260936,0.072));
#11725=CARTESIAN_POINT('',(-0.0528211091234348,0.0362699357946088,0.072));
#11726=CARTESIAN_POINT('',(-0.0528211091234348,0.0362699357946088,0.072));
#11727=CARTESIAN_POINT('',(-0.0552594916874468,0.0385584098424426,0.072));
#11728=CARTESIAN_POINT('',(-0.0540062611806799,0.0354568767606196,0.072));
#11729=CARTESIAN_POINT('',(-0.0540062611806799,0.0354568767606196,0.072));
#11730=CARTESIAN_POINT('',(-0.0546994633273704,0.0351706513581151,0.072));
#11731=CARTESIAN_POINT('',(-0.0555456171735243,0.0351706513581151,0.072));
#11732=CARTESIAN_POINT('',(-0.0555456171735243,0.0351706513581151,0.072));
#11733=CARTESIAN_POINT('',(-0.0555456171735243,0.0351706513581151,0.072));
#11734=CARTESIAN_POINT('',(-0.0563935599284438,0.0351706513581151,0.072));
#11735=CARTESIAN_POINT('',(-0.0570858676207515,0.0354568767606196,0.072));
#11736=CARTESIAN_POINT('',(-0.0570858676207515,0.0354568767606196,0.072));
#11737=CARTESIAN_POINT('',(-0.0558263875474913,0.038567298418324,0.072));
#11738=CARTESIAN_POINT('',(-0.0582710196779965,0.0362699357946088,0.072));
#11739=CARTESIAN_POINT('',(-0.0582710196779965,0.0362699357946088,0.072));
#11740=CARTESIAN_POINT('',(-0.0587638640429339,0.0367967694260936,0.072));
#11741=CARTESIAN_POINT('',(-0.0590330948121647,0.037552583379582,0.072));
#11742=CARTESIAN_POINT('',(-0.0590330948121647,0.037552583379582,0.072));
#11743=CARTESIAN_POINT('',(-0.0590330948121647,0.037552583379582,0.072));
#11744=CARTESIAN_POINT('',(-0.0593023255813955,0.0383083973330704,0.072));
#11745=CARTESIAN_POINT('',(-0.0593130590339894,0.0392583078876321,0.072));
#11746=CARTESIAN_POINT('',(-0.0223345259391772,0.0380329053831598,0.072));
#11747=CARTESIAN_POINT('',(-0.0223345259391772,0.0392457855262725,0.072));
#11748=CARTESIAN_POINT('',(-0.0215330948121647,0.0400597390146446,0.072));
#11749=CARTESIAN_POINT('',(-0.0223345259391772,0.0380329053831598,0.072));
#11750=CARTESIAN_POINT('',(-0.0215330948121647,0.0400597390146446,0.072));
#11751=CARTESIAN_POINT('',(-0.0215330948121647,0.0400597390146446,0.072));
#11752=CARTESIAN_POINT('',(-0.0207316636851522,0.0408951594082045,0.072));
#11753=CARTESIAN_POINT('',(-0.0195295169946333,0.0408951594082045,0.072));
#11754=CARTESIAN_POINT('',(-0.0195295169946333,0.0408951594082045,0.072));
#11755=CARTESIAN_POINT('',(-0.0195081886771132,0.0382048206846109,0.072));
#11756=CARTESIAN_POINT('',(-0.0184364673916961,0.040671606265362,0.072));
#11757=CARTESIAN_POINT('',(-0.0195707614027465,0.0380578400895833,0.072));
#11758=CARTESIAN_POINT('',(-0.0175428572297501,0.0400589197987775,0.072));
#11759=CARTESIAN_POINT('',(-0.01956703295638,0.0380697990964418,0.072));
#11760=CARTESIAN_POINT('',(-0.0169418213961619,0.0391492007449745,0.072));
#11761=CARTESIAN_POINT('',(-0.0195920401613955,0.0380566456030902,0.072));
#11762=CARTESIAN_POINT('',(-0.016724829213317,0.0380329032875283,0.072));
#11763=CARTESIAN_POINT('',(-0.0196555986979833,0.0380083060101765,0.072));
#11764=CARTESIAN_POINT('',(-0.0169364592037963,0.0369166122278719,0.072));
#11765=CARTESIAN_POINT('',(-0.0195524481801357,0.0379638613326922,0.072));
#11766=CARTESIAN_POINT('',(-0.0175258478666923,0.0360068774427924,0.072));
#11767=CARTESIAN_POINT('',(-0.0195021008669538,0.0379324608938451,0.072));
#11768=CARTESIAN_POINT('',(-0.0184185852995251,0.0353942202418598,0.072));
#11769=CARTESIAN_POINT('',(-0.0195040235331788,0.0379302604718299,0.072));
#11770=CARTESIAN_POINT('',(-0.0195295169946333,0.0351706513581151,0.072));
#11771=CARTESIAN_POINT('',(-0.0195295169946333,0.0351706513581151,0.072));
#11772=CARTESIAN_POINT('',(-0.0201359570661897,0.0351706513581151,0.072));
#11773=CARTESIAN_POINT('',(-0.0206457960644008,0.0353942649538217,0.072));
#11774=CARTESIAN_POINT('',(-0.0206457960644008,0.0353942649538217,0.072));
#11775=CARTESIAN_POINT('',(-0.0195436350754574,0.0379414436547766,0.072));
#11776=CARTESIAN_POINT('',(-0.0215331863460289,0.0360068777615037,0.072));
#11777=CARTESIAN_POINT('',(-0.0195065858091321,0.0379638613326915,0.072));
#11778=CARTESIAN_POINT('',(-0.0221225747854704,0.0369166122278719,0.072));
#11779=CARTESIAN_POINT('',(-0.0194034352912835,0.0380083060101765,0.072));
#11780=CARTESIAN_POINT('',(-0.0245948121645797,0.0422520467069523,0.072));
#11781=CARTESIAN_POINT('',(-0.0235474060822899,0.0412046406246625,0.072));
#11782=CARTESIAN_POINT('',(-0.023536672629696,0.0392922971541795,0.072));
#11783=CARTESIAN_POINT('',(-0.0245948121645797,0.0422520467069523,0.072));
#11784=CARTESIAN_POINT('',(-0.023536672629696,0.0392922971541795,0.072));
#11785=CARTESIAN_POINT('',(-0.023536672629696,0.0392922971541795,0.072));
#11786=CARTESIAN_POINT('',(-0.0235474060822899,0.0373799536836965,0.072));
#11787=CARTESIAN_POINT('',(-0.0245948121645797,0.0363325476014067,0.072));
#11788=CARTESIAN_POINT('',(-0.0245948121645797,0.0363325476014067,0.072));
#11789=CARTESIAN_POINT('',(-0.0245948121645797,0.0363325476014067,0.072));
#11790=CARTESIAN_POINT('',(-0.0256422182468695,0.0352851415191169,0.072));
#11791=CARTESIAN_POINT('',(-0.0274865831842577,0.0352851415191169,0.072));
#11792=CARTESIAN_POINT('',(-0.0274865831842577,0.0352851415191169,0.072));
#11793=CARTESIAN_POINT('',(-0.0282647584973167,0.0352851415191169,0.072));
#11794=CARTESIAN_POINT('',(-0.0290429338103758,0.0352851415191169,0.072));
#11795=CARTESIAN_POINT('',(-0.0290429338103758,0.0392922971541795,0.072));
#11796=CARTESIAN_POINT('',(-0.0290429338103758,0.0432994527892421,0.072));
#11797=CARTESIAN_POINT('',(-0.0282647584973167,0.0432994527892421,0.072));
#11798=CARTESIAN_POINT('',(-0.0274865831842577,0.0432994527892421,0.072));
#11799=CARTESIAN_POINT('',(-0.0274865831842577,0.0432994527892421,0.072));
#11800=CARTESIAN_POINT('',(-0.0256422182468695,0.0432994527892421,0.072));
#11801=CARTESIAN_POINT('',(-0.0245948121645797,0.0422520467069523,0.072));
#11802=CARTESIAN_POINT('',(-0.0377549194991057,0.0380329053831598,0.072));
#11803=CARTESIAN_POINT('',(-0.0377549194991057,0.0352851415191169,0.072));
#11804=CARTESIAN_POINT('',(-0.0377549194991057,0.0407806692472027,0.072));
#11805=CARTESIAN_POINT('',(-0.0367647584973168,0.0407806692472027,0.072));
#11806=CARTESIAN_POINT('',(-0.0357745974955278,0.0407806692472027,0.072));
#11807=CARTESIAN_POINT('',(-0.0357745974955278,0.0407806692472027,0.072));
#11808=CARTESIAN_POINT('',(-0.0345026833631486,0.0407806692472027,0.072));
#11809=CARTESIAN_POINT('',(-0.0339534883720932,0.04040320949765,0.072));
#11810=CARTESIAN_POINT('',(-0.0339534883720932,0.04040320949765,0.072));
#11811=CARTESIAN_POINT('',(-0.0339534883720932,0.04040320949765,0.072));
#11812=CARTESIAN_POINT('',(-0.0334615384615385,0.0400704724672385,0.072));
#11813=CARTESIAN_POINT('',(-0.0333300536672631,0.0396071450969344,0.072));
#11814=CARTESIAN_POINT('',(-0.0333300536672631,0.0396071450969344,0.072));
#11815=CARTESIAN_POINT('',(-0.0333300536672631,0.0396071450969344,0.072));
#11816=CARTESIAN_POINT('',(-0.0331985688729876,0.0391438177266303,0.072));
#11817=CARTESIAN_POINT('',(-0.0331985688729876,0.0383871093187591,0.072));
#11818=CARTESIAN_POINT('',(-0.0331985688729876,0.0383871093187591,0.072));
#11819=CARTESIAN_POINT('',(-0.0331985688729876,0.036836125418938,0.072));
#11820=CARTESIAN_POINT('',(-0.0331985688729876,0.0352851415191169,0.072));
#11821=CARTESIAN_POINT('',(-0.0337021466905189,0.0352851415191169,0.072));
#11822=CARTESIAN_POINT('',(-0.0342057245080502,0.0352851415191169,0.072));
#11823=CARTESIAN_POINT('',(-0.0342057245080502,0.036830758692641,0.072));
#11824=CARTESIAN_POINT('',(-0.0342058205468981,0.038376376529004,0.072));
#11825=CARTESIAN_POINT('',(-0.0386771167627656,0.0384072364215699,0.072));
#11826=CARTESIAN_POINT('',(-0.034216926611293,0.0387252747902148,0.072));
#11827=CARTESIAN_POINT('',(-0.0360512563860273,0.0385069033601651,0.072));
#11828=CARTESIAN_POINT('',(-0.0342982369707086,0.0390918304881133,0.072));
#11829=CARTESIAN_POINT('',(-0.0352581154310814,0.0388227323059907,0.072));
#11830=CARTESIAN_POINT('',(-0.0344919499105546,0.0394586656693852,0.072));
#11831=CARTESIAN_POINT('',(-0.0344919499105546,0.0394586656693852,0.072));
#11832=CARTESIAN_POINT('',(-0.0346171735241503,0.0396017783706374,0.072));
#11833=CARTESIAN_POINT('',(-0.0348577817531307,0.0397100073509595,0.072));
#11834=CARTESIAN_POINT('',(-0.0348577817531307,0.0397100073509595,0.072));
#11835=CARTESIAN_POINT('',(-0.0348577817531307,0.0397100073509595,0.072));
#11836=CARTESIAN_POINT('',(-0.035098389982111,0.0398182363312814,0.072));
#11837=CARTESIAN_POINT('',(-0.0354418604651164,0.0398182363312814,0.072));
#11838=CARTESIAN_POINT('',(-0.0354418604651164,0.0398182363312814,0.072));
#11839=CARTESIAN_POINT('',(-0.0360948121645797,0.0398182363312814,0.072));
#11840=CARTESIAN_POINT('',(-0.036747763864043,0.0398182363312814,0.072));
#11841=CARTESIAN_POINT('',(-0.036747763864043,0.0375516889251992,0.072));
#11842=CARTESIAN_POINT('',(-0.036747763864043,0.0352851415191169,0.072));
#11843=CARTESIAN_POINT('',(-0.0372513416815744,0.0352851415191169,0.072));
#11844=CARTESIAN_POINT('',(-0.0429982110912345,0.0401053561881688,0.072));
#11845=CARTESIAN_POINT('',(-0.0422307692307693,0.0409416710361115,0.072));
#11846=CARTESIAN_POINT('',(-0.0409033989266549,0.0408951594082045,0.072));
#11847=CARTESIAN_POINT('',(-0.0429982110912345,0.0401053561881688,0.072));
#11848=CARTESIAN_POINT('',(-0.0409033989266549,0.0408951594082045,0.072));
#11849=CARTESIAN_POINT('',(-0.0409033989266549,0.0408951594082045,0.072));
#11850=CARTESIAN_POINT('',(-0.0389570661896244,0.0408146585137502,0.072));
#11851=CARTESIAN_POINT('',(-0.0389570661896244,0.0392815637015856,0.072));
#11852=CARTESIAN_POINT('',(-0.0389570661896244,0.0392815637015856,0.072));
#11853=CARTESIAN_POINT('',(-0.0389570661896244,0.0392815637015856,0.072));
#11854=CARTESIAN_POINT('',(-0.0389570661896244,0.0373692202311025,0.072));
#11855=CARTESIAN_POINT('',(-0.0414651162790699,0.0373692202311025,0.072));
#11856=CARTESIAN_POINT('',(-0.0414651162790699,0.0373692202311025,0.072));
#11857=CARTESIAN_POINT('',(-0.0416994633273704,0.0373692202311025,0.072));
#11858=CARTESIAN_POINT('',(-0.0419338103756709,0.0373692202311025,0.072));
#11859=CARTESIAN_POINT('',(-0.0419338103756709,0.037810186241836,0.072));
#11860=CARTESIAN_POINT('',(-0.0419338103756709,0.0382511522525695,0.072));
#11861=CARTESIAN_POINT('',(-0.0416592128801432,0.0382511522525695,0.072));
#11862=CARTESIAN_POINT('',(-0.0413846153846155,0.0382511522525695,0.072));
#11863=CARTESIAN_POINT('',(-0.0413846153846155,0.0382511522525695,0.072));
#11864=CARTESIAN_POINT('',(-0.0406171735241503,0.0382511522525695,0.072));
#11865=CARTESIAN_POINT('',(-0.0403193202146691,0.03848549930087,0.072));
#11866=CARTESIAN_POINT('',(-0.0403193202146691,0.03848549930087,0.072));
#11867=CARTESIAN_POINT('',(-0.0403193202146691,0.03848549930087,0.072));
#11868=CARTESIAN_POINT('',(-0.0400214669051879,0.0387198463491705,0.072));
#11869=CARTESIAN_POINT('',(-0.0400214669051879,0.039269041340226,0.072));
#11870=CARTESIAN_POINT('',(-0.0400214669051879,0.039269041340226,0.072));
#11871=CARTESIAN_POINT('',(-0.0400214669051879,0.039269041340226,0.072));
#11872=CARTESIAN_POINT('',(-0.0400214669051879,0.039625034184591,0.072));
#11873=CARTESIAN_POINT('',(-0.0402853309481217,0.0398021361523906,0.072));
#11874=CARTESIAN_POINT('',(-0.0402853309481217,0.0398021361523906,0.072));
#11875=CARTESIAN_POINT('',(-0.0402853309481217,0.0398021361523906,0.072));
#11876=CARTESIAN_POINT('',(-0.0405491949910556,0.0399792381201903,0.072));
#11877=CARTESIAN_POINT('',(-0.0409606440071557,0.0399792381201903,0.072));
#11878=CARTESIAN_POINT('',(-0.0409606440071557,0.0399792381201903,0.072));
#11879=CARTESIAN_POINT('',(-0.0409606440071557,0.0399792381201903,0.072));
#11880=CARTESIAN_POINT('',(-0.0417728085867622,0.0399792381201903,0.072));
#11881=CARTESIAN_POINT('',(-0.0422370304114491,0.0394067873151813,0.072));
#11882=CARTESIAN_POINT('',(-0.0422370304114491,0.0394067873151813,0.072));
#11883=CARTESIAN_POINT('',(-0.0422370304114491,0.0394067873151813,0.072));
#11884=CARTESIAN_POINT('',(-0.0427012522361361,0.0388343365101723,0.072));
#11885=CARTESIAN_POINT('',(-0.0427012522361361,0.0380329053831598,0.072));
#11886=CARTESIAN_POINT('',(-0.0427012522361361,0.0380329053831598,0.072));
#11887=CARTESIAN_POINT('',(-0.0427012522361361,0.0380329053831598,0.072));
#11888=CARTESIAN_POINT('',(-0.0427012522361361,0.0371849626282403,0.072));
#11889=CARTESIAN_POINT('',(-0.0422030411449017,0.0366590234511383,0.072));
#11890=CARTESIAN_POINT('',(-0.0422030411449017,0.0366590234511383,0.072));
#11891=CARTESIAN_POINT('',(-0.0422030411449017,0.0366590234511383,0.072));
#11892=CARTESIAN_POINT('',(-0.0417048300536673,0.0361330842740364,0.072));
#11893=CARTESIAN_POINT('',(-0.0409033989266549,0.0361330842740364,0.072));
#11894=CARTESIAN_POINT('',(-0.0409033989266549,0.0361330842740364,0.072));
#11895=CARTESIAN_POINT('',(-0.0409033989266549,0.0361330842740364,0.072));
#11896=CARTESIAN_POINT('',(-0.0401824686940967,0.0361330842740364,0.072));
#11897=CARTESIAN_POINT('',(-0.0397245080500895,0.0364872882096357,0.072));
#11898=CARTESIAN_POINT('',(-0.0397245080500895,0.0364872882096357,0.072));
#11899=CARTESIAN_POINT('',(-0.0393810375670842,0.0361491844529273,0.072));
#11900=CARTESIAN_POINT('',(-0.0390375670840788,0.0358110806962189,0.072));
#11901=CARTESIAN_POINT('',(-0.0390375670840788,0.0358110806962189,0.072));
#11902=CARTESIAN_POINT('',(-0.0398264758497318,0.0351706513581151,0.072));
#11903=CARTESIAN_POINT('',(-0.0409033989266549,0.0351706513581151,0.072));
#11904=CARTESIAN_POINT('',(-0.0409033989266549,0.0351706513581151,0.072));
#11905=CARTESIAN_POINT('',(-0.0409033989266549,0.0351706513581151,0.072));
#11906=CARTESIAN_POINT('',(-0.0422093023255815,0.0351706513581151,0.072));
#11907=CARTESIAN_POINT('',(-0.0429874776386405,0.0359380932185802,0.072));
#11908=CARTESIAN_POINT('',(-0.0429874776386405,0.0359380932185802,0.072));
#11909=CARTESIAN_POINT('',(-0.0429874776386405,0.0359380932185802,0.072));
#11910=CARTESIAN_POINT('',(-0.0437656529516995,0.0367055350790453,0.072));
#11911=CARTESIAN_POINT('',(-0.0437656529516995,0.0379184152221581,0.072));
#11912=CARTESIAN_POINT('',(-0.0437656529516995,0.0379184152221581,0.072));
#11913=CARTESIAN_POINT('',(-0.0437656529516995,0.0379184152221581,0.072));
#11914=CARTESIAN_POINT('',(-0.0437656529516995,0.039269041340226,0.072));
#11915=CARTESIAN_POINT('',(-0.0429982110912345,0.0401053561881688,0.072));
#11916=CARTESIAN_POINT('',(-0.0498908765652953,0.0326751236300293,0.072));
#11917=CARTESIAN_POINT('',(-0.0493756708407872,0.0326751236300293,0.072));
#11918=CARTESIAN_POINT('',(-0.0504060822898033,0.0326751236300293,0.072));
#11919=CARTESIAN_POINT('',(-0.0504060822898033,0.0353540145065945,0.072));
#11920=CARTESIAN_POINT('',(-0.0504058207297005,0.0380329072200369,0.072));
#11921=CARTESIAN_POINT('',(-0.0474926083258868,0.0380533660482389,0.072));
#11922=CARTESIAN_POINT('',(-0.0501886101806541,0.0391553983816967,0.072));
#11923=CARTESIAN_POINT('',(-0.0475971492389355,0.038111458790221,0.072));
#11924=CARTESIAN_POINT('',(-0.0495931852793161,0.040065265865883,0.072));
#11925=CARTESIAN_POINT('',(-0.047593452242679,0.038076766754514,0.072));
#11926=CARTESIAN_POINT('',(-0.0486994295441497,0.0406714642627188,0.072));
#11927=CARTESIAN_POINT('',(-0.0476195862717972,0.0381672921791707,0.072));
#11928=CARTESIAN_POINT('',(-0.0476010718457828,0.0408948721540459,0.072));
#11929=CARTESIAN_POINT('',(-0.0475797450277399,0.0382048206846083,0.072));
#11930=CARTESIAN_POINT('',(-0.0465080237423222,0.040671606265362,0.072));
#11931=CARTESIAN_POINT('',(-0.0476423177533725,0.0380578400895836,0.072));
#11932=CARTESIAN_POINT('',(-0.0456144135803763,0.0400589197987775,0.072));
#11933=CARTESIAN_POINT('',(-0.0476385893070051,0.0380697990964423,0.072));
#11934=CARTESIAN_POINT('',(-0.045013377746788,0.0391492007449745,0.072));
#11935=CARTESIAN_POINT('',(-0.0476635965120242,0.0380566456030897,0.072));
#11936=CARTESIAN_POINT('',(-0.0447963855639431,0.0380329032875283,0.072));
#11937=CARTESIAN_POINT('',(-0.0477271550486068,0.038008306010176,0.072));
#11938=CARTESIAN_POINT('',(-0.0450080155544225,0.0369166122278719,0.072));
#11939=CARTESIAN_POINT('',(-0.0476240045307605,0.0379638613326914,0.072));
#11940=CARTESIAN_POINT('',(-0.0455974042173185,0.0360068774427924,0.072));
#11941=CARTESIAN_POINT('',(-0.0475736572175807,0.037932460893846,0.072));
#11942=CARTESIAN_POINT('',(-0.0464901416501512,0.0353942202418598,0.072));
#11943=CARTESIAN_POINT('',(-0.047575579883805,0.0379302604718303,0.072));
#11944=CARTESIAN_POINT('',(-0.0476010741144047,0.0351710017632845,0.072));
#11945=CARTESIAN_POINT('',(-0.0476220229445363,0.0379700319565152,0.072));
#11946=CARTESIAN_POINT('',(-0.048964221824687,0.0355139805196192,0.072));
#11947=CARTESIAN_POINT('',(-0.048964221824687,0.0360293275656285,0.072));
#11948=CARTESIAN_POINT('',(-0.048964221824687,0.0365445332901366,0.072));
#11949=CARTESIAN_POINT('',(-0.048964221824687,0.0365445332901366,0.072));
#11950=CARTESIAN_POINT('',(-0.048402504472272,0.0361330842740364,0.072));
#11951=CARTESIAN_POINT('',(-0.0476350626118069,0.0361330842740364,0.072));
#11952=CARTESIAN_POINT('',(-0.0476350626118069,0.0361330842740364,0.072));
#11953=CARTESIAN_POINT('',(-0.0476067236671051,0.0380395468846701,0.072));
#11954=CARTESIAN_POINT('',(-0.0468854665127221,0.0362760899279514,0.072));
#11955=CARTESIAN_POINT('',(-0.0475131559218731,0.0378032678271598,0.072));
#11956=CARTESIAN_POINT('',(-0.0463128970227622,0.0366705018461605,0.072));
#11957=CARTESIAN_POINT('',(-0.0475868975218774,0.0378403589012339,0.072));
#11958=CARTESIAN_POINT('',(-0.045952586595498,0.0372717216377046,0.072));
#11959=CARTESIAN_POINT('',(-0.0480566631747278,0.0380079195881193,0.072));
#11960=CARTESIAN_POINT('',(-0.0458270959276036,0.0380329088551396,0.072));
#11961=CARTESIAN_POINT('',(-0.048056663174728,0.0380578911782003,0.072));
#11962=CARTESIAN_POINT('',(-0.0459526053269818,0.0387940828211856,0.072));
#11963=CARTESIAN_POINT('',(-0.0476300318774989,0.0382117176346206,0.072));
#11964=CARTESIAN_POINT('',(-0.046307508936174,0.0393953255217147,0.072));
#11965=CARTESIAN_POINT('',(-0.0475018844810177,0.0382993919254582,0.072));
#11966=CARTESIAN_POINT('',(-0.0468631484794277,0.039789613791031,0.072));
#11967=CARTESIAN_POINT('',(-0.0468631484794277,0.039789613791031,0.072));
#11968=CARTESIAN_POINT('',(-0.0471896243291593,0.0399327264922833,0.072));
#11969=CARTESIAN_POINT('',(-0.0476010733452595,0.0399327264922833,0.072));
#11970=CARTESIAN_POINT('',(-0.0476010733452595,0.0399327264922833,0.072));
#11971=CARTESIAN_POINT('',(-0.0476304219030518,0.0380663532786539,0.072));
#11972=CARTESIAN_POINT('',(-0.0483283600844581,0.0397961136672723,0.072));
#11973=CARTESIAN_POINT('',(-0.0477190715347885,0.0383175976804812,0.072));
#11974=CARTESIAN_POINT('',(-0.0488892396393265,0.0394069261304664,0.072));
#11975=CARTESIAN_POINT('',(-0.0476057719678628,0.0382312445437021,0.072));
#11976=CARTESIAN_POINT('',(-0.0492496726440011,0.0388057548340836,0.072));
#11977=CARTESIAN_POINT('',(-0.0471124385101893,0.0380648803746342,0.072));
#11978=CARTESIAN_POINT('',(-0.0493752655042887,0.0380329111097619,0.072));
#11979=CARTESIAN_POINT('',(-0.0493756708407872,0.0353540145065945,0.072));
#11980=CARTESIAN_POINT('',(-0.0540239195185703,0.027962800878987,0.072));
#11981=CARTESIAN_POINT('',(-0.0535475047109598,0.027962800878987,0.072));
#11982=CARTESIAN_POINT('',(-0.0545003343261808,0.027962800878987,0.072));
#11983=CARTESIAN_POINT('',(-0.0535424898182481,0.0289206453869197,0.072));
#11984=CARTESIAN_POINT('',(-0.0525846453103155,0.0298784898948524,0.072));
#11985=CARTESIAN_POINT('',(-0.0525846453103155,0.0293703141000678,0.072));
#11986=CARTESIAN_POINT('',(-0.0525846453103155,0.0288621383052833,0.072));
#11987=CARTESIAN_POINT('',(-0.0518625007598322,0.0288621383052833,0.072));
#11988=CARTESIAN_POINT('',(-0.051140356209349,0.0288621383052833,0.072));
#11989=CARTESIAN_POINT('',(-0.051140356209349,0.0284124695921352,0.072));
#11990=CARTESIAN_POINT('',(-0.051140356209349,0.027962800878987,0.072));
#11991=CARTESIAN_POINT('',(-0.0518625007598322,0.027962800878987,0.072));
#11992=CARTESIAN_POINT('',(-0.0525846453103155,0.027962800878987,0.072));
#11993=CARTESIAN_POINT('',(-0.0525846453103155,0.0268611961133194,0.072));
#11994=CARTESIAN_POINT('',(-0.0525846453103155,0.0257595913476516,0.072));
#11995=CARTESIAN_POINT('',(-0.0525846453103155,0.0257595913476516,0.072));
#11996=CARTESIAN_POINT('',(-0.0525846453103155,0.0253851460251788,0.072));
#11997=CARTESIAN_POINT('',(-0.0524617804388791,0.025139416282306,0.072));
#11998=CARTESIAN_POINT('',(-0.0524617804388791,0.025139416282306,0.072));
#11999=CARTESIAN_POINT('',(-0.051819524060076,0.0254399058306202,0.072));
#12000=CARTESIAN_POINT('',(-0.0521040266107637,0.0247917677986375,0.072));
#12001=CARTESIAN_POINT('',(-0.0513611326556138,0.0264406980528516,0.072));
#12002=CARTESIAN_POINT('',(-0.0516602760935626,0.0246576599308119,0.072));
#12003=CARTESIAN_POINT('',(-0.05118948544226,0.0282321208128288,0.072));
#12004=CARTESIAN_POINT('',(-0.051140356209349,0.0246267948249528,0.072));
#12005=CARTESIAN_POINT('',(-0.051140356209349,0.0241765568816617,0.072));
#12006=CARTESIAN_POINT('',(-0.051140356209349,0.0237268881685135,0.072));
#12007=CARTESIAN_POINT('',(-0.051140356209349,0.0237268881685135,0.072));
#12008=CARTESIAN_POINT('',(-0.0523706765546167,0.0237268881685135,0.072));
#12009=CARTESIAN_POINT('',(-0.0529590906327883,0.0241974522679604,0.072));
#12010=CARTESIAN_POINT('',(-0.0529590906327883,0.0241974522679604,0.072));
#12011=CARTESIAN_POINT('',(-0.0529590906327883,0.0241974522679604,0.072));
#12012=CARTESIAN_POINT('',(-0.0535475047109598,0.0246680163674072,0.072));
#12013=CARTESIAN_POINT('',(-0.0535475047109598,0.0257595913476516,0.072));
#12014=CARTESIAN_POINT('',(-0.0535475047109598,0.0257595913476516,0.072));
#12015=CARTESIAN_POINT('',(-0.0535475047109598,0.0268611961133194,0.072));
#12016=CARTESIAN_POINT('',(-0.0482952404109173,0.026914688302244,0.072));
#12017=CARTESIAN_POINT('',(-0.0478138107105951,0.026914688302244,0.072));
#12018=CARTESIAN_POINT('',(-0.047267187405021,0.0267441819500466,0.072));
#12019=CARTESIAN_POINT('',(-0.0482952404109173,0.026914688302244,0.072));
#12020=CARTESIAN_POINT('',(-0.047267187405021,0.0267441819500466,0.072));
#12021=CARTESIAN_POINT('',(-0.047267187405021,0.0262627522497244,0.072));
#12022=CARTESIAN_POINT('',(-0.047267187405021,0.0257813225494022,0.072));
#12023=CARTESIAN_POINT('',(-0.047267187405021,0.0257813225494022,0.072));
#12024=CARTESIAN_POINT('',(-0.0476733937146678,0.0260905742666231,0.072));
#12025=CARTESIAN_POINT('',(-0.0482618077928393,0.0260905742666231,0.072));
#12026=CARTESIAN_POINT('',(-0.0482618077928393,0.0260905742666231,0.072));
#12027=CARTESIAN_POINT('',(-0.0482618077928393,0.0260905742666231,0.072));
#12028=CARTESIAN_POINT('',(-0.0487649686949122,0.0260905742666231,0.072));
#12029=CARTESIAN_POINT('',(-0.0490432952404109,0.0258933218199633,0.072));
#12030=CARTESIAN_POINT('',(-0.0490432952404109,0.0258933218199633,0.072));
#12031=CARTESIAN_POINT('',(-0.0490432952404109,0.0258933218199633,0.072));
#12032=CARTESIAN_POINT('',(-0.0493216217859097,0.0256960693733035,0.072));
#12033=CARTESIAN_POINT('',(-0.0493216217859097,0.0253316538362541,0.072));
#12034=CARTESIAN_POINT('',(-0.0493216217859097,0.0253316538362541,0.072));
#12035=CARTESIAN_POINT('',(-0.0493216217859097,0.0253316538362541,0.072));
#12036=CARTESIAN_POINT('',(-0.0493216217859097,0.0246262255948098,0.072));
#12037=CARTESIAN_POINT('',(-0.0482735092091666,0.0246262255948098,0.072));
#12038=CARTESIAN_POINT('',(-0.0482735092091666,0.0246262255948098,0.072));
#12039=CARTESIAN_POINT('',(-0.0475672451522704,0.0246262255948098,0.072));
#12040=CARTESIAN_POINT('',(-0.0468609810953741,0.0246262255948098,0.072));
#12041=CARTESIAN_POINT('',(-0.0468609810953741,0.0256475920770905,0.072));
#12042=CARTESIAN_POINT('',(-0.0468609810953741,0.0266689585593713,0.072));
#12043=CARTESIAN_POINT('',(-0.0468609810953741,0.0266689585593713,0.072));
#12044=CARTESIAN_POINT('',(-0.0468609810953741,0.027962800878987,0.072));
#12045=CARTESIAN_POINT('',(-0.0481230624278159,0.027962800878987,0.072));
#12046=CARTESIAN_POINT('',(-0.0481230624278159,0.027962800878987,0.072));
#12047=CARTESIAN_POINT('',(-0.0489789374506109,0.027962800878987,0.072));
#12048=CARTESIAN_POINT('',(-0.0498348124734059,0.027962800878987,0.072));
#12049=CARTESIAN_POINT('',(-0.0498348124734059,0.0284124695921352,0.072));
#12050=CARTESIAN_POINT('',(-0.0498348124734059,0.0288621383052833,0.072));
#12051=CARTESIAN_POINT('',(-0.0489521913561486,0.0288621383052833,0.072));
#12052=CARTESIAN_POINT('',(-0.0480695702388912,0.0288621383052833,0.072));
#12053=CARTESIAN_POINT('',(-0.0480695702388912,0.0288621383052833,0.072));
#12054=CARTESIAN_POINT('',(-0.0470314874475716,0.0288621383052833,0.072));
#12055=CARTESIAN_POINT('',(-0.046475670172026,0.0283489476177872,0.072));
#12056=CARTESIAN_POINT('',(-0.046475670172026,0.0283489476177872,0.072));
#12057=CARTESIAN_POINT('',(-0.046475670172026,0.0283489476177872,0.072));
#12058=CARTESIAN_POINT('',(-0.0459198528964804,0.027835756930291,0.072));
#12059=CARTESIAN_POINT('',(-0.0459198528964804,0.0268728975296466,0.072));
#12060=CARTESIAN_POINT('',(-0.0459198528964804,0.0268728975296466,0.072));
#12061=CARTESIAN_POINT('',(-0.0459198528964804,0.0252998928490801,0.072));
#12062=CARTESIAN_POINT('',(-0.0459198528964804,0.0237268881685135,0.072));
#12063=CARTESIAN_POINT('',(-0.0471125615464105,0.0237268881685135,0.072));
#12064=CARTESIAN_POINT('',(-0.0483052701963406,0.0237268881685135,0.072));
#12065=CARTESIAN_POINT('',(-0.0483052701963406,0.0237268881685135,0.072));
#12066=CARTESIAN_POINT('',(-0.0492146374080603,0.0237268881685135,0.072));
#12067=CARTESIAN_POINT('',(-0.0497495592973071,0.0241330944781603,0.072));
#12068=CARTESIAN_POINT('',(-0.0497495592973071,0.0241330944781603,0.072));
#12069=CARTESIAN_POINT('',(-0.0497495592973071,0.0241330944781603,0.072));
#12070=CARTESIAN_POINT('',(-0.050284481186554,0.0245393007878072,0.072));
#12071=CARTESIAN_POINT('',(-0.050284481186554,0.0253207882353787,0.072));
#12072=CARTESIAN_POINT('',(-0.050284481186554,0.0253207882353787,0.072));
#12073=CARTESIAN_POINT('',(-0.050284481186554,0.0253207882353787,0.072));
#12074=CARTESIAN_POINT('',(-0.050284481186554,0.0261022756829504,0.072));
#12075=CARTESIAN_POINT('',(-0.0497177983101331,0.0265084819925972,0.072));
#12076=CARTESIAN_POINT('',(-0.0497177983101331,0.0265084819925972,0.072));
#12077=CARTESIAN_POINT('',(-0.0497177983101331,0.0265084819925972,0.072));
#12078=CARTESIAN_POINT('',(-0.0491511154337122,0.026914688302244,0.072));
#12079=CARTESIAN_POINT('',(-0.0482952404109173,0.026914688302244,0.072));
#12080=CARTESIAN_POINT('',(-0.0444329372074646,0.0237268881685135,0.072));
#12081=CARTESIAN_POINT('',(-0.0439623731080178,0.0237268881685135,0.072));
#12082=CARTESIAN_POINT('',(-0.0449035013069115,0.0237268881685135,0.072));
#12083=CARTESIAN_POINT('',(-0.0449035013069115,0.0251870577630671,0.072));
#12084=CARTESIAN_POINT('',(-0.0449035013069115,0.0266472273576206,0.072));
#12085=CARTESIAN_POINT('',(-0.0449035013069115,0.0266472273576206,0.072));
#12086=CARTESIAN_POINT('',(-0.0449035013069115,0.0278775477028884,0.072));
#12087=CARTESIAN_POINT('',(-0.0444438028083399,0.0283489476177872,0.072));
#12088=CARTESIAN_POINT('',(-0.0444438028083399,0.0283489476177872,0.072));
#12089=CARTESIAN_POINT('',(-0.0434245650603509,0.0273668391492299,0.072));
#12090=CARTESIAN_POINT('',(-0.0438971795027658,0.0287016617385093,0.072));
#12091=CARTESIAN_POINT('',(-0.0438971795027658,0.0287016617385093,0.072));
#12092=CARTESIAN_POINT('',(-0.0435762263692177,0.0288186759017821,0.072));
#12093=CARTESIAN_POINT('',(-0.0433355115190566,0.0288404071035327,0.072));
#12094=CARTESIAN_POINT('',(-0.0433355115190566,0.0288404071035327,0.072));
#12095=CARTESIAN_POINT('',(-0.0427591658408463,0.0209062105252198,0.072));
#12096=CARTESIAN_POINT('',(-0.0426785633702876,0.0288618622879377,0.072));
#12097=CARTESIAN_POINT('',(-0.0422079964743785,0.0288621383052833,0.072));
#12098=CARTESIAN_POINT('',(-0.0417374323749316,0.0288621383052833,0.072));
#12099=CARTESIAN_POINT('',(-0.0417374323749316,0.0284124695921352,0.072));
#12100=CARTESIAN_POINT('',(-0.0417374323749316,0.027962800878987,0.072));
#12101=CARTESIAN_POINT('',(-0.0423041152513525,0.027962800878987,0.072));
#12102=CARTESIAN_POINT('',(-0.0428707995225288,0.0279626617040537,0.072));
#12103=CARTESIAN_POINT('',(-0.0429141890168892,0.023633063786435,0.072));
#12104=CARTESIAN_POINT('',(-0.0432026655466059,0.0279531234002987,0.072));
#12105=CARTESIAN_POINT('',(-0.0430786039093986,0.0269490870621898,0.072));
#12106=CARTESIAN_POINT('',(-0.0434808430917061,0.0278781578029346,0.072));
#12107=CARTESIAN_POINT('',(-0.0432182389529642,0.0272296213274116,0.072));
#12108=CARTESIAN_POINT('',(-0.0437584341377424,0.0276752803635169,0.072));
#12109=CARTESIAN_POINT('',(-0.0437584341377424,0.0276752803635169,0.072));
#12110=CARTESIAN_POINT('',(-0.0439623731080178,0.0274178492043168,0.072));
#12111=CARTESIAN_POINT('',(-0.0439623731080178,0.0266472273576206,0.072));
#12112=CARTESIAN_POINT('',(-0.0439623731080178,0.0266472273576206,0.072));
#12113=CARTESIAN_POINT('',(-0.0439623731080178,0.0251870577630671,0.072));
#12114=CARTESIAN_POINT('',(-0.0379988298583673,0.0302746664190758,0.072));
#12115=CARTESIAN_POINT('',(-0.0370735821530606,0.0302746664190758,0.072));
#12116=CARTESIAN_POINT('',(-0.0389240775636739,0.0302746664190758,0.072));
#12117=CARTESIAN_POINT('',(-0.0389240775636739,0.0307452305185227,0.072));
#12118=CARTESIAN_POINT('',(-0.0389240775636739,0.0312157946179695,0.072));
#12119=CARTESIAN_POINT('',(-0.0365704212509878,0.0312157946179695,0.072));
#12120=CARTESIAN_POINT('',(-0.0342167649383016,0.0312157946179695,0.072));
#12121=CARTESIAN_POINT('',(-0.0342167649383016,0.0307452305185227,0.072));
#12122=CARTESIAN_POINT('',(-0.0342167649383016,0.0302746664190758,0.072));
#12123=CARTESIAN_POINT('',(-0.0351420126436083,0.0302746664190758,0.072));
#12124=CARTESIAN_POINT('',(-0.0360672603489149,0.0302746664190758,0.072));
#12125=CARTESIAN_POINT('',(-0.0360672603489149,0.0270007772937947,0.072));
#12126=CARTESIAN_POINT('',(-0.0360672603489149,0.0237268881685135,0.072));
#12127=CARTESIAN_POINT('',(-0.0365704212509878,0.0237268881685135,0.072));
#12128=CARTESIAN_POINT('',(-0.0370735821530606,0.0237268881685135,0.072));
#12129=CARTESIAN_POINT('',(-0.0370735821530606,0.0270007772937947,0.072));
#12130=CARTESIAN_POINT('',(-0.033467874293356,0.0266472273576206,0.072));
#12131=CARTESIAN_POINT('',(-0.033467874293356,0.0278775477028884,0.072));
#12132=CARTESIAN_POINT('',(-0.0330081757947845,0.0283489476177872,0.072));
#12133=CARTESIAN_POINT('',(-0.033467874293356,0.0266472273576206,0.072));
#12134=CARTESIAN_POINT('',(-0.0330081757947845,0.0283489476177872,0.072));
#12135=CARTESIAN_POINT('',(-0.0319935529748802,0.0273731945364846,0.072));
#12136=CARTESIAN_POINT('',(-0.0324999635151299,0.0286869910601329,0.072));
#12137=CARTESIAN_POINT('',(-0.0324808312019663,0.0286944413178141,0.072));
#12138=CARTESIAN_POINT('',(-0.0324615524892104,0.0287016617385093,0.072));
#12139=CARTESIAN_POINT('',(-0.0324615524892104,0.0287016617385093,0.072));
#12140=CARTESIAN_POINT('',(-0.0321405993556623,0.0288186759017821,0.072));
#12141=CARTESIAN_POINT('',(-0.0318998845055012,0.0288404071035327,0.072));
#12142=CARTESIAN_POINT('',(-0.0318998845055012,0.0288404071035327,0.072));
#12143=CARTESIAN_POINT('',(-0.0313235388272909,0.0209062105252198,0.072));
#12144=CARTESIAN_POINT('',(-0.0312429363567322,0.0288618622879377,0.072));
#12145=CARTESIAN_POINT('',(-0.0307723694608231,0.0288621383052833,0.072));
#12146=CARTESIAN_POINT('',(-0.0303018053613762,0.0288621383052833,0.072));
#12147=CARTESIAN_POINT('',(-0.0303018053613762,0.0284124695921352,0.072));
#12148=CARTESIAN_POINT('',(-0.0303018053613762,0.027962800878987,0.072));
#12149=CARTESIAN_POINT('',(-0.0308684882377971,0.027962800878987,0.072));
#12150=CARTESIAN_POINT('',(-0.0314351725089734,0.0279626617040537,0.072));
#12151=CARTESIAN_POINT('',(-0.0314785620033338,0.0236330637864352,0.072));
#12152=CARTESIAN_POINT('',(-0.0317670385330505,0.0279531234002986,0.072));
#12153=CARTESIAN_POINT('',(-0.0316429768958531,0.0269490870622265,0.072));
#12154=CARTESIAN_POINT('',(-0.0320452160781506,0.0278781578029344,0.072));
#12155=CARTESIAN_POINT('',(-0.0317826119394076,0.0272296213274097,0.072));
#12156=CARTESIAN_POINT('',(-0.032322807124187,0.0276752803635169,0.072));
#12157=CARTESIAN_POINT('',(-0.032322807124187,0.0276752803635169,0.072));
#12158=CARTESIAN_POINT('',(-0.032452891015159,0.0275110761076997,0.072));
#12159=CARTESIAN_POINT('',(-0.0324999999912947,0.0271380743202857,0.072));
#12160=CARTESIAN_POINT('',(-0.0325,0.0271380743202857,0.072));
#12161=CARTESIAN_POINT('',(-0.0285313804519358,0.0266812666653558,0.072));
#12162=CARTESIAN_POINT('',(-0.0325265828535673,0.0266472287483837,0.072));
#12163=CARTESIAN_POINT('',(-0.0325267460944623,0.0251870577630671,0.072));
#12164=CARTESIAN_POINT('',(-0.0325267460944623,0.0237268881685135,0.072));
#12165=CARTESIAN_POINT('',(-0.0329973101939092,0.0237268881685135,0.072));
#12166=CARTESIAN_POINT('',(-0.033467874293356,0.0237268881685135,0.072));
#12167=CARTESIAN_POINT('',(-0.033467874293356,0.0251870577630671,0.072));
#12168=CARTESIAN_POINT('',(-0.0277776426964926,0.026914688302244,0.072));
#12169=CARTESIAN_POINT('',(-0.0272962129961704,0.026914688302244,0.072));
#12170=CARTESIAN_POINT('',(-0.0267495896905963,0.0267441819500466,0.072));
#12171=CARTESIAN_POINT('',(-0.0277776426964926,0.026914688302244,0.072));
#12172=CARTESIAN_POINT('',(-0.0267495896905963,0.0267441819500466,0.072));
#12173=CARTESIAN_POINT('',(-0.0267495896905963,0.0262627522497244,0.072));
#12174=CARTESIAN_POINT('',(-0.0267495896905963,0.0257813225494022,0.072));
#12175=CARTESIAN_POINT('',(-0.0267495896905963,0.0257813225494022,0.072));
#12176=CARTESIAN_POINT('',(-0.0271557960002431,0.0260905742666231,0.072));
#12177=CARTESIAN_POINT('',(-0.0277442100784147,0.0260905742666231,0.072));
#12178=CARTESIAN_POINT('',(-0.0277442100784147,0.0260905742666231,0.072));
#12179=CARTESIAN_POINT('',(-0.0277442100784147,0.0260905742666231,0.072));
#12180=CARTESIAN_POINT('',(-0.0282473709804875,0.0260905742666231,0.072));
#12181=CARTESIAN_POINT('',(-0.0285256975259863,0.0258933218199633,0.072));
#12182=CARTESIAN_POINT('',(-0.0285256975259863,0.0258933218199633,0.072));
#12183=CARTESIAN_POINT('',(-0.0285256975259863,0.0258933218199633,0.072));
#12184=CARTESIAN_POINT('',(-0.028804024071485,0.0256960693733035,0.072));
#12185=CARTESIAN_POINT('',(-0.028804024071485,0.0253316538362541,0.072));
#12186=CARTESIAN_POINT('',(-0.028804024071485,0.0253316538362541,0.072));
#12187=CARTESIAN_POINT('',(-0.028804024071485,0.0253316538362541,0.072));
#12188=CARTESIAN_POINT('',(-0.028804024071485,0.0246262255948098,0.072));
#12189=CARTESIAN_POINT('',(-0.0277559114947419,0.0246262255948098,0.072));
#12190=CARTESIAN_POINT('',(-0.0277559114947419,0.0246262255948098,0.072));
#12191=CARTESIAN_POINT('',(-0.0270496474378457,0.0246262255948098,0.072));
#12192=CARTESIAN_POINT('',(-0.0263433833809495,0.0246262255948098,0.072));
#12193=CARTESIAN_POINT('',(-0.0263433833809495,0.0256475920770905,0.072));
#12194=CARTESIAN_POINT('',(-0.0263433833809495,0.0266689585593713,0.072));
#12195=CARTESIAN_POINT('',(-0.0263433833809495,0.0266689585593713,0.072));
#12196=CARTESIAN_POINT('',(-0.0263433833809495,0.027962800878987,0.072));
#12197=CARTESIAN_POINT('',(-0.0276054647133913,0.027962800878987,0.072));
#12198=CARTESIAN_POINT('',(-0.0276054647133913,0.027962800878987,0.072));
#12199=CARTESIAN_POINT('',(-0.0284613397361862,0.027962800878987,0.072));
#12200=CARTESIAN_POINT('',(-0.0293172147589812,0.027962800878987,0.072));
#12201=CARTESIAN_POINT('',(-0.0293172147589812,0.0284124695921352,0.072));
#12202=CARTESIAN_POINT('',(-0.0293172147589812,0.0288621383052833,0.072));
#12203=CARTESIAN_POINT('',(-0.0284345936417239,0.0288621383052833,0.072));
#12204=CARTESIAN_POINT('',(-0.0275519725244666,0.0288621383052833,0.072));
#12205=CARTESIAN_POINT('',(-0.0275519725244666,0.0288621383052833,0.072));
#12206=CARTESIAN_POINT('',(-0.026513889733147,0.0288621383052833,0.072));
#12207=CARTESIAN_POINT('',(-0.0259580724576014,0.0283489476177872,0.072));
#12208=CARTESIAN_POINT('',(-0.0259580724576014,0.0283489476177872,0.072));
#12209=CARTESIAN_POINT('',(-0.0259580724576014,0.0283489476177872,0.072));
#12210=CARTESIAN_POINT('',(-0.0254022551820558,0.027835756930291,0.072));
#12211=CARTESIAN_POINT('',(-0.0254022551820558,0.0268728975296466,0.072));
#12212=CARTESIAN_POINT('',(-0.0254022551820558,0.0268728975296466,0.072));
#12213=CARTESIAN_POINT('',(-0.0254022551820558,0.0252998928490801,0.072));
#12214=CARTESIAN_POINT('',(-0.0254022551820558,0.0237268881685135,0.072));
#12215=CARTESIAN_POINT('',(-0.0265949638319859,0.0237268881685135,0.072));
#12216=CARTESIAN_POINT('',(-0.027787672481916,0.0237268881685135,0.072));
#12217=CARTESIAN_POINT('',(-0.027787672481916,0.0237268881685135,0.072));
#12218=CARTESIAN_POINT('',(-0.0286970396936357,0.0237268881685135,0.072));
#12219=CARTESIAN_POINT('',(-0.0292319615828825,0.0241330944781603,0.072));
#12220=CARTESIAN_POINT('',(-0.0292319615828825,0.0241330944781603,0.072));
#12221=CARTESIAN_POINT('',(-0.0292319615828825,0.0241330944781603,0.072));
#12222=CARTESIAN_POINT('',(-0.0297668834721294,0.0245393007878072,0.072));
#12223=CARTESIAN_POINT('',(-0.0297668834721294,0.0253207882353787,0.072));
#12224=CARTESIAN_POINT('',(-0.0297668834721294,0.0253207882353787,0.072));
#12225=CARTESIAN_POINT('',(-0.0297668834721294,0.0253207882353787,0.072));
#12226=CARTESIAN_POINT('',(-0.0297668834721294,0.0261022756829504,0.072));
#12227=CARTESIAN_POINT('',(-0.0292002005957085,0.0265084819925972,0.072));
#12228=CARTESIAN_POINT('',(-0.0292002005957085,0.0265084819925972,0.072));
#12229=CARTESIAN_POINT('',(-0.0292002005957085,0.0265084819925972,0.072));
#12230=CARTESIAN_POINT('',(-0.0286335177192876,0.026914688302244,0.072));
#12231=CARTESIAN_POINT('',(-0.0277776426964926,0.026914688302244,0.072));
#12232=CARTESIAN_POINT('',(-0.0217647863351772,0.0245192412169605,0.072));
#12233=CARTESIAN_POINT('',(-0.0211446112698316,0.0245192412169605,0.072));
#12234=CARTESIAN_POINT('',(-0.0207166737584342,0.0248502241359319,0.072));
#12235=CARTESIAN_POINT('',(-0.0217647863351772,0.0245192412169605,0.072));
#12236=CARTESIAN_POINT('',(-0.0207166737584342,0.0248502241359319,0.072));
#12237=CARTESIAN_POINT('',(-0.020395720624886,0.0245342858950955,0.072));
#12238=CARTESIAN_POINT('',(-0.0200752571258555,0.0242188296382373,0.072));
#12239=CARTESIAN_POINT('',(-0.0217347635557381,0.0262215590823876,0.072));
#12240=CARTESIAN_POINT('',(-0.0217647863351772,0.0236199037906641,0.072));
#12241=CARTESIAN_POINT('',(-0.0217647863351772,0.0236199037906641,0.072));
#12242=CARTESIAN_POINT('',(-0.0229516442769436,0.0236199037906641,0.072));
#12243=CARTESIAN_POINT('',(-0.0236687739347152,0.0243846749291968,0.072));
#12244=CARTESIAN_POINT('',(-0.0236687739347152,0.0243846749291968,0.072));
#12245=CARTESIAN_POINT('',(-0.0236687739347152,0.0243846749291968,0.072));
#12246=CARTESIAN_POINT('',(-0.0243859035924868,0.0251494460677294,0.072));
#12247=CARTESIAN_POINT('',(-0.0243859035924868,0.0262945132368985,0.072));
#12248=CARTESIAN_POINT('',(-0.0243859035924868,0.0262945132368985,0.072));
#12249=CARTESIAN_POINT('',(-0.0243859035924868,0.0262945132368985,0.072));
#12250=CARTESIAN_POINT('',(-0.0243859035924868,0.0274178492043168,0.072));
#12251=CARTESIAN_POINT('',(-0.0236319980548295,0.0281934859437247,0.072));
#12252=CARTESIAN_POINT('',(-0.0236319980548295,0.0281934859437247,0.072));
#12253=CARTESIAN_POINT('',(-0.0236319980548295,0.0281934859437247,0.072));
#12254=CARTESIAN_POINT('',(-0.0228780925171722,0.0289691226831327,0.072));
#12255=CARTESIAN_POINT('',(-0.0217647863351772,0.0289691226831327,0.072));
#12256=CARTESIAN_POINT('',(-0.0217647863351772,0.0289691226831327,0.072));
#12257=CARTESIAN_POINT('',(-0.0217347635557381,0.026367467391409,0.072));
#12258=CARTESIAN_POINT('',(-0.0200752480624339,0.0283701893253711,0.072));
#12259=CARTESIAN_POINT('',(-0.0203898699167224,0.0280497256859897,0.072));
#12260=CARTESIAN_POINT('',(-0.0207049723421068,0.0277287725524415,0.072));
#12261=CARTESIAN_POINT('',(-0.0207049723421068,0.0277287725524415,0.072));
#12262=CARTESIAN_POINT('',(-0.021154641055255,0.0280697852568364,0.072));
#12263=CARTESIAN_POINT('',(-0.0217647863351772,0.0280697852568364,0.072));
#12264=CARTESIAN_POINT('',(-0.0217647863351772,0.0280697852568364,0.072));
#12265=CARTESIAN_POINT('',(-0.0217647863351772,0.0280697852568364,0.072));
#12266=CARTESIAN_POINT('',(-0.0225036471946994,0.0280697852568364,0.072));
#12267=CARTESIAN_POINT('',(-0.0229365995988086,0.0275833406638026,0.072));
#12268=CARTESIAN_POINT('',(-0.0229365995988086,0.0275833406638026,0.072));
#12269=CARTESIAN_POINT('',(-0.0229365995988086,0.0275833406638026,0.072));
#12270=CARTESIAN_POINT('',(-0.0233695520029177,0.0270968960707687,0.072));
#12271=CARTESIAN_POINT('',(-0.0233695520029177,0.0262945132368985,0.072));
#12272=CARTESIAN_POINT('',(-0.0233695520029177,0.0262945132368985,0.072));
#12273=CARTESIAN_POINT('',(-0.0233695520029177,0.0262945132368985,0.072));
#12274=CARTESIAN_POINT('',(-0.0233695520029177,0.0254921304030282,0.072));
#12275=CARTESIAN_POINT('',(-0.0229365995988086,0.0250056858099943,0.072));
#12276=CARTESIAN_POINT('',(-0.0229365995988086,0.0250056858099943,0.072));
#12277=CARTESIAN_POINT('',(-0.0229365995988086,0.0250056858099943,0.072));
#12278=CARTESIAN_POINT('',(-0.0225036471946994,0.0245192412169605,0.072));
#12279=CARTESIAN_POINT('',(-0.0217647863351772,0.0245192412169605,0.072));
#12280=CARTESIAN_POINT('',(-0.0167691173788827,0.0278407718230026,0.072));
#12281=CARTESIAN_POINT('',(-0.0173249477643712,0.0268193812499698,0.072));
#12282=CARTESIAN_POINT('',(-0.0162133001033372,0.0288621383052833,0.072));
#12283=CARTESIAN_POINT('',(-0.0156942587076773,0.0288621383052833,0.072));
#12284=CARTESIAN_POINT('',(-0.0151752173120175,0.0288621383052833,0.072));
#12285=CARTESIAN_POINT('',(-0.0158221384718254,0.0277438172305766,0.072));
#12286=CARTESIAN_POINT('',(-0.0164690596316334,0.02662549615587,0.072));
#12287=CARTESIAN_POINT('',(-0.0164690596316334,0.02662549615587,0.072));
#12288=CARTESIAN_POINT('',(-0.0151534861102669,0.0262727820351478,0.072));
#12289=CARTESIAN_POINT('',(-0.0151534861102669,0.0244975100152098,0.072));
#12290=CARTESIAN_POINT('',(-0.0151534861102669,0.0244975100152098,0.072));
#12291=CARTESIAN_POINT('',(-0.0151534861102669,0.0241121990918617,0.072));
#12292=CARTESIAN_POINT('',(-0.0151534861102669,0.0237268881685135,0.072));
#12293=CARTESIAN_POINT('',(-0.0156240502097137,0.0237268881685135,0.072));
#12294=CARTESIAN_POINT('',(-0.0160946143091606,0.0237268881685135,0.072));
#12295=CARTESIAN_POINT('',(-0.0160946143091606,0.0241172139845733,0.072));
#12296=CARTESIAN_POINT('',(-0.0160946143091606,0.0245075398006331,0.072));
#12297=CARTESIAN_POINT('',(-0.0160946143091606,0.0245075398006331,0.072));
#12298=CARTESIAN_POINT('',(-0.0160946143091606,0.0252246694584047,0.072));
#12299=CARTESIAN_POINT('',(-0.0165175369278463,0.0256149952744645,0.072));
#12300=CARTESIAN_POINT('',(-0.0165175369278463,0.0256149952744645,0.072));
#12301=CARTESIAN_POINT('',(-0.0165175369278463,0.0256149952744645,0.072));
#12302=CARTESIAN_POINT('',(-0.0169404595465322,0.0260053210905243,0.072));
#12303=CARTESIAN_POINT('',(-0.0177211111786518,0.0260053210905243,0.072));
#12304=CARTESIAN_POINT('',(-0.0177211111786518,0.0260053210905243,0.072));
#12305=CARTESIAN_POINT('',(-0.0177131614092739,0.0218963425930916,0.072));
#12306=CARTESIAN_POINT('',(-0.0182242720807246,0.0259734879830477,0.072));
#12307=CARTESIAN_POINT('',(-0.0182242720807246,0.0248502241359319,0.072));
#12308=CARTESIAN_POINT('',(-0.0182242720807246,0.0237268881685135,0.072));
#12309=CARTESIAN_POINT('',(-0.0186948361801714,0.0237268881685135,0.072));
#12310=CARTESIAN_POINT('',(-0.0191654002796183,0.0237268881685135,0.072));
#12311=CARTESIAN_POINT('',(-0.0191654002796183,0.0274713413932415,0.072));
#12312=CARTESIAN_POINT('',(-0.0191654002796183,0.0312157946179695,0.072));
#12313=CARTESIAN_POINT('',(-0.0186948361801714,0.0312157946179695,0.072));
#12314=CARTESIAN_POINT('',(-0.0182242720807246,0.0312157946179695,0.072));
#12315=CARTESIAN_POINT('',(-0.0182242720807246,0.0290175999793457,0.072));
#12316=CARTESIAN_POINT('',(-0.0182242720807246,0.0268193793881728,0.072));
#12317=CARTESIAN_POINT('',(-0.0177746033675764,0.0236530602869786,0.072));
#12318=CARTESIAN_POINT('',(-0.0325,0.0325,0.07));
#12319=CARTESIAN_POINT('',(-0.062,0.003,0.07));
#12320=CARTESIAN_POINT('',(-0.067,0.003,0.07));
#12321=CARTESIAN_POINT('',(-0.062,-0.002,0.07));
#12322=CARTESIAN_POINT('',(-0.067,0.0325,0.07));
#12323=CARTESIAN_POINT('',(-0.067,0.062,0.07));
#12324=CARTESIAN_POINT('',(-0.062,0.062,0.07));
#12325=CARTESIAN_POINT('',(-0.062,0.067,0.07));
#12326=CARTESIAN_POINT('',(-0.0325,0.067,0.07));
#12327=CARTESIAN_POINT('',(-0.003,0.067,0.07));
#12328=CARTESIAN_POINT('',(-0.003,0.062,0.07));
#12329=CARTESIAN_POINT('',(0.002,0.062,0.07));
#12330=CARTESIAN_POINT('',(0.002,0.0325,0.07));
#12331=CARTESIAN_POINT('',(0.002,0.003,0.07));
#12332=CARTESIAN_POINT('',(-0.003,0.003,0.07));
#12333=CARTESIAN_POINT('',(-0.003,-0.002,0.07));
#12334=CARTESIAN_POINT('',(-0.0325,-0.002,0.07));
#12335=CARTESIAN_POINT('',(-0.06,0.06,0.07));
#12336=CARTESIAN_POINT('',(-0.065,0.06,0.07));
#12337=CARTESIAN_POINT('',(-0.06,0.065,0.07));
#12338=CARTESIAN_POINT('',(-0.065,0.0325,0.07));
#12339=CARTESIAN_POINT('',(-0.065,0.005,0.07));
#12340=CARTESIAN_POINT('',(-0.06,0.005,0.07));
#12341=CARTESIAN_POINT('',(-0.06,0.,0.07));
#12342=CARTESIAN_POINT('',(-0.0325,0.,0.07));
#12343=CARTESIAN_POINT('',(-0.005,0.,0.07));
#12344=CARTESIAN_POINT('',(-0.005,0.005,0.07));
#12345=CARTESIAN_POINT('',(-2.88558985941485E-19,0.005,0.07));
#12346=CARTESIAN_POINT('',(-1.9724483347691E-18,0.0325,0.07));
#12347=CARTESIAN_POINT('',(-3.65633768359671E-18,0.06,0.07));
#12348=CARTESIAN_POINT('',(-0.005,0.06,0.07));
#12349=CARTESIAN_POINT('',(-0.005,0.065,0.07));
#12350=CARTESIAN_POINT('',(-0.0325,0.065,0.07));
#12351=CARTESIAN_POINT('',(-0.062,0.003,0.072));
#12352=CARTESIAN_POINT('',(-0.062,-0.002,0.072));
#12353=CARTESIAN_POINT('',(-0.067,0.003,0.072));
#12354=CARTESIAN_POINT('',(-0.0325,-0.002,0.072));
#12355=CARTESIAN_POINT('',(-0.003,-0.002,0.072));
#12356=CARTESIAN_POINT('',(-0.003,0.003,0.072));
#12357=CARTESIAN_POINT('',(0.002,0.003,0.072));
#12358=CARTESIAN_POINT('',(0.002,0.0325,0.072));
#12359=CARTESIAN_POINT('',(0.002,0.062,0.072));
#12360=CARTESIAN_POINT('',(-0.003,0.062,0.072));
#12361=CARTESIAN_POINT('',(-0.003,0.067,0.072));
#12362=CARTESIAN_POINT('',(-0.0325,0.067,0.072));
#12363=CARTESIAN_POINT('',(-0.062,0.067,0.072));
#12364=CARTESIAN_POINT('',(-0.062,0.062,0.072));
#12365=CARTESIAN_POINT('',(-0.067,0.062,0.072));
#12366=CARTESIAN_POINT('',(-0.067,0.0325,0.072));
#12367=CARTESIAN_POINT('',(-0.06,0.06,0.068));
#12368=CARTESIAN_POINT('',(-0.06,0.065,0.068));
#12369=CARTESIAN_POINT('',(-0.06,0.065,0.068));
#12370=CARTESIAN_POINT('',(-0.06,0.06,0.068));
#12371=CARTESIAN_POINT('',(-0.065,0.06,0.068));
#12372=CARTESIAN_POINT('',(-0.065,0.06,0.068));
#12373=CARTESIAN_POINT('',(-0.065,0.0325,0.068));
#12374=CARTESIAN_POINT('',(-0.065,0.0325,0.068));
#12375=CARTESIAN_POINT('',(-0.065,0.005,0.068));
#12376=CARTESIAN_POINT('',(-0.065,0.005,0.068));
#12377=CARTESIAN_POINT('',(-0.06,0.005,0.068));
#12378=CARTESIAN_POINT('',(-0.06,0.005,0.068));
#12379=CARTESIAN_POINT('',(-0.06,0.,0.068));
#12380=CARTESIAN_POINT('',(-0.06,0.,0.068));
#12381=CARTESIAN_POINT('',(-0.0325,0.,0.068));
#12382=CARTESIAN_POINT('',(-0.0325,0.,0.068));
#12383=CARTESIAN_POINT('',(-0.005,0.,0.068));
#12384=CARTESIAN_POINT('',(-0.005,0.,0.068));
#12385=CARTESIAN_POINT('',(-0.005,0.005,0.068));
#12386=CARTESIAN_POINT('',(-0.005,0.005,0.068));
#12387=CARTESIAN_POINT('',(-2.88558985941485E-19,0.005,0.068));
#12388=CARTESIAN_POINT('',(-2.88558985941485E-19,0.005,0.068));
#12389=CARTESIAN_POINT('',(-1.9724483347691E-18,0.0325,0.068));
#12390=CARTESIAN_POINT('',(-1.9724483347691E-18,0.0325,0.068));
#12391=CARTESIAN_POINT('',(-3.65633768359671E-18,0.06,0.068));
#12392=CARTESIAN_POINT('',(-3.65633768359671E-18,0.06,0.068));
#12393=CARTESIAN_POINT('',(-0.005,0.06,0.068));
#12394=CARTESIAN_POINT('',(-0.005,0.06,0.068));
#12395=CARTESIAN_POINT('',(-0.005,0.065,0.068));
#12396=CARTESIAN_POINT('',(-0.005,0.065,0.068));
#12397=CARTESIAN_POINT('',(-0.0325,0.065,0.068));
#12398=CARTESIAN_POINT('',(-0.0325,0.065,0.068));
#12399=CARTESIAN_POINT('',(-0.0325,0.0325,0.068));
#12400=CARTESIAN_POINT('',(-0.0325,0.061,0.068));
#12401=CARTESIAN_POINT('',(-0.06,0.061,0.068));
#12402=CARTESIAN_POINT('',(-0.005,0.061,0.068));
#12403=CARTESIAN_POINT('',(-0.06,0.06,0.068));
#12404=CARTESIAN_POINT('',(-0.061,0.06,0.068));
#12405=CARTESIAN_POINT('',(-0.061,0.0325,0.068));
#12406=CARTESIAN_POINT('',(-0.061,0.005,0.068));
#12407=CARTESIAN_POINT('',(-0.06,0.005,0.068));
#12408=CARTESIAN_POINT('',(-0.06,0.004,0.068));
#12409=CARTESIAN_POINT('',(-0.0325,0.004,0.068));
#12410=CARTESIAN_POINT('',(-0.005,0.004,0.068));
#12411=CARTESIAN_POINT('',(-0.005,0.005,0.068));
#12412=CARTESIAN_POINT('',(-0.004,0.005,0.068));
#12413=CARTESIAN_POINT('',(-0.004,0.0325,0.068));
#12414=CARTESIAN_POINT('',(-0.004,0.06,0.068));
#12415=CARTESIAN_POINT('',(-0.005,0.06,0.068));
#12416=CARTESIAN_POINT('',(-0.06,0.06,0.07));
#12417=CARTESIAN_POINT('',(-0.06,0.061,0.07));
#12418=CARTESIAN_POINT('',(-0.06,0.061,0.069));
#12419=CARTESIAN_POINT('',(-0.06,0.06,0.069));
#12420=CARTESIAN_POINT('',(-0.061,0.06,0.069));
#12421=CARTESIAN_POINT('',(-0.061,0.06,0.07));
#12422=CARTESIAN_POINT('',(-0.0325,0.061,0.07));
#12423=CARTESIAN_POINT('',(-0.005,0.061,0.07));
#12424=CARTESIAN_POINT('',(-0.005,0.061,0.069));
#12425=CARTESIAN_POINT('',(-0.0325,0.061,0.069));
#12426=CARTESIAN_POINT('',(-0.005,0.06,0.07));
#12427=CARTESIAN_POINT('',(-0.004,0.06,0.07));
#12428=CARTESIAN_POINT('',(-0.004,0.06,0.069));
#12429=CARTESIAN_POINT('',(-0.005,0.06,0.069));
#12430=CARTESIAN_POINT('',(-0.004,0.0325,0.07));
#12431=CARTESIAN_POINT('',(-0.004,0.005,0.07));
#12432=CARTESIAN_POINT('',(-0.004,0.005,0.069));
#12433=CARTESIAN_POINT('',(-0.004,0.0325,0.069));
#12434=CARTESIAN_POINT('',(-0.005,0.005,0.07));
#12435=CARTESIAN_POINT('',(-0.005,0.004,0.07));
#12436=CARTESIAN_POINT('',(-0.005,0.004,0.069));
#12437=CARTESIAN_POINT('',(-0.005,0.005,0.069));
#12438=CARTESIAN_POINT('',(-0.0325,0.004,0.07));
#12439=CARTESIAN_POINT('',(-0.06,0.004,0.07));
#12440=CARTESIAN_POINT('',(-0.06,0.004,0.069));
#12441=CARTESIAN_POINT('',(-0.0325,0.004,0.069));
#12442=CARTESIAN_POINT('',(-0.06,0.005,0.07));
#12443=CARTESIAN_POINT('',(-0.061,0.005,0.07));
#12444=CARTESIAN_POINT('',(-0.061,0.005,0.069));
#12445=CARTESIAN_POINT('',(-0.06,0.005,0.069));
#12446=CARTESIAN_POINT('',(-0.061,0.0325,0.07));
#12447=CARTESIAN_POINT('',(-0.061,0.0325,0.069));
#12448=CARTESIAN_POINT('',(-0.0325,0.0325,0.07));
#12449=CARTESIAN_POINT('',(-0.0325,0.005,0.07));
#12450=CARTESIAN_POINT('',(-0.005,0.005,0.07));
#12451=CARTESIAN_POINT('',(-0.06,0.005,0.07));
#12452=CARTESIAN_POINT('',(-0.06,0.0325,0.07));
#12453=CARTESIAN_POINT('',(-0.06,0.06,0.07));
#12454=CARTESIAN_POINT('',(-0.0325,0.06,0.07));
#12455=CARTESIAN_POINT('',(-0.005,0.06,0.07));
#12456=CARTESIAN_POINT('',(-0.005,0.0325,0.07));
#12457=CARTESIAN_POINT('',(-0.0593130590339894,0.0392583078876321,0.0725));
#12458=CARTESIAN_POINT('',(-0.0593130590339894,0.0392583078876321,0.072));
#12459=CARTESIAN_POINT('',(-0.0593059033989268,0.0398915815906732,0.0725));
#12460=CARTESIAN_POINT('',(-0.0593059033989268,0.0398915815906732,0.072));
#12461=CARTESIAN_POINT('',(-0.0592104949314253,0.0404640323956822,0.0725));
#12462=CARTESIAN_POINT('',(-0.0592104949314253,0.0404640323956822,0.072));
#12463=CARTESIAN_POINT('',(-0.0590268336314849,0.040975660302659,0.0725));
#12464=CARTESIAN_POINT('',(-0.0590268336314849,0.040975660302659,0.072));
#12465=CARTESIAN_POINT('',(-0.0593130590339894,0.0392583078876321,0.0725));
#12466=CARTESIAN_POINT('',(-0.0593130590339894,0.0392583078876321,0.0725));
#12467=CARTESIAN_POINT('',(-0.0593130590339894,0.0392583078876321,0.0725));
#12468=CARTESIAN_POINT('',(-0.0593023255813955,0.0402082184421938,0.0725));
#12469=CARTESIAN_POINT('',(-0.0590268336314849,0.040975660302659,0.0725));
#12470=CARTESIAN_POINT('',(-0.0590268336314849,0.040975660302659,0.0725));
#12471=CARTESIAN_POINT('',(-0.0590268336314849,0.040975660302659,0.0725));
#12472=CARTESIAN_POINT('',(-0.0590330948121647,0.037552583379582,0.0725));
#12473=CARTESIAN_POINT('',(-0.0590330948121647,0.037552583379582,0.072));
#12474=CARTESIAN_POINT('',(-0.0592125819916519,0.0380564593485742,0.0725));
#12475=CARTESIAN_POINT('',(-0.0592125819916519,0.0380564593485742,0.072));
#12476=CARTESIAN_POINT('',(-0.0593059033989268,0.0386250341845909,0.0725));
#12477=CARTESIAN_POINT('',(-0.0593059033989268,0.0386250341845909,0.072));
#12478=CARTESIAN_POINT('',(-0.0593130590339894,0.0392583078876321,0.0725));
#12479=CARTESIAN_POINT('',(-0.0593130590339894,0.0392583078876321,0.072));
#12480=CARTESIAN_POINT('',(-0.0590330948121647,0.037552583379582,0.0725));
#12481=CARTESIAN_POINT('',(-0.0590330948121647,0.037552583379582,0.0725));
#12482=CARTESIAN_POINT('',(-0.0590330948121647,0.037552583379582,0.0725));
#12483=CARTESIAN_POINT('',(-0.0593023255813955,0.0383083973330704,0.0725));
#12484=CARTESIAN_POINT('',(-0.0593130590339894,0.0392583078876321,0.0725));
#12485=CARTESIAN_POINT('',(-0.0582710196779965,0.0362699357946088,0.0725));
#12486=CARTESIAN_POINT('',(-0.0582710196779965,0.0362699357946088,0.072));
#12487=CARTESIAN_POINT('',(-0.0585995825879548,0.0366211582155987,0.0725));
#12488=CARTESIAN_POINT('',(-0.0585995825879548,0.0366211582155987,0.072));
#12489=CARTESIAN_POINT('',(-0.0588536076326775,0.0370487074105898,0.0725));
#12490=CARTESIAN_POINT('',(-0.0588536076326775,0.0370487074105898,0.072));
#12491=CARTESIAN_POINT('',(-0.0590330948121647,0.037552583379582,0.0725));
#12492=CARTESIAN_POINT('',(-0.0590330948121647,0.037552583379582,0.072));
#12493=CARTESIAN_POINT('',(-0.0582710196779965,0.0362699357946088,0.0725));
#12494=CARTESIAN_POINT('',(-0.0582710196779965,0.0362699357946088,0.0725));
#12495=CARTESIAN_POINT('',(-0.0582710196779965,0.0362699357946088,0.0725));
#12496=CARTESIAN_POINT('',(-0.0587638640429339,0.0367967694260936,0.0725));
#12497=CARTESIAN_POINT('',(-0.0590330948121647,0.037552583379582,0.0725));
#12498=CARTESIAN_POINT('',(-0.0558263875474913,0.038567298418324,0.0725000000000002));
#12499=CARTESIAN_POINT('',(-0.0570858676207515,0.0354568767606196,0.0725));
#12500=CARTESIAN_POINT('',(-0.0570858676207515,0.0354568767606196,0.0725));
#12501=CARTESIAN_POINT('',(-0.0558263875474913,0.038567298418324,0.0725));
#12502=CARTESIAN_POINT('',(-0.0555456171735243,0.0351706513581151,0.0725));
#12503=CARTESIAN_POINT('',(-0.0555456171735243,0.0351706513581151,0.072));
#12504=CARTESIAN_POINT('',(-0.0561109123434706,0.0351706513581151,0.0725));
#12505=CARTESIAN_POINT('',(-0.0561109123434706,0.0351706513581151,0.072));
#12506=CARTESIAN_POINT('',(-0.056624329159213,0.0352660598256166,0.0725));
#12507=CARTESIAN_POINT('',(-0.056624329159213,0.0352660598256166,0.072));
#12508=CARTESIAN_POINT('',(-0.0570858676207515,0.0354568767606196,0.0725));
#12509=CARTESIAN_POINT('',(-0.0570858676207515,0.0354568767606196,0.072));
#12510=CARTESIAN_POINT('',(-0.0555456171735243,0.0351706513581151,0.0725));
#12511=CARTESIAN_POINT('',(-0.0555456171735243,0.0351706513581151,0.0725));
#12512=CARTESIAN_POINT('',(-0.0555456171735243,0.0351706513581151,0.0725));
#12513=CARTESIAN_POINT('',(-0.0563935599284438,0.0351706513581151,0.0725));
#12514=CARTESIAN_POINT('',(-0.0570858676207515,0.0354568767606196,0.0725));
#12515=CARTESIAN_POINT('',(-0.0540062611806799,0.0354568767606196,0.0725));
#12516=CARTESIAN_POINT('',(-0.0540062611806799,0.0354568767606196,0.072));
#12517=CARTESIAN_POINT('',(-0.0544683959451402,0.0352660598256166,0.0725));
#12518=CARTESIAN_POINT('',(-0.0544683959451402,0.0352660598256166,0.072));
#12519=CARTESIAN_POINT('',(-0.0549815146094217,0.0351706513581151,0.0725));
#12520=CARTESIAN_POINT('',(-0.0549815146094217,0.0351706513581151,0.072));
#12521=CARTESIAN_POINT('',(-0.0555456171735243,0.0351706513581151,0.0725));
#12522=CARTESIAN_POINT('',(-0.0555456171735243,0.0351706513581151,0.072));
#12523=CARTESIAN_POINT('',(-0.0540062611806799,0.0354568767606196,0.0725));
#12524=CARTESIAN_POINT('',(-0.0540062611806799,0.0354568767606196,0.0725));
#12525=CARTESIAN_POINT('',(-0.0540062611806799,0.0354568767606196,0.0725));
#12526=CARTESIAN_POINT('',(-0.0546994633273704,0.0351706513581151,0.0725));
#12527=CARTESIAN_POINT('',(-0.0555456171735243,0.0351706513581151,0.0725));
#12528=CARTESIAN_POINT('',(-0.0552594916874468,0.0385584098424426,0.0725000000000002));
#12529=CARTESIAN_POINT('',(-0.0528211091234348,0.0362699357946088,0.0725));
#12530=CARTESIAN_POINT('',(-0.0528211091234348,0.0362699357946088,0.0725));
#12531=CARTESIAN_POINT('',(-0.0552594916874468,0.0385584098424426,0.0725));
#12532=CARTESIAN_POINT('',(-0.0520599284436495,0.037552583379582,0.0725));
#12533=CARTESIAN_POINT('',(-0.0520599284436495,0.037552583379582,0.072));
#12534=CARTESIAN_POINT('',(-0.0522394156231367,0.0370487074105898,0.0725));
#12535=CARTESIAN_POINT('',(-0.0522394156231367,0.0370487074105898,0.072));
#12536=CARTESIAN_POINT('',(-0.0524931425163985,0.0366211582155987,0.0725));
#12537=CARTESIAN_POINT('',(-0.0524931425163985,0.0366211582155987,0.072));
#12538=CARTESIAN_POINT('',(-0.0528211091234348,0.0362699357946088,0.0725));
#12539=CARTESIAN_POINT('',(-0.0528211091234348,0.0362699357946088,0.072));
#12540=CARTESIAN_POINT('',(-0.0520599284436495,0.037552583379582,0.0725));
#12541=CARTESIAN_POINT('',(-0.0520599284436495,0.037552583379582,0.0725));
#12542=CARTESIAN_POINT('',(-0.0520599284436495,0.037552583379582,0.0725));
#12543=CARTESIAN_POINT('',(-0.0523291592128803,0.0367967694260936,0.0725));
#12544=CARTESIAN_POINT('',(-0.0528211091234348,0.0362699357946088,0.0725));
#12545=CARTESIAN_POINT('',(-0.0517799642218248,0.0392583078876321,0.0725));
#12546=CARTESIAN_POINT('',(-0.0517799642218248,0.0392583078876321,0.072));
#12547=CARTESIAN_POINT('',(-0.0517871198568874,0.0386250341845909,0.0725));
#12548=CARTESIAN_POINT('',(-0.0517871198568874,0.0386250341845909,0.072));
#12549=CARTESIAN_POINT('',(-0.0518804412641623,0.0380564593485742,0.0725));
#12550=CARTESIAN_POINT('',(-0.0518804412641623,0.0380564593485742,0.072));
#12551=CARTESIAN_POINT('',(-0.0520599284436495,0.037552583379582,0.0725));
#12552=CARTESIAN_POINT('',(-0.0520599284436495,0.037552583379582,0.072));
#12553=CARTESIAN_POINT('',(-0.0517799642218248,0.0392583078876321,0.0725));
#12554=CARTESIAN_POINT('',(-0.0517799642218248,0.0392583078876321,0.0725));
#12555=CARTESIAN_POINT('',(-0.0517799642218248,0.0392583078876321,0.0725));
#12556=CARTESIAN_POINT('',(-0.0517906976744187,0.0383083973330704,0.0725));
#12557=CARTESIAN_POINT('',(-0.0520599284436495,0.037552583379582,0.0725));
#12558=CARTESIAN_POINT('',(-0.0520652951699464,0.040975660302659,0.0725));
#12559=CARTESIAN_POINT('',(-0.0520652951699464,0.040975660302659,0.072));
#12560=CARTESIAN_POINT('',(-0.0518822301729279,0.0404640323956822,0.0725));
#12561=CARTESIAN_POINT('',(-0.0518822301729279,0.0404640323956822,0.072));
#12562=CARTESIAN_POINT('',(-0.0517871198568874,0.0398915815906732,0.0725));
#12563=CARTESIAN_POINT('',(-0.0517871198568874,0.0398915815906732,0.072));
#12564=CARTESIAN_POINT('',(-0.0517799642218248,0.0392583078876321,0.0725));
#12565=CARTESIAN_POINT('',(-0.0517799642218248,0.0392583078876321,0.072));
#12566=CARTESIAN_POINT('',(-0.0520652951699464,0.040975660302659,0.0725));
#12567=CARTESIAN_POINT('',(-0.0520652951699464,0.040975660302659,0.0725));
#12568=CARTESIAN_POINT('',(-0.0520652951699464,0.040975660302659,0.0725));
#12569=CARTESIAN_POINT('',(-0.0517906976744187,0.0402082184421938,0.0725));
#12570=CARTESIAN_POINT('',(-0.0517799642218248,0.0392583078876321,0.0725));
#12571=CARTESIAN_POINT('',(-0.0528327370304116,0.0422869304278825,0.0725));
#12572=CARTESIAN_POINT('',(-0.0528327370304116,0.0422869304278825,0.072));
#12573=CARTESIAN_POINT('',(-0.0525041741204533,0.0419243782513769,0.0725));
#12574=CARTESIAN_POINT('',(-0.0525041741204533,0.0419243782513769,0.072));
#12575=CARTESIAN_POINT('',(-0.0522483601669649,0.0414872882096357,0.0725));
#12576=CARTESIAN_POINT('',(-0.0522483601669649,0.0414872882096357,0.072));
#12577=CARTESIAN_POINT('',(-0.0520652951699464,0.040975660302659,0.0725));
#12578=CARTESIAN_POINT('',(-0.0520652951699464,0.040975660302659,0.072));
#12579=CARTESIAN_POINT('',(-0.0528327370304116,0.0422869304278825,0.0725));
#12580=CARTESIAN_POINT('',(-0.0528327370304116,0.0422869304278825,0.0725));
#12581=CARTESIAN_POINT('',(-0.0528327370304116,0.0422869304278825,0.0725));
#12582=CARTESIAN_POINT('',(-0.0523398926654742,0.041743102163124,0.0725));
#12583=CARTESIAN_POINT('',(-0.0520652951699464,0.040975660302659,0.0725));
#12584=CARTESIAN_POINT('',(-0.0552859945345265,0.0400624180131676,0.0725000000000002));
#12585=CARTESIAN_POINT('',(-0.0540178890876566,0.0431223508214425,0.0725));
#12586=CARTESIAN_POINT('',(-0.0540178890876566,0.0431223508214425,0.0725));
#12587=CARTESIAN_POINT('',(-0.0552859945345265,0.0400624180131676,0.0725));
#12588=CARTESIAN_POINT('',(-0.0555456171735243,0.0434139429502439,0.0725));
#12589=CARTESIAN_POINT('',(-0.0555456171735243,0.0434139429502439,0.072));
#12590=CARTESIAN_POINT('',(-0.0549886702444843,0.0434139429502439,0.0725));
#12591=CARTESIAN_POINT('',(-0.0549886702444843,0.0434139429502439,0.072));
#12592=CARTESIAN_POINT('',(-0.0544794275491951,0.0433167455739768,0.0725));
#12593=CARTESIAN_POINT('',(-0.0544794275491951,0.0433167455739768,0.072));
#12594=CARTESIAN_POINT('',(-0.0540178890876566,0.0431223508214425,0.0725));
#12595=CARTESIAN_POINT('',(-0.0540178890876566,0.0431223508214425,0.072));
#12596=CARTESIAN_POINT('',(-0.0555456171735243,0.0434139429502439,0.0725));
#12597=CARTESIAN_POINT('',(-0.0555456171735243,0.0434139429502439,0.0725));
#12598=CARTESIAN_POINT('',(-0.0555456171735243,0.0434139429502439,0.0725));
#12599=CARTESIAN_POINT('',(-0.0547101967799643,0.0434139429502439,0.0725));
#12600=CARTESIAN_POINT('',(-0.0540178890876566,0.0431223508214425,0.0725));
#12601=CARTESIAN_POINT('',(-0.0570805008944545,0.0431223508214425,0.0725));
#12602=CARTESIAN_POINT('',(-0.0570805008944545,0.0431223508214425,0.072));
#12603=CARTESIAN_POINT('',(-0.0566225402504474,0.0433167455739768,0.0725));
#12604=CARTESIAN_POINT('',(-0.0566225402504474,0.0433167455739768,0.072));
#12605=CARTESIAN_POINT('',(-0.0561109123434706,0.0434139429502439,0.0725));
#12606=CARTESIAN_POINT('',(-0.0561109123434706,0.0434139429502439,0.072));
#12607=CARTESIAN_POINT('',(-0.0555456171735243,0.0434139429502439,0.0725));
#12608=CARTESIAN_POINT('',(-0.0555456171735243,0.0434139429502439,0.072));
#12609=CARTESIAN_POINT('',(-0.0570805008944545,0.0431223508214425,0.0725));
#12610=CARTESIAN_POINT('',(-0.0570805008944545,0.0431223508214425,0.0725));
#12611=CARTESIAN_POINT('',(-0.0570805008944545,0.0431223508214425,0.0725));
#12612=CARTESIAN_POINT('',(-0.0563935599284438,0.0434139429502439,0.0725));
#12613=CARTESIAN_POINT('',(-0.0555456171735243,0.0434139429502439,0.0725));
#12614=CARTESIAN_POINT('',(-0.0558005162200003,0.0400646793868522,0.0725000000000002));
#12615=CARTESIAN_POINT('',(-0.0582593917710198,0.0422869304278825,0.0725));
#12616=CARTESIAN_POINT('',(-0.0582593917710198,0.0422869304278825,0.0725));
#12617=CARTESIAN_POINT('',(-0.0558005162200003,0.0400646793868522,0.0725));
#12618=CARTESIAN_POINT('',(-0.0573099048929355,0.0391992642508362,0.0725000000000006));
#12619=CARTESIAN_POINT('',(-0.0573099048929355,0.0391992642508362,0.072));
#12620=CARTESIAN_POINT('',(-0.052936007934857,0.0392583063461266,0.072));
#12621=CARTESIAN_POINT('',(-0.0531252236135958,0.0404711880307448,0.072));
#12622=CARTESIAN_POINT('',(-0.0529355992844366,0.0392583078876321,0.0725));
#12623=CARTESIAN_POINT('',(-0.052936007934857,0.0392583063461266,0.0725));
#12624=CARTESIAN_POINT('',(-0.0573099048929355,0.0391992642508362,0.0725));
#12625=CARTESIAN_POINT('',(-0.0531252236135958,0.0404711880307448,0.0725));
#12626=CARTESIAN_POINT('',(-0.0531252236135958,0.0404711880307448,0.0725));
#12627=CARTESIAN_POINT('',(-0.0572265890724739,0.0393013449532907,0.0725000000000006));
#12628=CARTESIAN_POINT('',(-0.0572265890724739,0.0393013449532907,0.072));
#12629=CARTESIAN_POINT('',(-0.0531252236135958,0.0380445332901366,0.072));
#12630=CARTESIAN_POINT('',(-0.0531252236135958,0.0380445332901366,0.0725));
#12631=CARTESIAN_POINT('',(-0.0531252236135958,0.0380445332901366,0.0725));
#12632=CARTESIAN_POINT('',(-0.0572265890724739,0.0393013449532907,0.0725));
#12633=CARTESIAN_POINT('',(-0.0536404293381039,0.0370713669216214,0.0725));
#12634=CARTESIAN_POINT('',(-0.0536404293381039,0.0370713669216214,0.072));
#12635=CARTESIAN_POINT('',(-0.0534150268336316,0.03734626256861,0.0725));
#12636=CARTESIAN_POINT('',(-0.0534150268336316,0.03734626256861,0.072));
#12637=CARTESIAN_POINT('',(-0.0532432915921289,0.0376706513581151,0.0725));
#12638=CARTESIAN_POINT('',(-0.0532432915921289,0.0376706513581151,0.072));
#12639=CARTESIAN_POINT('',(-0.0531252236135958,0.0380445332901366,0.0725));
#12640=CARTESIAN_POINT('',(-0.0531252236135958,0.0380445332901366,0.072));
#12641=CARTESIAN_POINT('',(-0.0536404293381039,0.0370713669216214,0.072));
#12642=CARTESIAN_POINT('',(-0.0533023255813955,0.0374837103921044,0.072));
#12643=CARTESIAN_POINT('',(-0.0531252236135958,0.0380445332901366,0.072));
#12644=CARTESIAN_POINT('',(-0.0536404293381039,0.0370713669216214,0.072));
#12645=CARTESIAN_POINT('',(-0.0536404293381039,0.0370713669216214,0.0725));
#12646=CARTESIAN_POINT('',(-0.0536404293381039,0.0370713669216214,0.0725));
#12647=CARTESIAN_POINT('',(-0.0536404293381039,0.0370713669216214,0.0725));
#12648=CARTESIAN_POINT('',(-0.0533023255813955,0.0374837103921044,0.0725));
#12649=CARTESIAN_POINT('',(-0.0531252236135958,0.0380445332901366,0.0725));
#12650=CARTESIAN_POINT('',(-0.0555641647500581,0.0386437840439499,0.0725000000000003));
#12651=CARTESIAN_POINT('',(-0.0555641647500581,0.0386437840439499,0.072));
#12652=CARTESIAN_POINT('',(-0.0544588550983901,0.0364184152221581,0.072));
#12653=CARTESIAN_POINT('',(-0.0544588550983901,0.0364184152221581,0.0725));
#12654=CARTESIAN_POINT('',(-0.0544588550983901,0.0364184152221581,0.0725));
#12655=CARTESIAN_POINT('',(-0.0555641647500581,0.0386437840439499,0.0725));
#12656=CARTESIAN_POINT('',(-0.0555456171735243,0.0361778069931777,0.0725));
#12657=CARTESIAN_POINT('',(-0.0555456171735243,0.0361778069931777,0.072));
#12658=CARTESIAN_POINT('',(-0.0551413237924867,0.0361778069931777,0.0725));
#12659=CARTESIAN_POINT('',(-0.0551413237924867,0.0361778069931777,0.072));
#12660=CARTESIAN_POINT('',(-0.054779069767442,0.0362580097361712,0.0725));
#12661=CARTESIAN_POINT('',(-0.054779069767442,0.0362580097361712,0.072));
#12662=CARTESIAN_POINT('',(-0.0544588550983901,0.0364184152221581,0.0725));
#12663=CARTESIAN_POINT('',(-0.0544588550983901,0.0364184152221581,0.072));
#12664=CARTESIAN_POINT('',(-0.0555456171735243,0.0361778069931777,0.072));
#12665=CARTESIAN_POINT('',(-0.0549391771019679,0.0361778069931777,0.072));
#12666=CARTESIAN_POINT('',(-0.0544588550983901,0.0364184152221581,0.072));
#12667=CARTESIAN_POINT('',(-0.0555456171735243,0.0361778069931777,0.072));
#12668=CARTESIAN_POINT('',(-0.0555456171735243,0.0361778069931777,0.0725));
#12669=CARTESIAN_POINT('',(-0.0555456171735243,0.0361778069931777,0.0725));
#12670=CARTESIAN_POINT('',(-0.0555456171735243,0.0361778069931777,0.0725));
#12671=CARTESIAN_POINT('',(-0.0549391771019679,0.0361778069931777,0.0725));
#12672=CARTESIAN_POINT('',(-0.0544588550983901,0.0364184152221581,0.0725));
#12673=CARTESIAN_POINT('',(-0.0566341681574241,0.0364184152221581,0.0725));
#12674=CARTESIAN_POINT('',(-0.0566341681574241,0.0364184152221581,0.072));
#12675=CARTESIAN_POINT('',(-0.0563139534883722,0.0362580097361712,0.0725));
#12676=CARTESIAN_POINT('',(-0.0563139534883722,0.0362580097361712,0.072));
#12677=CARTESIAN_POINT('',(-0.0559511031604056,0.0361778069931777,0.0725));
#12678=CARTESIAN_POINT('',(-0.0559511031604056,0.0361778069931777,0.072));
#12679=CARTESIAN_POINT('',(-0.0555456171735243,0.0361778069931777,0.0725));
#12680=CARTESIAN_POINT('',(-0.0555456171735243,0.0361778069931777,0.072));
#12681=CARTESIAN_POINT('',(-0.0566341681574241,0.0364184152221581,0.072));
#12682=CARTESIAN_POINT('',(-0.0561538461538463,0.0361778069931777,0.072));
#12683=CARTESIAN_POINT('',(-0.0555456171735243,0.0361778069931777,0.072));
#12684=CARTESIAN_POINT('',(-0.0566341681574241,0.0364184152221581,0.072));
#12685=CARTESIAN_POINT('',(-0.0566341681574241,0.0364184152221581,0.0725));
#12686=CARTESIAN_POINT('',(-0.0566341681574241,0.0364184152221581,0.0725));
#12687=CARTESIAN_POINT('',(-0.0566341681574241,0.0364184152221581,0.0725));
#12688=CARTESIAN_POINT('',(-0.0561538461538463,0.0361778069931777,0.0725));
#12689=CARTESIAN_POINT('',(-0.0555456171735243,0.0361778069931777,0.0725));
#12690=CARTESIAN_POINT('',(-0.0555288585057558,0.0386437840439502,0.0725000000000003));
#12691=CARTESIAN_POINT('',(-0.0555288585057558,0.0386437840439502,0.072));
#12692=CARTESIAN_POINT('',(-0.0574525939177103,0.0370713669216214,0.072));
#12693=CARTESIAN_POINT('',(-0.0574525939177103,0.0370713669216214,0.0725));
#12694=CARTESIAN_POINT('',(-0.0574525939177103,0.0370713669216214,0.0725));
#12695=CARTESIAN_POINT('',(-0.0555288585057558,0.0386437840439502,0.0725));
#12696=CARTESIAN_POINT('',(-0.0579677996422184,0.0380445332901366,0.0725));
#12697=CARTESIAN_POINT('',(-0.0579677996422184,0.0380445332901366,0.072));
#12698=CARTESIAN_POINT('',(-0.0578497316636853,0.0376706513581151,0.0725));
#12699=CARTESIAN_POINT('',(-0.0578497316636853,0.0376706513581151,0.072));
#12700=CARTESIAN_POINT('',(-0.0576779964221826,0.03734626256861,0.0725));
#12701=CARTESIAN_POINT('',(-0.0576779964221826,0.03734626256861,0.072));
#12702=CARTESIAN_POINT('',(-0.0574525939177103,0.0370713669216214,0.0725));
#12703=CARTESIAN_POINT('',(-0.0574525939177103,0.0370713669216214,0.072));
#12704=CARTESIAN_POINT('',(-0.0579677996422184,0.0380445332901366,0.072));
#12705=CARTESIAN_POINT('',(-0.0577906976744187,0.0374837103921044,0.072));
#12706=CARTESIAN_POINT('',(-0.0574525939177103,0.0370713669216214,0.072));
#12707=CARTESIAN_POINT('',(-0.0579677996422184,0.0380445332901366,0.072));
#12708=CARTESIAN_POINT('',(-0.0579677996422184,0.0380445332901366,0.0725));
#12709=CARTESIAN_POINT('',(-0.0579677996422184,0.0380445332901366,0.0725));
#12710=CARTESIAN_POINT('',(-0.0579677996422184,0.0380445332901366,0.0725));
#12711=CARTESIAN_POINT('',(-0.0577906976744187,0.0374837103921044,0.0725));
#12712=CARTESIAN_POINT('',(-0.0574525939177103,0.0370713669216214,0.0725));
#12713=CARTESIAN_POINT('',(-0.0538664341833405,0.0393013449532906,0.0725000000000006));
#12714=CARTESIAN_POINT('',(-0.0538664341833405,0.0393013449532906,0.072));
#12715=CARTESIAN_POINT('',(-0.0581570151901608,0.0392583111533842,0.072));
#12716=CARTESIAN_POINT('',(-0.0581574239713776,0.0392583078876321,0.0725));
#12717=CARTESIAN_POINT('',(-0.0581570151901609,0.0392583111533842,0.0725));
#12718=CARTESIAN_POINT('',(-0.0538664341833405,0.0393013449532906,0.0725));
#12719=CARTESIAN_POINT('',(-0.0537831183628789,0.0391992642508363,0.0725000000000006));
#12720=CARTESIAN_POINT('',(-0.0537831183628789,0.0391992642508363,0.072));
#12721=CARTESIAN_POINT('',(-0.0579677996422184,0.0404711880307448,0.072));
#12722=CARTESIAN_POINT('',(-0.0579677996422184,0.0404711880307448,0.0725));
#12723=CARTESIAN_POINT('',(-0.0579677996422184,0.0404711880307448,0.0725));
#12724=CARTESIAN_POINT('',(-0.0537831183628789,0.0391992642508363,0.0725));
#12725=CARTESIAN_POINT('',(-0.0574525939177103,0.0414729769395105,0.0725));
#12726=CARTESIAN_POINT('',(-0.0574525939177103,0.0414729769395105,0.072));
#12727=CARTESIAN_POINT('',(-0.0576779964221826,0.041186751537006,0.0725));
#12728=CARTESIAN_POINT('',(-0.0576779964221826,0.041186751537006,0.072));
#12729=CARTESIAN_POINT('',(-0.0578497316636853,0.0408528219007508,0.0725));
#12730=CARTESIAN_POINT('',(-0.0578497316636853,0.0408528219007508,0.072));
#12731=CARTESIAN_POINT('',(-0.0579677996422184,0.0404711880307448,0.0725));
#12732=CARTESIAN_POINT('',(-0.0579677996422184,0.0404711880307448,0.072));
#12733=CARTESIAN_POINT('',(-0.0574525939177103,0.0414729769395105,0.072));
#12734=CARTESIAN_POINT('',(-0.0577906976744187,0.0410436388357537,0.072));
#12735=CARTESIAN_POINT('',(-0.0579677996422184,0.0404711880307448,0.072));
#12736=CARTESIAN_POINT('',(-0.0574525939177103,0.0414729769395105,0.072));
#12737=CARTESIAN_POINT('',(-0.0574525939177103,0.0414729769395105,0.0725));
#12738=CARTESIAN_POINT('',(-0.0574525939177103,0.0414729769395105,0.0725));
#12739=CARTESIAN_POINT('',(-0.0574525939177103,0.0414729769395105,0.0725));
#12740=CARTESIAN_POINT('',(-0.0577906976744187,0.0410436388357537,0.0725));
#12741=CARTESIAN_POINT('',(-0.0579677996422184,0.0404711880307448,0.0725));
#12742=CARTESIAN_POINT('',(-0.0554641281692645,0.0399179535381713,0.0725000000000003));
#12743=CARTESIAN_POINT('',(-0.0554641281692645,0.0399179535381713,0.072));
#12744=CARTESIAN_POINT('',(-0.0566341681574241,0.0421545511792242,0.072));
#12745=CARTESIAN_POINT('',(-0.0566341681574241,0.0421545511792242,0.0725));
#12746=CARTESIAN_POINT('',(-0.0566341681574241,0.0421545511792242,0.0725));
#12747=CARTESIAN_POINT('',(-0.0554641281692645,0.0399179535381713,0.0725));
#12748=CARTESIAN_POINT('',(-0.0555456171735243,0.0424067873151813,0.0725));
#12749=CARTESIAN_POINT('',(-0.0555456171735243,0.0424067873151813,0.072));
#12750=CARTESIAN_POINT('',(-0.0559511031604056,0.0424067873151813,0.0725));
#12751=CARTESIAN_POINT('',(-0.0559511031604056,0.0424067873151813,0.072));
#12752=CARTESIAN_POINT('',(-0.0563139534883722,0.0423227086031956,0.0725));
#12753=CARTESIAN_POINT('',(-0.0563139534883722,0.0423227086031956,0.072));
#12754=CARTESIAN_POINT('',(-0.0566341681574241,0.0421545511792242,0.0725));
#12755=CARTESIAN_POINT('',(-0.0566341681574241,0.0421545511792242,0.072));
#12756=CARTESIAN_POINT('',(-0.0555456171735243,0.0424067873151813,0.072));
#12757=CARTESIAN_POINT('',(-0.0561538461538463,0.0424067873151813,0.072));
#12758=CARTESIAN_POINT('',(-0.0566341681574241,0.0421545511792242,0.072));
#12759=CARTESIAN_POINT('',(-0.0555456171735243,0.0424067873151813,0.072));
#12760=CARTESIAN_POINT('',(-0.0555456171735243,0.0424067873151813,0.0725));
#12761=CARTESIAN_POINT('',(-0.0555456171735243,0.0424067873151813,0.0725));
#12762=CARTESIAN_POINT('',(-0.0555456171735243,0.0424067873151813,0.0725));
#12763=CARTESIAN_POINT('',(-0.0561538461538463,0.0424067873151813,0.0725));
#12764=CARTESIAN_POINT('',(-0.0566341681574241,0.0421545511792242,0.0725));
#12765=CARTESIAN_POINT('',(-0.0544588550983901,0.0421545511792242,0.0725));
#12766=CARTESIAN_POINT('',(-0.0544588550983901,0.0421545511792242,0.072));
#12767=CARTESIAN_POINT('',(-0.054779069767442,0.0423227086031956,0.0725));
#12768=CARTESIAN_POINT('',(-0.054779069767442,0.0423227086031956,0.072));
#12769=CARTESIAN_POINT('',(-0.0551413237924867,0.0424067873151813,0.0725));
#12770=CARTESIAN_POINT('',(-0.0551413237924867,0.0424067873151813,0.072));
#12771=CARTESIAN_POINT('',(-0.0555456171735243,0.0424067873151813,0.0725));
#12772=CARTESIAN_POINT('',(-0.0555456171735243,0.0424067873151813,0.072));
#12773=CARTESIAN_POINT('',(-0.0544588550983901,0.0421545511792242,0.072));
#12774=CARTESIAN_POINT('',(-0.0549391771019679,0.0424067873151813,0.072));
#12775=CARTESIAN_POINT('',(-0.0555456171735243,0.0424067873151813,0.072));
#12776=CARTESIAN_POINT('',(-0.0544588550983901,0.0421545511792242,0.072));
#12777=CARTESIAN_POINT('',(-0.0544588550983901,0.0421545511792242,0.0725));
#12778=CARTESIAN_POINT('',(-0.0544588550983901,0.0421545511792242,0.0725));
#12779=CARTESIAN_POINT('',(-0.0544588550983901,0.0421545511792242,0.0725));
#12780=CARTESIAN_POINT('',(-0.0549391771019679,0.0424067873151813,0.0725));
#12781=CARTESIAN_POINT('',(-0.0555456171735243,0.0424067873151813,0.0725));
#12782=CARTESIAN_POINT('',(-0.0556288950865497,0.0399179535381714,0.0725000000000003));
#12783=CARTESIAN_POINT('',(-0.0556288950865497,0.0399179535381714,0.072));
#12784=CARTESIAN_POINT('',(-0.0536404293381039,0.0414729769395105,0.072));
#12785=CARTESIAN_POINT('',(-0.0536404293381039,0.0414729769395105,0.0725));
#12786=CARTESIAN_POINT('',(-0.0536404293381039,0.0414729769395105,0.0725));
#12787=CARTESIAN_POINT('',(-0.0556288950865497,0.0399179535381714,0.0725));
#12788=CARTESIAN_POINT('',(-0.0531252236135958,0.0404711880307448,0.0725));
#12789=CARTESIAN_POINT('',(-0.0531252236135958,0.0404711880307448,0.072));
#12790=CARTESIAN_POINT('',(-0.0532432915921289,0.0408528219007508,0.0725));
#12791=CARTESIAN_POINT('',(-0.0532432915921289,0.0408528219007508,0.072));
#12792=CARTESIAN_POINT('',(-0.0534150268336316,0.041186751537006,0.0725));
#12793=CARTESIAN_POINT('',(-0.0534150268336316,0.041186751537006,0.072));
#12794=CARTESIAN_POINT('',(-0.0536404293381039,0.0414729769395105,0.0725));
#12795=CARTESIAN_POINT('',(-0.0536404293381039,0.0414729769395105,0.072));
#12796=CARTESIAN_POINT('',(-0.0531252236135958,0.0404711880307448,0.072));
#12797=CARTESIAN_POINT('',(-0.0533023255813955,0.0410436388357537,0.072));
#12798=CARTESIAN_POINT('',(-0.0536404293381039,0.0414729769395105,0.072));
#12799=CARTESIAN_POINT('',(-0.0531252236135958,0.0404711880307448,0.0725));
#12800=CARTESIAN_POINT('',(-0.0533023255813955,0.0410436388357537,0.0725));
#12801=CARTESIAN_POINT('',(-0.0536404293381039,0.0414729769395105,0.0725));
#12802=CARTESIAN_POINT('',(-0.0590268336314849,0.040975660302659,0.0725));
#12803=CARTESIAN_POINT('',(-0.0590268336314849,0.040975660302659,0.072));
#12804=CARTESIAN_POINT('',(-0.0588431723315446,0.0414872882096357,0.0725));
#12805=CARTESIAN_POINT('',(-0.0588431723315446,0.0414872882096357,0.072));
#12806=CARTESIAN_POINT('',(-0.0585873583780562,0.0419243782513769,0.0725));
#12807=CARTESIAN_POINT('',(-0.0585873583780562,0.0419243782513769,0.072));
#12808=CARTESIAN_POINT('',(-0.0582593917710198,0.0422869304278825,0.0725));
#12809=CARTESIAN_POINT('',(-0.0582593917710198,0.0422869304278825,0.072));
#12810=CARTESIAN_POINT('',(-0.0590268336314849,0.040975660302659,0.0725));
#12811=CARTESIAN_POINT('',(-0.0587513416815744,0.041743102163124,0.0725));
#12812=CARTESIAN_POINT('',(-0.0582593917710198,0.0422869304278825,0.0725));
#12813=CARTESIAN_POINT('',(-0.0325,0.0325,0.0725));
#12814=CARTESIAN_POINT('',(-0.0325,0.0325,0.072));
#12815=CARTESIAN_POINT('',(-0.0087879156282293,0.0251870577630671,0.0725));
#12816=CARTESIAN_POINT('',(-0.0087879156282293,0.0237268881685135,0.0725));
#12817=CARTESIAN_POINT('',(-0.0087879156282293,0.0237268881685135,0.0725));
#12818=CARTESIAN_POINT('',(-0.0087879156282293,0.0251870577630671,0.0725));
#12819=CARTESIAN_POINT('',(-0.0087879156282293,0.0266472273576206,0.0725));
#12820=CARTESIAN_POINT('',(-0.0087879156282293,0.0266472273576206,0.0725));
#12821=CARTESIAN_POINT('',(-0.00831735152878246,0.0237268881685135,0.0725));
#12822=CARTESIAN_POINT('',(-0.00784678742933562,0.0237268881685135,0.0725));
#12823=CARTESIAN_POINT('',(-0.00784678742933562,0.0237268881685135,0.0725));
#12824=CARTESIAN_POINT('',(-0.00831735152878246,0.0237268881685135,0.0725));
#12825=CARTESIAN_POINT('',(-0.00784678742933562,0.0251870577630671,0.0725));
#12826=CARTESIAN_POINT('',(-0.00784678742933562,0.0266472273576206,0.0725));
#12827=CARTESIAN_POINT('',(-0.00784678742933562,0.0266472273576206,0.0725));
#12828=CARTESIAN_POINT('',(-0.00784678742933562,0.0251870577630671,0.0725));
#12829=CARTESIAN_POINT('',(-0.00764284845906025,0.0276752803635169,0.0725));
#12830=CARTESIAN_POINT('',(-0.00764284845906025,0.0276752803635169,0.072));
#12831=CARTESIAN_POINT('',(-0.00777880777257716,0.0275036595907169,0.0725));
#12832=CARTESIAN_POINT('',(-0.00777880777257716,0.0275036595907169,0.072));
#12833=CARTESIAN_POINT('',(-0.00784678742933562,0.0271609752554181,0.0725));
#12834=CARTESIAN_POINT('',(-0.00784678742933562,0.0271609752554181,0.072));
#12835=CARTESIAN_POINT('',(-0.00784678742933562,0.0266472273576206,0.0725));
#12836=CARTESIAN_POINT('',(-0.00784678742933562,0.0266472273576206,0.072));
#12837=CARTESIAN_POINT('',(-0.00764284845906025,0.0276752803635169,0.0725));
#12838=CARTESIAN_POINT('',(-0.00764284845906025,0.0276752803635169,0.0725));
#12839=CARTESIAN_POINT('',(-0.00764284845906025,0.0276752803635169,0.0725));
#12840=CARTESIAN_POINT('',(-0.00784678742933562,0.0274178492043168,0.0725));
#12841=CARTESIAN_POINT('',(-0.00784678742933562,0.0266472273576206,0.0725));
#12842=CARTESIAN_POINT('',(-0.00710265327428177,0.027229621327411,0.0725000000000002));
#12843=CARTESIAN_POINT('',(-0.00736535772901344,0.0278783835183403,0.0725));
#12844=CARTESIAN_POINT('',(-0.00736525741302381,0.0278781578029342,0.0725));
#12845=CARTESIAN_POINT('',(-0.00710265327428177,0.027229621327411,0.0725));
#12846=CARTESIAN_POINT('',(-0.00696301823072602,0.026949087062238,0.0725000000000006));
#12847=CARTESIAN_POINT('',(-0.00708703118351469,0.0279527710935637,0.0725));
#12848=CARTESIAN_POINT('',(-0.00708707986792378,0.0279531234002988,0.0725));
#12849=CARTESIAN_POINT('',(-0.00696301823072602,0.026949087062238,0.0725));
#12850=CARTESIAN_POINT('',(-0.00679860333820741,0.0236330637864441,0.072500000000007));
#12851=CARTESIAN_POINT('',(-0.00675521244909125,0.027962800878987,0.0725));
#12852=CARTESIAN_POINT('',(-0.00675521384384663,0.0279626617040537,0.07249999975));
#12853=CARTESIAN_POINT('',(-0.00679860333820741,0.0236330637864441,0.0725));
#12854=CARTESIAN_POINT('',(-0.00618852957267037,0.027962800878987,0.0725));
#12855=CARTESIAN_POINT('',(-0.00562184669624948,0.027962800878987,0.0725));
#12856=CARTESIAN_POINT('',(-0.00562184669624948,0.027962800878987,0.0725));
#12857=CARTESIAN_POINT('',(-0.00618852957267037,0.027962800878987,0.0725));
#12858=CARTESIAN_POINT('',(-0.00562184669624948,0.0284124695921352,0.0725));
#12859=CARTESIAN_POINT('',(-0.00562184669624948,0.0288621383052833,0.0725));
#12860=CARTESIAN_POINT('',(-0.00562184669624948,0.0288621383052833,0.0725));
#12861=CARTESIAN_POINT('',(-0.00562184669624948,0.0284124695921352,0.0725));
#12862=CARTESIAN_POINT('',(-0.00609241079569632,0.0288621383052833,0.0725));
#12863=CARTESIAN_POINT('',(-0.00656297489514317,0.0288621383052833,0.0725));
#12864=CARTESIAN_POINT('',(-0.00656297769160544,0.0288618622879377,0.0725));
#12865=CARTESIAN_POINT('',(-0.00609241079569632,0.0288621383052833,0.0725));
#12866=CARTESIAN_POINT('',(-0.00664358016216415,0.0209062105252207,0.072500000000007));
#12867=CARTESIAN_POINT('',(-0.00721992584037446,0.0288404071035327,0.0725));
#12868=CARTESIAN_POINT('',(-0.00721992584037446,0.0288404071035327,0.0725));
#12869=CARTESIAN_POINT('',(-0.00664358016216415,0.0209062105252207,0.0725));
#12870=CARTESIAN_POINT('',(-0.00778159382408365,0.0287016617385093,0.0725));
#12871=CARTESIAN_POINT('',(-0.00778159382408365,0.0287016617385093,0.072));
#12872=CARTESIAN_POINT('',(-0.00756762506838491,0.0287796711806911,0.0725));
#12873=CARTESIAN_POINT('',(-0.00756762506838491,0.0287796711806911,0.072));
#12874=CARTESIAN_POINT('',(-0.00738040240714851,0.0288259196356989,0.0725));
#12875=CARTESIAN_POINT('',(-0.00738040240714851,0.0288259196356989,0.072));
#12876=CARTESIAN_POINT('',(-0.00721992584037446,0.0288404071035327,0.0725));
#12877=CARTESIAN_POINT('',(-0.00721992584037446,0.0288404071035327,0.072));
#12878=CARTESIAN_POINT('',(-0.00778159382408365,0.0287016617385093,0.0725));
#12879=CARTESIAN_POINT('',(-0.00778159382408365,0.0287016617385093,0.0725));
#12880=CARTESIAN_POINT('',(-0.00778159382408365,0.0287016617385093,0.0725));
#12881=CARTESIAN_POINT('',(-0.00746064069053554,0.0288186759017821,0.0725));
#12882=CARTESIAN_POINT('',(-0.00721992584037446,0.0288404071035327,0.0725));
#12883=CARTESIAN_POINT('',(-0.00730897938166733,0.0273668391492279,0.0725000000000002));
#12884=CARTESIAN_POINT('',(-0.00832821712965778,0.0283489476177872,0.0725));
#12885=CARTESIAN_POINT('',(-0.00832821712965778,0.0283489476177872,0.0725));
#12886=CARTESIAN_POINT('',(-0.00730897938166733,0.0273668391492279,0.0725));
#12887=CARTESIAN_POINT('',(-0.0087879156282293,0.0266472273576206,0.0725));
#12888=CARTESIAN_POINT('',(-0.0087879156282293,0.0266472273576206,0.072));
#12889=CARTESIAN_POINT('',(-0.0087879156282293,0.0274674409211324,0.0725));
#12890=CARTESIAN_POINT('',(-0.0087879156282293,0.0274674409211324,0.072));
#12891=CARTESIAN_POINT('',(-0.00863468279537213,0.0280346810078546,0.0725));
#12892=CARTESIAN_POINT('',(-0.00863468279537213,0.0280346810078546,0.072));
#12893=CARTESIAN_POINT('',(-0.00832821712965778,0.0283489476177872,0.0725));
#12894=CARTESIAN_POINT('',(-0.00832821712965778,0.0283489476177872,0.072));
#12895=CARTESIAN_POINT('',(-0.0087879156282293,0.0266472273576206,0.0725));
#12896=CARTESIAN_POINT('',(-0.0087879156282293,0.0278775477028884,0.0725));
#12897=CARTESIAN_POINT('',(-0.00832821712965778,0.0283489476177872,0.0725));
#12898=CARTESIAN_POINT('',(-0.0325,0.0325,0.0725));
#12899=CARTESIAN_POINT('',(-0.0115160172633882,0.0289691226831327,0.0725));
#12900=CARTESIAN_POINT('',(-0.0115160172633882,0.0289691226831327,0.072));
#12901=CARTESIAN_POINT('',(-0.010303527647762,0.0289189737560158,0.0725));
#12902=CARTESIAN_POINT('',(-0.010303527647762,0.0289189737560158,0.072));
#12903=CARTESIAN_POINT('',(-0.00969728283994895,0.0284163700642443,0.0725));
#12904=CARTESIAN_POINT('',(-0.00969728283994895,0.0284163700642443,0.072));
#12905=CARTESIAN_POINT('',(-0.00969728283994895,0.0274613116078181,0.0725));
#12906=CARTESIAN_POINT('',(-0.00969728283994895,0.0274613116078181,0.072));
#12907=CARTESIAN_POINT('',(-0.0115160172633882,0.0289691226831327,0.0725));
#12908=CARTESIAN_POINT('',(-0.0115160172633882,0.0289691226831327,0.0725));
#12909=CARTESIAN_POINT('',(-0.0115160172633882,0.0289691226831327,0.0725));
#12910=CARTESIAN_POINT('',(-0.00969728283994895,0.0288938992924574,0.0725));
#12911=CARTESIAN_POINT('',(-0.00969728283994895,0.0274613116078181,0.0725));
#12912=CARTESIAN_POINT('',(-0.00969728283994895,0.0274613116078181,0.0725));
#12913=CARTESIAN_POINT('',(-0.00969728283994895,0.0274613116078181,0.0725));
#12914=CARTESIAN_POINT('',(-0.013473497051851,0.0282310976390625,0.0725));
#12915=CARTESIAN_POINT('',(-0.013473497051851,0.0282310976390625,0.072));
#12916=CARTESIAN_POINT('',(-0.0129954106133366,0.0287520892707768,0.0725));
#12917=CARTESIAN_POINT('',(-0.0129954106133366,0.0287520892707768,0.072));
#12918=CARTESIAN_POINT('',(-0.0123429173505157,0.0289980976188002,0.0725));
#12919=CARTESIAN_POINT('',(-0.0123429173505157,0.0289980976188002,0.072));
#12920=CARTESIAN_POINT('',(-0.0115160172633882,0.0289691226831327,0.0725));
#12921=CARTESIAN_POINT('',(-0.0115160172633882,0.0289691226831327,0.072));
#12922=CARTESIAN_POINT('',(-0.013473497051851,0.0282310976390625,0.0725));
#12923=CARTESIAN_POINT('',(-0.013473497051851,0.0282310976390625,0.0725));
#12924=CARTESIAN_POINT('',(-0.013473497051851,0.0282310976390625,0.0725));
#12925=CARTESIAN_POINT('',(-0.0127563673940794,0.029012585086634,0.0725));
#12926=CARTESIAN_POINT('',(-0.0115160172633882,0.0289691226831327,0.0725));
#12927=CARTESIAN_POINT('',(-0.0141906267096225,0.026187528859049,0.0725));
#12928=CARTESIAN_POINT('',(-0.0141906267096225,0.026187528859049,0.072));
#12929=CARTESIAN_POINT('',(-0.0141906267096225,0.0270289164140103,0.0725));
#12930=CARTESIAN_POINT('',(-0.0141906267096225,0.0270289164140103,0.072));
#12931=CARTESIAN_POINT('',(-0.0139515834903653,0.0277101060073481,0.0725));
#12932=CARTESIAN_POINT('',(-0.0139515834903653,0.0277101060073481,0.072));
#12933=CARTESIAN_POINT('',(-0.013473497051851,0.0282310976390625,0.0725));
#12934=CARTESIAN_POINT('',(-0.013473497051851,0.0282310976390625,0.072));
#12935=CARTESIAN_POINT('',(-0.0141906267096225,0.026187528859049,0.0725));
#12936=CARTESIAN_POINT('',(-0.0141906267096225,0.026187528859049,0.0725));
#12937=CARTESIAN_POINT('',(-0.0141906267096225,0.026187528859049,0.0725));
#12938=CARTESIAN_POINT('',(-0.0141906267096225,0.0274496101914909,0.0725));
#12939=CARTESIAN_POINT('',(-0.013473497051851,0.0282310976390625,0.0725));
#12940=CARTESIAN_POINT('',(-0.0134634672664276,0.0243370334484357,0.0725));
#12941=CARTESIAN_POINT('',(-0.0134634672664276,0.0243370334484357,0.072));
#12942=CARTESIAN_POINT('',(-0.0139482402285575,0.0248151198869501,0.0725));
#12943=CARTESIAN_POINT('',(-0.0139482402285575,0.0248151198869501,0.072));
#12944=CARTESIAN_POINT('',(-0.0141906267096225,0.0254319516904879,0.0725));
#12945=CARTESIAN_POINT('',(-0.0141906267096225,0.0254319516904879,0.072));
#12946=CARTESIAN_POINT('',(-0.0141906267096225,0.026187528859049,0.0725));
#12947=CARTESIAN_POINT('',(-0.0141906267096225,0.026187528859049,0.072));
#12948=CARTESIAN_POINT('',(-0.0134634672664276,0.0243370334484357,0.0725));
#12949=CARTESIAN_POINT('',(-0.0134634672664276,0.0243370334484357,0.0725));
#12950=CARTESIAN_POINT('',(-0.0134634672664276,0.0243370334484357,0.0725));
#12951=CARTESIAN_POINT('',(-0.0141906267096225,0.0250541631062073,0.0725));
#12952=CARTESIAN_POINT('',(-0.0141906267096225,0.026187528859049,0.0725));
#12953=CARTESIAN_POINT('',(-0.0115160172633882,0.0236199037906641,0.0725));
#12954=CARTESIAN_POINT('',(-0.0115160172633882,0.0236199037906641,0.072));
#12955=CARTESIAN_POINT('',(-0.0123295443032845,0.0236199037906642,0.0725));
#12956=CARTESIAN_POINT('',(-0.0123295443032845,0.0236199037906642,0.072));
#12957=CARTESIAN_POINT('',(-0.0129786943042976,0.0238589470099214,0.0725));
#12958=CARTESIAN_POINT('',(-0.0129786943042976,0.0238589470099214,0.072));
#12959=CARTESIAN_POINT('',(-0.0134634672664276,0.0243370334484357,0.0725));
#12960=CARTESIAN_POINT('',(-0.0134634672664276,0.0243370334484357,0.072));
#12961=CARTESIAN_POINT('',(-0.0115160172633882,0.0236199037906641,0.0725));
#12962=CARTESIAN_POINT('',(-0.0115160172633882,0.0236199037906641,0.0725));
#12963=CARTESIAN_POINT('',(-0.0115160172633882,0.0236199037906641,0.0725));
#12964=CARTESIAN_POINT('',(-0.0127363078232326,0.0236199037906641,0.0725));
#12965=CARTESIAN_POINT('',(-0.0134634672664276,0.0243370334484357,0.0725));
#12966=CARTESIAN_POINT('',(-0.00977250623062429,0.0242183476542591,0.0725));
#12967=CARTESIAN_POINT('',(-0.00977250623062429,0.0242183476542591,0.072));
#12968=CARTESIAN_POINT('',(-0.0102639657163698,0.0238193850785291,0.0725));
#12969=CARTESIAN_POINT('',(-0.0102639657163698,0.0238193850785291,0.072));
#12970=CARTESIAN_POINT('',(-0.0108451360606245,0.0236199037906642,0.0725));
#12971=CARTESIAN_POINT('',(-0.0108451360606245,0.0236199037906642,0.072));
#12972=CARTESIAN_POINT('',(-0.0115160172633882,0.0236199037906641,0.0725));
#12973=CARTESIAN_POINT('',(-0.0115160172633882,0.0236199037906641,0.072));
#12974=CARTESIAN_POINT('',(-0.00977250623062429,0.0242183476542591,0.0725));
#12975=CARTESIAN_POINT('',(-0.00977250623062429,0.0242183476542591,0.0725));
#12976=CARTESIAN_POINT('',(-0.00977250623062429,0.0242183476542591,0.0725));
#12977=CARTESIAN_POINT('',(-0.0105096954592426,0.0236199037906641,0.0725));
#12978=CARTESIAN_POINT('',(-0.0115160172633882,0.0236199037906641,0.0725));
#12979=CARTESIAN_POINT('',(-0.0100934593641724,0.0245342858950955,0.0725));
#12980=CARTESIAN_POINT('',(-0.0104144124977205,0.0248502241359319,0.0725));
#12981=CARTESIAN_POINT('',(-0.0104144124977205,0.0248502241359319,0.0725));
#12982=CARTESIAN_POINT('',(-0.0100934593641724,0.0245342858950955,0.0725));
#12983=CARTESIAN_POINT('',(-0.0115160172633882,0.0245192412169605,0.0725));
#12984=CARTESIAN_POINT('',(-0.0115160172633882,0.0245192412169605,0.072));
#12985=CARTESIAN_POINT('',(-0.0110669057605414,0.0245192412169605,0.0725));
#12986=CARTESIAN_POINT('',(-0.0110669057605414,0.0245192412169605,0.072));
#12987=CARTESIAN_POINT('',(-0.0106997041719855,0.0246295688566176,0.0725));
#12988=CARTESIAN_POINT('',(-0.0106997041719855,0.0246295688566176,0.072));
#12989=CARTESIAN_POINT('',(-0.0104144124977205,0.0248502241359319,0.0725));
#12990=CARTESIAN_POINT('',(-0.0104144124977205,0.0248502241359319,0.072));
#12991=CARTESIAN_POINT('',(-0.0115160172633882,0.0245192412169605,0.0725));
#12992=CARTESIAN_POINT('',(-0.0115160172633882,0.0245192412169605,0.0725));
#12993=CARTESIAN_POINT('',(-0.0115160172633882,0.0245192412169605,0.0725));
#12994=CARTESIAN_POINT('',(-0.010842350009118,0.0245192412169605,0.0725));
#12995=CARTESIAN_POINT('',(-0.0104144124977205,0.0248502241359319,0.0725));
#12996=CARTESIAN_POINT('',(-0.012730457115069,0.025010700702706,0.0725));
#12997=CARTESIAN_POINT('',(-0.012730457115069,0.025010700702706,0.072));
#12998=CARTESIAN_POINT('',(-0.0124200909772456,0.0246830610455423,0.0725));
#12999=CARTESIAN_POINT('',(-0.0124200909772456,0.0246830610455423,0.072));
#13000=CARTESIAN_POINT('',(-0.012015277693352,0.0245192412169605,0.0725));
#13001=CARTESIAN_POINT('',(-0.012015277693352,0.0245192412169605,0.072));
#13002=CARTESIAN_POINT('',(-0.0115160172633882,0.0245192412169605,0.0725));
#13003=CARTESIAN_POINT('',(-0.0115160172633882,0.0245192412169605,0.072));
#13004=CARTESIAN_POINT('',(-0.012730457115069,0.025010700702706,0.0725));
#13005=CARTESIAN_POINT('',(-0.012730457115069,0.025010700702706,0.0725));
#13006=CARTESIAN_POINT('',(-0.012730457115069,0.025010700702706,0.0725));
#13007=CARTESIAN_POINT('',(-0.0122649079083338,0.0245192412169605,0.0725));
#13008=CARTESIAN_POINT('',(-0.0115160172633882,0.0245192412169605,0.0725));
#13009=CARTESIAN_POINT('',(-0.0131960063218042,0.0262945132368985,0.0725));
#13010=CARTESIAN_POINT('',(-0.0131960063218042,0.0262945132368985,0.072));
#13011=CARTESIAN_POINT('',(-0.0131960063218042,0.0257662778712672,0.0725));
#13012=CARTESIAN_POINT('',(-0.0131960063218042,0.0257662778712672,0.072));
#13013=CARTESIAN_POINT('',(-0.0130408232528924,0.0253383403598697,0.0725));
#13014=CARTESIAN_POINT('',(-0.0130408232528924,0.0253383403598697,0.072));
#13015=CARTESIAN_POINT('',(-0.012730457115069,0.025010700702706,0.0725));
#13016=CARTESIAN_POINT('',(-0.012730457115069,0.025010700702706,0.072));
#13017=CARTESIAN_POINT('',(-0.0131960063218042,0.0262945132368985,0.0725));
#13018=CARTESIAN_POINT('',(-0.0131960063218042,0.0262945132368985,0.0725));
#13019=CARTESIAN_POINT('',(-0.0131960063218042,0.0262945132368985,0.0725));
#13020=CARTESIAN_POINT('',(-0.0131960063218042,0.0255021601884516,0.0725));
#13021=CARTESIAN_POINT('',(-0.012730457115069,0.025010700702706,0.0725));
#13022=CARTESIAN_POINT('',(-0.012762218102243,0.0275783257710909,0.0725));
#13023=CARTESIAN_POINT('',(-0.012762218102243,0.0275783257710909,0.072));
#13024=CARTESIAN_POINT('',(-0.0130514102486171,0.0272217111782597,0.0725));
#13025=CARTESIAN_POINT('',(-0.0130514102486171,0.0272217111782597,0.072));
#13026=CARTESIAN_POINT('',(-0.0131960063218042,0.0267937736668622,0.0725));
#13027=CARTESIAN_POINT('',(-0.0131960063218042,0.0267937736668622,0.072));
#13028=CARTESIAN_POINT('',(-0.0131960063218042,0.0262945132368985,0.0725));
#13029=CARTESIAN_POINT('',(-0.0131960063218042,0.0262945132368985,0.072));
#13030=CARTESIAN_POINT('',(-0.012762218102243,0.0275783257710909,0.0725));
#13031=CARTESIAN_POINT('',(-0.012762218102243,0.0275783257710909,0.0725));
#13032=CARTESIAN_POINT('',(-0.012762218102243,0.0275783257710909,0.0725));
#13033=CARTESIAN_POINT('',(-0.0131960063218042,0.027043403881844,0.0725));
#13034=CARTESIAN_POINT('',(-0.0131960063218042,0.0262945132368985,0.0725));
#13035=CARTESIAN_POINT('',(-0.0115695094523129,0.0281132476603377,0.0725));
#13036=CARTESIAN_POINT('',(-0.0115695094523129,0.0281132476603377,0.072));
#13037=CARTESIAN_POINT('',(-0.0120754564058923,0.0281132476603377,0.0725));
#13038=CARTESIAN_POINT('',(-0.0120754564058923,0.0281132476603377,0.072));
#13039=CARTESIAN_POINT('',(-0.012473025955869,0.0279349403639221,0.0725));
#13040=CARTESIAN_POINT('',(-0.012473025955869,0.0279349403639221,0.072));
#13041=CARTESIAN_POINT('',(-0.012762218102243,0.0275783257710909,0.0725));
#13042=CARTESIAN_POINT('',(-0.012762218102243,0.0275783257710909,0.072));
#13043=CARTESIAN_POINT('',(-0.0115695094523129,0.0281132476603377,0.0725));
#13044=CARTESIAN_POINT('',(-0.0115695094523129,0.0281132476603377,0.0725));
#13045=CARTESIAN_POINT('',(-0.0115695094523129,0.0281132476603377,0.0725));
#13046=CARTESIAN_POINT('',(-0.0123284298826819,0.0281132476603377,0.0725));
#13047=CARTESIAN_POINT('',(-0.012762218102243,0.0275783257710909,0.0725));
#13048=CARTESIAN_POINT('',(-0.010938468786092,0.027947756200852,0.0725));
#13049=CARTESIAN_POINT('',(-0.010938468786092,0.027947756200852,0.072));
#13050=CARTESIAN_POINT('',(-0.0111028458249752,0.0280580838405092,0.0725));
#13051=CARTESIAN_POINT('',(-0.0111028458249752,0.0280580838405092,0.072));
#13052=CARTESIAN_POINT('',(-0.0113131927137155,0.0281132476603377,0.0725));
#13053=CARTESIAN_POINT('',(-0.0113131927137155,0.0281132476603377,0.072));
#13054=CARTESIAN_POINT('',(-0.0115695094523129,0.0281132476603377,0.0725));
#13055=CARTESIAN_POINT('',(-0.0115695094523129,0.0281132476603377,0.072));
#13056=CARTESIAN_POINT('',(-0.010938468786092,0.027947756200852,0.0725));
#13057=CARTESIAN_POINT('',(-0.010938468786092,0.027947756200852,0.0725));
#13058=CARTESIAN_POINT('',(-0.010938468786092,0.027947756200852,0.0725));
#13059=CARTESIAN_POINT('',(-0.0111850343444168,0.0281132476603377,0.0725));
#13060=CARTESIAN_POINT('',(-0.0115695094523129,0.0281132476603377,0.0725));
#13061=CARTESIAN_POINT('',(-0.0106919032277673,0.0274496101914909,0.0725));
#13062=CARTESIAN_POINT('',(-0.0106919032277673,0.0274496101914909,0.072));
#13063=CARTESIAN_POINT('',(-0.0106919032277673,0.0276713798914078,0.0725));
#13064=CARTESIAN_POINT('',(-0.0106919032277673,0.0276713798914078,0.072));
#13065=CARTESIAN_POINT('',(-0.0107740917472089,0.0278374285611948,0.0725));
#13066=CARTESIAN_POINT('',(-0.0107740917472089,0.0278374285611948,0.072));
#13067=CARTESIAN_POINT('',(-0.010938468786092,0.027947756200852,0.0725));
#13068=CARTESIAN_POINT('',(-0.010938468786092,0.027947756200852,0.072));
#13069=CARTESIAN_POINT('',(-0.0106919032277673,0.0274496101914909,0.0725));
#13070=CARTESIAN_POINT('',(-0.0106919032277673,0.0274496101914909,0.0725));
#13071=CARTESIAN_POINT('',(-0.0106919032277673,0.0274496101914909,0.0725));
#13072=CARTESIAN_POINT('',(-0.0106919032277673,0.0277822647413663,0.0725));
#13073=CARTESIAN_POINT('',(-0.010938468786092,0.027947756200852,0.0725));
#13074=CARTESIAN_POINT('',(-0.0109702297732661,0.0267174358555843,0.0725));
#13075=CARTESIAN_POINT('',(-0.0109702297732661,0.0267174358555843,0.072));
#13076=CARTESIAN_POINT('',(-0.0107846787429336,0.0268634249545245,0.0725));
#13077=CARTESIAN_POINT('',(-0.0107846787429336,0.0268634249545245,0.072));
#13078=CARTESIAN_POINT('',(-0.0106919032277673,0.0271074830664934,0.0725));
#13079=CARTESIAN_POINT('',(-0.0106919032277673,0.0271074830664934,0.072));
#13080=CARTESIAN_POINT('',(-0.0106919032277673,0.0274496101914909,0.0725));
#13081=CARTESIAN_POINT('',(-0.0106919032277673,0.0274496101914909,0.072));
#13082=CARTESIAN_POINT('',(-0.0109702297732661,0.0267174358555843,0.0725));
#13083=CARTESIAN_POINT('',(-0.0109702297732661,0.0267174358555843,0.0725));
#13084=CARTESIAN_POINT('',(-0.0109702297732661,0.0267174358555843,0.0725));
#13085=CARTESIAN_POINT('',(-0.0106919032277673,0.0269364195039946,0.0725));
#13086=CARTESIAN_POINT('',(-0.0106919032277673,0.0274496101914909,0.0725));
#13087=CARTESIAN_POINT('',(-0.0119656859765364,0.0264984522071738,0.0725));
#13088=CARTESIAN_POINT('',(-0.0119656859765364,0.0264984522071738,0.072));
#13089=CARTESIAN_POINT('',(-0.011487599538022,0.0264984522071738,0.0725));
#13090=CARTESIAN_POINT('',(-0.011487599538022,0.0264984522071738,0.072));
#13091=CARTESIAN_POINT('',(-0.0111557808035986,0.026571446756644,0.0725));
#13092=CARTESIAN_POINT('',(-0.0111557808035986,0.026571446756644,0.072));
#13093=CARTESIAN_POINT('',(-0.0109702297732661,0.0267174358555843,0.0725));
#13094=CARTESIAN_POINT('',(-0.0109702297732661,0.0267174358555843,0.072));
#13095=CARTESIAN_POINT('',(-0.0119656859765364,0.0264984522071738,0.0725));
#13096=CARTESIAN_POINT('',(-0.0119656859765364,0.0264984522071738,0.0725));
#13097=CARTESIAN_POINT('',(-0.0119656859765364,0.0264984522071738,0.0725));
#13098=CARTESIAN_POINT('',(-0.0112485563187648,0.0264984522071738,0.0725));
#13099=CARTESIAN_POINT('',(-0.0109702297732661,0.0267174358555843,0.0725));
#13100=CARTESIAN_POINT('',(-0.0122222813202845,0.0264984522071738,0.0725));
#13101=CARTESIAN_POINT('',(-0.0124788766640326,0.0264984522071738,0.0725));
#13102=CARTESIAN_POINT('',(-0.0124788766640326,0.0264984522071738,0.0725));
#13103=CARTESIAN_POINT('',(-0.0122222813202845,0.0264984522071738,0.0725));
#13104=CARTESIAN_POINT('',(-0.0124788766640326,0.0260863951893633,0.0725));
#13105=CARTESIAN_POINT('',(-0.0124788766640326,0.0256743381715528,0.0725));
#13106=CARTESIAN_POINT('',(-0.0124788766640326,0.0256743381715528,0.0725));
#13107=CARTESIAN_POINT('',(-0.0124788766640326,0.0260863951893633,0.0725));
#13108=CARTESIAN_POINT('',(-0.0122598930156222,0.0256743381715528,0.0725));
#13109=CARTESIAN_POINT('',(-0.0120409093672117,0.0256743381715528,0.0725));
#13110=CARTESIAN_POINT('',(-0.0120409093672117,0.0256743381715528,0.0725));
#13111=CARTESIAN_POINT('',(-0.0122598930156222,0.0256743381715528,0.0725));
#13112=CARTESIAN_POINT('',(-0.00969728283994895,0.0274613116078181,0.0725));
#13113=CARTESIAN_POINT('',(-0.00969728283994895,0.0274613116078181,0.072));
#13114=CARTESIAN_POINT('',(-0.00969728283994895,0.0262699959836413,0.0725));
#13115=CARTESIAN_POINT('',(-0.00969728283994895,0.0262699959836413,0.072));
#13116=CARTESIAN_POINT('',(-0.0104784916823699,0.0256743381715528,0.0725));
#13117=CARTESIAN_POINT('',(-0.0104784916823699,0.0256743381715528,0.072));
#13118=CARTESIAN_POINT('',(-0.0120409093672117,0.0256743381715528,0.0725));
#13119=CARTESIAN_POINT('',(-0.0120409093672117,0.0256743381715528,0.072));
#13120=CARTESIAN_POINT('',(-0.00969728283994895,0.0274613116078181,0.0725));
#13121=CARTESIAN_POINT('',(-0.00969728283994895,0.0256743381715528,0.0725));
#13122=CARTESIAN_POINT('',(-0.0120409093672117,0.0256743381715528,0.0725));
#13123=CARTESIAN_POINT('',(-0.0325,0.0325,0.0725));
#13124=CARTESIAN_POINT('',(-0.0195295169946333,0.0399327264922833,0.0725));
#13125=CARTESIAN_POINT('',(-0.0195295169946333,0.0399327264922833,0.072));
#13126=CARTESIAN_POINT('',(-0.0200638044126417,0.0399327264922833,0.0725));
#13127=CARTESIAN_POINT('',(-0.0200638044126417,0.0399327264922833,0.072));
#13128=CARTESIAN_POINT('',(-0.0204931425163984,0.0397574134332493,0.0725));
#13129=CARTESIAN_POINT('',(-0.0204931425163984,0.0397574134332493,0.072));
#13130=CARTESIAN_POINT('',(-0.0208175313059035,0.0394067873151813,0.0725));
#13131=CARTESIAN_POINT('',(-0.0208175313059035,0.0394067873151813,0.072));
#13132=CARTESIAN_POINT('',(-0.0195295169946333,0.0399327264922833,0.072));
#13133=CARTESIAN_POINT('',(-0.0203309481216459,0.0399327264922833,0.072));
#13134=CARTESIAN_POINT('',(-0.0208175313059035,0.0394067873151813,0.072));
#13135=CARTESIAN_POINT('',(-0.0195295169946333,0.0399327264922833,0.072));
#13136=CARTESIAN_POINT('',(-0.0208175313059035,0.0394067873151813,0.072));
#13137=CARTESIAN_POINT('',(-0.0195295169946333,0.0399327264922833,0.0725));
#13138=CARTESIAN_POINT('',(-0.0195295169946333,0.0399327264922833,0.0725));
#13139=CARTESIAN_POINT('',(-0.0195295169946333,0.0399327264922833,0.0725));
#13140=CARTESIAN_POINT('',(-0.0203309481216459,0.0399327264922833,0.0725));
#13141=CARTESIAN_POINT('',(-0.0208175313059035,0.0394067873151813,0.0725));
#13142=CARTESIAN_POINT('',(-0.0208175313059035,0.0394067873151813,0.0725));
#13143=CARTESIAN_POINT('',(-0.0208175313059035,0.0394067873151813,0.0725));
#13144=CARTESIAN_POINT('',(-0.0182361359570663,0.0394005261345015,0.0725));
#13145=CARTESIAN_POINT('',(-0.0182361359570663,0.0394005261345015,0.072));
#13146=CARTESIAN_POINT('',(-0.0185569469290401,0.0397553263730227,0.0725));
#13147=CARTESIAN_POINT('',(-0.0185569469290401,0.0397553263730227,0.072));
#13148=CARTESIAN_POINT('',(-0.0189880739415624,0.0399327264922833,0.0725));
#13149=CARTESIAN_POINT('',(-0.0189880739415624,0.0399327264922833,0.072));
#13150=CARTESIAN_POINT('',(-0.0195295169946333,0.0399327264922833,0.0725));
#13151=CARTESIAN_POINT('',(-0.0195295169946333,0.0399327264922833,0.072));
#13152=CARTESIAN_POINT('',(-0.0182361359570663,0.0394005261345015,0.072));
#13153=CARTESIAN_POINT('',(-0.0187173524150269,0.0399327264922833,0.072));
#13154=CARTESIAN_POINT('',(-0.0195295169946333,0.0399327264922833,0.072));
#13155=CARTESIAN_POINT('',(-0.0182361359570663,0.0394005261345015,0.072));
#13156=CARTESIAN_POINT('',(-0.0182361359570663,0.0394005261345015,0.0725));
#13157=CARTESIAN_POINT('',(-0.0182361359570663,0.0394005261345015,0.0725));
#13158=CARTESIAN_POINT('',(-0.0182361359570663,0.0394005261345015,0.0725));
#13159=CARTESIAN_POINT('',(-0.0187173524150269,0.0399327264922833,0.0725));
#13160=CARTESIAN_POINT('',(-0.0195295169946333,0.0399327264922833,0.0725));
#13161=CARTESIAN_POINT('',(-0.0177549194991057,0.0380329053831598,0.0725));
#13162=CARTESIAN_POINT('',(-0.0177549194991057,0.0380329053831598,0.072));
#13163=CARTESIAN_POINT('',(-0.0177549194991057,0.0385898523121998,0.0725));
#13164=CARTESIAN_POINT('',(-0.0177549194991057,0.0385898523121998,0.072));
#13165=CARTESIAN_POINT('',(-0.0179153249850925,0.0390457258959803,0.0725));
#13166=CARTESIAN_POINT('',(-0.0179153249850925,0.0390457258959803,0.072));
#13167=CARTESIAN_POINT('',(-0.0182361359570663,0.0394005261345015,0.0725));
#13168=CARTESIAN_POINT('',(-0.0182361359570663,0.0394005261345015,0.072));
#13169=CARTESIAN_POINT('',(-0.0177549194991057,0.0380329053831598,0.072));
#13170=CARTESIAN_POINT('',(-0.0177549194991057,0.0388683257767197,0.072));
#13171=CARTESIAN_POINT('',(-0.0182361359570663,0.0394005261345015,0.072));
#13172=CARTESIAN_POINT('',(-0.0177549194991057,0.0380329053831598,0.072));
#13173=CARTESIAN_POINT('',(-0.0177549194991057,0.0380329053831598,0.0725));
#13174=CARTESIAN_POINT('',(-0.0177549194991057,0.0380329053831598,0.0725));
#13175=CARTESIAN_POINT('',(-0.0177549194991057,0.0380329053831598,0.0725));
#13176=CARTESIAN_POINT('',(-0.0177549194991057,0.0388683257767197,0.0725));
#13177=CARTESIAN_POINT('',(-0.0182361359570663,0.0394005261345015,0.0725));
#13178=CARTESIAN_POINT('',(-0.0182361359570663,0.0366652846318182,0.0725));
#13179=CARTESIAN_POINT('',(-0.0182361359570663,0.0366652846318182,0.072));
#13180=CARTESIAN_POINT('',(-0.0179153249850925,0.0370200848703393,0.0725));
#13181=CARTESIAN_POINT('',(-0.0179153249850925,0.0370200848703393,0.072));
#13182=CARTESIAN_POINT('',(-0.0177549194991057,0.0374759584541199,0.0725));
#13183=CARTESIAN_POINT('',(-0.0177549194991057,0.0374759584541199,0.072));
#13184=CARTESIAN_POINT('',(-0.0177549194991057,0.0380329053831598,0.0725));
#13185=CARTESIAN_POINT('',(-0.0177549194991057,0.0380329053831598,0.072));
#13186=CARTESIAN_POINT('',(-0.0182361359570663,0.0366652846318182,0.072));
#13187=CARTESIAN_POINT('',(-0.0177549194991057,0.0371974849895999,0.072));
#13188=CARTESIAN_POINT('',(-0.0177549194991057,0.0380329053831598,0.072));
#13189=CARTESIAN_POINT('',(-0.0182361359570663,0.0366652846318182,0.072));
#13190=CARTESIAN_POINT('',(-0.0182361359570663,0.0366652846318182,0.0725));
#13191=CARTESIAN_POINT('',(-0.0182361359570663,0.0366652846318182,0.0725));
#13192=CARTESIAN_POINT('',(-0.0182361359570663,0.0366652846318182,0.0725));
#13193=CARTESIAN_POINT('',(-0.0177549194991057,0.0371974849895999,0.0725));
#13194=CARTESIAN_POINT('',(-0.0177549194991057,0.0380329053831598,0.0725));
#13195=CARTESIAN_POINT('',(-0.0195295169946333,0.0361330842740364,0.0725));
#13196=CARTESIAN_POINT('',(-0.0195295169946333,0.0361330842740364,0.072));
#13197=CARTESIAN_POINT('',(-0.0189880739415624,0.0361330842740364,0.0725));
#13198=CARTESIAN_POINT('',(-0.0189880739415624,0.0361330842740364,0.072));
#13199=CARTESIAN_POINT('',(-0.0185569469290401,0.036310484393297,0.0725));
#13200=CARTESIAN_POINT('',(-0.0185569469290401,0.036310484393297,0.072));
#13201=CARTESIAN_POINT('',(-0.0182361359570663,0.0366652846318182,0.0725));
#13202=CARTESIAN_POINT('',(-0.0182361359570663,0.0366652846318182,0.072));
#13203=CARTESIAN_POINT('',(-0.0195295169946333,0.0361330842740364,0.072));
#13204=CARTESIAN_POINT('',(-0.0187173524150269,0.0361330842740364,0.072));
#13205=CARTESIAN_POINT('',(-0.0182361359570663,0.0366652846318182,0.072));
#13206=CARTESIAN_POINT('',(-0.0195295169946333,0.0361330842740364,0.072));
#13207=CARTESIAN_POINT('',(-0.0195295169946333,0.0361330842740364,0.0725));
#13208=CARTESIAN_POINT('',(-0.0195295169946333,0.0361330842740364,0.0725));
#13209=CARTESIAN_POINT('',(-0.0195295169946333,0.0361330842740364,0.0725));
#13210=CARTESIAN_POINT('',(-0.0187173524150269,0.0361330842740364,0.0725));
#13211=CARTESIAN_POINT('',(-0.0182361359570663,0.0366652846318182,0.0725));
#13212=CARTESIAN_POINT('',(-0.0208175313059035,0.0366590234511383,0.0725));
#13213=CARTESIAN_POINT('',(-0.0208175313059035,0.0366590234511383,0.072));
#13214=CARTESIAN_POINT('',(-0.0204931425163984,0.0363083973330704,0.0725));
#13215=CARTESIAN_POINT('',(-0.0204931425163984,0.0363083973330704,0.072));
#13216=CARTESIAN_POINT('',(-0.0200638044126417,0.0361330842740364,0.0725));
#13217=CARTESIAN_POINT('',(-0.0200638044126417,0.0361330842740364,0.072));
#13218=CARTESIAN_POINT('',(-0.0195295169946333,0.0361330842740364,0.0725));
#13219=CARTESIAN_POINT('',(-0.0195295169946333,0.0361330842740364,0.072));
#13220=CARTESIAN_POINT('',(-0.0208175313059035,0.0366590234511383,0.072));
#13221=CARTESIAN_POINT('',(-0.0203309481216459,0.0361330842740364,0.072));
#13222=CARTESIAN_POINT('',(-0.0195295169946333,0.0361330842740364,0.072));
#13223=CARTESIAN_POINT('',(-0.0208175313059035,0.0366590234511383,0.072));
#13224=CARTESIAN_POINT('',(-0.0208175313059035,0.0366590234511383,0.0725));
#13225=CARTESIAN_POINT('',(-0.0208175313059035,0.0366590234511383,0.0725));
#13226=CARTESIAN_POINT('',(-0.0208175313059035,0.0366590234511383,0.0725));
#13227=CARTESIAN_POINT('',(-0.0203309481216459,0.0361330842740364,0.0725));
#13228=CARTESIAN_POINT('',(-0.0195295169946333,0.0361330842740364,0.0725));
#13229=CARTESIAN_POINT('',(-0.0213041144901611,0.0380329053831598,0.0725));
#13230=CARTESIAN_POINT('',(-0.0213041144901611,0.0380329053831598,0.072));
#13231=CARTESIAN_POINT('',(-0.0213041144901611,0.0374676102132135,0.0725));
#13232=CARTESIAN_POINT('',(-0.0213041144901611,0.0374676102132135,0.072));
#13233=CARTESIAN_POINT('',(-0.0211419200954086,0.0370096495692063,0.0725));
#13234=CARTESIAN_POINT('',(-0.0211419200954086,0.0370096495692063,0.072));
#13235=CARTESIAN_POINT('',(-0.0208175313059035,0.0366590234511383,0.0725));
#13236=CARTESIAN_POINT('',(-0.0208175313059035,0.0366590234511383,0.072));
#13237=CARTESIAN_POINT('',(-0.0213041144901611,0.0380329053831598,0.072));
#13238=CARTESIAN_POINT('',(-0.0213041144901611,0.0371849626282403,0.072));
#13239=CARTESIAN_POINT('',(-0.0208175313059035,0.0366590234511383,0.072));
#13240=CARTESIAN_POINT('',(-0.0213041144901611,0.0380329053831598,0.072));
#13241=CARTESIAN_POINT('',(-0.0213041144901611,0.0380329053831598,0.0725));
#13242=CARTESIAN_POINT('',(-0.0213041144901611,0.0380329053831598,0.0725));
#13243=CARTESIAN_POINT('',(-0.0213041144901611,0.0380329053831598,0.0725));
#13244=CARTESIAN_POINT('',(-0.0213041144901611,0.0371849626282403,0.0725));
#13245=CARTESIAN_POINT('',(-0.0208175313059035,0.0366590234511383,0.0725));
#13246=CARTESIAN_POINT('',(-0.0215330948121647,0.0400597390146446,0.0725));
#13247=CARTESIAN_POINT('',(-0.0215330948121647,0.0400597390146446,0.072));
#13248=CARTESIAN_POINT('',(-0.0209988073941563,0.0406166859436846,0.0725));
#13249=CARTESIAN_POINT('',(-0.0209988073941563,0.0406166859436846,0.072));
#13250=CARTESIAN_POINT('',(-0.0203309481216459,0.0408951594082045,0.0725));
#13251=CARTESIAN_POINT('',(-0.0203309481216459,0.0408951594082045,0.072));
#13252=CARTESIAN_POINT('',(-0.0195295169946333,0.0408951594082045,0.0725));
#13253=CARTESIAN_POINT('',(-0.0195295169946333,0.0408951594082045,0.072));
#13254=CARTESIAN_POINT('',(-0.0215330948121647,0.0400597390146446,0.0725));
#13255=CARTESIAN_POINT('',(-0.0215330948121647,0.0400597390146446,0.0725));
#13256=CARTESIAN_POINT('',(-0.0215330948121647,0.0400597390146446,0.0725));
#13257=CARTESIAN_POINT('',(-0.0207316636851522,0.0408951594082045,0.0725));
#13258=CARTESIAN_POINT('',(-0.0195295169946333,0.0408951594082045,0.0725));
#13259=CARTESIAN_POINT('',(-0.0195295169946333,0.0408951594082045,0.0725));
#13260=CARTESIAN_POINT('',(-0.0195295169946333,0.0408951594082045,0.0725));
#13261=CARTESIAN_POINT('',(-0.0223345259391772,0.0380329053831598,0.0725));
#13262=CARTESIAN_POINT('',(-0.0223345259391772,0.0380329053831598,0.072));
#13263=CARTESIAN_POINT('',(-0.0223345259391772,0.0388414921452349,0.0725));
#13264=CARTESIAN_POINT('',(-0.0223345259391772,0.0388414921452349,0.072));
#13265=CARTESIAN_POINT('',(-0.022067382230173,0.0395171033557299,0.0725));
#13266=CARTESIAN_POINT('',(-0.022067382230173,0.0395171033557299,0.072));
#13267=CARTESIAN_POINT('',(-0.0215330948121647,0.0400597390146446,0.0725));
#13268=CARTESIAN_POINT('',(-0.0215330948121647,0.0400597390146446,0.072));
#13269=CARTESIAN_POINT('',(-0.0223345259391772,0.0380329053831598,0.0725));
#13270=CARTESIAN_POINT('',(-0.0223345259391772,0.0380329053831598,0.0725));
#13271=CARTESIAN_POINT('',(-0.0223345259391772,0.0380329053831598,0.0725));
#13272=CARTESIAN_POINT('',(-0.0223345259391772,0.0392457855262725,0.0725));
#13273=CARTESIAN_POINT('',(-0.0215330948121647,0.0400597390146446,0.0725));
#13274=CARTESIAN_POINT('',(-0.0194034352912835,0.0380083060101765,0.0725000000000003));
#13275=CARTESIAN_POINT('',(-0.0221225402504473,0.0369166263133924,0.0725));
#13276=CARTESIAN_POINT('',(-0.0221225747854704,0.0369166122278719,0.0725));
#13277=CARTESIAN_POINT('',(-0.0194034352912835,0.0380083060101765,0.0725));
#13278=CARTESIAN_POINT('',(-0.0195065858091321,0.0379638613326915,0.0725000000000003));
#13279=CARTESIAN_POINT('',(-0.0215330948121647,0.0360069662060578,0.0725));
#13280=CARTESIAN_POINT('',(-0.0215331863460289,0.0360068777615037,0.0725));
#13281=CARTESIAN_POINT('',(-0.0195065858091321,0.0379638613326915,0.0725));
#13282=CARTESIAN_POINT('',(-0.0195436350754574,0.0379414436547766,0.0725000000000003));
#13283=CARTESIAN_POINT('',(-0.0206457960644008,0.0353942649538217,0.0725));
#13284=CARTESIAN_POINT('',(-0.0206457960644008,0.0353942649538217,0.0725));
#13285=CARTESIAN_POINT('',(-0.0195436350754574,0.0379414436547766,0.0725));
#13286=CARTESIAN_POINT('',(-0.0195295169946333,0.0351706513581151,0.0725));
#13287=CARTESIAN_POINT('',(-0.0195295169946333,0.0351706513581151,0.072));
#13288=CARTESIAN_POINT('',(-0.0199338103756709,0.0351706513581151,0.0725));
#13289=CARTESIAN_POINT('',(-0.0199338103756709,0.0351706513581151,0.072));
#13290=CARTESIAN_POINT('',(-0.0203059033989267,0.0352451892233506,0.0725));
#13291=CARTESIAN_POINT('',(-0.0203059033989267,0.0352451892233506,0.072));
#13292=CARTESIAN_POINT('',(-0.0206457960644008,0.0353942649538217,0.0725));
#13293=CARTESIAN_POINT('',(-0.0206457960644008,0.0353942649538217,0.072));
#13294=CARTESIAN_POINT('',(-0.0195295169946333,0.0351706513581151,0.0725));
#13295=CARTESIAN_POINT('',(-0.0195295169946333,0.0351706513581151,0.0725));
#13296=CARTESIAN_POINT('',(-0.0195295169946333,0.0351706513581151,0.0725));
#13297=CARTESIAN_POINT('',(-0.0201359570661897,0.0351706513581151,0.0725));
#13298=CARTESIAN_POINT('',(-0.0206457960644008,0.0353942649538217,0.0725));
#13299=CARTESIAN_POINT('',(-0.0195040235331788,0.0379302604718299,0.0725000000000003));
#13300=CARTESIAN_POINT('',(-0.0184186046511629,0.0353942649538217,0.0725));
#13301=CARTESIAN_POINT('',(-0.0184185852995251,0.0353942202418598,0.0725));
#13302=CARTESIAN_POINT('',(-0.0195040235331788,0.0379302604718299,0.0725));
#13303=CARTESIAN_POINT('',(-0.0195021008669538,0.0379324608938451,0.0725000000000003));
#13304=CARTESIAN_POINT('',(-0.0175259391771021,0.0360069662060578,0.0725));
#13305=CARTESIAN_POINT('',(-0.0175258478666923,0.0360068774427924,0.0725));
#13306=CARTESIAN_POINT('',(-0.0195021008669538,0.0379324608938451,0.0725));
#13307=CARTESIAN_POINT('',(-0.0195524481801357,0.0379638613326922,0.0725000000000003));
#13308=CARTESIAN_POINT('',(-0.0169364937388194,0.0369166263133924,0.0725));
#13309=CARTESIAN_POINT('',(-0.0169364592037963,0.0369166122278719,0.0725));
#13310=CARTESIAN_POINT('',(-0.0195524481801357,0.0379638613326922,0.0725));
#13311=CARTESIAN_POINT('',(-0.0196555986979833,0.0380083060101765,0.0725000000000003));
#13312=CARTESIAN_POINT('',(-0.0167245080500895,0.0380329053831598,0.0725));
#13313=CARTESIAN_POINT('',(-0.016724829213317,0.0380329032875283,0.0725));
#13314=CARTESIAN_POINT('',(-0.0196555986979833,0.0380083060101765,0.0725));
#13315=CARTESIAN_POINT('',(-0.0195920401613955,0.0380566456030902,0.0725000000000003));
#13316=CARTESIAN_POINT('',(-0.0169418604651164,0.0391491844529273,0.0725));
#13317=CARTESIAN_POINT('',(-0.0169418213961619,0.0391492007449745,0.0725));
#13318=CARTESIAN_POINT('',(-0.0195920401613955,0.0380566456030902,0.0725));
#13319=CARTESIAN_POINT('',(-0.01956703295638,0.0380697990964418,0.0725000000000003));
#13320=CARTESIAN_POINT('',(-0.0175429338103758,0.0400588445602618,0.0725));
#13321=CARTESIAN_POINT('',(-0.0175428572297501,0.0400589197987775,0.0725));
#13322=CARTESIAN_POINT('',(-0.01956703295638,0.0380697990964418,0.0725));
#13323=CARTESIAN_POINT('',(-0.0195707614027465,0.0380578400895833,0.0725000000000003));
#13324=CARTESIAN_POINT('',(-0.0184364937388194,0.0406715458124979,0.0725));
#13325=CARTESIAN_POINT('',(-0.0184364673916961,0.040671606265362,0.0725));
#13326=CARTESIAN_POINT('',(-0.0195707614027465,0.0380578400895833,0.0725));
#13327=CARTESIAN_POINT('',(-0.0195081886771132,0.0382048206846109,0.0725000000000003));
#13328=CARTESIAN_POINT('',(-0.0195081886771132,0.0382048206846109,0.0725));
#13329=CARTESIAN_POINT('',(-0.0208175313059035,0.0394067873151813,0.0725));
#13330=CARTESIAN_POINT('',(-0.0208175313059035,0.0394067873151813,0.072));
#13331=CARTESIAN_POINT('',(-0.0211419200954086,0.0390561611971133,0.0725));
#13332=CARTESIAN_POINT('',(-0.0211419200954086,0.0390561611971133,0.072));
#13333=CARTESIAN_POINT('',(-0.0213041144901611,0.0385982005531061,0.0725));
#13334=CARTESIAN_POINT('',(-0.0213041144901611,0.0385982005531061,0.072));
#13335=CARTESIAN_POINT('',(-0.0213041144901611,0.0380329053831598,0.0725));
#13336=CARTESIAN_POINT('',(-0.0213041144901611,0.0380329053831598,0.072));
#13337=CARTESIAN_POINT('',(-0.0208175313059035,0.0394067873151813,0.072));
#13338=CARTESIAN_POINT('',(-0.0213041144901611,0.0388808481380793,0.072));
#13339=CARTESIAN_POINT('',(-0.0213041144901611,0.0380329053831598,0.072));
#13340=CARTESIAN_POINT('',(-0.0208175313059035,0.0394067873151813,0.0725));
#13341=CARTESIAN_POINT('',(-0.0213041144901611,0.0388808481380793,0.0725));
#13342=CARTESIAN_POINT('',(-0.0213041144901611,0.0380329053831598,0.0725));
#13343=CARTESIAN_POINT('',(-0.0325,0.0325,0.0725));
#13344=CARTESIAN_POINT('',(-0.0128890876565296,0.0399327264922833,0.0725));
#13345=CARTESIAN_POINT('',(-0.0128890876565296,0.0399327264922833,0.072));
#13346=CARTESIAN_POINT('',(-0.013423375074538,0.0399327264922833,0.0725));
#13347=CARTESIAN_POINT('',(-0.013423375074538,0.0399327264922833,0.072));
#13348=CARTESIAN_POINT('',(-0.0138527131782947,0.0397574134332493,0.0725));
#13349=CARTESIAN_POINT('',(-0.0138527131782947,0.0397574134332493,0.072));
#13350=CARTESIAN_POINT('',(-0.0141771019677997,0.0394067873151813,0.0725));
#13351=CARTESIAN_POINT('',(-0.0141771019677997,0.0394067873151813,0.072));
#13352=CARTESIAN_POINT('',(-0.0128890876565296,0.0399327264922833,0.072));
#13353=CARTESIAN_POINT('',(-0.0136905187835421,0.0399327264922833,0.072));
#13354=CARTESIAN_POINT('',(-0.0141771019677997,0.0394067873151813,0.072));
#13355=CARTESIAN_POINT('',(-0.0128890876565296,0.0399327264922833,0.072));
#13356=CARTESIAN_POINT('',(-0.0141771019677997,0.0394067873151813,0.072));
#13357=CARTESIAN_POINT('',(-0.0128890876565296,0.0399327264922833,0.0725));
#13358=CARTESIAN_POINT('',(-0.0128890876565296,0.0399327264922833,0.0725));
#13359=CARTESIAN_POINT('',(-0.0128890876565296,0.0399327264922833,0.0725));
#13360=CARTESIAN_POINT('',(-0.0136905187835421,0.0399327264922833,0.0725));
#13361=CARTESIAN_POINT('',(-0.0141771019677997,0.0394067873151813,0.0725));
#13362=CARTESIAN_POINT('',(-0.0141771019677997,0.0394067873151813,0.0725));
#13363=CARTESIAN_POINT('',(-0.0141771019677997,0.0394067873151813,0.0725));
#13364=CARTESIAN_POINT('',(-0.0115957066189625,0.0394005261345015,0.0725));
#13365=CARTESIAN_POINT('',(-0.0115957066189625,0.0394005261345015,0.072));
#13366=CARTESIAN_POINT('',(-0.0119165175909363,0.0397553263730227,0.0725));
#13367=CARTESIAN_POINT('',(-0.0119165175909363,0.0397553263730227,0.072));
#13368=CARTESIAN_POINT('',(-0.0123476446034586,0.0399327264922833,0.0725));
#13369=CARTESIAN_POINT('',(-0.0123476446034586,0.0399327264922833,0.072));
#13370=CARTESIAN_POINT('',(-0.0128890876565296,0.0399327264922833,0.0725));
#13371=CARTESIAN_POINT('',(-0.0128890876565296,0.0399327264922833,0.072));
#13372=CARTESIAN_POINT('',(-0.0115957066189625,0.0394005261345015,0.072));
#13373=CARTESIAN_POINT('',(-0.0120769230769232,0.0399327264922833,0.072));
#13374=CARTESIAN_POINT('',(-0.0128890876565296,0.0399327264922833,0.072));
#13375=CARTESIAN_POINT('',(-0.0115957066189625,0.0394005261345015,0.072));
#13376=CARTESIAN_POINT('',(-0.0115957066189625,0.0394005261345015,0.0725));
#13377=CARTESIAN_POINT('',(-0.0115957066189625,0.0394005261345015,0.0725));
#13378=CARTESIAN_POINT('',(-0.0115957066189625,0.0394005261345015,0.0725));
#13379=CARTESIAN_POINT('',(-0.0120769230769232,0.0399327264922833,0.0725));
#13380=CARTESIAN_POINT('',(-0.0128890876565296,0.0399327264922833,0.0725));
#13381=CARTESIAN_POINT('',(-0.0111144901610019,0.0380329053831598,0.0725));
#13382=CARTESIAN_POINT('',(-0.0111144901610019,0.0380329053831598,0.072));
#13383=CARTESIAN_POINT('',(-0.0111144901610019,0.0385898523121998,0.0725));
#13384=CARTESIAN_POINT('',(-0.0111144901610019,0.0385898523121998,0.072));
#13385=CARTESIAN_POINT('',(-0.0112748956469888,0.0390457258959803,0.0725));
#13386=CARTESIAN_POINT('',(-0.0112748956469888,0.0390457258959803,0.072));
#13387=CARTESIAN_POINT('',(-0.0115957066189625,0.0394005261345015,0.0725));
#13388=CARTESIAN_POINT('',(-0.0115957066189625,0.0394005261345015,0.072));
#13389=CARTESIAN_POINT('',(-0.0111144901610019,0.0380329053831598,0.072));
#13390=CARTESIAN_POINT('',(-0.0111144901610019,0.0388683257767197,0.072));
#13391=CARTESIAN_POINT('',(-0.0115957066189625,0.0394005261345015,0.072));
#13392=CARTESIAN_POINT('',(-0.0111144901610019,0.0380329053831598,0.072));
#13393=CARTESIAN_POINT('',(-0.0111144901610019,0.0380329053831598,0.0725));
#13394=CARTESIAN_POINT('',(-0.0111144901610019,0.0380329053831598,0.0725));
#13395=CARTESIAN_POINT('',(-0.0111144901610019,0.0380329053831598,0.0725));
#13396=CARTESIAN_POINT('',(-0.0111144901610019,0.0388683257767197,0.0725));
#13397=CARTESIAN_POINT('',(-0.0115957066189625,0.0394005261345015,0.0725));
#13398=CARTESIAN_POINT('',(-0.0115957066189625,0.0366652846318182,0.0725));
#13399=CARTESIAN_POINT('',(-0.0115957066189625,0.0366652846318182,0.072));
#13400=CARTESIAN_POINT('',(-0.0112748956469888,0.0370200848703393,0.0725));
#13401=CARTESIAN_POINT('',(-0.0112748956469888,0.0370200848703393,0.072));
#13402=CARTESIAN_POINT('',(-0.0111144901610019,0.0374759584541199,0.0725));
#13403=CARTESIAN_POINT('',(-0.0111144901610019,0.0374759584541199,0.072));
#13404=CARTESIAN_POINT('',(-0.0111144901610019,0.0380329053831598,0.0725));
#13405=CARTESIAN_POINT('',(-0.0111144901610019,0.0380329053831598,0.072));
#13406=CARTESIAN_POINT('',(-0.0115957066189625,0.0366652846318182,0.072));
#13407=CARTESIAN_POINT('',(-0.0111144901610019,0.0371974849895999,0.072));
#13408=CARTESIAN_POINT('',(-0.0111144901610019,0.0380329053831598,0.072));
#13409=CARTESIAN_POINT('',(-0.0115957066189625,0.0366652846318182,0.072));
#13410=CARTESIAN_POINT('',(-0.0115957066189625,0.0366652846318182,0.0725));
#13411=CARTESIAN_POINT('',(-0.0115957066189625,0.0366652846318182,0.0725));
#13412=CARTESIAN_POINT('',(-0.0115957066189625,0.0366652846318182,0.0725));
#13413=CARTESIAN_POINT('',(-0.0111144901610019,0.0371974849895999,0.0725));
#13414=CARTESIAN_POINT('',(-0.0111144901610019,0.0380329053831598,0.0725));
#13415=CARTESIAN_POINT('',(-0.0128890876565296,0.0361330842740364,0.0725));
#13416=CARTESIAN_POINT('',(-0.0128890876565296,0.0361330842740364,0.072));
#13417=CARTESIAN_POINT('',(-0.0123476446034586,0.0361330842740364,0.0725));
#13418=CARTESIAN_POINT('',(-0.0123476446034586,0.0361330842740364,0.072));
#13419=CARTESIAN_POINT('',(-0.0119165175909363,0.036310484393297,0.0725));
#13420=CARTESIAN_POINT('',(-0.0119165175909363,0.036310484393297,0.072));
#13421=CARTESIAN_POINT('',(-0.0115957066189625,0.0366652846318182,0.0725));
#13422=CARTESIAN_POINT('',(-0.0115957066189625,0.0366652846318182,0.072));
#13423=CARTESIAN_POINT('',(-0.0128890876565296,0.0361330842740364,0.072));
#13424=CARTESIAN_POINT('',(-0.0120769230769232,0.0361330842740364,0.072));
#13425=CARTESIAN_POINT('',(-0.0115957066189625,0.0366652846318182,0.072));
#13426=CARTESIAN_POINT('',(-0.0128890876565296,0.0361330842740364,0.072));
#13427=CARTESIAN_POINT('',(-0.0128890876565296,0.0361330842740364,0.0725));
#13428=CARTESIAN_POINT('',(-0.0128890876565296,0.0361330842740364,0.0725));
#13429=CARTESIAN_POINT('',(-0.0128890876565296,0.0361330842740364,0.0725));
#13430=CARTESIAN_POINT('',(-0.0120769230769232,0.0361330842740364,0.0725));
#13431=CARTESIAN_POINT('',(-0.0115957066189625,0.0366652846318182,0.0725));
#13432=CARTESIAN_POINT('',(-0.0141771019677997,0.0366590234511383,0.0725));
#13433=CARTESIAN_POINT('',(-0.0141771019677997,0.0366590234511383,0.072));
#13434=CARTESIAN_POINT('',(-0.0138527131782947,0.0363083973330704,0.0725));
#13435=CARTESIAN_POINT('',(-0.0138527131782947,0.0363083973330704,0.072));
#13436=CARTESIAN_POINT('',(-0.013423375074538,0.0361330842740364,0.0725));
#13437=CARTESIAN_POINT('',(-0.013423375074538,0.0361330842740364,0.072));
#13438=CARTESIAN_POINT('',(-0.0128890876565296,0.0361330842740364,0.0725));
#13439=CARTESIAN_POINT('',(-0.0128890876565296,0.0361330842740364,0.072));
#13440=CARTESIAN_POINT('',(-0.0141771019677997,0.0366590234511383,0.072));
#13441=CARTESIAN_POINT('',(-0.0136905187835421,0.0361330842740364,0.072));
#13442=CARTESIAN_POINT('',(-0.0128890876565296,0.0361330842740364,0.072));
#13443=CARTESIAN_POINT('',(-0.0141771019677997,0.0366590234511383,0.072));
#13444=CARTESIAN_POINT('',(-0.0141771019677997,0.0366590234511383,0.0725));
#13445=CARTESIAN_POINT('',(-0.0141771019677997,0.0366590234511383,0.0725));
#13446=CARTESIAN_POINT('',(-0.0141771019677997,0.0366590234511383,0.0725));
#13447=CARTESIAN_POINT('',(-0.0136905187835421,0.0361330842740364,0.0725));
#13448=CARTESIAN_POINT('',(-0.0128890876565296,0.0361330842740364,0.0725));
#13449=CARTESIAN_POINT('',(-0.0146636851520573,0.0380329053831598,0.0725));
#13450=CARTESIAN_POINT('',(-0.0146636851520573,0.0380329053831598,0.072));
#13451=CARTESIAN_POINT('',(-0.0146636851520573,0.0374676102132135,0.0725));
#13452=CARTESIAN_POINT('',(-0.0146636851520573,0.0374676102132135,0.072));
#13453=CARTESIAN_POINT('',(-0.0145014907573048,0.0370096495692063,0.0725));
#13454=CARTESIAN_POINT('',(-0.0145014907573048,0.0370096495692063,0.072));
#13455=CARTESIAN_POINT('',(-0.0141771019677997,0.0366590234511383,0.0725));
#13456=CARTESIAN_POINT('',(-0.0141771019677997,0.0366590234511383,0.072));
#13457=CARTESIAN_POINT('',(-0.0146636851520573,0.0380329053831598,0.072));
#13458=CARTESIAN_POINT('',(-0.0146636851520573,0.0371849626282403,0.072));
#13459=CARTESIAN_POINT('',(-0.0141771019677997,0.0366590234511383,0.072));
#13460=CARTESIAN_POINT('',(-0.0146636851520573,0.0380329053831598,0.072));
#13461=CARTESIAN_POINT('',(-0.0146636851520573,0.0380329053831598,0.0725));
#13462=CARTESIAN_POINT('',(-0.0146636851520573,0.0380329053831598,0.0725));
#13463=CARTESIAN_POINT('',(-0.0146636851520573,0.0380329053831598,0.0725));
#13464=CARTESIAN_POINT('',(-0.0146636851520573,0.0371849626282403,0.0725));
#13465=CARTESIAN_POINT('',(-0.0141771019677997,0.0366590234511383,0.0725));
#13466=CARTESIAN_POINT('',(-0.0148926654740609,0.0400597390146446,0.0725));
#13467=CARTESIAN_POINT('',(-0.0148926654740609,0.0400597390146446,0.072));
#13468=CARTESIAN_POINT('',(-0.0143583780560526,0.0406166859436846,0.0725));
#13469=CARTESIAN_POINT('',(-0.0143583780560526,0.0406166859436846,0.072));
#13470=CARTESIAN_POINT('',(-0.0136905187835421,0.0408951594082045,0.0725));
#13471=CARTESIAN_POINT('',(-0.0136905187835421,0.0408951594082045,0.072));
#13472=CARTESIAN_POINT('',(-0.0128890876565296,0.0408951594082045,0.0725));
#13473=CARTESIAN_POINT('',(-0.0128890876565296,0.0408951594082045,0.072));
#13474=CARTESIAN_POINT('',(-0.0148926654740609,0.0400597390146446,0.0725));
#13475=CARTESIAN_POINT('',(-0.0148926654740609,0.0400597390146446,0.0725));
#13476=CARTESIAN_POINT('',(-0.0148926654740609,0.0400597390146446,0.0725));
#13477=CARTESIAN_POINT('',(-0.0140912343470484,0.0408951594082045,0.0725));
#13478=CARTESIAN_POINT('',(-0.0128890876565296,0.0408951594082045,0.0725));
#13479=CARTESIAN_POINT('',(-0.0128890876565296,0.0408951594082045,0.0725));
#13480=CARTESIAN_POINT('',(-0.0128890876565296,0.0408951594082045,0.0725));
#13481=CARTESIAN_POINT('',(-0.0156940966010734,0.0380329053831598,0.0725));
#13482=CARTESIAN_POINT('',(-0.0156940966010734,0.0380329053831598,0.072));
#13483=CARTESIAN_POINT('',(-0.0156940966010734,0.0388414921452349,0.0725));
#13484=CARTESIAN_POINT('',(-0.0156940966010734,0.0388414921452349,0.072));
#13485=CARTESIAN_POINT('',(-0.0154269528920693,0.0395171033557299,0.0725));
#13486=CARTESIAN_POINT('',(-0.0154269528920693,0.0395171033557299,0.072));
#13487=CARTESIAN_POINT('',(-0.0148926654740609,0.0400597390146446,0.0725));
#13488=CARTESIAN_POINT('',(-0.0148926654740609,0.0400597390146446,0.072));
#13489=CARTESIAN_POINT('',(-0.0156940966010734,0.0380329053831598,0.0725));
#13490=CARTESIAN_POINT('',(-0.0156940966010734,0.0380329053831598,0.0725));
#13491=CARTESIAN_POINT('',(-0.0156940966010734,0.0380329053831598,0.0725));
#13492=CARTESIAN_POINT('',(-0.0156940966010734,0.0392457855262725,0.0725));
#13493=CARTESIAN_POINT('',(-0.0148926654740609,0.0400597390146446,0.0725));
#13494=CARTESIAN_POINT('',(-0.0127630059531803,0.0380083060101765,0.0725000000000003));
#13495=CARTESIAN_POINT('',(-0.0154821109123435,0.0369166263133924,0.0725));
#13496=CARTESIAN_POINT('',(-0.0154821454473666,0.0369166122278719,0.0725));
#13497=CARTESIAN_POINT('',(-0.0127630059531803,0.0380083060101765,0.0725));
#13498=CARTESIAN_POINT('',(-0.012866156471029,0.037963861332691,0.0725000000000003));
#13499=CARTESIAN_POINT('',(-0.0148926654740609,0.0360069662060578,0.0725));
#13500=CARTESIAN_POINT('',(-0.0148927570079251,0.0360068777615037,0.0725));
#13501=CARTESIAN_POINT('',(-0.012866156471029,0.037963861332691,0.0725));
#13502=CARTESIAN_POINT('',(-0.0129032057373537,0.0379414436547765,0.0725000000000003));
#13503=CARTESIAN_POINT('',(-0.0140053667262971,0.0353942649538217,0.0725));
#13504=CARTESIAN_POINT('',(-0.0140053667262971,0.0353942649538217,0.0725));
#13505=CARTESIAN_POINT('',(-0.0129032057373537,0.0379414436547765,0.0725));
#13506=CARTESIAN_POINT('',(-0.0128890876565296,0.0351706513581151,0.0725));
#13507=CARTESIAN_POINT('',(-0.0128890876565296,0.0351706513581151,0.072));
#13508=CARTESIAN_POINT('',(-0.0132933810375672,0.0351706513581151,0.0725));
#13509=CARTESIAN_POINT('',(-0.0132933810375672,0.0351706513581151,0.072));
#13510=CARTESIAN_POINT('',(-0.013665474060823,0.0352451892233506,0.0725));
#13511=CARTESIAN_POINT('',(-0.013665474060823,0.0352451892233506,0.072));
#13512=CARTESIAN_POINT('',(-0.0140053667262971,0.0353942649538217,0.0725));
#13513=CARTESIAN_POINT('',(-0.0140053667262971,0.0353942649538217,0.072));
#13514=CARTESIAN_POINT('',(-0.0128890876565296,0.0351706513581151,0.0725));
#13515=CARTESIAN_POINT('',(-0.0128890876565296,0.0351706513581151,0.0725));
#13516=CARTESIAN_POINT('',(-0.0128890876565296,0.0351706513581151,0.0725));
#13517=CARTESIAN_POINT('',(-0.013495527728086,0.0351706513581151,0.0725));
#13518=CARTESIAN_POINT('',(-0.0140053667262971,0.0353942649538217,0.0725));
#13519=CARTESIAN_POINT('',(-0.0128635941950751,0.03793026047183,0.0725000000000003));
#13520=CARTESIAN_POINT('',(-0.0117781753130591,0.0353942649538217,0.0725));
#13521=CARTESIAN_POINT('',(-0.0117781559614214,0.0353942202418598,0.0725));
#13522=CARTESIAN_POINT('',(-0.0128635941950751,0.03793026047183,0.0725));
#13523=CARTESIAN_POINT('',(-0.01286167152885,0.037932460893845,0.0725000000000003));
#13524=CARTESIAN_POINT('',(-0.0108855098389983,0.0360069662060578,0.0725));
#13525=CARTESIAN_POINT('',(-0.0108854185285886,0.0360068774427924,0.0725));
#13526=CARTESIAN_POINT('',(-0.01286167152885,0.037932460893845,0.0725));
#13527=CARTESIAN_POINT('',(-0.0129120188420312,0.0379638613326917,0.0725000000000003));
#13528=CARTESIAN_POINT('',(-0.0102960644007157,0.0369166263133924,0.0725));
#13529=CARTESIAN_POINT('',(-0.0102960298656926,0.0369166122278719,0.0725));
#13530=CARTESIAN_POINT('',(-0.0129120188420312,0.0379638613326917,0.0725));
#13531=CARTESIAN_POINT('',(-0.0130151693598794,0.0380083060101765,0.0725000000000003));
#13532=CARTESIAN_POINT('',(-0.0100840787119858,0.0380329053831598,0.0725));
#13533=CARTESIAN_POINT('',(-0.0100843998752132,0.0380329032875283,0.0725));
#13534=CARTESIAN_POINT('',(-0.0130151693598794,0.0380083060101765,0.0725));
#13535=CARTESIAN_POINT('',(-0.0129516108232947,0.0380566456030897,0.0725000000000003));
#13536=CARTESIAN_POINT('',(-0.0103014311270126,0.0391491844529273,0.0725));
#13537=CARTESIAN_POINT('',(-0.0103013920580581,0.0391492007449745,0.0725));
#13538=CARTESIAN_POINT('',(-0.0129516108232947,0.0380566456030897,0.0725));
#13539=CARTESIAN_POINT('',(-0.0129266036182764,0.0380697990964416,0.0725000000000003));
#13540=CARTESIAN_POINT('',(-0.010902504472272,0.0400588445602618,0.0725));
#13541=CARTESIAN_POINT('',(-0.0109024278916464,0.0400589197987775,0.0725));
#13542=CARTESIAN_POINT('',(-0.0129266036182764,0.0380697990964416,0.0725));
#13543=CARTESIAN_POINT('',(-0.0129303320646424,0.0380578400895838,0.0725000000000003));
#13544=CARTESIAN_POINT('',(-0.0117960644007157,0.0406715458124979,0.0725));
#13545=CARTESIAN_POINT('',(-0.0117960380535924,0.040671606265362,0.0725));
#13546=CARTESIAN_POINT('',(-0.0129303320646424,0.0380578400895838,0.0725));
#13547=CARTESIAN_POINT('',(-0.0128677593390096,0.0382048206846107,0.0725000000000003));
#13548=CARTESIAN_POINT('',(-0.0128677593390096,0.0382048206846107,0.0725));
#13549=CARTESIAN_POINT('',(-0.0141771019677997,0.0394067873151813,0.0725));
#13550=CARTESIAN_POINT('',(-0.0141771019677997,0.0394067873151813,0.072));
#13551=CARTESIAN_POINT('',(-0.0145014907573048,0.0390561611971133,0.0725));
#13552=CARTESIAN_POINT('',(-0.0145014907573048,0.0390561611971133,0.072));
#13553=CARTESIAN_POINT('',(-0.0146636851520573,0.0385982005531061,0.0725));
#13554=CARTESIAN_POINT('',(-0.0146636851520573,0.0385982005531061,0.072));
#13555=CARTESIAN_POINT('',(-0.0146636851520573,0.0380329053831598,0.0725));
#13556=CARTESIAN_POINT('',(-0.0146636851520573,0.0380329053831598,0.072));
#13557=CARTESIAN_POINT('',(-0.0141771019677997,0.0394067873151813,0.072));
#13558=CARTESIAN_POINT('',(-0.0146636851520573,0.0388808481380793,0.072));
#13559=CARTESIAN_POINT('',(-0.0146636851520573,0.0380329053831598,0.072));
#13560=CARTESIAN_POINT('',(-0.0141771019677997,0.0394067873151813,0.0725));
#13561=CARTESIAN_POINT('',(-0.0146636851520573,0.0388808481380793,0.0725));
#13562=CARTESIAN_POINT('',(-0.0146636851520573,0.0380329053831598,0.0725));
#13563=CARTESIAN_POINT('',(-0.0325,0.0325,0.0725));
#13564=CARTESIAN_POINT('',(-0.00905366726296968,0.0368477533259148,0.0725));
#13565=CARTESIAN_POINT('',(-0.00905366726296968,0.0352851415191169,0.0725));
#13566=CARTESIAN_POINT('',(-0.00905366726296968,0.0352851415191169,0.0725));
#13567=CARTESIAN_POINT('',(-0.00905366726296968,0.0368477533259148,0.0725));
#13568=CARTESIAN_POINT('',(-0.00905366726296968,0.0384103651327126,0.0725));
#13569=CARTESIAN_POINT('',(-0.00905366726296968,0.0384103651327126,0.0725));
#13570=CARTESIAN_POINT('',(-0.00855008944543838,0.0352851415191169,0.0725));
#13571=CARTESIAN_POINT('',(-0.00804651162790707,0.0352851415191169,0.0725));
#13572=CARTESIAN_POINT('',(-0.00804651162790707,0.0352851415191169,0.0725));
#13573=CARTESIAN_POINT('',(-0.00855008944543838,0.0352851415191169,0.0725));
#13574=CARTESIAN_POINT('',(-0.00804651162790707,0.0368477533259148,0.0725));
#13575=CARTESIAN_POINT('',(-0.00804651162790707,0.0384103651327126,0.0725));
#13576=CARTESIAN_POINT('',(-0.00804651162790707,0.0384103651327126,0.0725));
#13577=CARTESIAN_POINT('',(-0.00804651162790707,0.0368477533259148,0.0725));
#13578=CARTESIAN_POINT('',(-0.00782826475849741,0.0395105440235892,0.0725));
#13579=CARTESIAN_POINT('',(-0.00782826475849741,0.0395105440235892,0.072));
#13580=CARTESIAN_POINT('',(-0.00797376267143718,0.0393268827236488,0.0725));
#13581=CARTESIAN_POINT('',(-0.00797376267143718,0.0393268827236488,0.072));
#13582=CARTESIAN_POINT('',(-0.00804651162790707,0.0389601564266899,0.0725));
#13583=CARTESIAN_POINT('',(-0.00804651162790707,0.0389601564266899,0.072));
#13584=CARTESIAN_POINT('',(-0.00804651162790707,0.0384103651327126,0.0725));
#13585=CARTESIAN_POINT('',(-0.00804651162790707,0.0384103651327126,0.072));
#13586=CARTESIAN_POINT('',(-0.00782826475849741,0.0395105440235892,0.0725));
#13587=CARTESIAN_POINT('',(-0.00782826475849741,0.0395105440235892,0.0725));
#13588=CARTESIAN_POINT('',(-0.00782826475849741,0.0395105440235892,0.0725));
#13589=CARTESIAN_POINT('',(-0.00804651162790707,0.0392350520736786,0.0725));
#13590=CARTESIAN_POINT('',(-0.00804651162790707,0.0384103651327126,0.0725));
#13591=CARTESIAN_POINT('',(-0.00725017069541013,0.0390336185525856,0.0725000000000002));
#13592=CARTESIAN_POINT('',(-0.00753130590339902,0.039727896438616,0.0725));
#13593=CARTESIAN_POINT('',(-0.00753119932784374,0.0397276545505275,0.0725));
#13594=CARTESIAN_POINT('',(-0.00725017069541013,0.0390336185525856,0.0725));
#13595=CARTESIAN_POINT('',(-0.00710073917147673,0.0387334026347383,0.0725000000000006));
#13596=CARTESIAN_POINT('',(-0.00723345259391781,0.0398075028786875,0.0725));
#13597=CARTESIAN_POINT('',(-0.00723350469391545,0.0398078799024701,0.0725));
#13598=CARTESIAN_POINT('',(-0.00710073917147673,0.0387334026347383,0.0725));
#13599=CARTESIAN_POINT('',(-0.00692478930016881,0.0351847346295742,0.072500000000007));
#13600=CARTESIAN_POINT('',(-0.0068783542039357,0.0398182363312814,0.0725));
#13601=CARTESIAN_POINT('',(-0.00687835569654398,0.039818087392148,0.07249999975));
#13602=CARTESIAN_POINT('',(-0.00692478930016881,0.0351847346295742,0.0725));
#13603=CARTESIAN_POINT('',(-0.00627191413237935,0.0398182363312814,0.0725));
#13604=CARTESIAN_POINT('',(-0.005665474060823,0.0398182363312814,0.0725));
#13605=CARTESIAN_POINT('',(-0.005665474060823,0.0398182363312814,0.0725));
#13606=CARTESIAN_POINT('',(-0.00627191413237935,0.0398182363312814,0.0725));
#13607=CARTESIAN_POINT('',(-0.005665474060823,0.0402994527892421,0.0725));
#13608=CARTESIAN_POINT('',(-0.005665474060823,0.0407806692472027,0.0725));
#13609=CARTESIAN_POINT('',(-0.005665474060823,0.0407806692472027,0.0725));
#13610=CARTESIAN_POINT('',(-0.005665474060823,0.0402994527892421,0.0725));
#13611=CARTESIAN_POINT('',(-0.0061690518783543,0.0407806692472027,0.0725));
#13612=CARTESIAN_POINT('',(-0.00667262969588561,0.0407806692472027,0.0725));
#13613=CARTESIAN_POINT('',(-0.00667263268854138,0.0407803738651014,0.0725));
#13614=CARTESIAN_POINT('',(-0.0061690518783543,0.0407806692472027,0.0725));
#13615=CARTESIAN_POINT('',(-0.00675889004701666,0.0322665714810786,0.072500000000007));
#13616=CARTESIAN_POINT('',(-0.00737567084078722,0.0407574134332492,0.0725));
#13617=CARTESIAN_POINT('',(-0.00737567084078722,0.0407574134332492,0.0725));
#13618=CARTESIAN_POINT('',(-0.00675889004701666,0.0322665714810786,0.0725));
#13619=CARTESIAN_POINT('',(-0.00797674418604661,0.0406089340057001,0.0725));
#13620=CARTESIAN_POINT('',(-0.00797674418604661,0.0406089340057001,0.072));
#13621=CARTESIAN_POINT('',(-0.00774776386404303,0.0406924164147639,0.0725));
#13622=CARTESIAN_POINT('',(-0.00774776386404303,0.0406924164147639,0.072));
#13623=CARTESIAN_POINT('',(-0.0075474060822899,0.0407419095572803,0.0725));
#13624=CARTESIAN_POINT('',(-0.0075474060822899,0.0407419095572803,0.072));
#13625=CARTESIAN_POINT('',(-0.00737567084078722,0.0407574134332492,0.0725));
#13626=CARTESIAN_POINT('',(-0.00737567084078722,0.0407574134332492,0.072));
#13627=CARTESIAN_POINT('',(-0.00797674418604661,0.0406089340057001,0.0725));
#13628=CARTESIAN_POINT('',(-0.00797674418604661,0.0406089340057001,0.0725));
#13629=CARTESIAN_POINT('',(-0.00797674418604661,0.0406089340057001,0.0725));
#13630=CARTESIAN_POINT('',(-0.00763327370304124,0.0407341576192958,0.0725));
#13631=CARTESIAN_POINT('',(-0.00737567084078722,0.0407574134332492,0.0725));
#13632=CARTESIAN_POINT('',(-0.00747097217809795,0.0391804632679366,0.0725000000000002));
#13633=CARTESIAN_POINT('',(-0.00856171735241512,0.0402314742561473,0.0725));
#13634=CARTESIAN_POINT('',(-0.00856171735241512,0.0402314742561473,0.0725));
#13635=CARTESIAN_POINT('',(-0.00747097217809795,0.0391804632679366,0.0725));
#13636=CARTESIAN_POINT('',(-0.00905366726296968,0.0384103651327126,0.0725));
#13637=CARTESIAN_POINT('',(-0.00905366726296968,0.0384103651327126,0.072));
#13638=CARTESIAN_POINT('',(-0.00905366726296968,0.0392881230337263,0.0725));
#13639=CARTESIAN_POINT('',(-0.00905366726296968,0.0392881230337263,0.072));
#13640=CARTESIAN_POINT('',(-0.00888968395945149,0.0398951594082045,0.0725));
#13641=CARTESIAN_POINT('',(-0.00888968395945149,0.0398951594082045,0.072));
#13642=CARTESIAN_POINT('',(-0.00856171735241512,0.0402314742561473,0.0725));
#13643=CARTESIAN_POINT('',(-0.00856171735241512,0.0402314742561473,0.072));
#13644=CARTESIAN_POINT('',(-0.00905366726296968,0.0384103651327126,0.0725));
#13645=CARTESIAN_POINT('',(-0.00905366726296968,0.0397270019842332,0.0725));
#13646=CARTESIAN_POINT('',(-0.00856171735241512,0.0402314742561473,0.0725));
#13647=CARTESIAN_POINT('',(-0.0325,0.0325,0.0725));
#13648=CARTESIAN_POINT('',(-0.0554748951431524,0.0307452305185227,0.0725));
#13649=CARTESIAN_POINT('',(-0.0554748951431524,0.0312157946179695,0.0725));
#13650=CARTESIAN_POINT('',(-0.0554748951431524,0.0312157946179695,0.0725));
#13651=CARTESIAN_POINT('',(-0.0554748951431524,0.0307452305185227,0.0725));
#13652=CARTESIAN_POINT('',(-0.0554748951431524,0.0302746664190758,0.0725));
#13653=CARTESIAN_POINT('',(-0.0554748951431524,0.0302746664190758,0.0725));
#13654=CARTESIAN_POINT('',(-0.0564536350373837,0.0312157946179695,0.0725));
#13655=CARTESIAN_POINT('',(-0.0574323749316151,0.0312157946179695,0.0725));
#13656=CARTESIAN_POINT('',(-0.0574323749316151,0.0312157946179695,0.0725));
#13657=CARTESIAN_POINT('',(-0.0564536350373837,0.0312157946179695,0.0725));
#13658=CARTESIAN_POINT('',(-0.0589410218223816,0.030771976612985,0.0725));
#13659=CARTESIAN_POINT('',(-0.0589410218223816,0.030771976612985,0.072));
#13660=CARTESIAN_POINT('',(-0.0585559895041841,0.0310678552829747,0.0725));
#13661=CARTESIAN_POINT('',(-0.0585559895041841,0.0310678552829747,0.072));
#13662=CARTESIAN_POINT('',(-0.058053107207262,0.0312157946179695,0.0725));
#13663=CARTESIAN_POINT('',(-0.058053107207262,0.0312157946179695,0.072));
#13664=CARTESIAN_POINT('',(-0.0574323749316151,0.0312157946179695,0.0725));
#13665=CARTESIAN_POINT('',(-0.0574323749316151,0.0312157946179695,0.072));
#13666=CARTESIAN_POINT('',(-0.0589410218223816,0.030771976612985,0.0725));
#13667=CARTESIAN_POINT('',(-0.0589410218223816,0.030771976612985,0.0725));
#13668=CARTESIAN_POINT('',(-0.0589410218223816,0.030771976612985,0.0725));
#13669=CARTESIAN_POINT('',(-0.0583634733450854,0.0312157946179695,0.0725));
#13670=CARTESIAN_POINT('',(-0.0574323749316151,0.0312157946179695,0.0725));
#13671=CARTESIAN_POINT('',(-0.0595185702996778,0.0294288211817042,0.0725));
#13672=CARTESIAN_POINT('',(-0.0595185702996778,0.0294288211817042,0.072));
#13673=CARTESIAN_POINT('',(-0.0595185702996778,0.0300283794659017,0.0725));
#13674=CARTESIAN_POINT('',(-0.0595185702996778,0.0300283794659017,0.072));
#13675=CARTESIAN_POINT('',(-0.0593260541405791,0.0304760979429953,0.0725));
#13676=CARTESIAN_POINT('',(-0.0593260541405791,0.0304760979429953,0.072));
#13677=CARTESIAN_POINT('',(-0.0589410218223816,0.030771976612985,0.0725));
#13678=CARTESIAN_POINT('',(-0.0589410218223816,0.030771976612985,0.072));
#13679=CARTESIAN_POINT('',(-0.0595185702996778,0.0294288211817042,0.0725));
#13680=CARTESIAN_POINT('',(-0.0595185702996778,0.0294288211817042,0.0725));
#13681=CARTESIAN_POINT('',(-0.0595185702996778,0.0294288211817042,0.0725));
#13682=CARTESIAN_POINT('',(-0.0595185702996778,0.0303281586080005,0.0725));
#13683=CARTESIAN_POINT('',(-0.0589410218223816,0.030771976612985,0.0725));
#13684=CARTESIAN_POINT('',(-0.0578385812412619,0.0273325960282181,0.0725));
#13685=CARTESIAN_POINT('',(-0.0578385812412619,0.0273325960282181,0.072));
#13686=CARTESIAN_POINT('',(-0.0589585739468725,0.0277605335396156,0.0725));
#13687=CARTESIAN_POINT('',(-0.0589585739468725,0.0277605335396156,0.072));
#13688=CARTESIAN_POINT('',(-0.0595185702996778,0.0284592752574443,0.0725));
#13689=CARTESIAN_POINT('',(-0.0595185702996778,0.0284592752574443,0.072));
#13690=CARTESIAN_POINT('',(-0.0595185702996778,0.0294288211817042,0.0725));
#13691=CARTESIAN_POINT('',(-0.0595185702996778,0.0294288211817042,0.072));
#13692=CARTESIAN_POINT('',(-0.0578385812412619,0.0273325960282181,0.0725));
#13693=CARTESIAN_POINT('',(-0.0578385812412619,0.0273325960282181,0.0725));
#13694=CARTESIAN_POINT('',(-0.0578385812412619,0.0273325960282181,0.0725));
#13695=CARTESIAN_POINT('',(-0.0595185702996778,0.0279745022953144,0.0725));
#13696=CARTESIAN_POINT('',(-0.0595185702996778,0.0294288211817042,0.0725));
#13697=CARTESIAN_POINT('',(-0.0568561772202225,0.0298420676362945,0.0725000000000121));
#13698=CARTESIAN_POINT('',(-0.0576898060908151,0.0272791038392934,0.0725));
#13699=CARTESIAN_POINT('',(-0.0576898511837719,0.0272789827673236,0.0725));
#13700=CARTESIAN_POINT('',(-0.0568561772202225,0.0298420676362945,0.0725));
#13701=CARTESIAN_POINT('',(-0.0601633740068203,0.020319986564094,0.072500000000006));
#13702=CARTESIAN_POINT('',(-0.0570846757036046,0.0270325382809687,0.0725));
#13703=CARTESIAN_POINT('',(-0.0570845931116895,0.0270327197485653,0.0725));
#13704=CARTESIAN_POINT('',(-0.0601633740068203,0.020319986564094,0.0725));
#13705=CARTESIAN_POINT('',(-0.0587071627752297,0.0235966538568708,0.072500000000002));
#13706=CARTESIAN_POINT('',(-0.0565932162178591,0.0267542117354699,0.0725));
#13707=CARTESIAN_POINT('',(-0.0565934158738344,0.0267539014324123,0.0725));
#13708=CARTESIAN_POINT('',(-0.0587071627752297,0.0235966538568708,0.0725));
#13709=CARTESIAN_POINT('',(-0.057225538180696,0.0257647542719879,0.0725000000000002));
#13710=CARTESIAN_POINT('',(-0.056223785788098,0.0263747515202855,0.0725));
#13711=CARTESIAN_POINT('',(-0.0562234679516613,0.0263749422251023,0.0725));
#13712=CARTESIAN_POINT('',(-0.057225538180696,0.0257647542719879,0.0725));
#13713=CARTESIAN_POINT('',(-0.0570806716816294,0.0258905121044685,0.0725000000000002));
#13714=CARTESIAN_POINT('',(-0.0560950702084979,0.025866575725501,0.0725));
#13715=CARTESIAN_POINT('',(-0.0560950702084979,0.025866575725501,0.0725));
#13716=CARTESIAN_POINT('',(-0.0570806716816294,0.0258905121044685,0.0725));
#13717=CARTESIAN_POINT('',(-0.0565547687070695,0.0249730890073683,0.0725));
#13718=CARTESIAN_POINT('',(-0.0565547687070695,0.0249730890073683,0.072));
#13719=CARTESIAN_POINT('',(-0.0562483030413551,0.0251764707673424,0.0725));
#13720=CARTESIAN_POINT('',(-0.0562483030413551,0.0251764707673424,0.072));
#13721=CARTESIAN_POINT('',(-0.0560950702084979,0.0254742996733866,0.0725));
#13722=CARTESIAN_POINT('',(-0.0560950702084979,0.0254742996733866,0.072));
#13723=CARTESIAN_POINT('',(-0.0560950702084979,0.025866575725501,0.0725));
#13724=CARTESIAN_POINT('',(-0.0560950702084979,0.025866575725501,0.072));
#13725=CARTESIAN_POINT('',(-0.0565547687070695,0.0249730890073683,0.0725));
#13726=CARTESIAN_POINT('',(-0.0565547687070695,0.0249730890073683,0.0725));
#13727=CARTESIAN_POINT('',(-0.0565547687070695,0.0249730890073683,0.0725));
#13728=CARTESIAN_POINT('',(-0.0560950702084979,0.0252781616473294,0.0725));
#13729=CARTESIAN_POINT('',(-0.0560950702084979,0.025866575725501,0.0725));
#13730=CARTESIAN_POINT('',(-0.0577432982797398,0.0246680163674072,0.0725));
#13731=CARTESIAN_POINT('',(-0.0577432982797398,0.0246680163674072,0.072));
#13732=CARTESIAN_POINT('',(-0.0572574108970073,0.0246680163674072,0.0725));
#13733=CARTESIAN_POINT('',(-0.0572574108970073,0.0246680163674072,0.072));
#13734=CARTESIAN_POINT('',(-0.0568612343727838,0.0247697072473942,0.0725));
#13735=CARTESIAN_POINT('',(-0.0568612343727838,0.0247697072473942,0.072));
#13736=CARTESIAN_POINT('',(-0.0565547687070695,0.0249730890073683,0.0725));
#13737=CARTESIAN_POINT('',(-0.0565547687070695,0.0249730890073683,0.072));
#13738=CARTESIAN_POINT('',(-0.0577432982797398,0.0246680163674072,0.0725));
#13739=CARTESIAN_POINT('',(-0.0577432982797398,0.0246680163674072,0.0725));
#13740=CARTESIAN_POINT('',(-0.0577432982797398,0.0246680163674072,0.0725));
#13741=CARTESIAN_POINT('',(-0.057014467205641,0.0246680163674072,0.0725));
#13742=CARTESIAN_POINT('',(-0.0565547687070695,0.0249730890073683,0.0725));
#13743=CARTESIAN_POINT('',(-0.0585615616071971,0.0246680163674072,0.0725));
#13744=CARTESIAN_POINT('',(-0.0593798249346544,0.0246680163674072,0.0725));
#13745=CARTESIAN_POINT('',(-0.0593798249346544,0.0246680163674072,0.0725));
#13746=CARTESIAN_POINT('',(-0.0585615616071971,0.0246680163674072,0.0725));
#13747=CARTESIAN_POINT('',(-0.0593798249346544,0.0241974522679604,0.0725));
#13748=CARTESIAN_POINT('',(-0.0593798249346544,0.0237268881685135,0.0725));
#13749=CARTESIAN_POINT('',(-0.0593798249346544,0.0237268881685135,0.0725));
#13750=CARTESIAN_POINT('',(-0.0593798249346544,0.0241974522679604,0.0725));
#13751=CARTESIAN_POINT('',(-0.0585448452981581,0.0237268881685135,0.0725));
#13752=CARTESIAN_POINT('',(-0.0577098656616619,0.0237268881685135,0.0725));
#13753=CARTESIAN_POINT('',(-0.0577098645211342,0.0237270312989492,0.0725));
#13754=CARTESIAN_POINT('',(-0.0585448452981581,0.0237268881685135,0.0725));
#13755=CARTESIAN_POINT('',(-0.0576527905357727,0.0308895267136598,0.0725000000000134));
#13756=CARTESIAN_POINT('',(-0.0572819281502644,0.0237369179539369,0.0725));
#13757=CARTESIAN_POINT('',(-0.0572819178352331,0.0237367051454268,0.0725));
#13758=CARTESIAN_POINT('',(-0.0576527905357727,0.0308895267136598,0.0725));
#13759=CARTESIAN_POINT('',(-0.0573860368079242,0.0262788033291126,0.0725000000000005));
#13760=CARTESIAN_POINT('',(-0.0565606194152331,0.0238714842417006,0.0725));
#13761=CARTESIAN_POINT('',(-0.056560620394002,0.0238714863467671,0.0725));
#13762=CARTESIAN_POINT('',(-0.0573860368079242,0.0262788033291126,0.0725));
#13763=CARTESIAN_POINT('',(-0.0575084217087027,0.0266455110492459,0.0725000000000006));
#13764=CARTESIAN_POINT('',(-0.0558384748647498,0.0242350639632981,0.0725));
#13765=CARTESIAN_POINT('',(-0.0558384748647498,0.0242350639632981,0.0725));
#13766=CARTESIAN_POINT('',(-0.0575084217087027,0.0266455110492459,0.0725));
#13767=CARTESIAN_POINT('',(-0.0552600905720017,0.024898701432145,0.0725));
#13768=CARTESIAN_POINT('',(-0.0552600905720017,0.024898701432145,0.072));
#13769=CARTESIAN_POINT('',(-0.0554099801430511,0.0246167530196878,0.0725));
#13770=CARTESIAN_POINT('',(-0.0554099801430511,0.0246167530196878,0.072));
#13771=CARTESIAN_POINT('',(-0.0556027749073005,0.0243955405300721,0.0725));
#13772=CARTESIAN_POINT('',(-0.0556027749073005,0.0243955405300721,0.072));
#13773=CARTESIAN_POINT('',(-0.0558384748647498,0.0242350639632981,0.0725));
#13774=CARTESIAN_POINT('',(-0.0558384748647498,0.0242350639632981,0.072));
#13775=CARTESIAN_POINT('',(-0.0552600905720017,0.024898701432145,0.0725));
#13776=CARTESIAN_POINT('',(-0.0552600905720017,0.024898701432145,0.0725));
#13777=CARTESIAN_POINT('',(-0.0552600905720017,0.024898701432145,0.0725));
#13778=CARTESIAN_POINT('',(-0.0554849249285758,0.0244757788134592,0.0725));
#13779=CARTESIAN_POINT('',(-0.0558384748647498,0.0242350639632981,0.0725));
#13780=CARTESIAN_POINT('',(-0.0550352562154276,0.0258565459400776,0.0725));
#13781=CARTESIAN_POINT('',(-0.0550352562154276,0.0258565459400776,0.072));
#13782=CARTESIAN_POINT('',(-0.0550352562154276,0.0254999313472463,0.0725));
#13783=CARTESIAN_POINT('',(-0.0550352562154276,0.0254999313472463,0.072));
#13784=CARTESIAN_POINT('',(-0.0551102010009523,0.0251806498446021,0.0725));
#13785=CARTESIAN_POINT('',(-0.0551102010009523,0.0251806498446021,0.072));
#13786=CARTESIAN_POINT('',(-0.0552600905720017,0.024898701432145,0.0725));
#13787=CARTESIAN_POINT('',(-0.0552600905720017,0.024898701432145,0.072));
#13788=CARTESIAN_POINT('',(-0.0550352562154276,0.0258565459400776,0.0725));
#13789=CARTESIAN_POINT('',(-0.0550352562154276,0.0258565459400776,0.0725));
#13790=CARTESIAN_POINT('',(-0.0550352562154276,0.0258565459400776,0.0725));
#13791=CARTESIAN_POINT('',(-0.0550352562154276,0.0253216240508307,0.0725));
#13792=CARTESIAN_POINT('',(-0.0552600905720017,0.024898701432145,0.0725));
#13793=CARTESIAN_POINT('',(-0.0551639717950276,0.0267065702547089,0.0725));
#13794=CARTESIAN_POINT('',(-0.0551639717950276,0.0267065702547089,0.072));
#13795=CARTESIAN_POINT('',(-0.0550781614086276,0.0264608405118361,0.0725));
#13796=CARTESIAN_POINT('',(-0.0550781614086276,0.0264608405118361,0.072));
#13797=CARTESIAN_POINT('',(-0.0550352562154276,0.0261774990736257,0.0725));
#13798=CARTESIAN_POINT('',(-0.0550352562154276,0.0261774990736257,0.072));
#13799=CARTESIAN_POINT('',(-0.0550352562154276,0.0258565459400776,0.0725));
#13800=CARTESIAN_POINT('',(-0.0550352562154276,0.0258565459400776,0.072));
#13801=CARTESIAN_POINT('',(-0.0551639717950276,0.0267065702547089,0.0725));
#13802=CARTESIAN_POINT('',(-0.0551639717950276,0.0267065702547089,0.0725));
#13803=CARTESIAN_POINT('',(-0.0551639717950276,0.0267065702547089,0.0725));
#13804=CARTESIAN_POINT('',(-0.0550352562154276,0.0263379756403998,0.0725));
#13805=CARTESIAN_POINT('',(-0.0550352562154276,0.0258565459400776,0.0725));
#13806=CARTESIAN_POINT('',(-0.0555492827183758,0.0273108648264675,0.0725));
#13807=CARTESIAN_POINT('',(-0.0555492827183758,0.0273108648264675,0.072));
#13808=CARTESIAN_POINT('',(-0.0553782191558771,0.0271537315215012,0.0725));
#13809=CARTESIAN_POINT('',(-0.0553782191558771,0.0271537315215012,0.072));
#13810=CARTESIAN_POINT('',(-0.0552497821814277,0.0269522999975817,0.0725));
#13811=CARTESIAN_POINT('',(-0.0552497821814277,0.0269522999975817,0.072));
#13812=CARTESIAN_POINT('',(-0.0551639717950276,0.0267065702547089,0.0725));
#13813=CARTESIAN_POINT('',(-0.0551639717950276,0.0267065702547089,0.072));
#13814=CARTESIAN_POINT('',(-0.0555492827183758,0.0273108648264675,0.0725));
#13815=CARTESIAN_POINT('',(-0.0555492827183758,0.0273108648264675,0.0725));
#13816=CARTESIAN_POINT('',(-0.0555492827183758,0.0273108648264675,0.0725));
#13817=CARTESIAN_POINT('',(-0.0552926873746277,0.0270751648690181,0.0725));
#13818=CARTESIAN_POINT('',(-0.0551639717950276,0.0267065702547089,0.0725));
#13819=CARTESIAN_POINT('',(-0.0574652715039737,0.0252694724585243,0.0725000000000009));
#13820=CARTESIAN_POINT('',(-0.056062473405872,0.0276911608571039,0.0725));
#13821=CARTESIAN_POINT('',(-0.0560623185040151,0.0276914316753827,0.0725));
#13822=CARTESIAN_POINT('',(-0.0574652715039737,0.0252694724585243,0.0725));
#13823=CARTESIAN_POINT('',(-0.0583008245461454,0.0235879132136077,0.072500000000002));
#13824=CARTESIAN_POINT('',(-0.0566834842866695,0.0279745022953144,0.0725));
#13825=CARTESIAN_POINT('',(-0.0566834842866695,0.0279745022953144,0.0725));
#13826=CARTESIAN_POINT('',(-0.0583008245461454,0.0235879132136077,0.0725));
#13827=CARTESIAN_POINT('',(-0.0579723117135736,0.0285996922533716,0.0725));
#13828=CARTESIAN_POINT('',(-0.0579723117135736,0.0285996922533716,0.072));
#13829=CARTESIAN_POINT('',(-0.0576547018418333,0.0283823802358651,0.0725));
#13830=CARTESIAN_POINT('',(-0.0576547018418333,0.0283823802358651,0.072));
#13831=CARTESIAN_POINT('',(-0.0572250926995319,0.0281739835831793,0.0725));
#13832=CARTESIAN_POINT('',(-0.0572250926995319,0.0281739835831793,0.072));
#13833=CARTESIAN_POINT('',(-0.0566834842866695,0.0279745022953144,0.0725));
#13834=CARTESIAN_POINT('',(-0.0566834842866695,0.0279745022953144,0.072));
#13835=CARTESIAN_POINT('',(-0.0579723117135736,0.0285996922533716,0.0725));
#13836=CARTESIAN_POINT('',(-0.0579723117135736,0.0285996922533716,0.0725));
#13837=CARTESIAN_POINT('',(-0.0579723117135736,0.0285996922533716,0.0725));
#13838=CARTESIAN_POINT('',(-0.0574958969059631,0.0282737242271118,0.0725));
#13839=CARTESIAN_POINT('',(-0.0566834842866695,0.0279745022953144,0.0725));
#13840=CARTESIAN_POINT('',(-0.0584487265211841,0.0293970601945302,0.0725));
#13841=CARTESIAN_POINT('',(-0.0584487265211841,0.0293970601945302,0.072));
#13842=CARTESIAN_POINT('',(-0.0584487265211841,0.0290827935845977,0.0725));
#13843=CARTESIAN_POINT('',(-0.0584487265211841,0.0290827935845977,0.072));
#13844=CARTESIAN_POINT('',(-0.0582899215853139,0.0288170042708781,0.0725));
#13845=CARTESIAN_POINT('',(-0.0582899215853139,0.0288170042708781,0.072));
#13846=CARTESIAN_POINT('',(-0.0579723117135736,0.0285996922533716,0.0725));
#13847=CARTESIAN_POINT('',(-0.0579723117135736,0.0285996922533716,0.072));
#13848=CARTESIAN_POINT('',(-0.0584487265211841,0.0293970601945302,0.0725));
#13849=CARTESIAN_POINT('',(-0.0584487265211841,0.0293970601945302,0.0725));
#13850=CARTESIAN_POINT('',(-0.0584487265211841,0.0293970601945302,0.0725));
#13851=CARTESIAN_POINT('',(-0.0584487265211841,0.0289256602796314,0.0725));
#13852=CARTESIAN_POINT('',(-0.0579723117135736,0.0285996922533716,0.0725));
#13853=CARTESIAN_POINT('',(-0.057368852957267,0.0302746664190758,0.0725));
#13854=CARTESIAN_POINT('',(-0.057368852957267,0.0302746664190758,0.072));
#13855=CARTESIAN_POINT('',(-0.0580887686665451,0.0302746664190758,0.0725));
#13856=CARTESIAN_POINT('',(-0.0580887686665451,0.0302746664190758,0.072));
#13857=CARTESIAN_POINT('',(-0.0584487265211841,0.0299821310108939,0.0725));
#13858=CARTESIAN_POINT('',(-0.0584487265211841,0.0299821310108939,0.072));
#13859=CARTESIAN_POINT('',(-0.0584487265211841,0.0293970601945302,0.0725));
#13860=CARTESIAN_POINT('',(-0.0584487265211841,0.0293970601945302,0.072));
#13861=CARTESIAN_POINT('',(-0.057368852957267,0.0302746664190758,0.0725));
#13862=CARTESIAN_POINT('',(-0.057368852957267,0.0302746664190758,0.0725));
#13863=CARTESIAN_POINT('',(-0.057368852957267,0.0302746664190758,0.0725));
#13864=CARTESIAN_POINT('',(-0.0584487265211841,0.0302746664190758,0.0725));
#13865=CARTESIAN_POINT('',(-0.0584487265211841,0.0293970601945302,0.0725));
#13866=CARTESIAN_POINT('',(-0.0564218740502097,0.0302746664190758,0.0725));
#13867=CARTESIAN_POINT('',(-0.0564218740502097,0.0302746664190758,0.0725));
#13868=CARTESIAN_POINT('',(-0.0325,0.0325,0.0725));
#13869=CARTESIAN_POINT('',(-0.0273488372093025,0.0362922971541795,0.0725));
#13870=CARTESIAN_POINT('',(-0.0273488372093025,0.0362922971541795,0.072));
#13871=CARTESIAN_POINT('',(-0.0265008944543829,0.0362922971541795,0.0725));
#13872=CARTESIAN_POINT('',(-0.0265008944543829,0.0362922971541795,0.072));
#13873=CARTESIAN_POINT('',(-0.0258500298151462,0.0365728576789261,0.0725));
#13874=CARTESIAN_POINT('',(-0.0258500298151462,0.0365728576789261,0.072));
#13875=CARTESIAN_POINT('',(-0.0253962432915923,0.0371339787284192,0.0725));
#13876=CARTESIAN_POINT('',(-0.0253962432915923,0.0371339787284192,0.072));
#13877=CARTESIAN_POINT('',(-0.0273488372093025,0.0362922971541795,0.072));
#13878=CARTESIAN_POINT('',(-0.0260769230769232,0.0362922971541795,0.072));
#13879=CARTESIAN_POINT('',(-0.0253962432915923,0.0371339787284192,0.072));
#13880=CARTESIAN_POINT('',(-0.0273488372093025,0.0362922971541795,0.072));
#13881=CARTESIAN_POINT('',(-0.0253962432915923,0.0371339787284192,0.072));
#13882=CARTESIAN_POINT('',(-0.0273488372093025,0.0362922971541795,0.0725));
#13883=CARTESIAN_POINT('',(-0.0273488372093025,0.0362922971541795,0.0725));
#13884=CARTESIAN_POINT('',(-0.0273488372093025,0.0362922971541795,0.0725));
#13885=CARTESIAN_POINT('',(-0.0260769230769232,0.0362922971541795,0.0725));
#13886=CARTESIAN_POINT('',(-0.0253962432915923,0.0371339787284192,0.0725));
#13887=CARTESIAN_POINT('',(-0.0253962432915923,0.0371339787284192,0.0725));
#13888=CARTESIAN_POINT('',(-0.0253962432915923,0.0371339787284192,0.0725));
#13889=CARTESIAN_POINT('',(-0.0276574239713775,0.0362922971541795,0.0725));
#13890=CARTESIAN_POINT('',(-0.0276574239713775,0.0362922971541795,0.072));
#13891=CARTESIAN_POINT('',(-0.0279660107334527,0.0362922971541795,0.072));
#13892=CARTESIAN_POINT('',(-0.0279660107334527,0.0362922971541795,0.0725));
#13893=CARTESIAN_POINT('',(-0.0279660107334527,0.0362922971541795,0.0725));
#13894=CARTESIAN_POINT('',(-0.0276574239713775,0.0362922971541795,0.0725));
#13895=CARTESIAN_POINT('',(-0.0279660107334527,0.0392922971541795,0.0725));
#13896=CARTESIAN_POINT('',(-0.0279660107334527,0.0392922971541795,0.072));
#13897=CARTESIAN_POINT('',(-0.0279660107334527,0.0422922971541795,0.072));
#13898=CARTESIAN_POINT('',(-0.0279660107334527,0.0422922971541795,0.0725));
#13899=CARTESIAN_POINT('',(-0.0279660107334527,0.0422922971541795,0.0725));
#13900=CARTESIAN_POINT('',(-0.0279660107334527,0.0392922971541795,0.0725));
#13901=CARTESIAN_POINT('',(-0.0276574239713775,0.0422922971541795,0.0725));
#13902=CARTESIAN_POINT('',(-0.0276574239713775,0.0422922971541795,0.072));
#13903=CARTESIAN_POINT('',(-0.0273488372093025,0.0422922971541795,0.072));
#13904=CARTESIAN_POINT('',(-0.0273488372093025,0.0422922971541795,0.0725));
#13905=CARTESIAN_POINT('',(-0.0273488372093025,0.0422922971541795,0.0725));
#13906=CARTESIAN_POINT('',(-0.0276574239713775,0.0422922971541795,0.0725));
#13907=CARTESIAN_POINT('',(-0.0253962432915923,0.0414506155799398,0.0725));
#13908=CARTESIAN_POINT('',(-0.0253962432915923,0.0414506155799398,0.072));
#13909=CARTESIAN_POINT('',(-0.0258500298151462,0.0420117366294329,0.0725));
#13910=CARTESIAN_POINT('',(-0.0258500298151462,0.0420117366294329,0.072));
#13911=CARTESIAN_POINT('',(-0.0265008944543829,0.0422922971541795,0.0725));
#13912=CARTESIAN_POINT('',(-0.0265008944543829,0.0422922971541795,0.072));
#13913=CARTESIAN_POINT('',(-0.0273488372093025,0.0422922971541795,0.0725));
#13914=CARTESIAN_POINT('',(-0.0273488372093025,0.0422922971541795,0.072));
#13915=CARTESIAN_POINT('',(-0.0253962432915923,0.0414506155799398,0.072));
#13916=CARTESIAN_POINT('',(-0.0260769230769232,0.0422922971541795,0.072));
#13917=CARTESIAN_POINT('',(-0.0273488372093025,0.0422922971541795,0.072));
#13918=CARTESIAN_POINT('',(-0.0253962432915923,0.0414506155799398,0.072));
#13919=CARTESIAN_POINT('',(-0.0253962432915923,0.0414506155799398,0.0725));
#13920=CARTESIAN_POINT('',(-0.0253962432915923,0.0414506155799398,0.0725));
#13921=CARTESIAN_POINT('',(-0.0253962432915923,0.0414506155799398,0.0725));
#13922=CARTESIAN_POINT('',(-0.0260769230769232,0.0422922971541795,0.0725));
#13923=CARTESIAN_POINT('',(-0.0273488372093025,0.0422922971541795,0.0725));
#13924=CARTESIAN_POINT('',(-0.0246923076923078,0.0392922971541795,0.0725));
#13925=CARTESIAN_POINT('',(-0.0246923076923078,0.0392922971541795,0.072));
#13926=CARTESIAN_POINT('',(-0.0247078115682768,0.0401700550551932,0.0725));
#13927=CARTESIAN_POINT('',(-0.0247078115682768,0.0401700550551932,0.072));
#13928=CARTESIAN_POINT('',(-0.0249424567680383,0.0408894945304466,0.0725));
#13929=CARTESIAN_POINT('',(-0.0249424567680383,0.0408894945304466,0.072));
#13930=CARTESIAN_POINT('',(-0.0253962432915923,0.0414506155799398,0.0725));
#13931=CARTESIAN_POINT('',(-0.0253962432915923,0.0414506155799398,0.072));
#13932=CARTESIAN_POINT('',(-0.0246923076923078,0.0392922971541795,0.072));
#13933=CARTESIAN_POINT('',(-0.0247155635062613,0.0406089340057001,0.072));
#13934=CARTESIAN_POINT('',(-0.0253962432915923,0.0414506155799398,0.072));
#13935=CARTESIAN_POINT('',(-0.0246923076923078,0.0392922971541795,0.072));
#13936=CARTESIAN_POINT('',(-0.0246923076923078,0.0392922971541795,0.0725));
#13937=CARTESIAN_POINT('',(-0.0246923076923078,0.0392922971541795,0.0725));
#13938=CARTESIAN_POINT('',(-0.0246923076923078,0.0392922971541795,0.0725));
#13939=CARTESIAN_POINT('',(-0.0247155635062613,0.0406089340057001,0.0725));
#13940=CARTESIAN_POINT('',(-0.0253962432915923,0.0414506155799398,0.0725));
#13941=CARTESIAN_POINT('',(-0.023536672629696,0.0392922971541795,0.0725));
#13942=CARTESIAN_POINT('',(-0.023536672629696,0.0392922971541795,0.072));
#13943=CARTESIAN_POINT('',(-0.0235438282647586,0.0380174015071908,0.0725));
#13944=CARTESIAN_POINT('',(-0.0235438282647586,0.0380174015071908,0.072));
#13945=CARTESIAN_POINT('',(-0.0238965414430532,0.0370308183229332,0.0725));
#13946=CARTESIAN_POINT('',(-0.0238965414430532,0.0370308183229332,0.072));
#13947=CARTESIAN_POINT('',(-0.0245948121645797,0.0363325476014067,0.0725));
#13948=CARTESIAN_POINT('',(-0.0245948121645797,0.0363325476014067,0.072));
#13949=CARTESIAN_POINT('',(-0.023536672629696,0.0392922971541795,0.0725));
#13950=CARTESIAN_POINT('',(-0.023536672629696,0.0392922971541795,0.0725));
#13951=CARTESIAN_POINT('',(-0.023536672629696,0.0392922971541795,0.0725));
#13952=CARTESIAN_POINT('',(-0.0235474060822899,0.0373799536836965,0.0725));
#13953=CARTESIAN_POINT('',(-0.0245948121645797,0.0363325476014067,0.0725));
#13954=CARTESIAN_POINT('',(-0.0245948121645797,0.0363325476014067,0.0725));
#13955=CARTESIAN_POINT('',(-0.0245948121645797,0.0363325476014067,0.0725));
#13956=CARTESIAN_POINT('',(-0.0245948121645797,0.0422520467069523,0.0725));
#13957=CARTESIAN_POINT('',(-0.0245948121645797,0.0422520467069523,0.072));
#13958=CARTESIAN_POINT('',(-0.0238965414430532,0.0415537759854258,0.0725));
#13959=CARTESIAN_POINT('',(-0.0238965414430532,0.0415537759854258,0.072));
#13960=CARTESIAN_POINT('',(-0.0235438282647586,0.0405671928011682,0.0725));
#13961=CARTESIAN_POINT('',(-0.0235438282647586,0.0405671928011682,0.072));
#13962=CARTESIAN_POINT('',(-0.023536672629696,0.0392922971541795,0.0725));
#13963=CARTESIAN_POINT('',(-0.023536672629696,0.0392922971541795,0.072));
#13964=CARTESIAN_POINT('',(-0.0245948121645797,0.0422520467069523,0.0725));
#13965=CARTESIAN_POINT('',(-0.0245948121645797,0.0422520467069523,0.0725));
#13966=CARTESIAN_POINT('',(-0.0245948121645797,0.0422520467069523,0.0725));
#13967=CARTESIAN_POINT('',(-0.0235474060822899,0.0412046406246625,0.0725));
#13968=CARTESIAN_POINT('',(-0.023536672629696,0.0392922971541795,0.0725));
#13969=CARTESIAN_POINT('',(-0.0274865831842577,0.0432994527892421,0.0725));
#13970=CARTESIAN_POINT('',(-0.0274865831842577,0.0432994527892421,0.072));
#13971=CARTESIAN_POINT('',(-0.0262570065593322,0.0432994527892421,0.0725));
#13972=CARTESIAN_POINT('',(-0.0262570065593322,0.0432994527892421,0.072));
#13973=CARTESIAN_POINT('',(-0.0252930828861062,0.0429503174284788,0.0725));
#13974=CARTESIAN_POINT('',(-0.0252930828861062,0.0429503174284788,0.072));
#13975=CARTESIAN_POINT('',(-0.0245948121645797,0.0422520467069523,0.0725));
#13976=CARTESIAN_POINT('',(-0.0245948121645797,0.0422520467069523,0.072));
#13977=CARTESIAN_POINT('',(-0.0274865831842577,0.0432994527892421,0.0725));
#13978=CARTESIAN_POINT('',(-0.0274865831842577,0.0432994527892421,0.0725));
#13979=CARTESIAN_POINT('',(-0.0274865831842577,0.0432994527892421,0.0725));
#13980=CARTESIAN_POINT('',(-0.0256422182468695,0.0432994527892421,0.0725));
#13981=CARTESIAN_POINT('',(-0.0245948121645797,0.0422520467069523,0.0725));
#13982=CARTESIAN_POINT('',(-0.0282647584973167,0.0432994527892421,0.0725));
#13983=CARTESIAN_POINT('',(-0.0290429338103758,0.0432994527892421,0.0725));
#13984=CARTESIAN_POINT('',(-0.0290429338103758,0.0432994527892421,0.0725));
#13985=CARTESIAN_POINT('',(-0.0282647584973167,0.0432994527892421,0.0725));
#13986=CARTESIAN_POINT('',(-0.0290429338103758,0.0392922971541795,0.0725));
#13987=CARTESIAN_POINT('',(-0.0290429338103758,0.0352851415191169,0.0725));
#13988=CARTESIAN_POINT('',(-0.0290429338103758,0.0352851415191169,0.0725));
#13989=CARTESIAN_POINT('',(-0.0290429338103758,0.0392922971541795,0.0725));
#13990=CARTESIAN_POINT('',(-0.0282647584973167,0.0352851415191169,0.0725));
#13991=CARTESIAN_POINT('',(-0.0274865831842577,0.0352851415191169,0.0725));
#13992=CARTESIAN_POINT('',(-0.0274865831842577,0.0352851415191169,0.0725));
#13993=CARTESIAN_POINT('',(-0.0282647584973167,0.0352851415191169,0.0725));
#13994=CARTESIAN_POINT('',(-0.0245948121645797,0.0363325476014067,0.0725));
#13995=CARTESIAN_POINT('',(-0.0245948121645797,0.0363325476014067,0.072));
#13996=CARTESIAN_POINT('',(-0.0252930828861062,0.0356342768798802,0.0725));
#13997=CARTESIAN_POINT('',(-0.0252930828861062,0.0356342768798802,0.072));
#13998=CARTESIAN_POINT('',(-0.0262570065593322,0.0352851415191169,0.0725));
#13999=CARTESIAN_POINT('',(-0.0262570065593322,0.0352851415191169,0.072));
#14000=CARTESIAN_POINT('',(-0.0274865831842577,0.0352851415191169,0.0725));
#14001=CARTESIAN_POINT('',(-0.0274865831842577,0.0352851415191169,0.072));
#14002=CARTESIAN_POINT('',(-0.0245948121645797,0.0363325476014067,0.0725));
#14003=CARTESIAN_POINT('',(-0.0256422182468695,0.0352851415191169,0.0725));
#14004=CARTESIAN_POINT('',(-0.0274865831842577,0.0352851415191169,0.0725));
#14005=CARTESIAN_POINT('',(-0.0253962432915923,0.0371339787284192,0.0725));
#14006=CARTESIAN_POINT('',(-0.0253962432915923,0.0371339787284192,0.072));
#14007=CARTESIAN_POINT('',(-0.0249424567680383,0.0376950997779123,0.0725));
#14008=CARTESIAN_POINT('',(-0.0249424567680383,0.0376950997779123,0.072));
#14009=CARTESIAN_POINT('',(-0.0247078115682768,0.0384145392531658,0.0725));
#14010=CARTESIAN_POINT('',(-0.0247078115682768,0.0384145392531658,0.072));
#14011=CARTESIAN_POINT('',(-0.0246923076923078,0.0392922971541795,0.0725));
#14012=CARTESIAN_POINT('',(-0.0246923076923078,0.0392922971541795,0.072));
#14013=CARTESIAN_POINT('',(-0.0253962432915923,0.0371339787284192,0.072));
#14014=CARTESIAN_POINT('',(-0.0247155635062613,0.0379756603026589,0.072));
#14015=CARTESIAN_POINT('',(-0.0246923076923078,0.0392922971541795,0.072));
#14016=CARTESIAN_POINT('',(-0.0253962432915923,0.0371339787284192,0.0725));
#14017=CARTESIAN_POINT('',(-0.0247155635062613,0.0379756603026589,0.0725));
#14018=CARTESIAN_POINT('',(-0.0246923076923078,0.0392922971541795,0.0725));
#14019=CARTESIAN_POINT('',(-0.0325,0.0325,0.0725));
#14020=CARTESIAN_POINT('',(-0.0367647584973168,0.0407806692472027,0.0725));
#14021=CARTESIAN_POINT('',(-0.0377549194991057,0.0407806692472027,0.0725));
#14022=CARTESIAN_POINT('',(-0.0377549194991057,0.0407806692472027,0.0725));
#14023=CARTESIAN_POINT('',(-0.0367647584973168,0.0407806692472027,0.0725));
#14024=CARTESIAN_POINT('',(-0.0357745974955278,0.0407806692472027,0.0725));
#14025=CARTESIAN_POINT('',(-0.0357745974955278,0.0407806692472027,0.0725));
#14026=CARTESIAN_POINT('',(-0.0377549194991057,0.0380329053831598,0.0725));
#14027=CARTESIAN_POINT('',(-0.0377549194991057,0.0352851415191169,0.0725));
#14028=CARTESIAN_POINT('',(-0.0377549194991057,0.0352851415191169,0.0725));
#14029=CARTESIAN_POINT('',(-0.0377549194991057,0.0380329053831598,0.0725));
#14030=CARTESIAN_POINT('',(-0.0372513416815744,0.0352851415191169,0.0725));
#14031=CARTESIAN_POINT('',(-0.036747763864043,0.0352851415191169,0.0725));
#14032=CARTESIAN_POINT('',(-0.036747763864043,0.0352851415191169,0.0725));
#14033=CARTESIAN_POINT('',(-0.0372513416815744,0.0352851415191169,0.0725));
#14034=CARTESIAN_POINT('',(-0.036747763864043,0.0375516889251992,0.0725));
#14035=CARTESIAN_POINT('',(-0.036747763864043,0.0398182363312814,0.0725));
#14036=CARTESIAN_POINT('',(-0.036747763864043,0.0398182363312814,0.0725));
#14037=CARTESIAN_POINT('',(-0.036747763864043,0.0375516889251992,0.0725));
#14038=CARTESIAN_POINT('',(-0.0360948121645797,0.0398182363312814,0.0725));
#14039=CARTESIAN_POINT('',(-0.0354418604651164,0.0398182363312814,0.0725));
#14040=CARTESIAN_POINT('',(-0.0354418604651164,0.0398182363312814,0.0725));
#14041=CARTESIAN_POINT('',(-0.0360948121645797,0.0398182363312814,0.0725));
#14042=CARTESIAN_POINT('',(-0.0348577817531307,0.0397100073509595,0.0725));
#14043=CARTESIAN_POINT('',(-0.0348577817531307,0.0397100073509595,0.072));
#14044=CARTESIAN_POINT('',(-0.0350181872391176,0.0397821600045075,0.0725));
#14045=CARTESIAN_POINT('',(-0.0350181872391176,0.0397821600045075,0.072));
#14046=CARTESIAN_POINT('',(-0.0352128801431128,0.0398182363312814,0.0725));
#14047=CARTESIAN_POINT('',(-0.0352128801431128,0.0398182363312814,0.072));
#14048=CARTESIAN_POINT('',(-0.0354418604651164,0.0398182363312814,0.0725));
#14049=CARTESIAN_POINT('',(-0.0354418604651164,0.0398182363312814,0.072));
#14050=CARTESIAN_POINT('',(-0.0348577817531307,0.0397100073509595,0.0725));
#14051=CARTESIAN_POINT('',(-0.0348577817531307,0.0397100073509595,0.0725));
#14052=CARTESIAN_POINT('',(-0.0348577817531307,0.0397100073509595,0.0725));
#14053=CARTESIAN_POINT('',(-0.035098389982111,0.0398182363312814,0.0725));
#14054=CARTESIAN_POINT('',(-0.0354418604651164,0.0398182363312814,0.0725));
#14055=CARTESIAN_POINT('',(-0.0344919499105546,0.0394586656693852,0.0725));
#14056=CARTESIAN_POINT('',(-0.0344919499105546,0.0394586656693852,0.072));
#14057=CARTESIAN_POINT('',(-0.0345754323196184,0.0395540741368867,0.0725));
#14058=CARTESIAN_POINT('',(-0.0345754323196184,0.0395540741368867,0.072));
#14059=CARTESIAN_POINT('',(-0.0346973762671438,0.0396378546974115,0.0725));
#14060=CARTESIAN_POINT('',(-0.0346973762671438,0.0396378546974115,0.072));
#14061=CARTESIAN_POINT('',(-0.0348577817531307,0.0397100073509595,0.0725));
#14062=CARTESIAN_POINT('',(-0.0348577817531307,0.0397100073509595,0.072));
#14063=CARTESIAN_POINT('',(-0.0344919499105546,0.0394586656693852,0.0725));
#14064=CARTESIAN_POINT('',(-0.0344919499105546,0.0394586656693852,0.0725));
#14065=CARTESIAN_POINT('',(-0.0344919499105546,0.0394586656693852,0.0725));
#14066=CARTESIAN_POINT('',(-0.0346171735241503,0.0396017783706374,0.0725));
#14067=CARTESIAN_POINT('',(-0.0348577817531307,0.0397100073509595,0.0725));
#14068=CARTESIAN_POINT('',(-0.0352581154310814,0.0388227323059907,0.0725000000000003));
#14069=CARTESIAN_POINT('',(-0.0342978533094813,0.0390919393724264,0.0725));
#14070=CARTESIAN_POINT('',(-0.0342982369707086,0.0390918304881133,0.0725));
#14071=CARTESIAN_POINT('',(-0.0352581154310814,0.0388227323059907,0.0725));
#14072=CARTESIAN_POINT('',(-0.0360512563860273,0.0385069033601651,0.0725000000000011));
#14073=CARTESIAN_POINT('',(-0.0342173524150269,0.0387252130754675,0.0725));
#14074=CARTESIAN_POINT('',(-0.034216926611293,0.0387252747902148,0.0725));
#14075=CARTESIAN_POINT('',(-0.0360512563860273,0.0385069033601651,0.0725));
#14076=CARTESIAN_POINT('',(-0.0386771167627656,0.0384072364215699,0.072500000000007));
#14077=CARTESIAN_POINT('',(-0.0342057245080502,0.0383763758661652,0.0725));
#14078=CARTESIAN_POINT('',(-0.0342058205468981,0.038376376529004,0.07249999975));
#14079=CARTESIAN_POINT('',(-0.0386771167627656,0.0384072364215699,0.0725));
#14080=CARTESIAN_POINT('',(-0.0342057245080502,0.036830758692641,0.0725));
#14081=CARTESIAN_POINT('',(-0.0342057245080502,0.0352851415191169,0.0725));
#14082=CARTESIAN_POINT('',(-0.0342057245080502,0.0352851415191169,0.0725));
#14083=CARTESIAN_POINT('',(-0.0342057245080502,0.036830758692641,0.0725));
#14084=CARTESIAN_POINT('',(-0.0337021466905189,0.0352851415191169,0.0725));
#14085=CARTESIAN_POINT('',(-0.0331985688729876,0.0352851415191169,0.0725));
#14086=CARTESIAN_POINT('',(-0.0331985688729876,0.0352851415191169,0.0725));
#14087=CARTESIAN_POINT('',(-0.0337021466905189,0.0352851415191169,0.0725));
#14088=CARTESIAN_POINT('',(-0.0331985688729876,0.036836125418938,0.0725));
#14089=CARTESIAN_POINT('',(-0.0331985688729876,0.0383871093187591,0.0725));
#14090=CARTESIAN_POINT('',(-0.0331985688729876,0.0383871093187591,0.0725));
#14091=CARTESIAN_POINT('',(-0.0331985688729876,0.036836125418938,0.0725));
#14092=CARTESIAN_POINT('',(-0.0333300536672631,0.0396071450969344,0.0725));
#14093=CARTESIAN_POINT('',(-0.0333300536672631,0.0396071450969344,0.072));
#14094=CARTESIAN_POINT('',(-0.0332423971377461,0.0392982601833983,0.0725));
#14095=CARTESIAN_POINT('',(-0.0332423971377461,0.0392982601833983,0.072));
#14096=CARTESIAN_POINT('',(-0.0331985688729876,0.0388915815906732,0.0725));
#14097=CARTESIAN_POINT('',(-0.0331985688729876,0.0388915815906732,0.072));
#14098=CARTESIAN_POINT('',(-0.0331985688729876,0.0383871093187591,0.0725));
#14099=CARTESIAN_POINT('',(-0.0331985688729876,0.0383871093187591,0.072));
#14100=CARTESIAN_POINT('',(-0.0333300536672631,0.0396071450969344,0.0725));
#14101=CARTESIAN_POINT('',(-0.0333300536672631,0.0396071450969344,0.0725));
#14102=CARTESIAN_POINT('',(-0.0333300536672631,0.0396071450969344,0.0725));
#14103=CARTESIAN_POINT('',(-0.0331985688729876,0.0391438177266303,0.0725));
#14104=CARTESIAN_POINT('',(-0.0331985688729876,0.0383871093187591,0.0725));
#14105=CARTESIAN_POINT('',(-0.0339534883720932,0.04040320949765,0.0725));
#14106=CARTESIAN_POINT('',(-0.0339534883720932,0.04040320949765,0.072));
#14107=CARTESIAN_POINT('',(-0.0336255217650568,0.040181384810709,0.0725));
#14108=CARTESIAN_POINT('',(-0.0336255217650568,0.040181384810709,0.072));
#14109=CARTESIAN_POINT('',(-0.0334177101967801,0.0399160300104705,0.0725));
#14110=CARTESIAN_POINT('',(-0.0334177101967801,0.0399160300104705,0.072));
#14111=CARTESIAN_POINT('',(-0.0333300536672631,0.0396071450969344,0.0725));
#14112=CARTESIAN_POINT('',(-0.0333300536672631,0.0396071450969344,0.072));
#14113=CARTESIAN_POINT('',(-0.0339534883720932,0.04040320949765,0.0725));
#14114=CARTESIAN_POINT('',(-0.0339534883720932,0.04040320949765,0.0725));
#14115=CARTESIAN_POINT('',(-0.0339534883720932,0.04040320949765,0.0725));
#14116=CARTESIAN_POINT('',(-0.0334615384615385,0.0400704724672385,0.0725));
#14117=CARTESIAN_POINT('',(-0.0333300536672631,0.0396071450969344,0.0725));
#14118=CARTESIAN_POINT('',(-0.0357745974955278,0.0407806692472027,0.0725));
#14119=CARTESIAN_POINT('',(-0.0357745974955278,0.0407806692472027,0.072));
#14120=CARTESIAN_POINT('',(-0.0349266547406083,0.0407806692472027,0.0725));
#14121=CARTESIAN_POINT('',(-0.0349266547406083,0.0407806692472027,0.072));
#14122=CARTESIAN_POINT('',(-0.0343196183661301,0.0406548493306852,0.0725));
#14123=CARTESIAN_POINT('',(-0.0343196183661301,0.0406548493306852,0.072));
#14124=CARTESIAN_POINT('',(-0.0339534883720932,0.04040320949765,0.0725));
#14125=CARTESIAN_POINT('',(-0.0339534883720932,0.04040320949765,0.072));
#14126=CARTESIAN_POINT('',(-0.0357745974955278,0.0407806692472027,0.0725));
#14127=CARTESIAN_POINT('',(-0.0345026833631486,0.0407806692472027,0.0725));
#14128=CARTESIAN_POINT('',(-0.0339534883720932,0.04040320949765,0.0725));
#14129=CARTESIAN_POINT('',(-0.0325,0.0325,0.0725));
#14130=CARTESIAN_POINT('',(-0.0409033989266549,0.0408951594082045,0.0725));
#14131=CARTESIAN_POINT('',(-0.0409033989266549,0.0408951594082045,0.072));
#14132=CARTESIAN_POINT('',(-0.0396058437686346,0.0408414921452349,0.0725));
#14133=CARTESIAN_POINT('',(-0.0396058437686346,0.0408414921452349,0.072));
#14134=CARTESIAN_POINT('',(-0.0389570661896244,0.0403036269096953,0.0725));
#14135=CARTESIAN_POINT('',(-0.0389570661896244,0.0403036269096953,0.072));
#14136=CARTESIAN_POINT('',(-0.0389570661896244,0.0392815637015856,0.0725));
#14137=CARTESIAN_POINT('',(-0.0389570661896244,0.0392815637015856,0.072));
#14138=CARTESIAN_POINT('',(-0.0409033989266549,0.0408951594082045,0.0725));
#14139=CARTESIAN_POINT('',(-0.0409033989266549,0.0408951594082045,0.0725));
#14140=CARTESIAN_POINT('',(-0.0409033989266549,0.0408951594082045,0.0725));
#14141=CARTESIAN_POINT('',(-0.0389570661896244,0.0408146585137502,0.0725));
#14142=CARTESIAN_POINT('',(-0.0389570661896244,0.0392815637015856,0.0725));
#14143=CARTESIAN_POINT('',(-0.0389570661896244,0.0392815637015856,0.0725));
#14144=CARTESIAN_POINT('',(-0.0389570661896244,0.0392815637015856,0.0725));
#14145=CARTESIAN_POINT('',(-0.0429982110912345,0.0401053561881688,0.0725));
#14146=CARTESIAN_POINT('',(-0.0429982110912345,0.0401053561881688,0.072));
#14147=CARTESIAN_POINT('',(-0.0424865831842577,0.0406628994201306,0.0725));
#14148=CARTESIAN_POINT('',(-0.0424865831842577,0.0406628994201306,0.072));
#14149=CARTESIAN_POINT('',(-0.0417883124627312,0.0409261671601425,0.0725));
#14150=CARTESIAN_POINT('',(-0.0417883124627312,0.0409261671601425,0.072));
#14151=CARTESIAN_POINT('',(-0.0409033989266549,0.0408951594082045,0.0725));
#14152=CARTESIAN_POINT('',(-0.0409033989266549,0.0408951594082045,0.072));
#14153=CARTESIAN_POINT('',(-0.0429982110912345,0.0401053561881688,0.0725));
#14154=CARTESIAN_POINT('',(-0.0429982110912345,0.0401053561881688,0.0725));
#14155=CARTESIAN_POINT('',(-0.0429982110912345,0.0401053561881688,0.0725));
#14156=CARTESIAN_POINT('',(-0.0422307692307693,0.0409416710361115,0.0725));
#14157=CARTESIAN_POINT('',(-0.0409033989266549,0.0408951594082045,0.0725));
#14158=CARTESIAN_POINT('',(-0.0437656529516995,0.0379184152221581,0.0725));
#14159=CARTESIAN_POINT('',(-0.0437656529516995,0.0379184152221581,0.072));
#14160=CARTESIAN_POINT('',(-0.0437656529516995,0.0388188326342034,0.0725));
#14161=CARTESIAN_POINT('',(-0.0437656529516995,0.0388188326342034,0.072));
#14162=CARTESIAN_POINT('',(-0.0435098389982112,0.0395478129562069,0.0725));
#14163=CARTESIAN_POINT('',(-0.0435098389982112,0.0395478129562069,0.072));
#14164=CARTESIAN_POINT('',(-0.0429982110912345,0.0401053561881688,0.0725));
#14165=CARTESIAN_POINT('',(-0.0429982110912345,0.0401053561881688,0.072));
#14166=CARTESIAN_POINT('',(-0.0437656529516995,0.0379184152221581,0.0725));
#14167=CARTESIAN_POINT('',(-0.0437656529516995,0.0379184152221581,0.0725));
#14168=CARTESIAN_POINT('',(-0.0437656529516995,0.0379184152221581,0.0725));
#14169=CARTESIAN_POINT('',(-0.0437656529516995,0.039269041340226,0.0725));
#14170=CARTESIAN_POINT('',(-0.0429982110912345,0.0401053561881688,0.0725));
#14171=CARTESIAN_POINT('',(-0.0429874776386405,0.0359380932185802,0.0725));
#14172=CARTESIAN_POINT('',(-0.0429874776386405,0.0359380932185802,0.072));
#14173=CARTESIAN_POINT('',(-0.0435062611806799,0.036449721125557,0.0725));
#14174=CARTESIAN_POINT('',(-0.0435062611806799,0.036449721125557,0.072));
#14175=CARTESIAN_POINT('',(-0.0437656529516995,0.0371098284600829,0.0725));
#14176=CARTESIAN_POINT('',(-0.0437656529516995,0.0371098284600829,0.072));
#14177=CARTESIAN_POINT('',(-0.0437656529516995,0.0379184152221581,0.0725));
#14178=CARTESIAN_POINT('',(-0.0437656529516995,0.0379184152221581,0.072));
#14179=CARTESIAN_POINT('',(-0.0429874776386405,0.0359380932185802,0.0725));
#14180=CARTESIAN_POINT('',(-0.0429874776386405,0.0359380932185802,0.0725));
#14181=CARTESIAN_POINT('',(-0.0429874776386405,0.0359380932185802,0.0725));
#14182=CARTESIAN_POINT('',(-0.0437656529516995,0.0367055350790453,0.0725));
#14183=CARTESIAN_POINT('',(-0.0437656529516995,0.0379184152221581,0.0725));
#14184=CARTESIAN_POINT('',(-0.0409033989266549,0.0351706513581151,0.0725));
#14185=CARTESIAN_POINT('',(-0.0409033989266549,0.0351706513581151,0.072));
#14186=CARTESIAN_POINT('',(-0.041774001192606,0.0351706513581151,0.0725));
#14187=CARTESIAN_POINT('',(-0.041774001192606,0.0351706513581151,0.072));
#14188=CARTESIAN_POINT('',(-0.0424686940966012,0.0354264653116035,0.0725));
#14189=CARTESIAN_POINT('',(-0.0424686940966012,0.0354264653116035,0.072));
#14190=CARTESIAN_POINT('',(-0.0429874776386405,0.0359380932185802,0.0725));
#14191=CARTESIAN_POINT('',(-0.0429874776386405,0.0359380932185802,0.072));
#14192=CARTESIAN_POINT('',(-0.0409033989266549,0.0351706513581151,0.0725));
#14193=CARTESIAN_POINT('',(-0.0409033989266549,0.0351706513581151,0.0725));
#14194=CARTESIAN_POINT('',(-0.0409033989266549,0.0351706513581151,0.0725));
#14195=CARTESIAN_POINT('',(-0.0422093023255815,0.0351706513581151,0.0725));
#14196=CARTESIAN_POINT('',(-0.0429874776386405,0.0359380932185802,0.0725));
#14197=CARTESIAN_POINT('',(-0.0390375670840788,0.0358110806962189,0.0725));
#14198=CARTESIAN_POINT('',(-0.0390375670840788,0.0358110806962189,0.072));
#14199=CARTESIAN_POINT('',(-0.0395635062611808,0.0353841278041497,0.0725));
#14200=CARTESIAN_POINT('',(-0.0395635062611808,0.0353841278041497,0.072));
#14201=CARTESIAN_POINT('',(-0.0401854502087061,0.0351706513581151,0.0725));
#14202=CARTESIAN_POINT('',(-0.0401854502087061,0.0351706513581151,0.072));
#14203=CARTESIAN_POINT('',(-0.0409033989266549,0.0351706513581151,0.0725));
#14204=CARTESIAN_POINT('',(-0.0409033989266549,0.0351706513581151,0.072));
#14205=CARTESIAN_POINT('',(-0.0390375670840788,0.0358110806962189,0.0725));
#14206=CARTESIAN_POINT('',(-0.0390375670840788,0.0358110806962189,0.0725));
#14207=CARTESIAN_POINT('',(-0.0390375670840788,0.0358110806962189,0.0725));
#14208=CARTESIAN_POINT('',(-0.0398264758497318,0.0351706513581151,0.0725));
#14209=CARTESIAN_POINT('',(-0.0409033989266549,0.0351706513581151,0.0725));
#14210=CARTESIAN_POINT('',(-0.0393810375670842,0.0361491844529273,0.0725));
#14211=CARTESIAN_POINT('',(-0.0397245080500895,0.0364872882096357,0.0725));
#14212=CARTESIAN_POINT('',(-0.0397245080500895,0.0364872882096357,0.0725));
#14213=CARTESIAN_POINT('',(-0.0393810375670842,0.0361491844529273,0.0725));
#14214=CARTESIAN_POINT('',(-0.0409033989266549,0.0361330842740364,0.0725));
#14215=CARTESIAN_POINT('',(-0.0409033989266549,0.0361330842740364,0.072));
#14216=CARTESIAN_POINT('',(-0.0404227787716161,0.0361330842740364,0.0725));
#14217=CARTESIAN_POINT('',(-0.0404227787716161,0.0361330842740364,0.072));
#14218=CARTESIAN_POINT('',(-0.0400298151460943,0.0362511522525695,0.0725));
#14219=CARTESIAN_POINT('',(-0.0400298151460943,0.0362511522525695,0.072));
#14220=CARTESIAN_POINT('',(-0.0397245080500895,0.0364872882096357,0.0725));
#14221=CARTESIAN_POINT('',(-0.0397245080500895,0.0364872882096357,0.072));
#14222=CARTESIAN_POINT('',(-0.0409033989266549,0.0361330842740364,0.0725));
#14223=CARTESIAN_POINT('',(-0.0409033989266549,0.0361330842740364,0.0725));
#14224=CARTESIAN_POINT('',(-0.0409033989266549,0.0361330842740364,0.0725));
#14225=CARTESIAN_POINT('',(-0.0401824686940967,0.0361330842740364,0.0725));
#14226=CARTESIAN_POINT('',(-0.0397245080500895,0.0364872882096357,0.0725));
#14227=CARTESIAN_POINT('',(-0.0422030411449017,0.0366590234511383,0.0725));
#14228=CARTESIAN_POINT('',(-0.0422030411449017,0.0366590234511383,0.072));
#14229=CARTESIAN_POINT('',(-0.0418709004174121,0.0363083973330704,0.0725));
#14230=CARTESIAN_POINT('',(-0.0418709004174121,0.0363083973330704,0.072));
#14231=CARTESIAN_POINT('',(-0.0414376863446632,0.0361330842740364,0.0725));
#14232=CARTESIAN_POINT('',(-0.0414376863446632,0.0361330842740364,0.072));
#14233=CARTESIAN_POINT('',(-0.0409033989266549,0.0361330842740364,0.0725));
#14234=CARTESIAN_POINT('',(-0.0409033989266549,0.0361330842740364,0.072));
#14235=CARTESIAN_POINT('',(-0.0422030411449017,0.0366590234511383,0.0725));
#14236=CARTESIAN_POINT('',(-0.0422030411449017,0.0366590234511383,0.0725));
#14237=CARTESIAN_POINT('',(-0.0422030411449017,0.0366590234511383,0.0725));
#14238=CARTESIAN_POINT('',(-0.0417048300536673,0.0361330842740364,0.0725));
#14239=CARTESIAN_POINT('',(-0.0409033989266549,0.0361330842740364,0.0725));
#14240=CARTESIAN_POINT('',(-0.0427012522361361,0.0380329053831598,0.0725));
#14241=CARTESIAN_POINT('',(-0.0427012522361361,0.0380329053831598,0.072));
#14242=CARTESIAN_POINT('',(-0.0427012522361361,0.0374676102132135,0.0725));
#14243=CARTESIAN_POINT('',(-0.0427012522361361,0.0374676102132135,0.072));
#14244=CARTESIAN_POINT('',(-0.0425351818723913,0.0370096495692063,0.0725));
#14245=CARTESIAN_POINT('',(-0.0425351818723913,0.0370096495692063,0.072));
#14246=CARTESIAN_POINT('',(-0.0422030411449017,0.0366590234511383,0.0725));
#14247=CARTESIAN_POINT('',(-0.0422030411449017,0.0366590234511383,0.072));
#14248=CARTESIAN_POINT('',(-0.0427012522361361,0.0380329053831598,0.0725));
#14249=CARTESIAN_POINT('',(-0.0427012522361361,0.0380329053831598,0.0725));
#14250=CARTESIAN_POINT('',(-0.0427012522361361,0.0380329053831598,0.0725));
#14251=CARTESIAN_POINT('',(-0.0427012522361361,0.0371849626282403,0.0725));
#14252=CARTESIAN_POINT('',(-0.0422030411449017,0.0366590234511383,0.0725));
#14253=CARTESIAN_POINT('',(-0.0422370304114491,0.0394067873151813,0.0725));
#14254=CARTESIAN_POINT('',(-0.0422370304114491,0.0394067873151813,0.072));
#14255=CARTESIAN_POINT('',(-0.0425465116279071,0.0390251534451753,0.0725));
#14256=CARTESIAN_POINT('',(-0.0425465116279071,0.0390251534451753,0.072));
#14257=CARTESIAN_POINT('',(-0.0427012522361361,0.0385671928011682,0.0725));
#14258=CARTESIAN_POINT('',(-0.0427012522361361,0.0385671928011682,0.072));
#14259=CARTESIAN_POINT('',(-0.0427012522361361,0.0380329053831598,0.0725));
#14260=CARTESIAN_POINT('',(-0.0427012522361361,0.0380329053831598,0.072));
#14261=CARTESIAN_POINT('',(-0.0422370304114491,0.0394067873151813,0.0725));
#14262=CARTESIAN_POINT('',(-0.0422370304114491,0.0394067873151813,0.0725));
#14263=CARTESIAN_POINT('',(-0.0422370304114491,0.0394067873151813,0.0725));
#14264=CARTESIAN_POINT('',(-0.0427012522361361,0.0388343365101723,0.0725));
#14265=CARTESIAN_POINT('',(-0.0427012522361361,0.0380329053831598,0.0725));
#14266=CARTESIAN_POINT('',(-0.0409606440071557,0.0399792381201903,0.0725));
#14267=CARTESIAN_POINT('',(-0.0409606440071557,0.0399792381201903,0.072));
#14268=CARTESIAN_POINT('',(-0.0415020870602267,0.0399792381201903,0.0725));
#14269=CARTESIAN_POINT('',(-0.0415020870602267,0.0399792381201903,0.072));
#14270=CARTESIAN_POINT('',(-0.0419275491949912,0.0397884211851873,0.0725));
#14271=CARTESIAN_POINT('',(-0.0419275491949912,0.0397884211851873,0.072));
#14272=CARTESIAN_POINT('',(-0.0422370304114491,0.0394067873151813,0.0725));
#14273=CARTESIAN_POINT('',(-0.0422370304114491,0.0394067873151813,0.072));
#14274=CARTESIAN_POINT('',(-0.0409606440071557,0.0399792381201903,0.0725));
#14275=CARTESIAN_POINT('',(-0.0409606440071557,0.0399792381201903,0.0725));
#14276=CARTESIAN_POINT('',(-0.0409606440071557,0.0399792381201903,0.0725));
#14277=CARTESIAN_POINT('',(-0.0417728085867622,0.0399792381201903,0.0725));
#14278=CARTESIAN_POINT('',(-0.0422370304114491,0.0394067873151813,0.0725));
#14279=CARTESIAN_POINT('',(-0.0402853309481217,0.0398021361523906,0.0725));
#14280=CARTESIAN_POINT('',(-0.0402853309481217,0.0398021361523906,0.072));
#14281=CARTESIAN_POINT('',(-0.0404612403100776,0.0399202041309237,0.0725));
#14282=CARTESIAN_POINT('',(-0.0404612403100776,0.0399202041309237,0.072));
#14283=CARTESIAN_POINT('',(-0.040686344663089,0.0399792381201903,0.0725));
#14284=CARTESIAN_POINT('',(-0.040686344663089,0.0399792381201903,0.072));
#14285=CARTESIAN_POINT('',(-0.0409606440071557,0.0399792381201903,0.0725));
#14286=CARTESIAN_POINT('',(-0.0409606440071557,0.0399792381201903,0.072));
#14287=CARTESIAN_POINT('',(-0.0402853309481217,0.0398021361523906,0.0725));
#14288=CARTESIAN_POINT('',(-0.0402853309481217,0.0398021361523906,0.0725));
#14289=CARTESIAN_POINT('',(-0.0402853309481217,0.0398021361523906,0.0725));
#14290=CARTESIAN_POINT('',(-0.0405491949910556,0.0399792381201903,0.0725));
#14291=CARTESIAN_POINT('',(-0.0409606440071557,0.0399792381201903,0.0725));
#14292=CARTESIAN_POINT('',(-0.0400214669051879,0.039269041340226,0.0725));
#14293=CARTESIAN_POINT('',(-0.0400214669051879,0.039269041340226,0.072));
#14294=CARTESIAN_POINT('',(-0.0400214669051879,0.039506369903136,0.0725));
#14295=CARTESIAN_POINT('',(-0.0400214669051879,0.039506369903136,0.072));
#14296=CARTESIAN_POINT('',(-0.0401094215861659,0.0396840681738575,0.0725));
#14297=CARTESIAN_POINT('',(-0.0401094215861659,0.0396840681738575,0.072));
#14298=CARTESIAN_POINT('',(-0.0402853309481217,0.0398021361523906,0.0725));
#14299=CARTESIAN_POINT('',(-0.0402853309481217,0.0398021361523906,0.072));
#14300=CARTESIAN_POINT('',(-0.0400214669051879,0.039269041340226,0.0725));
#14301=CARTESIAN_POINT('',(-0.0400214669051879,0.039269041340226,0.0725));
#14302=CARTESIAN_POINT('',(-0.0400214669051879,0.039269041340226,0.0725));
#14303=CARTESIAN_POINT('',(-0.0400214669051879,0.039625034184591,0.0725));
#14304=CARTESIAN_POINT('',(-0.0402853309481217,0.0398021361523906,0.0725));
#14305=CARTESIAN_POINT('',(-0.0403193202146691,0.03848549930087,0.0725));
#14306=CARTESIAN_POINT('',(-0.0403193202146691,0.03848549930087,0.072));
#14307=CARTESIAN_POINT('',(-0.0401207513416817,0.0386417306664037,0.0725));
#14308=CARTESIAN_POINT('',(-0.0401207513416817,0.0386417306664037,0.072));
#14309=CARTESIAN_POINT('',(-0.0400214669051879,0.038902911346189,0.0725));
#14310=CARTESIAN_POINT('',(-0.0400214669051879,0.038902911346189,0.072));
#14311=CARTESIAN_POINT('',(-0.0400214669051879,0.039269041340226,0.0725));
#14312=CARTESIAN_POINT('',(-0.0400214669051879,0.039269041340226,0.072));
#14313=CARTESIAN_POINT('',(-0.0403193202146691,0.03848549930087,0.0725));
#14314=CARTESIAN_POINT('',(-0.0403193202146691,0.03848549930087,0.0725));
#14315=CARTESIAN_POINT('',(-0.0403193202146691,0.03848549930087,0.0725));
#14316=CARTESIAN_POINT('',(-0.0400214669051879,0.0387198463491705,0.0725));
#14317=CARTESIAN_POINT('',(-0.0400214669051879,0.039269041340226,0.0725));
#14318=CARTESIAN_POINT('',(-0.0413846153846155,0.0382511522525695,0.0725));
#14319=CARTESIAN_POINT('',(-0.0413846153846155,0.0382511522525695,0.072));
#14320=CARTESIAN_POINT('',(-0.0408729874776387,0.0382511522525695,0.0725));
#14321=CARTESIAN_POINT('',(-0.0408729874776387,0.0382511522525695,0.072));
#14322=CARTESIAN_POINT('',(-0.0405178890876566,0.0383292679353363,0.0725));
#14323=CARTESIAN_POINT('',(-0.0405178890876566,0.0383292679353363,0.072));
#14324=CARTESIAN_POINT('',(-0.0403193202146691,0.03848549930087,0.0725));
#14325=CARTESIAN_POINT('',(-0.0403193202146691,0.03848549930087,0.072));
#14326=CARTESIAN_POINT('',(-0.0413846153846155,0.0382511522525695,0.0725));
#14327=CARTESIAN_POINT('',(-0.0413846153846155,0.0382511522525695,0.0725));
#14328=CARTESIAN_POINT('',(-0.0413846153846155,0.0382511522525695,0.0725));
#14329=CARTESIAN_POINT('',(-0.0406171735241503,0.0382511522525695,0.0725));
#14330=CARTESIAN_POINT('',(-0.0403193202146691,0.03848549930087,0.0725));
#14331=CARTESIAN_POINT('',(-0.0416592128801432,0.0382511522525695,0.0725));
#14332=CARTESIAN_POINT('',(-0.0419338103756709,0.0382511522525695,0.0725));
#14333=CARTESIAN_POINT('',(-0.0419338103756709,0.0382511522525695,0.0725));
#14334=CARTESIAN_POINT('',(-0.0416592128801432,0.0382511522525695,0.0725));
#14335=CARTESIAN_POINT('',(-0.0419338103756709,0.037810186241836,0.0725));
#14336=CARTESIAN_POINT('',(-0.0419338103756709,0.0373692202311025,0.0725));
#14337=CARTESIAN_POINT('',(-0.0419338103756709,0.0373692202311025,0.0725));
#14338=CARTESIAN_POINT('',(-0.0419338103756709,0.037810186241836,0.0725));
#14339=CARTESIAN_POINT('',(-0.0416994633273704,0.0373692202311025,0.0725));
#14340=CARTESIAN_POINT('',(-0.0414651162790699,0.0373692202311025,0.0725));
#14341=CARTESIAN_POINT('',(-0.0414651162790699,0.0373692202311025,0.0725));
#14342=CARTESIAN_POINT('',(-0.0416994633273704,0.0373692202311025,0.0725));
#14343=CARTESIAN_POINT('',(-0.0389570661896244,0.0392815637015856,0.0725));
#14344=CARTESIAN_POINT('',(-0.0389570661896244,0.0392815637015856,0.072));
#14345=CARTESIAN_POINT('',(-0.0389570661896244,0.0380066680545969,0.0725));
#14346=CARTESIAN_POINT('',(-0.0389570661896244,0.0380066680545969,0.072));
#14347=CARTESIAN_POINT('',(-0.0397930828861063,0.0373692202311025,0.0725));
#14348=CARTESIAN_POINT('',(-0.0397930828861063,0.0373692202311025,0.072));
#14349=CARTESIAN_POINT('',(-0.0414651162790699,0.0373692202311025,0.0725));
#14350=CARTESIAN_POINT('',(-0.0414651162790699,0.0373692202311025,0.072));
#14351=CARTESIAN_POINT('',(-0.0389570661896244,0.0392815637015856,0.0725));
#14352=CARTESIAN_POINT('',(-0.0389570661896244,0.0373692202311025,0.0725));
#14353=CARTESIAN_POINT('',(-0.0414651162790699,0.0373692202311025,0.0725));
#14354=CARTESIAN_POINT('',(-0.0325,0.0325,0.0725));
#14355=CARTESIAN_POINT('',(-0.0504060822898033,0.0353540145065945,0.0725));
#14356=CARTESIAN_POINT('',(-0.0504060822898033,0.0326751236300293,0.0725));
#14357=CARTESIAN_POINT('',(-0.0504060822898033,0.0326751236300293,0.0725));
#14358=CARTESIAN_POINT('',(-0.0504060822898033,0.0353540145065945,0.0725));
#14359=CARTESIAN_POINT('',(-0.0504058207297005,0.0380329072200369,0.07249999975));
#14360=CARTESIAN_POINT('',(-0.0504060822898033,0.0380329053831598,0.0725));
#14361=CARTESIAN_POINT('',(-0.0498908765652953,0.0326751236300293,0.0725));
#14362=CARTESIAN_POINT('',(-0.0493756708407872,0.0326751236300293,0.0725));
#14363=CARTESIAN_POINT('',(-0.0493756708407872,0.0326751236300293,0.0725));
#14364=CARTESIAN_POINT('',(-0.0498908765652953,0.0326751236300293,0.0725));
#14365=CARTESIAN_POINT('',(-0.0493756708407872,0.0353540145065945,0.0725));
#14366=CARTESIAN_POINT('',(-0.0493756708407872,0.0380329053831598,0.0725));
#14367=CARTESIAN_POINT('',(-0.0493752655042887,0.0380329111097619,0.0725));
#14368=CARTESIAN_POINT('',(-0.0493756708407872,0.0353540145065945,0.0725));
#14369=CARTESIAN_POINT('',(-0.0471124385101893,0.0380648803746342,0.0725000000000004));
#14370=CARTESIAN_POINT('',(-0.0492495527728087,0.0388057139699219,0.0725));
#14371=CARTESIAN_POINT('',(-0.0492496726440011,0.0388057548340836,0.0725));
#14372=CARTESIAN_POINT('',(-0.0471124385101893,0.0380648803746342,0.0725));
#14373=CARTESIAN_POINT('',(-0.0476057719678628,0.0382312445437021,0.0725000000000003));
#14374=CARTESIAN_POINT('',(-0.0488890876565296,0.0394067873151813,0.0725));
#14375=CARTESIAN_POINT('',(-0.0488892396393265,0.0394069261304664,0.0725));
#14376=CARTESIAN_POINT('',(-0.0476057719678628,0.0382312445437021,0.0725));
#14377=CARTESIAN_POINT('',(-0.0477190715347885,0.0383175976804812,0.0725000000000002));
#14378=CARTESIAN_POINT('',(-0.0483282647584974,0.0397958749717108,0.0725));
#14379=CARTESIAN_POINT('',(-0.0483283600844581,0.0397961136672723,0.0725));
#14380=CARTESIAN_POINT('',(-0.0477190715347885,0.0383175976804812,0.0725));
#14381=CARTESIAN_POINT('',(-0.0476304219030518,0.0380663532786539,0.0725000000000003));
#14382=CARTESIAN_POINT('',(-0.0476010733452595,0.0399327264922833,0.0725));
#14383=CARTESIAN_POINT('',(-0.0476010733452595,0.0399327264922833,0.0725));
#14384=CARTESIAN_POINT('',(-0.0476304219030518,0.0380663532786539,0.0725));
#14385=CARTESIAN_POINT('',(-0.0468631484794277,0.039789613791031,0.0725));
#14386=CARTESIAN_POINT('',(-0.0468631484794277,0.039789613791031,0.072));
#14387=CARTESIAN_POINT('',(-0.0470807990459154,0.0398850222585325,0.0725));
#14388=CARTESIAN_POINT('',(-0.0470807990459154,0.0398850222585325,0.072));
#14389=CARTESIAN_POINT('',(-0.0473267740011927,0.0399327264922833,0.0725));
#14390=CARTESIAN_POINT('',(-0.0473267740011927,0.0399327264922833,0.072));
#14391=CARTESIAN_POINT('',(-0.0476010733452595,0.0399327264922833,0.0725));
#14392=CARTESIAN_POINT('',(-0.0476010733452595,0.0399327264922833,0.072));
#14393=CARTESIAN_POINT('',(-0.0468631484794277,0.039789613791031,0.0725));
#14394=CARTESIAN_POINT('',(-0.0468631484794277,0.039789613791031,0.0725));
#14395=CARTESIAN_POINT('',(-0.0468631484794277,0.039789613791031,0.0725));
#14396=CARTESIAN_POINT('',(-0.0471896243291593,0.0399327264922833,0.0725));
#14397=CARTESIAN_POINT('',(-0.0476010733452595,0.0399327264922833,0.0725));
#14398=CARTESIAN_POINT('',(-0.0475018844810177,0.0382993919254582,0.0725000000000003));
#14399=CARTESIAN_POINT('',(-0.0463076923076924,0.0393951594082045,0.0725));
#14400=CARTESIAN_POINT('',(-0.046307508936174,0.0393953255217147,0.0725));
#14401=CARTESIAN_POINT('',(-0.0475018844810177,0.0382993919254582,0.0725));
#14402=CARTESIAN_POINT('',(-0.0476300318774989,0.0382117176346206,0.0725000000000003));
#14403=CARTESIAN_POINT('',(-0.0459525939177103,0.0387940860629451,0.0725));
#14404=CARTESIAN_POINT('',(-0.0459526053269818,0.0387940828211856,0.0725));
#14405=CARTESIAN_POINT('',(-0.0476300318774989,0.0382117176346206,0.0725));
#14406=CARTESIAN_POINT('',(-0.048056663174728,0.0380578911782003,0.0725000000000004));
#14407=CARTESIAN_POINT('',(-0.045827095966518,0.0380329123271193,0.0725000000000004));
#14408=CARTESIAN_POINT('',(-0.0458270959276036,0.0380329088551396,0.0725));
#14409=CARTESIAN_POINT('',(-0.048056663174728,0.0380578911782003,0.0725));
#14410=CARTESIAN_POINT('',(-0.0480566631747278,0.0380079195881193,0.0725000000000004));
#14411=CARTESIAN_POINT('',(-0.0459525939177103,0.0372717247033745,0.0725));
#14412=CARTESIAN_POINT('',(-0.045952586595498,0.0372717216377046,0.0725));
#14413=CARTESIAN_POINT('',(-0.0480566631747278,0.0380079195881193,0.0725));
#14414=CARTESIAN_POINT('',(-0.0475868975218774,0.0378403589012339,0.0725000000000003));
#14415=CARTESIAN_POINT('',(-0.0463130590339894,0.0366706513581151,0.0725));
#14416=CARTESIAN_POINT('',(-0.0463128970227622,0.0366705018461605,0.0725));
#14417=CARTESIAN_POINT('',(-0.0475868975218774,0.0378403589012339,0.0725));
#14418=CARTESIAN_POINT('',(-0.0475131559218731,0.0378032678271598,0.0725000000000003));
#14419=CARTESIAN_POINT('',(-0.0468855098389983,0.0362761969752886,0.0725));
#14420=CARTESIAN_POINT('',(-0.0468854665127221,0.0362760899279514,0.0725));
#14421=CARTESIAN_POINT('',(-0.0475131559218731,0.0378032678271598,0.0725));
#14422=CARTESIAN_POINT('',(-0.0476067236671051,0.0380395468846701,0.0725000000000003));
#14423=CARTESIAN_POINT('',(-0.0476350626118069,0.0361330842740364,0.0725));
#14424=CARTESIAN_POINT('',(-0.0476350626118069,0.0361330842740364,0.0725));
#14425=CARTESIAN_POINT('',(-0.0476067236671051,0.0380395468846701,0.0725));
#14426=CARTESIAN_POINT('',(-0.048964221824687,0.0365445332901366,0.0725));
#14427=CARTESIAN_POINT('',(-0.048964221824687,0.0365445332901366,0.072));
#14428=CARTESIAN_POINT('',(-0.0485897435897437,0.0362702339460698,0.0725));
#14429=CARTESIAN_POINT('',(-0.0485897435897437,0.0362702339460698,0.072));
#14430=CARTESIAN_POINT('',(-0.0481466905187836,0.0361330842740364,0.0725));
#14431=CARTESIAN_POINT('',(-0.0481466905187836,0.0361330842740364,0.072));
#14432=CARTESIAN_POINT('',(-0.0476350626118069,0.0361330842740364,0.0725));
#14433=CARTESIAN_POINT('',(-0.0476350626118069,0.0361330842740364,0.072));
#14434=CARTESIAN_POINT('',(-0.048964221824687,0.0365445332901366,0.0725));
#14435=CARTESIAN_POINT('',(-0.048964221824687,0.0365445332901366,0.0725));
#14436=CARTESIAN_POINT('',(-0.048964221824687,0.0365445332901366,0.0725));
#14437=CARTESIAN_POINT('',(-0.048402504472272,0.0361330842740364,0.0725));
#14438=CARTESIAN_POINT('',(-0.0476350626118069,0.0361330842740364,0.0725));
#14439=CARTESIAN_POINT('',(-0.048964221824687,0.0360293275656285,0.0725));
#14440=CARTESIAN_POINT('',(-0.048964221824687,0.0355139805196192,0.0725));
#14441=CARTESIAN_POINT('',(-0.048964221824687,0.0355139805196192,0.0725));
#14442=CARTESIAN_POINT('',(-0.048964221824687,0.0360293275656285,0.0725));
#14443=CARTESIAN_POINT('',(-0.0476220229445363,0.0379700319565152,0.0725000000000002));
#14444=CARTESIAN_POINT('',(-0.0476010733452595,0.0351706513581151,0.0725));
#14445=CARTESIAN_POINT('',(-0.0476010741144047,0.0351710017632845,0.0725));
#14446=CARTESIAN_POINT('',(-0.0476220229445363,0.0379700319565152,0.0725));
#14447=CARTESIAN_POINT('',(-0.047575579883805,0.0379302604718303,0.0725000000000003));
#14448=CARTESIAN_POINT('',(-0.046490161001789,0.0353942649538217,0.0725));
#14449=CARTESIAN_POINT('',(-0.0464901416501512,0.0353942202418598,0.0725));
#14450=CARTESIAN_POINT('',(-0.047575579883805,0.0379302604718303,0.0725));
#14451=CARTESIAN_POINT('',(-0.0475736572175807,0.037932460893846,0.0725000000000003));
#14452=CARTESIAN_POINT('',(-0.0455974955277282,0.0360069662060578,0.0725));
#14453=CARTESIAN_POINT('',(-0.0455974042173185,0.0360068774427924,0.0725));
#14454=CARTESIAN_POINT('',(-0.0475736572175807,0.037932460893846,0.0725));
#14455=CARTESIAN_POINT('',(-0.0476240045307605,0.0379638613326914,0.0725000000000003));
#14456=CARTESIAN_POINT('',(-0.0450080500894455,0.0369166263133924,0.0725));
#14457=CARTESIAN_POINT('',(-0.0450080155544225,0.0369166122278719,0.0725));
#14458=CARTESIAN_POINT('',(-0.0476240045307605,0.0379638613326914,0.0725));
#14459=CARTESIAN_POINT('',(-0.0477271550486068,0.038008306010176,0.0725000000000003));
#14460=CARTESIAN_POINT('',(-0.0447960644007157,0.0380329053831598,0.0725));
#14461=CARTESIAN_POINT('',(-0.0447963855639431,0.0380329032875283,0.0725));
#14462=CARTESIAN_POINT('',(-0.0477271550486068,0.038008306010176,0.0725));
#14463=CARTESIAN_POINT('',(-0.0476635965120242,0.0380566456030897,0.0725000000000003));
#14464=CARTESIAN_POINT('',(-0.0450134168157425,0.0391491844529273,0.0725));
#14465=CARTESIAN_POINT('',(-0.045013377746788,0.0391492007449745,0.0725));
#14466=CARTESIAN_POINT('',(-0.0476635965120242,0.0380566456030897,0.0725));
#14467=CARTESIAN_POINT('',(-0.0476385893070051,0.0380697990964423,0.0725000000000003));
#14468=CARTESIAN_POINT('',(-0.0456144901610019,0.0400588445602618,0.0725));
#14469=CARTESIAN_POINT('',(-0.0456144135803763,0.0400589197987775,0.0725));
#14470=CARTESIAN_POINT('',(-0.0476385893070051,0.0380697990964423,0.0725));
#14471=CARTESIAN_POINT('',(-0.0476423177533725,0.0380578400895836,0.0725000000000003));
#14472=CARTESIAN_POINT('',(-0.0465080500894455,0.0406715458124979,0.0725));
#14473=CARTESIAN_POINT('',(-0.0465080237423222,0.040671606265362,0.0725));
#14474=CARTESIAN_POINT('',(-0.0476423177533725,0.0380578400895836,0.0725));
#14475=CARTESIAN_POINT('',(-0.0475797450277399,0.0382048206846083,0.0725000000000003));
#14476=CARTESIAN_POINT('',(-0.0476010733452595,0.0408951594082045,0.0725));
#14477=CARTESIAN_POINT('',(-0.0476010718457828,0.0408948721540459,0.0725));
#14478=CARTESIAN_POINT('',(-0.0475797450277399,0.0382048206846083,0.0725));
#14479=CARTESIAN_POINT('',(-0.0476195862717972,0.0381672921791707,0.0725000000000003));
#14480=CARTESIAN_POINT('',(-0.0486994633273704,0.0406715458124979,0.0725));
#14481=CARTESIAN_POINT('',(-0.0486994295441497,0.0406714642627188,0.0725));
#14482=CARTESIAN_POINT('',(-0.0476195862717972,0.0381672921791707,0.0725));
#14483=CARTESIAN_POINT('',(-0.047593452242679,0.038076766754514,0.0725000000000003));
#14484=CARTESIAN_POINT('',(-0.0495930232558141,0.0400651057409415,0.0725));
#14485=CARTESIAN_POINT('',(-0.0495931852793161,0.040065265865883,0.0725));
#14486=CARTESIAN_POINT('',(-0.047593452242679,0.038076766754514,0.0725));
#14487=CARTESIAN_POINT('',(-0.0475971492389355,0.038111458790221,0.0725000000000003));
#14488=CARTESIAN_POINT('',(-0.0501887298747765,0.039155445633607,0.0725));
#14489=CARTESIAN_POINT('',(-0.0501886101806541,0.0391553983816967,0.0725));
#14490=CARTESIAN_POINT('',(-0.0475971492389355,0.038111458790221,0.0725));
#14491=CARTESIAN_POINT('',(-0.0474926083258868,0.0380533660482389,0.0725000000000003));
#14492=CARTESIAN_POINT('',(-0.0474926083258868,0.0380533660482389,0.0725));
#14493=CARTESIAN_POINT('',(-0.0325,0.0325,0.0725));
#14494=CARTESIAN_POINT('',(-0.0535424898182481,0.0289206453869197,0.0725));
#14495=CARTESIAN_POINT('',(-0.0545003343261808,0.027962800878987,0.0725));
#14496=CARTESIAN_POINT('',(-0.0545003343261808,0.027962800878987,0.0725));
#14497=CARTESIAN_POINT('',(-0.0535424898182481,0.0289206453869197,0.0725));
#14498=CARTESIAN_POINT('',(-0.0525846453103155,0.0298784898948524,0.0725));
#14499=CARTESIAN_POINT('',(-0.0525846453103155,0.0298784898948524,0.0725));
#14500=CARTESIAN_POINT('',(-0.0540239195185703,0.027962800878987,0.0725));
#14501=CARTESIAN_POINT('',(-0.0535475047109598,0.027962800878987,0.0725));
#14502=CARTESIAN_POINT('',(-0.0535475047109598,0.027962800878987,0.0725));
#14503=CARTESIAN_POINT('',(-0.0540239195185703,0.027962800878987,0.0725));
#14504=CARTESIAN_POINT('',(-0.0535475047109598,0.0268611961133194,0.0725));
#14505=CARTESIAN_POINT('',(-0.0535475047109598,0.0257595913476516,0.0725));
#14506=CARTESIAN_POINT('',(-0.0535475047109598,0.0257595913476516,0.0725));
#14507=CARTESIAN_POINT('',(-0.0535475047109598,0.0268611961133194,0.0725));
#14508=CARTESIAN_POINT('',(-0.0529590906327883,0.0241974522679604,0.0725));
#14509=CARTESIAN_POINT('',(-0.0529590906327883,0.0241974522679604,0.072));
#14510=CARTESIAN_POINT('',(-0.0533513666849026,0.0245111616675916,0.0725));
#14511=CARTESIAN_POINT('',(-0.0533513666849026,0.0245111616675916,0.072));
#14512=CARTESIAN_POINT('',(-0.0535475047109598,0.0250318746941553,0.0725));
#14513=CARTESIAN_POINT('',(-0.0535475047109598,0.0250318746941553,0.072));
#14514=CARTESIAN_POINT('',(-0.0535475047109598,0.0257595913476516,0.0725));
#14515=CARTESIAN_POINT('',(-0.0535475047109598,0.0257595913476516,0.072));
#14516=CARTESIAN_POINT('',(-0.0529590906327883,0.0241974522679604,0.0725));
#14517=CARTESIAN_POINT('',(-0.0529590906327883,0.0241974522679604,0.0725));
#14518=CARTESIAN_POINT('',(-0.0529590906327883,0.0241974522679604,0.0725));
#14519=CARTESIAN_POINT('',(-0.0535475047109598,0.0246680163674072,0.0725));
#14520=CARTESIAN_POINT('',(-0.0535475047109598,0.0257595913476516,0.0725));
#14521=CARTESIAN_POINT('',(-0.051140356209349,0.0237268881685135,0.0725));
#14522=CARTESIAN_POINT('',(-0.051140356209349,0.0237268881685135,0.072));
#14523=CARTESIAN_POINT('',(-0.0519605697728608,0.0237268881685135,0.0725));
#14524=CARTESIAN_POINT('',(-0.0519605697728608,0.0237268881685135,0.072));
#14525=CARTESIAN_POINT('',(-0.0525668145806739,0.0238837428683292,0.0725));
#14526=CARTESIAN_POINT('',(-0.0525668145806739,0.0238837428683292,0.072));
#14527=CARTESIAN_POINT('',(-0.0529590906327883,0.0241974522679604,0.0725));
#14528=CARTESIAN_POINT('',(-0.0529590906327883,0.0241974522679604,0.072));
#14529=CARTESIAN_POINT('',(-0.051140356209349,0.0237268881685135,0.0725));
#14530=CARTESIAN_POINT('',(-0.051140356209349,0.0237268881685135,0.0725));
#14531=CARTESIAN_POINT('',(-0.051140356209349,0.0237268881685135,0.0725));
#14532=CARTESIAN_POINT('',(-0.0523706765546167,0.0237268881685135,0.0725));
#14533=CARTESIAN_POINT('',(-0.0529590906327883,0.0241974522679604,0.0725));
#14534=CARTESIAN_POINT('',(-0.051140356209349,0.0241765568816617,0.0725));
#14535=CARTESIAN_POINT('',(-0.051140356209349,0.0246267948249528,0.0725));
#14536=CARTESIAN_POINT('',(-0.051140356209349,0.0246267948249528,0.0725));
#14537=CARTESIAN_POINT('',(-0.051140356209349,0.0241765568816617,0.0725));
#14538=CARTESIAN_POINT('',(-0.05118948544226,0.0282321208128288,0.0725000000000023));
#14539=CARTESIAN_POINT('',(-0.0516602334204607,0.0246579865819838,0.0725));
#14540=CARTESIAN_POINT('',(-0.0516602760935626,0.0246576599308119,0.0725));
#14541=CARTESIAN_POINT('',(-0.05118948544226,0.0282321208128288,0.0725));
#14542=CARTESIAN_POINT('',(-0.0513611326556138,0.0264406980528516,0.0725000000000007));
#14543=CARTESIAN_POINT('',(-0.0521040514254453,0.0247917170542956,0.0725));
#14544=CARTESIAN_POINT('',(-0.0521040266107637,0.0247917677986375,0.0725));
#14545=CARTESIAN_POINT('',(-0.0513611326556138,0.0264406980528516,0.0725));
#14546=CARTESIAN_POINT('',(-0.051819524060076,0.0254399058306202,0.0725000000000001));
#14547=CARTESIAN_POINT('',(-0.0524617804388791,0.025139416282306,0.0725));
#14548=CARTESIAN_POINT('',(-0.0524617804388791,0.025139416282306,0.0725));
#14549=CARTESIAN_POINT('',(-0.051819524060076,0.0254399058306202,0.0725));
#14550=CARTESIAN_POINT('',(-0.0525846453103155,0.0257595913476516,0.0725));
#14551=CARTESIAN_POINT('',(-0.0525846453103155,0.0257595913476516,0.072));
#14552=CARTESIAN_POINT('',(-0.0525846453103155,0.0255099611326697,0.0725));
#14553=CARTESIAN_POINT('',(-0.0525846453103155,0.0255099611326697,0.072));
#14554=CARTESIAN_POINT('',(-0.05254369035317,0.0253032361108879,0.0725));
#14555=CARTESIAN_POINT('',(-0.05254369035317,0.0253032361108879,0.072));
#14556=CARTESIAN_POINT('',(-0.0524617804388791,0.025139416282306,0.0725));
#14557=CARTESIAN_POINT('',(-0.0524617804388791,0.025139416282306,0.072));
#14558=CARTESIAN_POINT('',(-0.0525846453103155,0.0257595913476516,0.0725));
#14559=CARTESIAN_POINT('',(-0.0525846453103155,0.0257595913476516,0.0725));
#14560=CARTESIAN_POINT('',(-0.0525846453103155,0.0257595913476516,0.0725));
#14561=CARTESIAN_POINT('',(-0.0525846453103155,0.0253851460251788,0.0725));
#14562=CARTESIAN_POINT('',(-0.0524617804388791,0.025139416282306,0.0725));
#14563=CARTESIAN_POINT('',(-0.0525846453103155,0.0268611961133194,0.0725));
#14564=CARTESIAN_POINT('',(-0.0525846453103155,0.027962800878987,0.0725));
#14565=CARTESIAN_POINT('',(-0.0525846453103155,0.027962800878987,0.0725));
#14566=CARTESIAN_POINT('',(-0.0525846453103155,0.0268611961133194,0.0725));
#14567=CARTESIAN_POINT('',(-0.0518625007598322,0.027962800878987,0.0725));
#14568=CARTESIAN_POINT('',(-0.051140356209349,0.027962800878987,0.0725));
#14569=CARTESIAN_POINT('',(-0.051140356209349,0.027962800878987,0.0725));
#14570=CARTESIAN_POINT('',(-0.0518625007598322,0.027962800878987,0.0725));
#14571=CARTESIAN_POINT('',(-0.051140356209349,0.0284124695921352,0.0725));
#14572=CARTESIAN_POINT('',(-0.051140356209349,0.0288621383052833,0.0725));
#14573=CARTESIAN_POINT('',(-0.051140356209349,0.0288621383052833,0.0725));
#14574=CARTESIAN_POINT('',(-0.051140356209349,0.0284124695921352,0.0725));
#14575=CARTESIAN_POINT('',(-0.0518625007598322,0.0288621383052833,0.0725));
#14576=CARTESIAN_POINT('',(-0.0525846453103155,0.0288621383052833,0.0725));
#14577=CARTESIAN_POINT('',(-0.0525846453103155,0.0288621383052833,0.0725));
#14578=CARTESIAN_POINT('',(-0.0518625007598322,0.0288621383052833,0.0725));
#14579=CARTESIAN_POINT('',(-0.0525846453103155,0.0293703141000678,0.0725));
#14580=CARTESIAN_POINT('',(-0.0525846453103155,0.0293703141000678,0.0725));
#14581=CARTESIAN_POINT('',(-0.0325,0.0325,0.0725));
#14582=CARTESIAN_POINT('',(-0.047267187405021,0.0262627522497244,0.0725));
#14583=CARTESIAN_POINT('',(-0.047267187405021,0.0267441819500466,0.0725));
#14584=CARTESIAN_POINT('',(-0.047267187405021,0.0267441819500466,0.0725));
#14585=CARTESIAN_POINT('',(-0.047267187405021,0.0262627522497244,0.0725));
#14586=CARTESIAN_POINT('',(-0.047267187405021,0.0257813225494022,0.0725));
#14587=CARTESIAN_POINT('',(-0.047267187405021,0.0257813225494022,0.0725));
#14588=CARTESIAN_POINT('',(-0.0482952404109173,0.026914688302244,0.0725));
#14589=CARTESIAN_POINT('',(-0.0482952404109173,0.026914688302244,0.072));
#14590=CARTESIAN_POINT('',(-0.0479742872773692,0.026914688302244,0.0725));
#14591=CARTESIAN_POINT('',(-0.0479742872773692,0.026914688302244,0.072));
#14592=CARTESIAN_POINT('',(-0.0476316029420704,0.0268578528515115,0.0725));
#14593=CARTESIAN_POINT('',(-0.0476316029420704,0.0268578528515115,0.072));
#14594=CARTESIAN_POINT('',(-0.047267187405021,0.0267441819500466,0.0725));
#14595=CARTESIAN_POINT('',(-0.047267187405021,0.0267441819500466,0.072));
#14596=CARTESIAN_POINT('',(-0.0482952404109173,0.026914688302244,0.0725));
#14597=CARTESIAN_POINT('',(-0.0482952404109173,0.026914688302244,0.0725));
#14598=CARTESIAN_POINT('',(-0.0482952404109173,0.026914688302244,0.0725));
#14599=CARTESIAN_POINT('',(-0.0478138107105951,0.026914688302244,0.0725));
#14600=CARTESIAN_POINT('',(-0.047267187405021,0.0267441819500466,0.0725));
#14601=CARTESIAN_POINT('',(-0.0497177983101331,0.0265084819925972,0.0725));
#14602=CARTESIAN_POINT('',(-0.0497177983101331,0.0265084819925972,0.072));
#14603=CARTESIAN_POINT('',(-0.0493400097258525,0.0267792861990284,0.0725));
#14604=CARTESIAN_POINT('',(-0.0493400097258525,0.0267792861990284,0.072));
#14605=CARTESIAN_POINT('',(-0.0488658237594472,0.026914688302244,0.0725));
#14606=CARTESIAN_POINT('',(-0.0488658237594472,0.026914688302244,0.072));
#14607=CARTESIAN_POINT('',(-0.0482952404109173,0.026914688302244,0.0725));
#14608=CARTESIAN_POINT('',(-0.0482952404109173,0.026914688302244,0.072));
#14609=CARTESIAN_POINT('',(-0.0497177983101331,0.0265084819925972,0.0725));
#14610=CARTESIAN_POINT('',(-0.0497177983101331,0.0265084819925972,0.0725));
#14611=CARTESIAN_POINT('',(-0.0497177983101331,0.0265084819925972,0.0725));
#14612=CARTESIAN_POINT('',(-0.0491511154337122,0.026914688302244,0.0725));
#14613=CARTESIAN_POINT('',(-0.0482952404109173,0.026914688302244,0.0725));
#14614=CARTESIAN_POINT('',(-0.050284481186554,0.0253207882353787,0.0725));
#14615=CARTESIAN_POINT('',(-0.050284481186554,0.0253207882353787,0.072));
#14616=CARTESIAN_POINT('',(-0.050284481186554,0.0258417798670931,0.0725));
#14617=CARTESIAN_POINT('',(-0.050284481186554,0.0258417798670931,0.072));
#14618=CARTESIAN_POINT('',(-0.0500955868944137,0.026237677786166,0.0725));
#14619=CARTESIAN_POINT('',(-0.0500955868944137,0.026237677786166,0.072));
#14620=CARTESIAN_POINT('',(-0.0497177983101331,0.0265084819925972,0.0725));
#14621=CARTESIAN_POINT('',(-0.0497177983101331,0.0265084819925972,0.072));
#14622=CARTESIAN_POINT('',(-0.050284481186554,0.0253207882353787,0.0725));
#14623=CARTESIAN_POINT('',(-0.050284481186554,0.0253207882353787,0.0725));
#14624=CARTESIAN_POINT('',(-0.050284481186554,0.0253207882353787,0.0725));
#14625=CARTESIAN_POINT('',(-0.050284481186554,0.0261022756829504,0.0725));
#14626=CARTESIAN_POINT('',(-0.0497177983101331,0.0265084819925972,0.0725));
#14627=CARTESIAN_POINT('',(-0.0497495592973071,0.0241330944781603,0.0725));
#14628=CARTESIAN_POINT('',(-0.0497495592973071,0.0241330944781603,0.072));
#14629=CARTESIAN_POINT('',(-0.0501061738901384,0.0244038986845916,0.0725));
#14630=CARTESIAN_POINT('',(-0.0501061738901384,0.0244038986845916,0.072));
#14631=CARTESIAN_POINT('',(-0.050284481186554,0.0247997966036644,0.0725));
#14632=CARTESIAN_POINT('',(-0.050284481186554,0.0247997966036644,0.072));
#14633=CARTESIAN_POINT('',(-0.050284481186554,0.0253207882353787,0.0725));
#14634=CARTESIAN_POINT('',(-0.050284481186554,0.0253207882353787,0.072));
#14635=CARTESIAN_POINT('',(-0.0497495592973071,0.0241330944781603,0.0725));
#14636=CARTESIAN_POINT('',(-0.0497495592973071,0.0241330944781603,0.0725));
#14637=CARTESIAN_POINT('',(-0.0497495592973071,0.0241330944781603,0.0725));
#14638=CARTESIAN_POINT('',(-0.050284481186554,0.0245393007878072,0.0725));
#14639=CARTESIAN_POINT('',(-0.050284481186554,0.0253207882353787,0.0725));
#14640=CARTESIAN_POINT('',(-0.0483052701963406,0.0237268881685135,0.0725));
#14641=CARTESIAN_POINT('',(-0.0483052701963406,0.0237268881685135,0.072));
#14642=CARTESIAN_POINT('',(-0.0489115150041537,0.0237268881685135,0.0725));
#14643=CARTESIAN_POINT('',(-0.0489115150041537,0.0237268881685135,0.072));
#14644=CARTESIAN_POINT('',(-0.0493929447044759,0.0238622902717291,0.0725));
#14645=CARTESIAN_POINT('',(-0.0493929447044759,0.0238622902717291,0.072));
#14646=CARTESIAN_POINT('',(-0.0497495592973071,0.0241330944781603,0.0725));
#14647=CARTESIAN_POINT('',(-0.0497495592973071,0.0241330944781603,0.072));
#14648=CARTESIAN_POINT('',(-0.0483052701963406,0.0237268881685135,0.0725));
#14649=CARTESIAN_POINT('',(-0.0483052701963406,0.0237268881685135,0.0725));
#14650=CARTESIAN_POINT('',(-0.0483052701963406,0.0237268881685135,0.0725));
#14651=CARTESIAN_POINT('',(-0.0492146374080603,0.0237268881685135,0.0725));
#14652=CARTESIAN_POINT('',(-0.0497495592973071,0.0241330944781603,0.0725));
#14653=CARTESIAN_POINT('',(-0.0471125615464105,0.0237268881685135,0.0725));
#14654=CARTESIAN_POINT('',(-0.0459198528964804,0.0237268881685135,0.0725));
#14655=CARTESIAN_POINT('',(-0.0459198528964804,0.0237268881685135,0.0725));
#14656=CARTESIAN_POINT('',(-0.0471125615464105,0.0237268881685135,0.0725));
#14657=CARTESIAN_POINT('',(-0.0459198528964804,0.0252998928490801,0.0725));
#14658=CARTESIAN_POINT('',(-0.0459198528964804,0.0268728975296466,0.0725));
#14659=CARTESIAN_POINT('',(-0.0459198528964804,0.0268728975296466,0.0725));
#14660=CARTESIAN_POINT('',(-0.0459198528964804,0.0252998928490801,0.0725));
#14661=CARTESIAN_POINT('',(-0.046475670172026,0.0283489476177872,0.0725));
#14662=CARTESIAN_POINT('',(-0.046475670172026,0.0283489476177872,0.072));
#14663=CARTESIAN_POINT('',(-0.0461051253216623,0.0280068204927897,0.0725));
#14664=CARTESIAN_POINT('',(-0.0461051253216623,0.0280068204927897,0.072));
#14665=CARTESIAN_POINT('',(-0.0459198528964804,0.0275148037967428,0.0725));
#14666=CARTESIAN_POINT('',(-0.0459198528964804,0.0275148037967428,0.072));
#14667=CARTESIAN_POINT('',(-0.0459198528964804,0.0268728975296466,0.0725));
#14668=CARTESIAN_POINT('',(-0.0459198528964804,0.0268728975296466,0.072));
#14669=CARTESIAN_POINT('',(-0.046475670172026,0.0283489476177872,0.0725));
#14670=CARTESIAN_POINT('',(-0.046475670172026,0.0283489476177872,0.0725));
#14671=CARTESIAN_POINT('',(-0.046475670172026,0.0283489476177872,0.0725));
#14672=CARTESIAN_POINT('',(-0.0459198528964804,0.027835756930291,0.0725));
#14673=CARTESIAN_POINT('',(-0.0459198528964804,0.0268728975296466,0.0725));
#14674=CARTESIAN_POINT('',(-0.0480695702388912,0.0288621383052833,0.0725));
#14675=CARTESIAN_POINT('',(-0.0480695702388912,0.0288621383052833,0.072));
#14676=CARTESIAN_POINT('',(-0.0473775150446781,0.0288621383052833,0.0725));
#14677=CARTESIAN_POINT('',(-0.0473775150446781,0.0288621383052833,0.072));
#14678=CARTESIAN_POINT('',(-0.0468462150223897,0.0286910747427846,0.0725));
#14679=CARTESIAN_POINT('',(-0.0468462150223897,0.0286910747427846,0.072));
#14680=CARTESIAN_POINT('',(-0.046475670172026,0.0283489476177872,0.0725));
#14681=CARTESIAN_POINT('',(-0.046475670172026,0.0283489476177872,0.072));
#14682=CARTESIAN_POINT('',(-0.0480695702388912,0.0288621383052833,0.0725));
#14683=CARTESIAN_POINT('',(-0.0480695702388912,0.0288621383052833,0.0725));
#14684=CARTESIAN_POINT('',(-0.0480695702388912,0.0288621383052833,0.0725));
#14685=CARTESIAN_POINT('',(-0.0470314874475716,0.0288621383052833,0.0725));
#14686=CARTESIAN_POINT('',(-0.046475670172026,0.0283489476177872,0.0725));
#14687=CARTESIAN_POINT('',(-0.0489521913561486,0.0288621383052833,0.0725));
#14688=CARTESIAN_POINT('',(-0.0498348124734059,0.0288621383052833,0.0725));
#14689=CARTESIAN_POINT('',(-0.0498348124734059,0.0288621383052833,0.0725));
#14690=CARTESIAN_POINT('',(-0.0489521913561486,0.0288621383052833,0.0725));
#14691=CARTESIAN_POINT('',(-0.0498348124734059,0.0284124695921352,0.0725));
#14692=CARTESIAN_POINT('',(-0.0498348124734059,0.027962800878987,0.0725));
#14693=CARTESIAN_POINT('',(-0.0498348124734059,0.027962800878987,0.0725));
#14694=CARTESIAN_POINT('',(-0.0498348124734059,0.0284124695921352,0.0725));
#14695=CARTESIAN_POINT('',(-0.0489789374506109,0.027962800878987,0.0725));
#14696=CARTESIAN_POINT('',(-0.0481230624278159,0.027962800878987,0.0725));
#14697=CARTESIAN_POINT('',(-0.0481230624278159,0.027962800878987,0.0725));
#14698=CARTESIAN_POINT('',(-0.0489789374506109,0.027962800878987,0.0725));
#14699=CARTESIAN_POINT('',(-0.0468609810953741,0.0266689585593713,0.0725));
#14700=CARTESIAN_POINT('',(-0.0468609810953741,0.0266689585593713,0.072));
#14701=CARTESIAN_POINT('',(-0.0468609810953741,0.0275315201057818,0.0725));
#14702=CARTESIAN_POINT('',(-0.0468609810953741,0.0275315201057818,0.072));
#14703=CARTESIAN_POINT('',(-0.0472816748728547,0.027962800878987,0.0725));
#14704=CARTESIAN_POINT('',(-0.0472816748728547,0.027962800878987,0.072));
#14705=CARTESIAN_POINT('',(-0.0481230624278159,0.027962800878987,0.0725));
#14706=CARTESIAN_POINT('',(-0.0481230624278159,0.027962800878987,0.072));
#14707=CARTESIAN_POINT('',(-0.0468609810953741,0.0266689585593713,0.0725));
#14708=CARTESIAN_POINT('',(-0.0468609810953741,0.0266689585593713,0.0725));
#14709=CARTESIAN_POINT('',(-0.0468609810953741,0.0266689585593713,0.0725));
#14710=CARTESIAN_POINT('',(-0.0468609810953741,0.027962800878987,0.0725));
#14711=CARTESIAN_POINT('',(-0.0481230624278159,0.027962800878987,0.0725));
#14712=CARTESIAN_POINT('',(-0.0468609810953741,0.0256475920770905,0.0725));
#14713=CARTESIAN_POINT('',(-0.0468609810953741,0.0246262255948098,0.0725));
#14714=CARTESIAN_POINT('',(-0.0468609810953741,0.0246262255948098,0.0725));
#14715=CARTESIAN_POINT('',(-0.0468609810953741,0.0256475920770905,0.0725));
#14716=CARTESIAN_POINT('',(-0.0475672451522704,0.0246262255948098,0.0725));
#14717=CARTESIAN_POINT('',(-0.0482735092091666,0.0246262255948098,0.0725));
#14718=CARTESIAN_POINT('',(-0.0482735092091666,0.0246262255948098,0.0725));
#14719=CARTESIAN_POINT('',(-0.0475672451522704,0.0246262255948098,0.0725));
#14720=CARTESIAN_POINT('',(-0.0493216217859097,0.0253316538362541,0.0725));
#14721=CARTESIAN_POINT('',(-0.0493216217859097,0.0253316538362541,0.072));
#14722=CARTESIAN_POINT('',(-0.0493216217859097,0.0248613683419579,0.0725));
#14723=CARTESIAN_POINT('',(-0.0493216217859097,0.0248613683419579,0.072));
#14724=CARTESIAN_POINT('',(-0.0489722509269953,0.0246262255948098,0.0725));
#14725=CARTESIAN_POINT('',(-0.0489722509269953,0.0246262255948098,0.072));
#14726=CARTESIAN_POINT('',(-0.0482735092091666,0.0246262255948098,0.0725));
#14727=CARTESIAN_POINT('',(-0.0482735092091666,0.0246262255948098,0.072));
#14728=CARTESIAN_POINT('',(-0.0493216217859097,0.0253316538362541,0.0725));
#14729=CARTESIAN_POINT('',(-0.0493216217859097,0.0253316538362541,0.0725));
#14730=CARTESIAN_POINT('',(-0.0493216217859097,0.0253316538362541,0.0725));
#14731=CARTESIAN_POINT('',(-0.0493216217859097,0.0246262255948098,0.0725));
#14732=CARTESIAN_POINT('',(-0.0482735092091666,0.0246262255948098,0.0725));
#14733=CARTESIAN_POINT('',(-0.0490432952404109,0.0258933218199633,0.0725));
#14734=CARTESIAN_POINT('',(-0.0490432952404109,0.0258933218199633,0.072));
#14735=CARTESIAN_POINT('',(-0.0492288462707434,0.0257618201888568,0.0725));
#14736=CARTESIAN_POINT('',(-0.0492288462707434,0.0257618201888568,0.072));
#14737=CARTESIAN_POINT('',(-0.0493216217859097,0.0255745975276204,0.0725));
#14738=CARTESIAN_POINT('',(-0.0493216217859097,0.0255745975276204,0.072));
#14739=CARTESIAN_POINT('',(-0.0493216217859097,0.0253316538362541,0.0725));
#14740=CARTESIAN_POINT('',(-0.0493216217859097,0.0253316538362541,0.072));
#14741=CARTESIAN_POINT('',(-0.0490432952404109,0.0258933218199633,0.0725));
#14742=CARTESIAN_POINT('',(-0.0490432952404109,0.0258933218199633,0.0725));
#14743=CARTESIAN_POINT('',(-0.0490432952404109,0.0258933218199633,0.0725));
#14744=CARTESIAN_POINT('',(-0.0493216217859097,0.0256960693733035,0.0725));
#14745=CARTESIAN_POINT('',(-0.0493216217859097,0.0253316538362541,0.0725));
#14746=CARTESIAN_POINT('',(-0.0482618077928393,0.0260905742666231,0.0725));
#14747=CARTESIAN_POINT('',(-0.0482618077928393,0.0260905742666231,0.072));
#14748=CARTESIAN_POINT('',(-0.0485972483942212,0.0260905742666231,0.0725));
#14749=CARTESIAN_POINT('',(-0.0485972483942212,0.0260905742666231,0.072));
#14750=CARTESIAN_POINT('',(-0.0488577442100784,0.0260248234510698,0.0725));
#14751=CARTESIAN_POINT('',(-0.0488577442100784,0.0260248234510698,0.072));
#14752=CARTESIAN_POINT('',(-0.0490432952404109,0.0258933218199633,0.0725));
#14753=CARTESIAN_POINT('',(-0.0490432952404109,0.0258933218199633,0.072));
#14754=CARTESIAN_POINT('',(-0.0482618077928393,0.0260905742666231,0.0725));
#14755=CARTESIAN_POINT('',(-0.0482618077928393,0.0260905742666231,0.0725));
#14756=CARTESIAN_POINT('',(-0.0482618077928393,0.0260905742666231,0.0725));
#14757=CARTESIAN_POINT('',(-0.0487649686949122,0.0260905742666231,0.0725));
#14758=CARTESIAN_POINT('',(-0.0490432952404109,0.0258933218199633,0.0725));
#14759=CARTESIAN_POINT('',(-0.047267187405021,0.0257813225494022,0.0725));
#14760=CARTESIAN_POINT('',(-0.047267187405021,0.0257813225494022,0.072));
#14761=CARTESIAN_POINT('',(-0.0475379916114522,0.0259874903608828,0.0725));
#14762=CARTESIAN_POINT('',(-0.0475379916114522,0.0259874903608828,0.072));
#14763=CARTESIAN_POINT('',(-0.047869531740725,0.0260905742666231,0.0725));
#14764=CARTESIAN_POINT('',(-0.047869531740725,0.0260905742666231,0.072));
#14765=CARTESIAN_POINT('',(-0.0482618077928393,0.0260905742666231,0.0725));
#14766=CARTESIAN_POINT('',(-0.0482618077928393,0.0260905742666231,0.072));
#14767=CARTESIAN_POINT('',(-0.047267187405021,0.0257813225494022,0.0725));
#14768=CARTESIAN_POINT('',(-0.0476733937146678,0.0260905742666231,0.0725));
#14769=CARTESIAN_POINT('',(-0.0482618077928393,0.0260905742666231,0.0725));
#14770=CARTESIAN_POINT('',(-0.0325,0.0325,0.0725));
#14771=CARTESIAN_POINT('',(-0.0449035013069115,0.0251870577630671,0.0725));
#14772=CARTESIAN_POINT('',(-0.0449035013069115,0.0237268881685135,0.0725));
#14773=CARTESIAN_POINT('',(-0.0449035013069115,0.0237268881685135,0.0725));
#14774=CARTESIAN_POINT('',(-0.0449035013069115,0.0251870577630671,0.0725));
#14775=CARTESIAN_POINT('',(-0.0449035013069115,0.0266472273576206,0.0725));
#14776=CARTESIAN_POINT('',(-0.0449035013069115,0.0266472273576206,0.0725));
#14777=CARTESIAN_POINT('',(-0.0444329372074646,0.0237268881685135,0.0725));
#14778=CARTESIAN_POINT('',(-0.0439623731080178,0.0237268881685135,0.0725));
#14779=CARTESIAN_POINT('',(-0.0439623731080178,0.0237268881685135,0.0725));
#14780=CARTESIAN_POINT('',(-0.0444329372074646,0.0237268881685135,0.0725));
#14781=CARTESIAN_POINT('',(-0.0439623731080178,0.0251870577630671,0.0725));
#14782=CARTESIAN_POINT('',(-0.0439623731080178,0.0266472273576206,0.0725));
#14783=CARTESIAN_POINT('',(-0.0439623731080178,0.0266472273576206,0.0725));
#14784=CARTESIAN_POINT('',(-0.0439623731080178,0.0251870577630671,0.0725));
#14785=CARTESIAN_POINT('',(-0.0437584341377424,0.0276752803635169,0.0725));
#14786=CARTESIAN_POINT('',(-0.0437584341377424,0.0276752803635169,0.072));
#14787=CARTESIAN_POINT('',(-0.0438943934512593,0.0275036595907169,0.0725));
#14788=CARTESIAN_POINT('',(-0.0438943934512593,0.0275036595907169,0.072));
#14789=CARTESIAN_POINT('',(-0.0439623731080178,0.0271609752554181,0.0725));
#14790=CARTESIAN_POINT('',(-0.0439623731080178,0.0271609752554181,0.072));
#14791=CARTESIAN_POINT('',(-0.0439623731080178,0.0266472273576206,0.0725));
#14792=CARTESIAN_POINT('',(-0.0439623731080178,0.0266472273576206,0.072));
#14793=CARTESIAN_POINT('',(-0.0437584341377424,0.0276752803635169,0.0725));
#14794=CARTESIAN_POINT('',(-0.0437584341377424,0.0276752803635169,0.0725));
#14795=CARTESIAN_POINT('',(-0.0437584341377424,0.0276752803635169,0.0725));
#14796=CARTESIAN_POINT('',(-0.0439623731080178,0.0274178492043168,0.0725));
#14797=CARTESIAN_POINT('',(-0.0439623731080178,0.0266472273576206,0.0725));
#14798=CARTESIAN_POINT('',(-0.0432182389529642,0.0272296213274116,0.0725000000000002));
#14799=CARTESIAN_POINT('',(-0.0434809434076956,0.0278783835183403,0.0725));
#14800=CARTESIAN_POINT('',(-0.0434808430917061,0.0278781578029346,0.0725));
#14801=CARTESIAN_POINT('',(-0.0432182389529642,0.0272296213274116,0.0725));
#14802=CARTESIAN_POINT('',(-0.0430786039093986,0.0269490870621898,0.0725000000000006));
#14803=CARTESIAN_POINT('',(-0.0432026168621968,0.0279527710935637,0.0725));
#14804=CARTESIAN_POINT('',(-0.0432026655466059,0.0279531234002987,0.0725));
#14805=CARTESIAN_POINT('',(-0.0430786039093986,0.0269490870621898,0.0725));
#14806=CARTESIAN_POINT('',(-0.0429141890168892,0.023633063786435,0.072500000000007));
#14807=CARTESIAN_POINT('',(-0.0428707981277734,0.027962800878987,0.0725));
#14808=CARTESIAN_POINT('',(-0.0428707995225288,0.0279626617040537,0.07249999975));
#14809=CARTESIAN_POINT('',(-0.0429141890168892,0.023633063786435,0.0725));
#14810=CARTESIAN_POINT('',(-0.0423041152513525,0.027962800878987,0.0725));
#14811=CARTESIAN_POINT('',(-0.0417374323749316,0.027962800878987,0.0725));
#14812=CARTESIAN_POINT('',(-0.0417374323749316,0.027962800878987,0.0725));
#14813=CARTESIAN_POINT('',(-0.0423041152513525,0.027962800878987,0.0725));
#14814=CARTESIAN_POINT('',(-0.0417374323749316,0.0284124695921352,0.0725));
#14815=CARTESIAN_POINT('',(-0.0417374323749316,0.0288621383052833,0.0725));
#14816=CARTESIAN_POINT('',(-0.0417374323749316,0.0288621383052833,0.0725));
#14817=CARTESIAN_POINT('',(-0.0417374323749316,0.0284124695921352,0.0725));
#14818=CARTESIAN_POINT('',(-0.0422079964743785,0.0288621383052833,0.0725));
#14819=CARTESIAN_POINT('',(-0.0426785605738253,0.0288621383052833,0.0725));
#14820=CARTESIAN_POINT('',(-0.0426785633702876,0.0288618622879377,0.0725));
#14821=CARTESIAN_POINT('',(-0.0422079964743785,0.0288621383052833,0.0725));
#14822=CARTESIAN_POINT('',(-0.0427591658408463,0.0209062105252198,0.072500000000007));
#14823=CARTESIAN_POINT('',(-0.0433355115190566,0.0288404071035327,0.0725));
#14824=CARTESIAN_POINT('',(-0.0433355115190566,0.0288404071035327,0.0725));
#14825=CARTESIAN_POINT('',(-0.0427591658408463,0.0209062105252198,0.0725));
#14826=CARTESIAN_POINT('',(-0.0438971795027658,0.0287016617385093,0.0725));
#14827=CARTESIAN_POINT('',(-0.0438971795027658,0.0287016617385093,0.072));
#14828=CARTESIAN_POINT('',(-0.043683210747067,0.0287796711806911,0.0725));
#14829=CARTESIAN_POINT('',(-0.043683210747067,0.0287796711806911,0.072));
#14830=CARTESIAN_POINT('',(-0.0434959880858306,0.0288259196356989,0.0725));
#14831=CARTESIAN_POINT('',(-0.0434959880858306,0.0288259196356989,0.072));
#14832=CARTESIAN_POINT('',(-0.0433355115190566,0.0288404071035327,0.0725));
#14833=CARTESIAN_POINT('',(-0.0433355115190566,0.0288404071035327,0.072));
#14834=CARTESIAN_POINT('',(-0.0438971795027658,0.0287016617385093,0.0725));
#14835=CARTESIAN_POINT('',(-0.0438971795027658,0.0287016617385093,0.0725));
#14836=CARTESIAN_POINT('',(-0.0438971795027658,0.0287016617385093,0.0725));
#14837=CARTESIAN_POINT('',(-0.0435762263692177,0.0288186759017821,0.0725));
#14838=CARTESIAN_POINT('',(-0.0433355115190566,0.0288404071035327,0.0725));
#14839=CARTESIAN_POINT('',(-0.0434245650603509,0.0273668391492299,0.0725000000000002));
#14840=CARTESIAN_POINT('',(-0.0444438028083399,0.0283489476177872,0.0725));
#14841=CARTESIAN_POINT('',(-0.0444438028083399,0.0283489476177872,0.0725));
#14842=CARTESIAN_POINT('',(-0.0434245650603509,0.0273668391492299,0.0725));
#14843=CARTESIAN_POINT('',(-0.0449035013069115,0.0266472273576206,0.0725));
#14844=CARTESIAN_POINT('',(-0.0449035013069115,0.0266472273576206,0.072));
#14845=CARTESIAN_POINT('',(-0.0449035013069115,0.0274674409211324,0.0725));
#14846=CARTESIAN_POINT('',(-0.0449035013069115,0.0274674409211324,0.072));
#14847=CARTESIAN_POINT('',(-0.0447502684740543,0.0280346810078546,0.0725));
#14848=CARTESIAN_POINT('',(-0.0447502684740543,0.0280346810078546,0.072));
#14849=CARTESIAN_POINT('',(-0.0444438028083399,0.0283489476177872,0.0725));
#14850=CARTESIAN_POINT('',(-0.0444438028083399,0.0283489476177872,0.072));
#14851=CARTESIAN_POINT('',(-0.0449035013069115,0.0266472273576206,0.0725));
#14852=CARTESIAN_POINT('',(-0.0449035013069115,0.0278775477028884,0.0725));
#14853=CARTESIAN_POINT('',(-0.0444438028083399,0.0283489476177872,0.0725));
#14854=CARTESIAN_POINT('',(-0.0325,0.0325,0.0725));
#14855=CARTESIAN_POINT('',(-0.0389240775636739,0.0307452305185227,0.0725));
#14856=CARTESIAN_POINT('',(-0.0389240775636739,0.0302746664190758,0.0725));
#14857=CARTESIAN_POINT('',(-0.0389240775636739,0.0302746664190758,0.0725));
#14858=CARTESIAN_POINT('',(-0.0389240775636739,0.0307452305185227,0.0725));
#14859=CARTESIAN_POINT('',(-0.0389240775636739,0.0312157946179695,0.0725));
#14860=CARTESIAN_POINT('',(-0.0389240775636739,0.0312157946179695,0.0725));
#14861=CARTESIAN_POINT('',(-0.0379988298583673,0.0302746664190758,0.0725));
#14862=CARTESIAN_POINT('',(-0.0370735821530606,0.0302746664190758,0.0725));
#14863=CARTESIAN_POINT('',(-0.0370735821530606,0.0302746664190758,0.0725));
#14864=CARTESIAN_POINT('',(-0.0379988298583673,0.0302746664190758,0.0725));
#14865=CARTESIAN_POINT('',(-0.0370735821530606,0.0270007772937947,0.0725));
#14866=CARTESIAN_POINT('',(-0.0370735821530606,0.0237268881685135,0.0725));
#14867=CARTESIAN_POINT('',(-0.0370735821530606,0.0237268881685135,0.0725));
#14868=CARTESIAN_POINT('',(-0.0370735821530606,0.0270007772937947,0.0725));
#14869=CARTESIAN_POINT('',(-0.0365704212509878,0.0237268881685135,0.0725));
#14870=CARTESIAN_POINT('',(-0.0360672603489149,0.0237268881685135,0.0725));
#14871=CARTESIAN_POINT('',(-0.0360672603489149,0.0237268881685135,0.0725));
#14872=CARTESIAN_POINT('',(-0.0365704212509878,0.0237268881685135,0.0725));
#14873=CARTESIAN_POINT('',(-0.0360672603489149,0.0270007772937947,0.0725));
#14874=CARTESIAN_POINT('',(-0.0360672603489149,0.0302746664190758,0.0725));
#14875=CARTESIAN_POINT('',(-0.0360672603489149,0.0302746664190758,0.0725));
#14876=CARTESIAN_POINT('',(-0.0360672603489149,0.0270007772937947,0.0725));
#14877=CARTESIAN_POINT('',(-0.0351420126436083,0.0302746664190758,0.0725));
#14878=CARTESIAN_POINT('',(-0.0342167649383016,0.0302746664190758,0.0725));
#14879=CARTESIAN_POINT('',(-0.0342167649383016,0.0302746664190758,0.0725));
#14880=CARTESIAN_POINT('',(-0.0351420126436083,0.0302746664190758,0.0725));
#14881=CARTESIAN_POINT('',(-0.0342167649383016,0.0307452305185227,0.0725));
#14882=CARTESIAN_POINT('',(-0.0342167649383016,0.0312157946179695,0.0725));
#14883=CARTESIAN_POINT('',(-0.0342167649383016,0.0312157946179695,0.0725));
#14884=CARTESIAN_POINT('',(-0.0342167649383016,0.0307452305185227,0.0725));
#14885=CARTESIAN_POINT('',(-0.0365704212509878,0.0312157946179695,0.0725));
#14886=CARTESIAN_POINT('',(-0.0365704212509878,0.0312157946179695,0.0725));
#14887=CARTESIAN_POINT('',(-0.0325,0.0325,0.0725));
#14888=CARTESIAN_POINT('',(-0.0319935529748802,0.0273731945364846,0.0725000000000001));
#14889=CARTESIAN_POINT('',(-0.0330081757947845,0.0283489476177872,0.0725));
#14890=CARTESIAN_POINT('',(-0.0330081757947845,0.0283489476177872,0.0725));
#14891=CARTESIAN_POINT('',(-0.0319935529748802,0.0273731945364846,0.0725));
#14892=CARTESIAN_POINT('',(-0.0324999631535648,0.0286869911972068,0.07249999975));
#14893=CARTESIAN_POINT('',(-0.0325,0.0286870839927676,0.0725));
#14894=CARTESIAN_POINT('',(-0.033467874293356,0.0266472273576206,0.0725));
#14895=CARTESIAN_POINT('',(-0.033467874293356,0.0266472273576206,0.072));
#14896=CARTESIAN_POINT('',(-0.033467874293356,0.0274674409211324,0.0725));
#14897=CARTESIAN_POINT('',(-0.033467874293356,0.0274674409211324,0.072));
#14898=CARTESIAN_POINT('',(-0.0333146414604988,0.0280346810078546,0.0725));
#14899=CARTESIAN_POINT('',(-0.0333146414604988,0.0280346810078546,0.072));
#14900=CARTESIAN_POINT('',(-0.0330081757947845,0.0283489476177872,0.0725));
#14901=CARTESIAN_POINT('',(-0.0330081757947845,0.0283489476177872,0.072));
#14902=CARTESIAN_POINT('',(-0.033467874293356,0.0266472273576206,0.0725));
#14903=CARTESIAN_POINT('',(-0.033467874293356,0.0266472273576206,0.0725));
#14904=CARTESIAN_POINT('',(-0.033467874293356,0.0266472273576206,0.0725));
#14905=CARTESIAN_POINT('',(-0.033467874293356,0.0278775477028884,0.0725));
#14906=CARTESIAN_POINT('',(-0.0330081757947845,0.0283489476177872,0.0725));
#14907=CARTESIAN_POINT('',(-0.033467874293356,0.0251870577630671,0.0725));
#14908=CARTESIAN_POINT('',(-0.033467874293356,0.0237268881685135,0.0725));
#14909=CARTESIAN_POINT('',(-0.033467874293356,0.0237268881685135,0.0725));
#14910=CARTESIAN_POINT('',(-0.033467874293356,0.0251870577630671,0.0725));
#14911=CARTESIAN_POINT('',(-0.0329973101939092,0.0237268881685135,0.0725));
#14912=CARTESIAN_POINT('',(-0.0325267460944623,0.0237268881685135,0.0725));
#14913=CARTESIAN_POINT('',(-0.0325267460944623,0.0237268881685135,0.0725));
#14914=CARTESIAN_POINT('',(-0.0329973101939092,0.0237268881685135,0.0725));
#14915=CARTESIAN_POINT('',(-0.0325267460944623,0.0251870577630671,0.0725));
#14916=CARTESIAN_POINT('',(-0.0325267460944623,0.0266472273576206,0.0725));
#14917=CARTESIAN_POINT('',(-0.0325265828535673,0.0266472287483837,0.0725));
#14918=CARTESIAN_POINT('',(-0.0325267460944623,0.0251870577630671,0.0725));
#14919=CARTESIAN_POINT('',(-0.0285313804519358,0.0266812666653558,0.0724999999999988));
#14920=CARTESIAN_POINT('',(-0.0325,0.0271380743202857,0.0725));
#14921=CARTESIAN_POINT('',(-0.0325,0.0271380743202857,0.0725));
#14922=CARTESIAN_POINT('',(-0.0285313804519358,0.0266812666653558,0.0725));
#14923=CARTESIAN_POINT('',(-0.032322807124187,0.0276752803635169,0.0725));
#14924=CARTESIAN_POINT('',(-0.032322807124187,0.0276752803635169,0.072));
#14925=CARTESIAN_POINT('',(-0.0324095297181684,0.0275658108596387,0.0725));
#14926=CARTESIAN_POINT('',(-0.0324095297181684,0.0275658108596387,0.072));
#14927=CARTESIAN_POINT('',(-0.0324685940072042,0.0273867421785617,0.0725));
#14928=CARTESIAN_POINT('',(-0.0324685940072042,0.0273867421785617,0.072));
#14929=CARTESIAN_POINT('',(-0.0324999999912947,0.0271380743202857,0.0725));
#14930=CARTESIAN_POINT('',(-0.0324999999912947,0.0271380743202857,0.072));
#14931=CARTESIAN_POINT('',(-0.032322807124187,0.0276752803635169,0.0725));
#14932=CARTESIAN_POINT('',(-0.032322807124187,0.0276752803635169,0.0725));
#14933=CARTESIAN_POINT('',(-0.032322807124187,0.0276752803635169,0.0725));
#14934=CARTESIAN_POINT('',(-0.032452891015159,0.0275110761076997,0.0725));
#14935=CARTESIAN_POINT('',(-0.0324999999912947,0.0271380743202857,0.0725));
#14936=CARTESIAN_POINT('',(-0.0317826119394076,0.0272296213274097,0.0725000000000002));
#14937=CARTESIAN_POINT('',(-0.0320453163941401,0.0278783835183403,0.0725));
#14938=CARTESIAN_POINT('',(-0.0320452160781506,0.0278781578029344,0.0725));
#14939=CARTESIAN_POINT('',(-0.0317826119394076,0.0272296213274097,0.0725));
#14940=CARTESIAN_POINT('',(-0.0316429768958531,0.0269490870622265,0.0725000000000006));
#14941=CARTESIAN_POINT('',(-0.0317669898486414,0.0279527710935637,0.0725));
#14942=CARTESIAN_POINT('',(-0.0317670385330505,0.0279531234002986,0.0725));
#14943=CARTESIAN_POINT('',(-0.0316429768958531,0.0269490870622265,0.0725));
#14944=CARTESIAN_POINT('',(-0.0314785620033338,0.0236330637864352,0.072500000000007));
#14945=CARTESIAN_POINT('',(-0.031435171114218,0.027962800878987,0.0725));
#14946=CARTESIAN_POINT('',(-0.0314351725089734,0.0279626617040537,0.07249999975));
#14947=CARTESIAN_POINT('',(-0.0314785620033338,0.0236330637864352,0.0725));
#14948=CARTESIAN_POINT('',(-0.0308684882377971,0.027962800878987,0.0725));
#14949=CARTESIAN_POINT('',(-0.0303018053613762,0.027962800878987,0.0725));
#14950=CARTESIAN_POINT('',(-0.0303018053613762,0.027962800878987,0.0725));
#14951=CARTESIAN_POINT('',(-0.0308684882377971,0.027962800878987,0.0725));
#14952=CARTESIAN_POINT('',(-0.0303018053613762,0.0284124695921352,0.0725));
#14953=CARTESIAN_POINT('',(-0.0303018053613762,0.0288621383052833,0.0725));
#14954=CARTESIAN_POINT('',(-0.0303018053613762,0.0288621383052833,0.0725));
#14955=CARTESIAN_POINT('',(-0.0303018053613762,0.0284124695921352,0.0725));
#14956=CARTESIAN_POINT('',(-0.0307723694608231,0.0288621383052833,0.0725));
#14957=CARTESIAN_POINT('',(-0.0312429335602699,0.0288621383052833,0.0725));
#14958=CARTESIAN_POINT('',(-0.0312429363567322,0.0288618622879377,0.0725));
#14959=CARTESIAN_POINT('',(-0.0307723694608231,0.0288621383052833,0.0725));
#14960=CARTESIAN_POINT('',(-0.0313235388272909,0.0209062105252198,0.072500000000007));
#14961=CARTESIAN_POINT('',(-0.0318998845055012,0.0288404071035327,0.0725));
#14962=CARTESIAN_POINT('',(-0.0318998845055012,0.0288404071035327,0.0725));
#14963=CARTESIAN_POINT('',(-0.0313235388272909,0.0209062105252198,0.0725));
#14964=CARTESIAN_POINT('',(-0.0324615524892104,0.0287016617385093,0.0725));
#14965=CARTESIAN_POINT('',(-0.0324615524892104,0.0287016617385093,0.072));
#14966=CARTESIAN_POINT('',(-0.0322475837335116,0.0287796711806911,0.0725));
#14967=CARTESIAN_POINT('',(-0.0322475837335116,0.0287796711806911,0.072));
#14968=CARTESIAN_POINT('',(-0.0320603610722752,0.0288259196356989,0.0725));
#14969=CARTESIAN_POINT('',(-0.0320603610722752,0.0288259196356989,0.072));
#14970=CARTESIAN_POINT('',(-0.0318998845055012,0.0288404071035327,0.0725));
#14971=CARTESIAN_POINT('',(-0.0318998845055012,0.0288404071035327,0.072));
#14972=CARTESIAN_POINT('',(-0.0324615524892104,0.0287016617385093,0.0725));
#14973=CARTESIAN_POINT('',(-0.0324615524892104,0.0287016617385093,0.0725));
#14974=CARTESIAN_POINT('',(-0.0324615524892104,0.0287016617385093,0.0725));
#14975=CARTESIAN_POINT('',(-0.0321405993556623,0.0288186759017821,0.0725));
#14976=CARTESIAN_POINT('',(-0.0318998845055012,0.0288404071035327,0.0725));
#14977=CARTESIAN_POINT('',(-0.0324808312019663,0.0286944413178141,0.0725000000027831));
#14978=CARTESIAN_POINT('',(-0.0324808312019663,0.0286944413178141,0.0725));
#14979=CARTESIAN_POINT('',(-0.0325,0.0325,0.0725));
#14980=CARTESIAN_POINT('',(-0.0267495896905963,0.0262627522497244,0.0725));
#14981=CARTESIAN_POINT('',(-0.0267495896905963,0.0267441819500466,0.0725));
#14982=CARTESIAN_POINT('',(-0.0267495896905963,0.0267441819500466,0.0725));
#14983=CARTESIAN_POINT('',(-0.0267495896905963,0.0262627522497244,0.0725));
#14984=CARTESIAN_POINT('',(-0.0267495896905963,0.0257813225494022,0.0725));
#14985=CARTESIAN_POINT('',(-0.0267495896905963,0.0257813225494022,0.0725));
#14986=CARTESIAN_POINT('',(-0.0277776426964926,0.026914688302244,0.0725));
#14987=CARTESIAN_POINT('',(-0.0277776426964926,0.026914688302244,0.072));
#14988=CARTESIAN_POINT('',(-0.0274566895629445,0.026914688302244,0.0725));
#14989=CARTESIAN_POINT('',(-0.0274566895629445,0.026914688302244,0.072));
#14990=CARTESIAN_POINT('',(-0.0271140052276457,0.0268578528515115,0.0725));
#14991=CARTESIAN_POINT('',(-0.0271140052276457,0.0268578528515115,0.072));
#14992=CARTESIAN_POINT('',(-0.0267495896905963,0.0267441819500466,0.0725));
#14993=CARTESIAN_POINT('',(-0.0267495896905963,0.0267441819500466,0.072));
#14994=CARTESIAN_POINT('',(-0.0277776426964926,0.026914688302244,0.0725));
#14995=CARTESIAN_POINT('',(-0.0277776426964926,0.026914688302244,0.0725));
#14996=CARTESIAN_POINT('',(-0.0277776426964926,0.026914688302244,0.0725));
#14997=CARTESIAN_POINT('',(-0.0272962129961704,0.026914688302244,0.0725));
#14998=CARTESIAN_POINT('',(-0.0267495896905963,0.0267441819500466,0.0725));
#14999=CARTESIAN_POINT('',(-0.0292002005957085,0.0265084819925972,0.0725));
#15000=CARTESIAN_POINT('',(-0.0292002005957085,0.0265084819925972,0.072));
#15001=CARTESIAN_POINT('',(-0.0288224120114279,0.0267792861990284,0.0725));
#15002=CARTESIAN_POINT('',(-0.0288224120114279,0.0267792861990284,0.072));
#15003=CARTESIAN_POINT('',(-0.0283482260450226,0.026914688302244,0.0725));
#15004=CARTESIAN_POINT('',(-0.0283482260450226,0.026914688302244,0.072));
#15005=CARTESIAN_POINT('',(-0.0277776426964926,0.026914688302244,0.0725));
#15006=CARTESIAN_POINT('',(-0.0277776426964926,0.026914688302244,0.072));
#15007=CARTESIAN_POINT('',(-0.0292002005957085,0.0265084819925972,0.0725));
#15008=CARTESIAN_POINT('',(-0.0292002005957085,0.0265084819925972,0.0725));
#15009=CARTESIAN_POINT('',(-0.0292002005957085,0.0265084819925972,0.0725));
#15010=CARTESIAN_POINT('',(-0.0286335177192876,0.026914688302244,0.0725));
#15011=CARTESIAN_POINT('',(-0.0277776426964926,0.026914688302244,0.0725));
#15012=CARTESIAN_POINT('',(-0.0297668834721294,0.0253207882353787,0.0725));
#15013=CARTESIAN_POINT('',(-0.0297668834721294,0.0253207882353787,0.072));
#15014=CARTESIAN_POINT('',(-0.0297668834721293,0.0258417798670931,0.0725));
#15015=CARTESIAN_POINT('',(-0.0297668834721293,0.0258417798670931,0.072));
#15016=CARTESIAN_POINT('',(-0.0295779891799891,0.026237677786166,0.0725));
#15017=CARTESIAN_POINT('',(-0.0295779891799891,0.026237677786166,0.072));
#15018=CARTESIAN_POINT('',(-0.0292002005957085,0.0265084819925972,0.0725));
#15019=CARTESIAN_POINT('',(-0.0292002005957085,0.0265084819925972,0.072));
#15020=CARTESIAN_POINT('',(-0.0297668834721294,0.0253207882353787,0.0725));
#15021=CARTESIAN_POINT('',(-0.0297668834721294,0.0253207882353787,0.0725));
#15022=CARTESIAN_POINT('',(-0.0297668834721294,0.0253207882353787,0.0725));
#15023=CARTESIAN_POINT('',(-0.0297668834721294,0.0261022756829504,0.0725));
#15024=CARTESIAN_POINT('',(-0.0292002005957085,0.0265084819925972,0.0725));
#15025=CARTESIAN_POINT('',(-0.0292319615828825,0.0241330944781603,0.0725));
#15026=CARTESIAN_POINT('',(-0.0292319615828825,0.0241330944781603,0.072));
#15027=CARTESIAN_POINT('',(-0.0295885761757137,0.0244038986845916,0.0725));
#15028=CARTESIAN_POINT('',(-0.0295885761757137,0.0244038986845916,0.072));
#15029=CARTESIAN_POINT('',(-0.0297668834721293,0.0247997966036644,0.0725));
#15030=CARTESIAN_POINT('',(-0.0297668834721293,0.0247997966036644,0.072));
#15031=CARTESIAN_POINT('',(-0.0297668834721294,0.0253207882353787,0.0725));
#15032=CARTESIAN_POINT('',(-0.0297668834721294,0.0253207882353787,0.072));
#15033=CARTESIAN_POINT('',(-0.0292319615828825,0.0241330944781603,0.0725));
#15034=CARTESIAN_POINT('',(-0.0292319615828825,0.0241330944781603,0.0725));
#15035=CARTESIAN_POINT('',(-0.0292319615828825,0.0241330944781603,0.0725));
#15036=CARTESIAN_POINT('',(-0.0297668834721294,0.0245393007878072,0.0725));
#15037=CARTESIAN_POINT('',(-0.0297668834721294,0.0253207882353787,0.0725));
#15038=CARTESIAN_POINT('',(-0.027787672481916,0.0237268881685135,0.0725));
#15039=CARTESIAN_POINT('',(-0.027787672481916,0.0237268881685135,0.072));
#15040=CARTESIAN_POINT('',(-0.0283939172897291,0.0237268881685135,0.0725));
#15041=CARTESIAN_POINT('',(-0.0283939172897291,0.0237268881685135,0.072));
#15042=CARTESIAN_POINT('',(-0.0288753469900513,0.0238622902717291,0.0725));
#15043=CARTESIAN_POINT('',(-0.0288753469900513,0.0238622902717291,0.072));
#15044=CARTESIAN_POINT('',(-0.0292319615828825,0.0241330944781603,0.0725));
#15045=CARTESIAN_POINT('',(-0.0292319615828825,0.0241330944781603,0.072));
#15046=CARTESIAN_POINT('',(-0.027787672481916,0.0237268881685135,0.0725));
#15047=CARTESIAN_POINT('',(-0.027787672481916,0.0237268881685135,0.0725));
#15048=CARTESIAN_POINT('',(-0.027787672481916,0.0237268881685135,0.0725));
#15049=CARTESIAN_POINT('',(-0.0286970396936357,0.0237268881685135,0.0725));
#15050=CARTESIAN_POINT('',(-0.0292319615828825,0.0241330944781603,0.0725));
#15051=CARTESIAN_POINT('',(-0.0265949638319859,0.0237268881685135,0.0725));
#15052=CARTESIAN_POINT('',(-0.0254022551820558,0.0237268881685135,0.0725));
#15053=CARTESIAN_POINT('',(-0.0254022551820558,0.0237268881685135,0.0725));
#15054=CARTESIAN_POINT('',(-0.0265949638319859,0.0237268881685135,0.0725));
#15055=CARTESIAN_POINT('',(-0.0254022551820558,0.0252998928490801,0.0725));
#15056=CARTESIAN_POINT('',(-0.0254022551820558,0.0268728975296466,0.0725));
#15057=CARTESIAN_POINT('',(-0.0254022551820558,0.0268728975296466,0.0725));
#15058=CARTESIAN_POINT('',(-0.0254022551820558,0.0252998928490801,0.0725));
#15059=CARTESIAN_POINT('',(-0.0259580724576014,0.0283489476177872,0.0725));
#15060=CARTESIAN_POINT('',(-0.0259580724576014,0.0283489476177872,0.072));
#15061=CARTESIAN_POINT('',(-0.0255875276072377,0.0280068204927897,0.0725));
#15062=CARTESIAN_POINT('',(-0.0255875276072377,0.0280068204927897,0.072));
#15063=CARTESIAN_POINT('',(-0.0254022551820558,0.0275148037967428,0.0725));
#15064=CARTESIAN_POINT('',(-0.0254022551820558,0.0275148037967428,0.072));
#15065=CARTESIAN_POINT('',(-0.0254022551820558,0.0268728975296466,0.0725));
#15066=CARTESIAN_POINT('',(-0.0254022551820558,0.0268728975296466,0.072));
#15067=CARTESIAN_POINT('',(-0.0259580724576014,0.0283489476177872,0.0725));
#15068=CARTESIAN_POINT('',(-0.0259580724576014,0.0283489476177872,0.0725));
#15069=CARTESIAN_POINT('',(-0.0259580724576014,0.0283489476177872,0.0725));
#15070=CARTESIAN_POINT('',(-0.0254022551820558,0.027835756930291,0.0725));
#15071=CARTESIAN_POINT('',(-0.0254022551820558,0.0268728975296466,0.0725));
#15072=CARTESIAN_POINT('',(-0.0275519725244666,0.0288621383052833,0.0725));
#15073=CARTESIAN_POINT('',(-0.0275519725244666,0.0288621383052833,0.072));
#15074=CARTESIAN_POINT('',(-0.0268599173302535,0.0288621383052833,0.0725));
#15075=CARTESIAN_POINT('',(-0.0268599173302535,0.0288621383052833,0.072));
#15076=CARTESIAN_POINT('',(-0.0263286173079651,0.0286910747427846,0.0725));
#15077=CARTESIAN_POINT('',(-0.0263286173079651,0.0286910747427846,0.072));
#15078=CARTESIAN_POINT('',(-0.0259580724576014,0.0283489476177872,0.0725));
#15079=CARTESIAN_POINT('',(-0.0259580724576014,0.0283489476177872,0.072));
#15080=CARTESIAN_POINT('',(-0.0275519725244666,0.0288621383052833,0.0725));
#15081=CARTESIAN_POINT('',(-0.0275519725244666,0.0288621383052833,0.0725));
#15082=CARTESIAN_POINT('',(-0.0275519725244666,0.0288621383052833,0.0725));
#15083=CARTESIAN_POINT('',(-0.026513889733147,0.0288621383052833,0.0725));
#15084=CARTESIAN_POINT('',(-0.0259580724576014,0.0283489476177872,0.0725));
#15085=CARTESIAN_POINT('',(-0.0284345936417239,0.0288621383052833,0.0725));
#15086=CARTESIAN_POINT('',(-0.0293172147589812,0.0288621383052833,0.0725));
#15087=CARTESIAN_POINT('',(-0.0293172147589812,0.0288621383052833,0.0725));
#15088=CARTESIAN_POINT('',(-0.0284345936417239,0.0288621383052833,0.0725));
#15089=CARTESIAN_POINT('',(-0.0293172147589812,0.0284124695921352,0.0725));
#15090=CARTESIAN_POINT('',(-0.0293172147589812,0.027962800878987,0.0725));
#15091=CARTESIAN_POINT('',(-0.0293172147589812,0.027962800878987,0.0725));
#15092=CARTESIAN_POINT('',(-0.0293172147589812,0.0284124695921352,0.0725));
#15093=CARTESIAN_POINT('',(-0.0284613397361862,0.027962800878987,0.0725));
#15094=CARTESIAN_POINT('',(-0.0276054647133913,0.027962800878987,0.0725));
#15095=CARTESIAN_POINT('',(-0.0276054647133913,0.027962800878987,0.0725));
#15096=CARTESIAN_POINT('',(-0.0284613397361862,0.027962800878987,0.0725));
#15097=CARTESIAN_POINT('',(-0.0263433833809495,0.0266689585593713,0.0725));
#15098=CARTESIAN_POINT('',(-0.0263433833809495,0.0266689585593713,0.072));
#15099=CARTESIAN_POINT('',(-0.0263433833809495,0.0275315201057818,0.0725));
#15100=CARTESIAN_POINT('',(-0.0263433833809495,0.0275315201057818,0.072));
#15101=CARTESIAN_POINT('',(-0.0267640771584301,0.027962800878987,0.0725));
#15102=CARTESIAN_POINT('',(-0.0267640771584301,0.027962800878987,0.072));
#15103=CARTESIAN_POINT('',(-0.0276054647133913,0.027962800878987,0.0725));
#15104=CARTESIAN_POINT('',(-0.0276054647133913,0.027962800878987,0.072));
#15105=CARTESIAN_POINT('',(-0.0263433833809495,0.0266689585593713,0.0725));
#15106=CARTESIAN_POINT('',(-0.0263433833809495,0.0266689585593713,0.0725));
#15107=CARTESIAN_POINT('',(-0.0263433833809495,0.0266689585593713,0.0725));
#15108=CARTESIAN_POINT('',(-0.0263433833809495,0.027962800878987,0.0725));
#15109=CARTESIAN_POINT('',(-0.0276054647133913,0.027962800878987,0.0725));
#15110=CARTESIAN_POINT('',(-0.0263433833809495,0.0256475920770905,0.0725));
#15111=CARTESIAN_POINT('',(-0.0263433833809495,0.0246262255948098,0.0725));
#15112=CARTESIAN_POINT('',(-0.0263433833809495,0.0246262255948098,0.0725));
#15113=CARTESIAN_POINT('',(-0.0263433833809495,0.0256475920770905,0.0725));
#15114=CARTESIAN_POINT('',(-0.0270496474378457,0.0246262255948098,0.0725));
#15115=CARTESIAN_POINT('',(-0.0277559114947419,0.0246262255948098,0.0725));
#15116=CARTESIAN_POINT('',(-0.0277559114947419,0.0246262255948098,0.0725));
#15117=CARTESIAN_POINT('',(-0.0270496474378457,0.0246262255948098,0.0725));
#15118=CARTESIAN_POINT('',(-0.028804024071485,0.0253316538362541,0.0725));
#15119=CARTESIAN_POINT('',(-0.028804024071485,0.0253316538362541,0.072));
#15120=CARTESIAN_POINT('',(-0.028804024071485,0.0248613683419579,0.0725));
#15121=CARTESIAN_POINT('',(-0.028804024071485,0.0248613683419579,0.072));
#15122=CARTESIAN_POINT('',(-0.0284546532125707,0.0246262255948098,0.0725));
#15123=CARTESIAN_POINT('',(-0.0284546532125707,0.0246262255948098,0.072));
#15124=CARTESIAN_POINT('',(-0.0277559114947419,0.0246262255948098,0.0725));
#15125=CARTESIAN_POINT('',(-0.0277559114947419,0.0246262255948098,0.072));
#15126=CARTESIAN_POINT('',(-0.028804024071485,0.0253316538362541,0.0725));
#15127=CARTESIAN_POINT('',(-0.028804024071485,0.0253316538362541,0.0725));
#15128=CARTESIAN_POINT('',(-0.028804024071485,0.0253316538362541,0.0725));
#15129=CARTESIAN_POINT('',(-0.028804024071485,0.0246262255948098,0.0725));
#15130=CARTESIAN_POINT('',(-0.0277559114947419,0.0246262255948098,0.0725));
#15131=CARTESIAN_POINT('',(-0.0285256975259863,0.0258933218199633,0.0725));
#15132=CARTESIAN_POINT('',(-0.0285256975259863,0.0258933218199633,0.072));
#15133=CARTESIAN_POINT('',(-0.0287112485563188,0.0257618201888568,0.0725));
#15134=CARTESIAN_POINT('',(-0.0287112485563188,0.0257618201888568,0.072));
#15135=CARTESIAN_POINT('',(-0.028804024071485,0.0255745975276204,0.0725));
#15136=CARTESIAN_POINT('',(-0.028804024071485,0.0255745975276204,0.072));
#15137=CARTESIAN_POINT('',(-0.028804024071485,0.0253316538362541,0.0725));
#15138=CARTESIAN_POINT('',(-0.028804024071485,0.0253316538362541,0.072));
#15139=CARTESIAN_POINT('',(-0.0285256975259863,0.0258933218199633,0.0725));
#15140=CARTESIAN_POINT('',(-0.0285256975259863,0.0258933218199633,0.0725));
#15141=CARTESIAN_POINT('',(-0.0285256975259863,0.0258933218199633,0.0725));
#15142=CARTESIAN_POINT('',(-0.028804024071485,0.0256960693733035,0.0725));
#15143=CARTESIAN_POINT('',(-0.028804024071485,0.0253316538362541,0.0725));
#15144=CARTESIAN_POINT('',(-0.0277442100784147,0.0260905742666231,0.0725));
#15145=CARTESIAN_POINT('',(-0.0277442100784147,0.0260905742666231,0.072));
#15146=CARTESIAN_POINT('',(-0.0280796506797966,0.0260905742666231,0.0725));
#15147=CARTESIAN_POINT('',(-0.0280796506797966,0.0260905742666231,0.072));
#15148=CARTESIAN_POINT('',(-0.0283401464956538,0.0260248234510698,0.0725));
#15149=CARTESIAN_POINT('',(-0.0283401464956538,0.0260248234510698,0.072));
#15150=CARTESIAN_POINT('',(-0.0285256975259863,0.0258933218199633,0.0725));
#15151=CARTESIAN_POINT('',(-0.0285256975259863,0.0258933218199633,0.072));
#15152=CARTESIAN_POINT('',(-0.0277442100784147,0.0260905742666231,0.0725));
#15153=CARTESIAN_POINT('',(-0.0277442100784147,0.0260905742666231,0.0725));
#15154=CARTESIAN_POINT('',(-0.0277442100784147,0.0260905742666231,0.0725));
#15155=CARTESIAN_POINT('',(-0.0282473709804875,0.0260905742666231,0.0725));
#15156=CARTESIAN_POINT('',(-0.0285256975259863,0.0258933218199633,0.0725));
#15157=CARTESIAN_POINT('',(-0.0267495896905963,0.0257813225494022,0.0725));
#15158=CARTESIAN_POINT('',(-0.0267495896905963,0.0257813225494022,0.072));
#15159=CARTESIAN_POINT('',(-0.0270203938970275,0.0259874903608828,0.0725));
#15160=CARTESIAN_POINT('',(-0.0270203938970275,0.0259874903608828,0.072));
#15161=CARTESIAN_POINT('',(-0.0273519340263003,0.0260905742666231,0.0725));
#15162=CARTESIAN_POINT('',(-0.0273519340263003,0.0260905742666231,0.072));
#15163=CARTESIAN_POINT('',(-0.0277442100784147,0.0260905742666231,0.0725));
#15164=CARTESIAN_POINT('',(-0.0277442100784147,0.0260905742666231,0.072));
#15165=CARTESIAN_POINT('',(-0.0267495896905963,0.0257813225494022,0.0725));
#15166=CARTESIAN_POINT('',(-0.0271557960002431,0.0260905742666231,0.0725));
#15167=CARTESIAN_POINT('',(-0.0277442100784147,0.0260905742666231,0.0725));
#15168=CARTESIAN_POINT('',(-0.0325,0.0325,0.0725));
#15169=CARTESIAN_POINT('',(-0.020395720624886,0.0245342858950955,0.0725));
#15170=CARTESIAN_POINT('',(-0.0207166737584342,0.0248502241359319,0.0725));
#15171=CARTESIAN_POINT('',(-0.0207166737584342,0.0248502241359319,0.0725));
#15172=CARTESIAN_POINT('',(-0.020395720624886,0.0245342858950955,0.0725));
#15173=CARTESIAN_POINT('',(-0.0200752571258555,0.0242188296382373,0.0725));
#15174=CARTESIAN_POINT('',(-0.0200752571258555,0.0242188296382373,0.0725));
#15175=CARTESIAN_POINT('',(-0.0217647863351772,0.0245192412169605,0.0725));
#15176=CARTESIAN_POINT('',(-0.0217647863351772,0.0245192412169605,0.072));
#15177=CARTESIAN_POINT('',(-0.0213513362916135,0.0245192412169605,0.0725));
#15178=CARTESIAN_POINT('',(-0.0213513362916135,0.0245192412169605,0.072));
#15179=CARTESIAN_POINT('',(-0.0210019654326991,0.0246295688566176,0.0725));
#15180=CARTESIAN_POINT('',(-0.0210019654326991,0.0246295688566176,0.072));
#15181=CARTESIAN_POINT('',(-0.0207166737584342,0.0248502241359319,0.0725));
#15182=CARTESIAN_POINT('',(-0.0207166737584342,0.0248502241359319,0.072));
#15183=CARTESIAN_POINT('',(-0.0217647863351772,0.0245192412169605,0.0725));
#15184=CARTESIAN_POINT('',(-0.0217647863351772,0.0245192412169605,0.0725));
#15185=CARTESIAN_POINT('',(-0.0217647863351772,0.0245192412169605,0.0725));
#15186=CARTESIAN_POINT('',(-0.0211446112698316,0.0245192412169605,0.0725));
#15187=CARTESIAN_POINT('',(-0.0207166737584342,0.0248502241359319,0.0725));
#15188=CARTESIAN_POINT('',(-0.0229365995988086,0.0250056858099943,0.0725));
#15189=CARTESIAN_POINT('',(-0.0229365995988086,0.0250056858099943,0.072));
#15190=CARTESIAN_POINT('',(-0.0226479646627358,0.0246813894146384,0.0725));
#15191=CARTESIAN_POINT('',(-0.0226479646627358,0.0246813894146384,0.072));
#15192=CARTESIAN_POINT('',(-0.0222573602415253,0.0245192412169605,0.0725));
#15193=CARTESIAN_POINT('',(-0.0222573602415253,0.0245192412169605,0.072));
#15194=CARTESIAN_POINT('',(-0.0217647863351772,0.0245192412169605,0.0725));
#15195=CARTESIAN_POINT('',(-0.0217647863351772,0.0245192412169605,0.072));
#15196=CARTESIAN_POINT('',(-0.0229365995988086,0.0250056858099943,0.0725));
#15197=CARTESIAN_POINT('',(-0.0229365995988086,0.0250056858099943,0.0725));
#15198=CARTESIAN_POINT('',(-0.0229365995988086,0.0250056858099943,0.0725));
#15199=CARTESIAN_POINT('',(-0.0225036471946994,0.0245192412169605,0.0725));
#15200=CARTESIAN_POINT('',(-0.0217647863351772,0.0245192412169605,0.0725));
#15201=CARTESIAN_POINT('',(-0.0233695520029177,0.0262945132368985,0.0725));
#15202=CARTESIAN_POINT('',(-0.0233695520029177,0.0262945132368985,0.072));
#15203=CARTESIAN_POINT('',(-0.0233695520029177,0.0257595913476516,0.0725));
#15204=CARTESIAN_POINT('',(-0.0233695520029177,0.0257595913476516,0.072));
#15205=CARTESIAN_POINT('',(-0.0232252345348814,0.0253299822053502,0.0725));
#15206=CARTESIAN_POINT('',(-0.0232252345348814,0.0253299822053502,0.072));
#15207=CARTESIAN_POINT('',(-0.0229365995988086,0.0250056858099943,0.0725));
#15208=CARTESIAN_POINT('',(-0.0229365995988086,0.0250056858099943,0.072));
#15209=CARTESIAN_POINT('',(-0.0233695520029177,0.0262945132368985,0.0725));
#15210=CARTESIAN_POINT('',(-0.0233695520029177,0.0262945132368985,0.0725));
#15211=CARTESIAN_POINT('',(-0.0233695520029177,0.0262945132368985,0.0725));
#15212=CARTESIAN_POINT('',(-0.0233695520029177,0.0254921304030282,0.0725));
#15213=CARTESIAN_POINT('',(-0.0229365995988086,0.0250056858099943,0.0725));
#15214=CARTESIAN_POINT('',(-0.0229365995988086,0.0275833406638026,0.0725));
#15215=CARTESIAN_POINT('',(-0.0229365995988086,0.0275833406638026,0.072));
#15216=CARTESIAN_POINT('',(-0.0232252345348814,0.0272590442684467,0.0725));
#15217=CARTESIAN_POINT('',(-0.0232252345348814,0.0272590442684467,0.072));
#15218=CARTESIAN_POINT('',(-0.0233695520029177,0.0268294351261453,0.0725));
#15219=CARTESIAN_POINT('',(-0.0233695520029177,0.0268294351261453,0.072));
#15220=CARTESIAN_POINT('',(-0.0233695520029177,0.0262945132368985,0.0725));
#15221=CARTESIAN_POINT('',(-0.0233695520029177,0.0262945132368985,0.072));
#15222=CARTESIAN_POINT('',(-0.0229365995988086,0.0275833406638026,0.0725));
#15223=CARTESIAN_POINT('',(-0.0229365995988086,0.0275833406638026,0.0725));
#15224=CARTESIAN_POINT('',(-0.0229365995988086,0.0275833406638026,0.0725));
#15225=CARTESIAN_POINT('',(-0.0233695520029177,0.0270968960707687,0.0725));
#15226=CARTESIAN_POINT('',(-0.0233695520029177,0.0262945132368985,0.0725));
#15227=CARTESIAN_POINT('',(-0.0217647863351772,0.0280697852568364,0.0725));
#15228=CARTESIAN_POINT('',(-0.0217647863351772,0.0280697852568364,0.072));
#15229=CARTESIAN_POINT('',(-0.0222573602415253,0.0280697852568364,0.0725));
#15230=CARTESIAN_POINT('',(-0.0222573602415253,0.0280697852568364,0.072));
#15231=CARTESIAN_POINT('',(-0.0226479646627358,0.0279076370591585,0.0725));
#15232=CARTESIAN_POINT('',(-0.0226479646627358,0.0279076370591585,0.072));
#15233=CARTESIAN_POINT('',(-0.0229365995988086,0.0275833406638026,0.0725));
#15234=CARTESIAN_POINT('',(-0.0229365995988086,0.0275833406638026,0.072));
#15235=CARTESIAN_POINT('',(-0.0217647863351772,0.0280697852568364,0.0725));
#15236=CARTESIAN_POINT('',(-0.0217647863351772,0.0280697852568364,0.0725));
#15237=CARTESIAN_POINT('',(-0.0217647863351772,0.0280697852568364,0.0725));
#15238=CARTESIAN_POINT('',(-0.0225036471946994,0.0280697852568364,0.0725));
#15239=CARTESIAN_POINT('',(-0.0229365995988086,0.0275833406638026,0.0725));
#15240=CARTESIAN_POINT('',(-0.0207049723421068,0.0277287725524415,0.0725));
#15241=CARTESIAN_POINT('',(-0.0207049723421068,0.0277287725524415,0.072));
#15242=CARTESIAN_POINT('',(-0.0210047514842056,0.0279561143553715,0.0725));
#15243=CARTESIAN_POINT('',(-0.0210047514842056,0.0279561143553715,0.072));
#15244=CARTESIAN_POINT('',(-0.0213580228152291,0.0280697852568364,0.0725));
#15245=CARTESIAN_POINT('',(-0.0213580228152291,0.0280697852568364,0.072));
#15246=CARTESIAN_POINT('',(-0.0217647863351772,0.0280697852568364,0.0725));
#15247=CARTESIAN_POINT('',(-0.0217647863351772,0.0280697852568364,0.072));
#15248=CARTESIAN_POINT('',(-0.0207049723421068,0.0277287725524415,0.0725));
#15249=CARTESIAN_POINT('',(-0.0207049723421068,0.0277287725524415,0.0725));
#15250=CARTESIAN_POINT('',(-0.0207049723421068,0.0277287725524415,0.0725));
#15251=CARTESIAN_POINT('',(-0.021154641055255,0.0280697852568364,0.0725));
#15252=CARTESIAN_POINT('',(-0.0217647863351772,0.0280697852568364,0.0725));
#15253=CARTESIAN_POINT('',(-0.0203898699167224,0.0280497256859897,0.0725));
#15254=CARTESIAN_POINT('',(-0.0200752480624339,0.0283701893253711,0.0725));
#15255=CARTESIAN_POINT('',(-0.0200752480624339,0.0283701893253711,0.0725));
#15256=CARTESIAN_POINT('',(-0.0203898699167224,0.0280497256859897,0.0725));
#15257=CARTESIAN_POINT('',(-0.0217347635557381,0.026367467391409,0.0725000000000001));
#15258=CARTESIAN_POINT('',(-0.0217647863351772,0.0289691226831327,0.0725));
#15259=CARTESIAN_POINT('',(-0.0217647863351772,0.0289691226831327,0.0725));
#15260=CARTESIAN_POINT('',(-0.0217347635557381,0.026367467391409,0.0725));
#15261=CARTESIAN_POINT('',(-0.0236319980548295,0.0281934859437247,0.0725));
#15262=CARTESIAN_POINT('',(-0.0236319980548295,0.0281934859437247,0.072));
#15263=CARTESIAN_POINT('',(-0.023129394363058,0.02871057710333,0.0725));
#15264=CARTESIAN_POINT('',(-0.023129394363058,0.02871057710333,0.072));
#15265=CARTESIAN_POINT('',(-0.0225069904565072,0.0289691226831327,0.0725));
#15266=CARTESIAN_POINT('',(-0.0225069904565072,0.0289691226831327,0.072));
#15267=CARTESIAN_POINT('',(-0.0217647863351772,0.0289691226831327,0.0725));
#15268=CARTESIAN_POINT('',(-0.0217647863351772,0.0289691226831327,0.072));
#15269=CARTESIAN_POINT('',(-0.0236319980548295,0.0281934859437247,0.0725));
#15270=CARTESIAN_POINT('',(-0.0236319980548295,0.0281934859437247,0.0725));
#15271=CARTESIAN_POINT('',(-0.0236319980548295,0.0281934859437247,0.0725));
#15272=CARTESIAN_POINT('',(-0.0228780925171722,0.0289691226831327,0.0725));
#15273=CARTESIAN_POINT('',(-0.0217647863351772,0.0289691226831327,0.0725));
#15274=CARTESIAN_POINT('',(-0.0243859035924868,0.0262945132368985,0.0725));
#15275=CARTESIAN_POINT('',(-0.0243859035924868,0.0262945132368985,0.072));
#15276=CARTESIAN_POINT('',(-0.0243859035924868,0.027043403881844,0.0725));
#15277=CARTESIAN_POINT('',(-0.0243859035924868,0.027043403881844,0.072));
#15278=CARTESIAN_POINT('',(-0.024134601746601,0.0276763947841195,0.0725));
#15279=CARTESIAN_POINT('',(-0.024134601746601,0.0276763947841195,0.072));
#15280=CARTESIAN_POINT('',(-0.0236319980548295,0.0281934859437247,0.0725));
#15281=CARTESIAN_POINT('',(-0.0236319980548295,0.0281934859437247,0.072));
#15282=CARTESIAN_POINT('',(-0.0243859035924868,0.0262945132368985,0.0725));
#15283=CARTESIAN_POINT('',(-0.0243859035924868,0.0262945132368985,0.0725));
#15284=CARTESIAN_POINT('',(-0.0243859035924868,0.0262945132368985,0.0725));
#15285=CARTESIAN_POINT('',(-0.0243859035924868,0.0274178492043168,0.0725));
#15286=CARTESIAN_POINT('',(-0.0236319980548295,0.0281934859437247,0.0725));
#15287=CARTESIAN_POINT('',(-0.0236687739347152,0.0243846749291968,0.0725));
#15288=CARTESIAN_POINT('',(-0.0236687739347152,0.0243846749291968,0.072));
#15289=CARTESIAN_POINT('',(-0.0241468603732296,0.0248945223548852,0.0725));
#15290=CARTESIAN_POINT('',(-0.0241468603732296,0.0248945223548852,0.072));
#15291=CARTESIAN_POINT('',(-0.0243859035924868,0.0255311351241191,0.0725));
#15292=CARTESIAN_POINT('',(-0.0243859035924868,0.0255311351241191,0.072));
#15293=CARTESIAN_POINT('',(-0.0243859035924868,0.0262945132368985,0.0725));
#15294=CARTESIAN_POINT('',(-0.0243859035924868,0.0262945132368985,0.072));
#15295=CARTESIAN_POINT('',(-0.0236687739347152,0.0243846749291968,0.0725));
#15296=CARTESIAN_POINT('',(-0.0236687739347152,0.0243846749291968,0.0725));
#15297=CARTESIAN_POINT('',(-0.0236687739347152,0.0243846749291968,0.0725));
#15298=CARTESIAN_POINT('',(-0.0243859035924868,0.0251494460677294,0.0725));
#15299=CARTESIAN_POINT('',(-0.0243859035924868,0.0262945132368985,0.0725));
#15300=CARTESIAN_POINT('',(-0.0217647863351772,0.0236199037906641,0.0725));
#15301=CARTESIAN_POINT('',(-0.0217647863351772,0.0236199037906641,0.072));
#15302=CARTESIAN_POINT('',(-0.0225560249630215,0.0236199037906642,0.0725));
#15303=CARTESIAN_POINT('',(-0.0225560249630215,0.0236199037906642,0.072));
#15304=CARTESIAN_POINT('',(-0.0231906874962008,0.0238748275035084,0.0725));
#15305=CARTESIAN_POINT('',(-0.0231906874962008,0.0238748275035084,0.072));
#15306=CARTESIAN_POINT('',(-0.0236687739347152,0.0243846749291968,0.0725));
#15307=CARTESIAN_POINT('',(-0.0236687739347152,0.0243846749291968,0.072));
#15308=CARTESIAN_POINT('',(-0.0217647863351772,0.0236199037906641,0.0725));
#15309=CARTESIAN_POINT('',(-0.0217647863351772,0.0236199037906641,0.0725));
#15310=CARTESIAN_POINT('',(-0.0217647863351772,0.0236199037906641,0.0725));
#15311=CARTESIAN_POINT('',(-0.0229516442769436,0.0236199037906641,0.0725));
#15312=CARTESIAN_POINT('',(-0.0236687739347152,0.0243846749291968,0.0725));
#15313=CARTESIAN_POINT('',(-0.0217347635557381,0.0262215590823876,0.0725000000000001));
#15314=CARTESIAN_POINT('',(-0.0217347635557381,0.0262215590823876,0.0725));
#15315=CARTESIAN_POINT('',(-0.0325,0.0325,0.0725));
#15316=CARTESIAN_POINT('',(-0.0156942587076773,0.0288621383052833,0.0725));
#15317=CARTESIAN_POINT('',(-0.0162133001033372,0.0288621383052833,0.0725));
#15318=CARTESIAN_POINT('',(-0.0162133001033372,0.0288621383052833,0.0725));
#15319=CARTESIAN_POINT('',(-0.0156942587076773,0.0288621383052833,0.0725));
#15320=CARTESIAN_POINT('',(-0.0151752173120175,0.0288621383052833,0.0725));
#15321=CARTESIAN_POINT('',(-0.0151752173120175,0.0288621383052833,0.0725));
#15322=CARTESIAN_POINT('',(-0.0167691173788827,0.0278407718230026,0.0725));
#15323=CARTESIAN_POINT('',(-0.0173249477643712,0.0268193812499698,0.0725));
#15324=CARTESIAN_POINT('',(-0.0173249477643712,0.0268193812499698,0.0725));
#15325=CARTESIAN_POINT('',(-0.0167691173788827,0.0278407718230026,0.0725));
#15326=CARTESIAN_POINT('',(-0.0177746033675764,0.0236530602869786,0.0725000000000006));
#15327=CARTESIAN_POINT('',(-0.0182242720807246,0.0268193793881728,0.0725));
#15328=CARTESIAN_POINT('',(-0.0182242720807246,0.0268193793881728,0.0725));
#15329=CARTESIAN_POINT('',(-0.0177746033675764,0.0236530602869786,0.0725));
#15330=CARTESIAN_POINT('',(-0.0182242720807246,0.0290175999793457,0.0725));
#15331=CARTESIAN_POINT('',(-0.0182242720807246,0.0312157946179695,0.0725));
#15332=CARTESIAN_POINT('',(-0.0182242720807246,0.0312157946179695,0.0725));
#15333=CARTESIAN_POINT('',(-0.0182242720807246,0.0290175999793457,0.0725));
#15334=CARTESIAN_POINT('',(-0.0186948361801714,0.0312157946179695,0.0725));
#15335=CARTESIAN_POINT('',(-0.0191654002796183,0.0312157946179695,0.0725));
#15336=CARTESIAN_POINT('',(-0.0191654002796183,0.0312157946179695,0.0725));
#15337=CARTESIAN_POINT('',(-0.0186948361801714,0.0312157946179695,0.0725));
#15338=CARTESIAN_POINT('',(-0.0191654002796183,0.0274713413932415,0.0725));
#15339=CARTESIAN_POINT('',(-0.0191654002796183,0.0237268881685135,0.0725));
#15340=CARTESIAN_POINT('',(-0.0191654002796183,0.0237268881685135,0.0725));
#15341=CARTESIAN_POINT('',(-0.0191654002796183,0.0274713413932415,0.0725));
#15342=CARTESIAN_POINT('',(-0.0186948361801714,0.0237268881685135,0.0725));
#15343=CARTESIAN_POINT('',(-0.0182242720807246,0.0237268881685135,0.0725));
#15344=CARTESIAN_POINT('',(-0.0182242720807246,0.0237268881685135,0.0725));
#15345=CARTESIAN_POINT('',(-0.0186948361801714,0.0237268881685135,0.0725));
#15346=CARTESIAN_POINT('',(-0.0182242720807246,0.0248502241359319,0.0725));
#15347=CARTESIAN_POINT('',(-0.0182242720807246,0.0259734879830477,0.0725));
#15348=CARTESIAN_POINT('',(-0.0182242720807246,0.0259734879830477,0.0725));
#15349=CARTESIAN_POINT('',(-0.0182242720807246,0.0248502241359319,0.0725));
#15350=CARTESIAN_POINT('',(-0.0177131614092739,0.0218963425930916,0.072500000000003));
#15351=CARTESIAN_POINT('',(-0.0177211111786518,0.0260053210905243,0.0725));
#15352=CARTESIAN_POINT('',(-0.0177211111786518,0.0260053210905243,0.0725));
#15353=CARTESIAN_POINT('',(-0.0177131614092739,0.0218963425930916,0.0725));
#15354=CARTESIAN_POINT('',(-0.0165175369278463,0.0256149952744645,0.0725));
#15355=CARTESIAN_POINT('',(-0.0165175369278463,0.0256149952744645,0.072));
#15356=CARTESIAN_POINT('',(-0.0167994853403035,0.0258752124851711,0.0725));
#15357=CARTESIAN_POINT('',(-0.0167994853403035,0.0258752124851711,0.072));
#15358=CARTESIAN_POINT('',(-0.0172006767572387,0.0260053210905243,0.0725));
#15359=CARTESIAN_POINT('',(-0.0172006767572387,0.0260053210905243,0.072));
#15360=CARTESIAN_POINT('',(-0.0177211111786518,0.0260053210905243,0.0725));
#15361=CARTESIAN_POINT('',(-0.0177211111786518,0.0260053210905243,0.072));
#15362=CARTESIAN_POINT('',(-0.0165175369278463,0.0256149952744645,0.0725));
#15363=CARTESIAN_POINT('',(-0.0165175369278463,0.0256149952744645,0.0725));
#15364=CARTESIAN_POINT('',(-0.0165175369278463,0.0256149952744645,0.0725));
#15365=CARTESIAN_POINT('',(-0.0169404595465322,0.0260053210905243,0.0725));
#15366=CARTESIAN_POINT('',(-0.0177211111786518,0.0260053210905243,0.0725));
#15367=CARTESIAN_POINT('',(-0.0160946143091606,0.0245075398006331,0.0725));
#15368=CARTESIAN_POINT('',(-0.0160946143091606,0.0245075398006331,0.072));
#15369=CARTESIAN_POINT('',(-0.0160946143091606,0.0249856262391475,0.0725));
#15370=CARTESIAN_POINT('',(-0.0160946143091606,0.0249856262391475,0.072));
#15371=CARTESIAN_POINT('',(-0.0162355885153892,0.025354778063758,0.0725));
#15372=CARTESIAN_POINT('',(-0.0162355885153892,0.025354778063758,0.072));
#15373=CARTESIAN_POINT('',(-0.0165175369278463,0.0256149952744645,0.0725));
#15374=CARTESIAN_POINT('',(-0.0165175369278463,0.0256149952744645,0.072));
#15375=CARTESIAN_POINT('',(-0.0160946143091606,0.0245075398006331,0.0725));
#15376=CARTESIAN_POINT('',(-0.0160946143091606,0.0245075398006331,0.0725));
#15377=CARTESIAN_POINT('',(-0.0160946143091606,0.0245075398006331,0.0725));
#15378=CARTESIAN_POINT('',(-0.0160946143091606,0.0252246694584047,0.0725));
#15379=CARTESIAN_POINT('',(-0.0165175369278463,0.0256149952744645,0.0725));
#15380=CARTESIAN_POINT('',(-0.0160946143091606,0.0241172139845733,0.0725));
#15381=CARTESIAN_POINT('',(-0.0160946143091606,0.0237268881685135,0.0725));
#15382=CARTESIAN_POINT('',(-0.0160946143091606,0.0237268881685135,0.0725));
#15383=CARTESIAN_POINT('',(-0.0160946143091606,0.0241172139845733,0.0725));
#15384=CARTESIAN_POINT('',(-0.0156240502097137,0.0237268881685135,0.0725));
#15385=CARTESIAN_POINT('',(-0.0151534861102669,0.0237268881685135,0.0725));
#15386=CARTESIAN_POINT('',(-0.0151534861102669,0.0237268881685135,0.0725));
#15387=CARTESIAN_POINT('',(-0.0156240502097137,0.0237268881685135,0.0725));
#15388=CARTESIAN_POINT('',(-0.0151534861102669,0.0241121990918617,0.0725));
#15389=CARTESIAN_POINT('',(-0.0151534861102669,0.0244975100152098,0.0725));
#15390=CARTESIAN_POINT('',(-0.0151534861102669,0.0244975100152098,0.0725));
#15391=CARTESIAN_POINT('',(-0.0151534861102669,0.0241121990918617,0.0725));
#15392=CARTESIAN_POINT('',(-0.0164690596316334,0.02662549615587,0.0725));
#15393=CARTESIAN_POINT('',(-0.0164690596316334,0.02662549615587,0.072));
#15394=CARTESIAN_POINT('',(-0.015592010617389,0.0263903534087218,0.0725));
#15395=CARTESIAN_POINT('',(-0.015592010617389,0.0263903534087218,0.072));
#15396=CARTESIAN_POINT('',(-0.0151534861102669,0.0256810246951685,0.0725));
#15397=CARTESIAN_POINT('',(-0.0151534861102669,0.0256810246951685,0.072));
#15398=CARTESIAN_POINT('',(-0.0151534861102669,0.0244975100152098,0.0725));
#15399=CARTESIAN_POINT('',(-0.0151534861102669,0.0244975100152098,0.072));
#15400=CARTESIAN_POINT('',(-0.0164690596316334,0.02662549615587,0.0725));
#15401=CARTESIAN_POINT('',(-0.0164690596316334,0.02662549615587,0.0725));
#15402=CARTESIAN_POINT('',(-0.0164690596316334,0.02662549615587,0.0725));
#15403=CARTESIAN_POINT('',(-0.0151534861102669,0.0262727820351478,0.0725));
#15404=CARTESIAN_POINT('',(-0.0151534861102669,0.0244975100152098,0.0725));
#15405=CARTESIAN_POINT('',(-0.0158221384718254,0.0277438172305766,0.0725));
#15406=CARTESIAN_POINT('',(-0.0158221384718254,0.0277438172305766,0.0725));
#15407=CARTESIAN_POINT('',(-0.0325,0.0325,0.0725));
#15408=CARTESIAN_POINT('',(-0.0325,0.0325,0.072));
#15409=CARTESIAN_POINT('',(-0.0325,0.0325,0.072));
#15410=CARTESIAN_POINT('',(-0.0325,0.0325,0.072));
#15411=CARTESIAN_POINT('',(-0.005,0.005,0.069));
#15412=CARTESIAN_POINT('',(-0.004,0.005,0.069));
#15413=CARTESIAN_POINT('',(-0.005,0.005,0.07));
#15414=CARTESIAN_POINT('',(-0.0325,0.005,0.07));
#15415=CARTESIAN_POINT('',(-0.06,0.005,0.07));
#15416=CARTESIAN_POINT('',(-0.005,0.0325,0.07));
#15417=CARTESIAN_POINT('',(-0.004,0.06,0.069));
#15418=CARTESIAN_POINT('',(-0.06,0.005,0.069));
#15419=CARTESIAN_POINT('',(-0.06,0.005,0.07));
#15420=CARTESIAN_POINT('',(-0.005,0.06,0.069));
#15421=CARTESIAN_POINT('',(-0.005,0.061,0.069));
#15422=CARTESIAN_POINT('',(-0.06,0.0325,0.07));
#15423=CARTESIAN_POINT('',(-0.06,0.06,0.07));
#15424=CARTESIAN_POINT('',(-0.0325,0.06,0.07));
#15425=CARTESIAN_POINT('',(-0.06,0.061,0.069));
#15426=CARTESIAN_POINT('',(-0.06,0.06,0.069));
#15427=CARTESIAN_POINT('',(0.,0.,0.));
#15428=CARTESIAN_POINT('',(0.002,0.0325,0.002));
#15429=CARTESIAN_POINT('',(0.002,0.0325,0.02));
#15430=CARTESIAN_POINT('',(0.002,0.062,0.02));
#15431=CARTESIAN_POINT('',(0.002,0.003,0.02));
#15432=CARTESIAN_POINT('',(0.002,0.003,0.));
#15433=CARTESIAN_POINT('',(0.002,0.003,0.));
#15434=CARTESIAN_POINT('',(0.002,0.0325,0.));
#15435=CARTESIAN_POINT('',(0.002,0.062,0.));
#15436=CARTESIAN_POINT('',(0.002,0.062,0.002));
#15437=CARTESIAN_POINT('',(0.002,0.0149644660940673,0.009));
#15438=CARTESIAN_POINT('',(0.002,0.0212573593128807,0.009));
#15439=CARTESIAN_POINT('',(0.002,0.00867157287525382,0.009));
#15440=CARTESIAN_POINT('',(0.002,0.0212573593128807,0.00779289321881345));
#15441=CARTESIAN_POINT('',(0.002,0.0224644660940672,0.00779289321881345));
#15442=CARTESIAN_POINT('',(0.002,0.0224644660940672,0.006));
#15443=CARTESIAN_POINT('',(0.002,0.0224644660940672,0.00420710678118655));
#15444=CARTESIAN_POINT('',(0.002,0.0212573593128807,0.00420710678118655));
#15445=CARTESIAN_POINT('',(0.002,0.0212573593128807,0.003));
#15446=CARTESIAN_POINT('',(0.002,0.0149644660940673,0.003));
#15447=CARTESIAN_POINT('',(0.002,0.00867157287525382,0.003));
#15448=CARTESIAN_POINT('',(0.002,0.00867157287525382,0.00420710678118655));
#15449=CARTESIAN_POINT('',(0.002,0.00746446609406727,0.00420710678118655));
#15450=CARTESIAN_POINT('',(0.002,0.00746446609406727,0.006));
#15451=CARTESIAN_POINT('',(0.002,0.00746446609406727,0.00779289321881345));
#15452=CARTESIAN_POINT('',(0.002,0.00867157287525382,0.00779289321881345));
#15453=CARTESIAN_POINT('',(-1.9724483347691E-18,0.0325,0.02));
#15454=CARTESIAN_POINT('',(-1.9724483347691E-18,0.0325,0.02));
#15455=CARTESIAN_POINT('',(-3.65633768359671E-18,0.06,0.02));
#15456=CARTESIAN_POINT('',(-2.88558985941485E-19,0.005,0.02));
#15457=CARTESIAN_POINT('',(-3.65633768359671E-18,0.06,0.002));
#15458=CARTESIAN_POINT('',(-1.68388934882761E-18,0.06,0.002));
#15459=CARTESIAN_POINT('',(0.,0.0325,0.002));
#15460=CARTESIAN_POINT('',(1.68388934882761E-18,0.005,0.002));
#15461=CARTESIAN_POINT('',(-2.88558985941485E-19,0.005,0.02));
#15462=CARTESIAN_POINT('',(-1.35794911098733E-18,0.0224644660940672,0.02));
#15463=CARTESIAN_POINT('',(-1.35794911098733E-18,0.0224644660940672,0.00779289321881345));
#15464=CARTESIAN_POINT('',(-1.35794911098733E-18,0.0224644660940672,0.00420710678118655));
#15465=CARTESIAN_POINT('',(-3.46944695195361E-18,0.0212573593128807,0.00779289321881345));
#15466=CARTESIAN_POINT('',(-1.28403513819687E-18,0.0212573593128807,0.009));
#15467=CARTESIAN_POINT('',(-1.9724483347691E-18,0.0325,0.009));
#15468=CARTESIAN_POINT('',(-5.13377984417276E-19,0.00867157287525382,0.009));
#15469=CARTESIAN_POINT('',(-3.46944695195361E-18,0.00867157287525382,0.00779289321881345));
#15470=CARTESIAN_POINT('',(-4.39464011626817E-19,0.00746446609406726,0.00779289321881345));
#15471=CARTESIAN_POINT('',(-4.39464011626817E-19,0.00746446609406726,0.02));
#15472=CARTESIAN_POINT('',(-4.39464011626817E-19,0.00746446609406727,0.00420710678118655));
#15473=CARTESIAN_POINT('',(-3.46944695195361E-18,0.00867157287525382,0.00420710678118655));
#15474=CARTESIAN_POINT('',(-5.13377984417276E-19,0.00867157287525382,0.003));
#15475=CARTESIAN_POINT('',(-1.9724483347691E-18,0.0325,0.003));
#15476=CARTESIAN_POINT('',(-1.28403513819687E-18,0.0212573593128807,0.003));
#15477=CARTESIAN_POINT('',(-3.46944695195361E-18,0.0212573593128807,0.00420710678118655));
#15478=CARTESIAN_POINT('',(-0.0325,0.067,0.002));
#15479=CARTESIAN_POINT('',(-0.0325,0.067,0.));
#15480=CARTESIAN_POINT('',(-0.062,0.067,0.));
#15481=CARTESIAN_POINT('',(-0.003,0.067,0.));
#15482=CARTESIAN_POINT('',(-0.062,0.067,0.02));
#15483=CARTESIAN_POINT('',(-0.062,0.067,0.02));
#15484=CARTESIAN_POINT('',(-0.0325,0.067,0.02));
#15485=CARTESIAN_POINT('',(-0.003,0.067,0.02));
#15486=CARTESIAN_POINT('',(-0.003,0.067,0.002));
#15487=CARTESIAN_POINT('',(-0.0575,0.067,0.015));
#15488=CARTESIAN_POINT('',(-0.0575,0.067,0.0122242640687119));
#15489=CARTESIAN_POINT('',(-0.0575,0.067,0.0177757359312881));
#15490=CARTESIAN_POINT('',(-0.0567757359312881,0.067,0.0122242640687119));
#15491=CARTESIAN_POINT('',(-0.0567757359312881,0.067,0.0115));
#15492=CARTESIAN_POINT('',(-0.05,0.067,0.0115));
#15493=CARTESIAN_POINT('',(-0.043224264068712,0.067,0.0115));
#15494=CARTESIAN_POINT('',(-0.043224264068712,0.067,0.0122242640687119));
#15495=CARTESIAN_POINT('',(-0.0425,0.067,0.0122242640687119));
#15496=CARTESIAN_POINT('',(-0.0425,0.067,0.015));
#15497=CARTESIAN_POINT('',(-0.0425,0.067,0.0177757359312881));
#15498=CARTESIAN_POINT('',(-0.043224264068712,0.067,0.0177757359312881));
#15499=CARTESIAN_POINT('',(-0.043224264068712,0.067,0.0185));
#15500=CARTESIAN_POINT('',(-0.05,0.067,0.0185));
#15501=CARTESIAN_POINT('',(-0.0567757359312881,0.067,0.0185));
#15502=CARTESIAN_POINT('',(-0.0567757359312881,0.067,0.0177757359312881));
#15503=CARTESIAN_POINT('',(-0.0325,0.065,0.02));
#15504=CARTESIAN_POINT('',(-0.0325,0.065,0.02));
#15505=CARTESIAN_POINT('',(-0.06,0.065,0.02));
#15506=CARTESIAN_POINT('',(-0.005,0.065,0.02));
#15507=CARTESIAN_POINT('',(-0.06,0.065,0.02));
#15508=CARTESIAN_POINT('',(-0.06,0.065,0.002));
#15509=CARTESIAN_POINT('',(-0.0325,0.065,0.002));
#15510=CARTESIAN_POINT('',(-0.005,0.065,0.002));
#15511=CARTESIAN_POINT('',(-0.005,0.065,0.02));
#15512=CARTESIAN_POINT('',(-0.0325,0.065,0.0115));
#15513=CARTESIAN_POINT('',(-0.0567757359312881,0.065,0.0115));
#15514=CARTESIAN_POINT('',(-0.043224264068712,0.065,0.0115));
#15515=CARTESIAN_POINT('',(-0.0567757359312881,0.065,0.0122242640687119));
#15516=CARTESIAN_POINT('',(-0.0575,0.065,0.0122242640687119));
#15517=CARTESIAN_POINT('',(-0.0575,0.065,0.02));
#15518=CARTESIAN_POINT('',(-0.0575,0.065,0.0177757359312881));
#15519=CARTESIAN_POINT('',(-0.0567757359312881,0.065,0.0177757359312881));
#15520=CARTESIAN_POINT('',(-0.0567757359312881,0.065,0.0185));
#15521=CARTESIAN_POINT('',(-0.0325,0.065,0.0185));
#15522=CARTESIAN_POINT('',(-0.043224264068712,0.065,0.0185));
#15523=CARTESIAN_POINT('',(-0.043224264068712,0.065,0.0177757359312881));
#15524=CARTESIAN_POINT('',(-0.0425,0.065,0.0177757359312881));
#15525=CARTESIAN_POINT('',(-0.0425,0.065,0.02));
#15526=CARTESIAN_POINT('',(-0.0425,0.065,0.0122242640687119));
#15527=CARTESIAN_POINT('',(-0.043224264068712,0.065,0.0122242640687119));
#15528=CARTESIAN_POINT('',(-0.0325,0.0325,0.002));
#15529=CARTESIAN_POINT('',(-0.01,0.0575,0.002));
#15530=CARTESIAN_POINT('',(-0.009,0.0575,0.002));
#15531=CARTESIAN_POINT('',(-0.055,0.0075,0.002));
#15532=CARTESIAN_POINT('',(-0.054,0.0075,0.002));
#15533=CARTESIAN_POINT('',(-0.01,0.0075,0.002));
#15534=CARTESIAN_POINT('',(-0.009,0.0075,0.002));
#15535=CARTESIAN_POINT('',(-0.055,0.0575,0.002));
#15536=CARTESIAN_POINT('',(-0.054,0.0575,0.002));
#15537=CARTESIAN_POINT('',(-0.065,0.0325,0.002));
#15538=CARTESIAN_POINT('',(-0.065,0.005,0.002));
#15539=CARTESIAN_POINT('',(-0.065,0.0275,0.002));
#15540=CARTESIAN_POINT('',(-0.06,0.005,0.002));
#15541=CARTESIAN_POINT('',(-0.06,0.,0.002));
#15542=CARTESIAN_POINT('',(-0.0325,0.,0.002));
#15543=CARTESIAN_POINT('',(-0.005,0.,0.002));
#15544=CARTESIAN_POINT('',(-0.005,0.005,0.002));
#15545=CARTESIAN_POINT('',(-0.005,0.06,0.002));
#15546=CARTESIAN_POINT('',(-0.06,0.06,0.002));
#15547=CARTESIAN_POINT('',(-0.065,0.06,0.002));
#15548=CARTESIAN_POINT('',(-0.065,0.0325,0.002));
#15549=CARTESIAN_POINT('',(-0.065,0.0375,0.002));
#15550=CARTESIAN_POINT('',(-0.0625,0.0375,0.002));
#15551=CARTESIAN_POINT('',(-0.06,0.0375,0.002));
#15552=CARTESIAN_POINT('',(-0.06,0.0325,0.002));
#15553=CARTESIAN_POINT('',(-0.06,0.0275,0.002));
#15554=CARTESIAN_POINT('',(-0.0625,0.0275,0.002));
#15555=CARTESIAN_POINT('',(-0.067,0.0325,0.002));
#15556=CARTESIAN_POINT('',(-0.067,0.0325,0.));
#15557=CARTESIAN_POINT('',(-0.067,0.062,0.));
#15558=CARTESIAN_POINT('',(-0.067,0.003,0.));
#15559=CARTESIAN_POINT('',(-0.067,0.003,0.002));
#15560=CARTESIAN_POINT('',(-0.067,0.003,0.02));
#15561=CARTESIAN_POINT('',(-0.067,0.0325,0.02));
#15562=CARTESIAN_POINT('',(-0.067,0.062,0.02));
#15563=CARTESIAN_POINT('',(-0.067,0.062,0.));
#15564=CARTESIAN_POINT('',(-0.0325,-0.002,0.002));
#15565=CARTESIAN_POINT('',(-0.0325,-0.002,0.));
#15566=CARTESIAN_POINT('',(-0.062,-0.002,0.));
#15567=CARTESIAN_POINT('',(-0.003,-0.002,0.));
#15568=CARTESIAN_POINT('',(-0.003,-0.002,0.02));
#15569=CARTESIAN_POINT('',(-0.003,-0.002,0.02));
#15570=CARTESIAN_POINT('',(-0.0325,-0.002,0.02));
#15571=CARTESIAN_POINT('',(-0.062,-0.002,0.02));
#15572=CARTESIAN_POINT('',(-0.062,-0.002,0.002));
#15573=CARTESIAN_POINT('',(-0.0325,0.0325,0.));
#15574=CARTESIAN_POINT('',(-0.01,0.0575,0.));
#15575=CARTESIAN_POINT('',(-0.009,0.0575,0.));
#15576=CARTESIAN_POINT('',(-0.055,0.0075,0.));
#15577=CARTESIAN_POINT('',(-0.054,0.0075,0.));
#15578=CARTESIAN_POINT('',(-0.01,0.0075,0.));
#15579=CARTESIAN_POINT('',(-0.009,0.0075,0.));
#15580=CARTESIAN_POINT('',(-0.055,0.0575,0.));
#15581=CARTESIAN_POINT('',(-0.054,0.0575,0.));
#15582=CARTESIAN_POINT('',(-0.003,0.003,0.));
#15583=CARTESIAN_POINT('',(-0.062,0.003,0.));
#15584=CARTESIAN_POINT('',(-0.062,0.062,0.));
#15585=CARTESIAN_POINT('',(-0.003,0.062,0.));
#15586=CARTESIAN_POINT('',(-0.065,0.0325,0.02));
#15587=CARTESIAN_POINT('',(-0.065,0.0325,0.02));
#15588=CARTESIAN_POINT('',(-0.065,0.06,0.02));
#15589=CARTESIAN_POINT('',(-0.065,0.005,0.02));
#15590=CARTESIAN_POINT('',(-0.065,0.005,0.002));
#15591=CARTESIAN_POINT('',(-0.065,0.0275,0.007));
#15592=CARTESIAN_POINT('',(-0.065,0.0275,0.007));
#15593=CARTESIAN_POINT('',(-0.065,0.0325,0.007));
#15594=CARTESIAN_POINT('',(-0.065,0.0375,0.007));
#15595=CARTESIAN_POINT('',(-0.065,0.0375,0.007));
#15596=CARTESIAN_POINT('',(-0.065,0.06,0.02));
#15597=CARTESIAN_POINT('',(-0.0325,0.,0.02));
#15598=CARTESIAN_POINT('',(-0.06,0.,0.02));
#15599=CARTESIAN_POINT('',(-0.06,0.,0.02));
#15600=CARTESIAN_POINT('',(-0.0325,0.,0.02));
#15601=CARTESIAN_POINT('',(-0.005,0.,0.02));
#15602=CARTESIAN_POINT('',(-0.005,0.,0.02));
#15603=CARTESIAN_POINT('',(-0.0325,0.0325,0.02));
#15604=CARTESIAN_POINT('',(-0.06,0.06,0.02));
#15605=CARTESIAN_POINT('',(-0.005,0.06,0.02));
#15606=CARTESIAN_POINT('',(-0.005,0.005,0.02));
#15607=CARTESIAN_POINT('',(-0.06,0.005,0.02));
#15608=CARTESIAN_POINT('',(-0.003,0.003,0.02));
#15609=CARTESIAN_POINT('',(-0.003,0.062,0.02));
#15610=CARTESIAN_POINT('',(-0.062,0.062,0.02));
#15611=CARTESIAN_POINT('',(-0.062,0.003,0.02));
#15612=CARTESIAN_POINT('',(-0.0625,0.0295,0.007));
#15613=CARTESIAN_POINT('',(-0.0625,0.0295,0.002));
#15614=CARTESIAN_POINT('',(-0.0619,0.0295,0.002));
#15615=CARTESIAN_POINT('',(-0.0631,0.0295,0.002));
#15616=CARTESIAN_POINT('',(-0.0619,0.0295,0.007));
#15617=CARTESIAN_POINT('',(-0.0619,0.0295,0.007));
#15618=CARTESIAN_POINT('',(-0.0625,0.0295,0.007));
#15619=CARTESIAN_POINT('',(-0.0631,0.0295,0.007));
#15620=CARTESIAN_POINT('',(-0.0631,0.0295,0.007));
#15621=CARTESIAN_POINT('',(-0.0619,0.02875,0.007));
#15622=CARTESIAN_POINT('',(-0.0619,0.02875,0.002));
#15623=CARTESIAN_POINT('',(-0.0619,0.028,0.002));
#15624=CARTESIAN_POINT('',(-0.0619,0.028,0.007));
#15625=CARTESIAN_POINT('',(-0.0619,0.028,0.007));
#15626=CARTESIAN_POINT('',(-0.0619,0.02875,0.007));
#15627=CARTESIAN_POINT('',(-0.0625,0.028,0.007));
#15628=CARTESIAN_POINT('',(-0.0625,0.028,0.002));
#15629=CARTESIAN_POINT('',(-0.0631,0.028,0.002));
#15630=CARTESIAN_POINT('',(-0.0631,0.028,0.007));
#15631=CARTESIAN_POINT('',(-0.0631,0.028,0.007));
#15632=CARTESIAN_POINT('',(-0.0625,0.028,0.007));
#15633=CARTESIAN_POINT('',(-0.0625,0.0345,0.007));
#15634=CARTESIAN_POINT('',(-0.0625,0.0345,0.002));
#15635=CARTESIAN_POINT('',(-0.0619,0.0345,0.002));
#15636=CARTESIAN_POINT('',(-0.0631,0.0345,0.002));
#15637=CARTESIAN_POINT('',(-0.0619,0.0345,0.007));
#15638=CARTESIAN_POINT('',(-0.0619,0.0345,0.007));
#15639=CARTESIAN_POINT('',(-0.0625,0.0345,0.007));
#15640=CARTESIAN_POINT('',(-0.0631,0.0345,0.007));
#15641=CARTESIAN_POINT('',(-0.0631,0.0345,0.007));
#15642=CARTESIAN_POINT('',(-0.0619,0.03375,0.007));
#15643=CARTESIAN_POINT('',(-0.0619,0.03375,0.002));
#15644=CARTESIAN_POINT('',(-0.0619,0.033,0.002));
#15645=CARTESIAN_POINT('',(-0.0619,0.033,0.007));
#15646=CARTESIAN_POINT('',(-0.0619,0.033,0.007));
#15647=CARTESIAN_POINT('',(-0.0619,0.03375,0.007));
#15648=CARTESIAN_POINT('',(-0.0625,0.033,0.007));
#15649=CARTESIAN_POINT('',(-0.0625,0.033,0.002));
#15650=CARTESIAN_POINT('',(-0.0631,0.033,0.002));
#15651=CARTESIAN_POINT('',(-0.0631,0.033,0.007));
#15652=CARTESIAN_POINT('',(-0.0631,0.033,0.007));
#15653=CARTESIAN_POINT('',(-0.0625,0.033,0.007));
#15654=CARTESIAN_POINT('',(-0.0625,0.037,0.007));
#15655=CARTESIAN_POINT('',(-0.0625,0.037,0.002));
#15656=CARTESIAN_POINT('',(-0.0619,0.037,0.002));
#15657=CARTESIAN_POINT('',(-0.0631,0.037,0.002));
#15658=CARTESIAN_POINT('',(-0.0619,0.037,0.007));
#15659=CARTESIAN_POINT('',(-0.0619,0.037,0.007));
#15660=CARTESIAN_POINT('',(-0.0625,0.037,0.007));
#15661=CARTESIAN_POINT('',(-0.0631,0.037,0.007));
#15662=CARTESIAN_POINT('',(-0.0631,0.037,0.007));
#15663=CARTESIAN_POINT('',(-0.0619,0.03625,0.007));
#15664=CARTESIAN_POINT('',(-0.0619,0.03625,0.002));
#15665=CARTESIAN_POINT('',(-0.0619,0.0355,0.002));
#15666=CARTESIAN_POINT('',(-0.0619,0.0355,0.007));
#15667=CARTESIAN_POINT('',(-0.0619,0.0355,0.007));
#15668=CARTESIAN_POINT('',(-0.0619,0.03625,0.007));
#15669=CARTESIAN_POINT('',(-0.0625,0.0355,0.007));
#15670=CARTESIAN_POINT('',(-0.0625,0.0355,0.002));
#15671=CARTESIAN_POINT('',(-0.0631,0.0355,0.002));
#15672=CARTESIAN_POINT('',(-0.0631,0.0355,0.007));
#15673=CARTESIAN_POINT('',(-0.0631,0.0355,0.007));
#15674=CARTESIAN_POINT('',(-0.0625,0.0355,0.007));
#15675=CARTESIAN_POINT('',(-0.0625,0.032,0.007));
#15676=CARTESIAN_POINT('',(-0.0625,0.032,0.002));
#15677=CARTESIAN_POINT('',(-0.0619,0.032,0.002));
#15678=CARTESIAN_POINT('',(-0.0631,0.032,0.002));
#15679=CARTESIAN_POINT('',(-0.0619,0.032,0.007));
#15680=CARTESIAN_POINT('',(-0.0619,0.032,0.007));
#15681=CARTESIAN_POINT('',(-0.0625,0.032,0.007));
#15682=CARTESIAN_POINT('',(-0.0631,0.032,0.007));
#15683=CARTESIAN_POINT('',(-0.0631,0.032,0.007));
#15684=CARTESIAN_POINT('',(-0.0619,0.03125,0.007));
#15685=CARTESIAN_POINT('',(-0.0619,0.03125,0.002));
#15686=CARTESIAN_POINT('',(-0.0619,0.0305,0.002));
#15687=CARTESIAN_POINT('',(-0.0619,0.0305,0.007));
#15688=CARTESIAN_POINT('',(-0.0619,0.0305,0.007));
#15689=CARTESIAN_POINT('',(-0.0619,0.03125,0.007));
#15690=CARTESIAN_POINT('',(-0.0625,0.0305,0.007));
#15691=CARTESIAN_POINT('',(-0.0625,0.0305,0.002));
#15692=CARTESIAN_POINT('',(-0.0631,0.0305,0.002));
#15693=CARTESIAN_POINT('',(-0.0631,0.0305,0.007));
#15694=CARTESIAN_POINT('',(-0.0631,0.0305,0.007));
#15695=CARTESIAN_POINT('',(-0.0625,0.0305,0.007));
#15696=CARTESIAN_POINT('',(-0.0625,0.0375,0.007));
#15697=CARTESIAN_POINT('',(-0.0625,0.0375,0.007));
#15698=CARTESIAN_POINT('',(-0.06,0.0375,0.007));
#15699=CARTESIAN_POINT('',(-0.06,0.0375,0.007));
#15700=CARTESIAN_POINT('',(-0.0625,0.0275,0.007));
#15701=CARTESIAN_POINT('',(-0.06,0.0275,0.007));
#15702=CARTESIAN_POINT('',(-0.06,0.0275,0.007));
#15703=CARTESIAN_POINT('',(-0.0625,0.0275,0.007));
#15704=CARTESIAN_POINT('',(-0.0631,0.03375,0.007));
#15705=CARTESIAN_POINT('',(-0.0631,0.03375,0.002));
#15706=CARTESIAN_POINT('',(-0.0631,0.03375,0.007));
#15707=CARTESIAN_POINT('',(-0.0631,0.03625,0.007));
#15708=CARTESIAN_POINT('',(-0.0631,0.03625,0.002));
#15709=CARTESIAN_POINT('',(-0.0631,0.03625,0.007));
#15710=CARTESIAN_POINT('',(-0.0631,0.03125,0.007));
#15711=CARTESIAN_POINT('',(-0.0631,0.03125,0.002));
#15712=CARTESIAN_POINT('',(-0.0631,0.03125,0.007));
#15713=CARTESIAN_POINT('',(-0.06,0.0325,0.007));
#15714=CARTESIAN_POINT('',(-0.06,0.0325,0.007));
#15715=CARTESIAN_POINT('',(-0.0631,0.02875,0.007));
#15716=CARTESIAN_POINT('',(-0.0631,0.02875,0.002));
#15717=CARTESIAN_POINT('',(-0.0631,0.02875,0.007));
#15718=CARTESIAN_POINT('',(-0.0331615395843982,0.0325,0.007));
#15719=CARTESIAN_POINT('',(-0.0325,0.0325,0.002));
#15720=CARTESIAN_POINT('',(-0.0325,0.0325,0.002));
#15721=CARTESIAN_POINT('',(-0.0325,0.0325,0.002));
#15722=CARTESIAN_POINT('',(-0.0325,0.0325,0.002));
#15723=CARTESIAN_POINT('',(-0.05,0.0513,0.0115));
#15724=CARTESIAN_POINT('',(-0.0567757359312881,0.0513,0.0115));
#15725=CARTESIAN_POINT('',(-0.043224264068712,0.067,0.0115));
#15726=CARTESIAN_POINT('',(-0.0575,0.0513,0.015));
#15727=CARTESIAN_POINT('',(-0.0575,0.0513,0.0122242640687119));
#15728=CARTESIAN_POINT('',(-0.0575,0.065,0.0177757359312881));
#15729=CARTESIAN_POINT('',(-0.05,0.0513,0.0185));
#15730=CARTESIAN_POINT('',(-0.043224264068712,0.0513,0.0185));
#15731=CARTESIAN_POINT('',(-0.0567757359312881,0.067,0.0185));
#15732=CARTESIAN_POINT('',(-0.0425,0.0513,0.015));
#15733=CARTESIAN_POINT('',(-0.0425,0.065,0.0122242640687119));
#15734=CARTESIAN_POINT('',(-0.0425,0.0513,0.0177757359312881));
#15735=CARTESIAN_POINT('',(-0.0567757359312881,0.0513,0.0122242640687119));
#15736=CARTESIAN_POINT('',(-0.043224264068712,0.0513,0.0122242640687119));
#15737=CARTESIAN_POINT('',(-0.043224264068712,0.0513,0.0177757359312881));
#15738=CARTESIAN_POINT('',(-0.0567757359312881,0.0513,0.0177757359312881));
#15739=CARTESIAN_POINT('',(-0.06,0.005,0.02));
#15740=CARTESIAN_POINT('',(-0.06,0.06,0.02));
#15741=CARTESIAN_POINT('',(-0.005,0.06,0.02));
#15742=CARTESIAN_POINT('',(-0.005,0.005,0.02));
#15743=CARTESIAN_POINT('',(-0.003,0.003,0.002));
#15744=CARTESIAN_POINT('',(-0.062,0.003,0.002));
#15745=CARTESIAN_POINT('',(-0.062,0.062,0.002));
#15746=CARTESIAN_POINT('',(-0.003,0.062,0.002));
#15747=CARTESIAN_POINT('',(-0.055,0.0575,-0.023));
#15748=CARTESIAN_POINT('',(-0.01,0.0075,-0.023));
#15749=CARTESIAN_POINT('',(-0.055,0.0075,-0.023));
#15750=CARTESIAN_POINT('',(-0.01,0.0575,-0.023));
#15751=CARTESIAN_POINT('',(-0.023,0.0224644660940672,0.006));
#15752=CARTESIAN_POINT('',(0.002,0.0224644660940672,0.00420710678118655));
#15753=CARTESIAN_POINT('',(-0.023,0.0224644660940672,0.00779289321881345));
#15754=CARTESIAN_POINT('',(-0.023,0.0149644660940673,0.009));
#15755=CARTESIAN_POINT('',(7.89674964660347E-36,0.00867157287525382,0.009));
#15756=CARTESIAN_POINT('',(-0.023,0.0212573593128807,0.009));
#15757=CARTESIAN_POINT('',(-0.023,0.00746446609406727,0.006));
#15758=CARTESIAN_POINT('',(-0.023,0.00746446609406727,0.00420710678118655));
#15759=CARTESIAN_POINT('',(0.002,0.00746446609406727,0.00779289321881345));
#15760=CARTESIAN_POINT('',(-0.023,0.0149644660940673,0.003));
#15761=CARTESIAN_POINT('',(-9.87093705825435E-36,0.0212573593128807,0.003));
#15762=CARTESIAN_POINT('',(-0.023,0.00867157287525381,0.003));
#15763=CARTESIAN_POINT('',(-0.023,0.0212573593128807,0.00420710678118655));
#15764=CARTESIAN_POINT('',(-0.023,0.00867157287525381,0.00420710678118655));
#15765=CARTESIAN_POINT('',(-0.023,0.00867157287525381,0.00779289321881345));
#15766=CARTESIAN_POINT('',(-0.023,0.0212573593128807,0.00779289321881345));
#15767=MECHANICAL_DESIGN_GEOMETRIC_PRESENTATION_REPRESENTATION('',(#8887),
#15769);
#15768=MECHANICAL_DESIGN_GEOMETRIC_PRESENTATION_REPRESENTATION('',(#8888),
#15770);
#15769=(
GEOMETRIC_REPRESENTATION_CONTEXT(3)
GLOBAL_UNCERTAINTY_ASSIGNED_CONTEXT((#15771))
GLOBAL_UNIT_ASSIGNED_CONTEXT((#15777,#15775,#15773))
REPRESENTATION_CONTEXT('Part 2','TOP_LEVEL_ASSEMBLY_PART')
);
#15770=(
GEOMETRIC_REPRESENTATION_CONTEXT(3)
GLOBAL_UNCERTAINTY_ASSIGNED_CONTEXT((#15772))
GLOBAL_UNIT_ASSIGNED_CONTEXT((#15778,#15776,#15774))
REPRESENTATION_CONTEXT('Part 1','TOP_LEVEL_ASSEMBLY_PART')
);
#15771=UNCERTAINTY_MEASURE_WITH_UNIT(LENGTH_MEASURE(2.E-5),#15777,
'DISTANCE_ACCURACY_VALUE','Maximum Tolerance applied to model');
#15772=UNCERTAINTY_MEASURE_WITH_UNIT(LENGTH_MEASURE(1.E-8),#15778,
'DISTANCE_ACCURACY_VALUE','Maximum Tolerance applied to model');
#15773=(
NAMED_UNIT(*)
SI_UNIT($,.STERADIAN.)
SOLID_ANGLE_UNIT()
);
#15774=(
NAMED_UNIT(*)
SI_UNIT($,.STERADIAN.)
SOLID_ANGLE_UNIT()
);
#15775=(
NAMED_UNIT(*)
PLANE_ANGLE_UNIT()
SI_UNIT($,.RADIAN.)
);
#15776=(
NAMED_UNIT(*)
PLANE_ANGLE_UNIT()
SI_UNIT($,.RADIAN.)
);
#15777=(
LENGTH_UNIT()
NAMED_UNIT(*)
SI_UNIT($,.METRE.)
);
#15778=(
LENGTH_UNIT()
NAMED_UNIT(*)
SI_UNIT($,.METRE.)
);
#15779=PRODUCT_DEFINITION_SHAPE('','',#15781);
#15780=PRODUCT_DEFINITION_SHAPE('','',#15782);
#15781=PRODUCT_DEFINITION('','',#15785,#15783);
#15782=PRODUCT_DEFINITION('','',#15786,#15784);
#15783=PRODUCT_DEFINITION_CONTEXT('',#15797,'design');
#15784=PRODUCT_DEFINITION_CONTEXT('',#15798,'design');
#15785=PRODUCT_DEFINITION_FORMATION_WITH_SPECIFIED_SOURCE('','',#15789,
 .NOT_KNOWN.);
#15786=PRODUCT_DEFINITION_FORMATION_WITH_SPECIFIED_SOURCE('','',#15790,
 .NOT_KNOWN.);
#15787=PRODUCT_RELATED_PRODUCT_CATEGORY('','',(#15789));
#15788=PRODUCT_RELATED_PRODUCT_CATEGORY('','',(#15790));
#15789=PRODUCT('Part 2','Part 2','Part 2',(#15793));
#15790=PRODUCT('Part 1','Part 1','Part 1',(#15794));
#15791=PRODUCT_CATEGORY('','');
#15792=PRODUCT_CATEGORY('','');
#15793=PRODUCT_CONTEXT('',#15797,'mechanical');
#15794=PRODUCT_CONTEXT('',#15798,'mechanical');
#15795=APPLICATION_PROTOCOL_DEFINITION('international standard',
'ap242_managed_model_based_3d_engineering',2020,#15797);
#15796=APPLICATION_PROTOCOL_DEFINITION('international standard',
'ap242_managed_model_based_3d_engineering',2020,#15798);
#15797=APPLICATION_CONTEXT('managed model based 3d engineering');
#15798=APPLICATION_CONTEXT('managed model based 3d engineering');
ENDSEC;
END-ISO-10303-21;
